{"type": "FeatureCollection", "name": "candidates_osm_v2", "features": [{"type": "Feature", "properties": {"name": "", "site_type": "car_park", "suitability": 0.8}, "geometry": {"type": "Point", "coordinates": [-3.1685692000000016, 51.462157800000014]}}, {"type": "Feature", "properties": {"name": "", "site_type": "car_park", "suitability": 0.8}, "geometry": {"type": "Point", "coordinates": [-3.286952, 51.54184200000001]}}, {"type": "Feature", "properties": {"name": "Arms Park Car Park", "site_type": "car_park", "suitability": 0.8}, "geometry": {"type": "Point", "coordinates": [-3.1835464000000013, 51.480337999999996]}}, {"type": "Feature", "properties": {"name": "Principality House Car Park", "site_type": "car_park", "suitability": 0.8}, "geometry": {"type": "Point", "coordinates": [-3.176992900000002, 51.4827992]}}, {"type": "Feature", "properties": {"name": "NCP Pellett Street Car Park", "site_type": "car_park", "suitability": 0.8}, "geometry": {"type": "Point", "coordinates": [-3.170109700000002, 51.47795200000001]}}, {"type": "Feature", "properties": {"name": "John Lewis Car Park", "site_type": "car_park", "suitability": 0.8}, "geometry": {"type": "Point", "coordinates": [-3.1745872000000026, 51.4776939]}}, {"type": "Feature", "properties": {"name": "", "site_type": "car_park", "suitability": 0.8}, "geometry": {"type": "Point", "coordinates": [-3.176992400000002, 51.475166400000006]}}, {"type": "Feature", "properties": {"name": "", "site_type": "car_park", "suitability": 0.8}, "geometry": {"type": "Point", "coordinates": [-3.1722571000000013, 51.48195239999999]}}, {"type": "Feature", "properties": {"name": "", "site_type": "car_park", "suitability": 0.8}, "geometry": {"type": "Point", "coordinates": [-3.160278000000001, 51.46519419999999]}}, {"type": "Feature", "properties": {"name": "", "site_type": "car_park", "suitability": 0.8}, "geometry": {"type": "Point", "coordinates": [-3.160946400000001, 51.4642106]}}, {"type": "Feature", "properties": {"name": "", "site_type": "car_park", "suitability": 0.8}, "geometry": {"type": "Point", "coordinates": [-3.170160200000002, 51.46461790000001]}}, {"type": "Feature", "properties": {"name": "", "site_type": "car_park", "suitability": 0.8}, "geometry": {"type": "Point", "coordinates": [-3.1931988, 51.509685100000006]}}, {"type": "Feature", "properties": {"name": "", "site_type": "car_park", "suitability": 0.8}, "geometry": {"type": "Point", "coordinates": [-3.172998100000002, 51.47834389999999]}}, {"type": "Feature", "properties": {"name": "", "site_type": "car_park", "suitability": 0.8}, "geometry": {"type": "Point", "coordinates": [-3.180414500000002, 51.476841600000014]}}, {"type": "Feature", "properties": {"name": "", "site_type": "car_park", "suitability": 0.8}, "geometry": {"type": "Point", "coordinates": [-3.1377578000000037, 51.511740599999996]}}, {"type": "Feature", "properties": {"name": "Parc Customer Parking", "site_type": "car_park", "suitability": 0.8}, "geometry": {"type": "Point", "coordinates": [-3.1807618000000013, 51.47125650000001]}}, {"type": "Feature", "properties": {"name": "", "site_type": "car_park", "suitability": 0.8}, "geometry": {"type": "Point", "coordinates": [-3.165017000000002, 51.46541950000001]}}, {"type": "Feature", "properties": {"name": "", "site_type": "car_park", "suitability": 0.8}, "geometry": {"type": "Point", "coordinates": [-3.167391300000003, 51.48336270000001]}}, {"type": "Feature", "properties": {"name": "", "site_type": "car_park", "suitability": 0.8}, "geometry": {"type": "Point", "coordinates": [-3.1663642000000025, 51.4822438]}}, {"type": "Feature", "properties": {"name": "", "site_type": "car_park", "suitability": 0.8}, "geometry": {"type": "Point", "coordinates": [-3.1657924000000026, 51.48194550000001]}}, {"type": "Feature", "properties": {"name": "", "site_type": "car_park", "suitability": 0.8}, "geometry": {"type": "Point", "coordinates": [-3.160152900000001, 51.4690734]}}, {"type": "Feature", "properties": {"name": "", "site_type": "car_park", "suitability": 0.8}, "geometry": {"type": "Point", "coordinates": [-3.1614512000000015, 51.4688492]}}, {"type": "Feature", "properties": {"name": "", "site_type": "car_park", "suitability": 0.8}, "geometry": {"type": "Point", "coordinates": [-3.186965966844739, 51.454317659805156]}}, {"type": "Feature", "properties": {"name": "", "site_type": "car_park", "suitability": 0.8}, "geometry": {"type": "Point", "coordinates": [-3.1874580233568284, 51.45974413599088]}}, {"type": "Feature", "properties": {"name": "", "site_type": "car_park", "suitability": 0.8}, "geometry": {"type": "Point", "coordinates": [-3.183656842569596, 51.45456982690993]}}, {"type": "Feature", "properties": {"name": "", "site_type": "car_park", "suitability": 0.8}, "geometry": {"type": "Point", "coordinates": [-3.1845840644337002, 51.45443122220942]}}, {"type": "Feature", "properties": {"name": "", "site_type": "car_park", "suitability": 0.8}, "geometry": {"type": "Point", "coordinates": [-3.1868305027195265, 51.45011922993549]}}, {"type": "Feature", "properties": {"name": "", "site_type": "car_park", "suitability": 0.8}, "geometry": {"type": "Point", "coordinates": [-3.1868705850198253, 51.4517080471781]}}, {"type": "Feature", "properties": {"name": "", "site_type": "car_park", "suitability": 0.8}, "geometry": {"type": "Point", "coordinates": [-3.1829537610445606, 51.45236156140227]}}, {"type": "Feature", "properties": {"name": "Turning Head Pay and Display Car Park", "site_type": "car_park", "suitability": 0.8}, "geometry": {"type": "Point", "coordinates": [-3.2036073059183994, 51.48930912735951]}}, {"type": "Feature", "properties": {"name": "", "site_type": "car_park", "suitability": 0.8}, "geometry": {"type": "Point", "coordinates": [-3.1851629697496073, 51.50692306645613]}}, {"type": "Feature", "properties": {"name": "Sophia Gardens Stadium Car Park", "site_type": "car_park", "suitability": 0.8}, "geometry": {"type": "Point", "coordinates": [-3.192627739643797, 51.488167488686706]}}, {"type": "Feature", "properties": {"name": "Sophia Gardens Pay & Display Car Park", "site_type": "car_park", "suitability": 0.8}, "geometry": {"type": "Point", "coordinates": [-3.188703129856488, 51.483340573005094]}}, {"type": "Feature", "properties": {"name": "Havannah Street Pay & Display Car Park", "site_type": "car_park", "suitability": 0.8}, "geometry": {"type": "Point", "coordinates": [-3.1682173302327814, 51.46116181863734]}}, {"type": "Feature", "properties": {"name": "Welcome Break Customer Parking", "site_type": "car_park", "suitability": 0.8}, "geometry": {"type": "Point", "coordinates": [-3.129317759965529, 51.53944311166803]}}, {"type": "Feature", "properties": {"name": "", "site_type": "car_park", "suitability": 0.8}, "geometry": {"type": "Point", "coordinates": [-3.134930440769344, 51.52717283061005]}}, {"type": "Feature", "properties": {"name": "", "site_type": "car_park", "suitability": 0.8}, "geometry": {"type": "Point", "coordinates": [-3.190980581921634, 51.52354459580605]}}, {"type": "Feature", "properties": {"name": "", "site_type": "car_park", "suitability": 0.8}, "geometry": {"type": "Point", "coordinates": [-3.1907863313846567, 51.52464149340307]}}, {"type": "Feature", "properties": {"name": "", "site_type": "car_park", "suitability": 0.8}, "geometry": {"type": "Point", "coordinates": [-3.2288716006370537, 51.53015066707998]}}, {"type": "Feature", "properties": {"name": "", "site_type": "car_park", "suitability": 0.8}, "geometry": {"type": "Point", "coordinates": [-3.1713618093111515, 51.47216929309754]}}, {"type": "Feature", "properties": {"name": "St Fagans Museum Main Car Park", "site_type": "car_park", "suitability": 0.8}, "geometry": {"type": "Point", "coordinates": [-3.272483829966239, 51.486019399725485]}}, {"type": "Feature", "properties": {"name": "", "site_type": "car_park", "suitability": 0.8}, "geometry": {"type": "Point", "coordinates": [-3.130603253798509, 51.53876194326257]}}, {"type": "Feature", "properties": {"name": "Cardiff North Retail Park Customer Parking", "site_type": "car_park", "suitability": 0.8}, "geometry": {"type": "Point", "coordinates": [-3.205633144920235, 51.500556561554646]}}, {"type": "Feature", "properties": {"name": "Gabalfa Workshops Parking", "site_type": "car_park", "suitability": 0.8}, "geometry": {"type": "Point", "coordinates": [-3.2037990526813642, 51.50149051788729]}}, {"type": "Feature", "properties": {"name": "KFC Customer Parking", "site_type": "car_park", "suitability": 0.8}, "geometry": {"type": "Point", "coordinates": [-3.204054465798425, 51.4996413085384]}}, {"type": "Feature", "properties": {"name": "", "site_type": "car_park", "suitability": 0.8}, "geometry": {"type": "Point", "coordinates": [-3.1913968680800866, 51.49728312365463]}}, {"type": "Feature", "properties": {"name": "", "site_type": "car_park", "suitability": 0.8}, "geometry": {"type": "Point", "coordinates": [-3.1420026508676777, 51.49893864349723]}}, {"type": "Feature", "properties": {"name": "Cardiff Central Station Pay and Display", "site_type": "car_park", "suitability": 0.8}, "geometry": {"type": "Point", "coordinates": [-3.180944798152826, 51.476017948728874]}}, {"type": "Feature", "properties": {"name": "Station car park", "site_type": "car_park", "suitability": 0.8}, "geometry": {"type": "Point", "coordinates": [-3.1781915287168356, 51.4748112762575]}}, {"type": "Feature", "properties": {"name": "", "site_type": "car_park", "suitability": 0.8}, "geometry": {"type": "Point", "coordinates": [-3.1644550308778263, 51.47221953689839]}}, {"type": "Feature", "properties": {"name": "", "site_type": "car_park", "suitability": 0.8}, "geometry": {"type": "Point", "coordinates": [-3.139486199425166, 51.49967994849059]}}, {"type": "Feature", "properties": {"name": "", "site_type": "car_park", "suitability": 0.8}, "geometry": {"type": "Point", "coordinates": [-3.2011062244842106, 51.537649514759394]}}, {"type": "Feature", "properties": {"name": "Morrisons Customer Car Park", "site_type": "car_park", "suitability": 0.8}, "geometry": {"type": "Point", "coordinates": [-3.2012841086981827, 51.525199524096884]}}, {"type": "Feature", "properties": {"name": "", "site_type": "car_park", "suitability": 0.8}, "geometry": {"type": "Point", "coordinates": [-3.1909830718995127, 51.52262356045408]}}, {"type": "Feature", "properties": {"name": "Cardiff Lifestyle Shopping Park Customer Parking", "site_type": "car_park", "suitability": 0.8}, "geometry": {"type": "Point", "coordinates": [-3.193384451145887, 51.52651282101133]}}, {"type": "Feature", "properties": {"name": "", "site_type": "car_park", "suitability": 0.8}, "geometry": {"type": "Point", "coordinates": [-3.1889670360039393, 51.494567113718645]}}, {"type": "Feature", "properties": {"name": "", "site_type": "car_park", "suitability": 0.8}, "geometry": {"type": "Point", "coordinates": [-3.1846603515438776, 51.49251615714654]}}, {"type": "Feature", "properties": {"name": "", "site_type": "car_park", "suitability": 0.8}, "geometry": {"type": "Point", "coordinates": [-3.145010610502005, 51.52102898887225]}}, {"type": "Feature", "properties": {"name": "", "site_type": "car_park", "suitability": 0.8}, "geometry": {"type": "Point", "coordinates": [-3.1630670059365786, 51.4768613924303]}}, {"type": "Feature", "properties": {"name": "Car Park 2", "site_type": "car_park", "suitability": 0.8}, "geometry": {"type": "Point", "coordinates": [-3.159008482742681, 51.46699576463006]}}, {"type": "Feature", "properties": {"name": "Dogs Trust Visitor Parking", "site_type": "car_park", "suitability": 0.8}, "geometry": {"type": "Point", "coordinates": [-3.155046568423776, 51.47152305486774]}}, {"type": "Feature", "properties": {"name": "", "site_type": "car_park", "suitability": 0.8}, "geometry": {"type": "Point", "coordinates": [-3.1589711783898147, 51.46821490992055]}}, {"type": "Feature", "properties": {"name": "", "site_type": "car_park", "suitability": 0.8}, "geometry": {"type": "Point", "coordinates": [-3.160326507857888, 51.46792249379214]}}, {"type": "Feature", "properties": {"name": "", "site_type": "car_park", "suitability": 0.8}, "geometry": {"type": "Point", "coordinates": [-3.1569580943738, 51.47963013306462]}}, {"type": "Feature", "properties": {"name": "HMP Cardiff Front Car Park", "site_type": "car_park", "suitability": 0.8}, "geometry": {"type": "Point", "coordinates": [-3.16816914388757, 51.48167716269033]}}, {"type": "Feature", "properties": {"name": "", "site_type": "car_park", "suitability": 0.8}, "geometry": {"type": "Point", "coordinates": [-3.242333159203591, 51.52364561013877]}}, {"type": "Feature", "properties": {"name": "", "site_type": "car_park", "suitability": 0.8}, "geometry": {"type": "Point", "coordinates": [-3.269685202749718, 51.4672494796517]}}, {"type": "Feature", "properties": {"name": "", "site_type": "car_park", "suitability": 0.8}, "geometry": {"type": "Point", "coordinates": [-3.267426702778651, 51.466910015198074]}}, {"type": "Feature", "properties": {"name": "Pay & Display", "site_type": "car_park", "suitability": 0.8}, "geometry": {"type": "Point", "coordinates": [-3.211916255972487, 51.49550221447294]}}, {"type": "Feature", "properties": {"name": "Staff Car Park", "site_type": "car_park", "suitability": 0.8}, "geometry": {"type": "Point", "coordinates": [-3.2143717384317734, 51.497066705751415]}}, {"type": "Feature", "properties": {"name": "", "site_type": "car_park", "suitability": 0.8}, "geometry": {"type": "Point", "coordinates": [-3.2158670703290477, 51.5009918552844]}}, {"type": "Feature", "properties": {"name": "", "site_type": "car_park", "suitability": 0.8}, "geometry": {"type": "Point", "coordinates": [-3.2204733367343397, 51.50939040232527]}}, {"type": "Feature", "properties": {"name": "", "site_type": "car_park", "suitability": 0.8}, "geometry": {"type": "Point", "coordinates": [-3.220724737956257, 51.51237678814438]}}, {"type": "Feature", "properties": {"name": "", "site_type": "car_park", "suitability": 0.8}, "geometry": {"type": "Point", "coordinates": [-3.223568516435396, 51.51277582583356]}}, {"type": "Feature", "properties": {"name": "Penlline Road Pay and Display Car Park", "site_type": "car_park", "suitability": 0.8}, "geometry": {"type": "Point", "coordinates": [-3.220323287869224, 51.51416818290509]}}, {"type": "Feature", "properties": {"name": "National Museum Cardiff Visitor Car Park", "site_type": "car_park", "suitability": 0.8}, "geometry": {"type": "Point", "coordinates": [-3.178134384899669, 51.48660795623272]}}, {"type": "Feature", "properties": {"name": "KFC Customer Parking", "site_type": "car_park", "suitability": 0.8}, "geometry": {"type": "Point", "coordinates": [-3.2047933394166312, 51.473909265238156]}}, {"type": "Feature", "properties": {"name": "Cardiff City Stadium Car Park A", "site_type": "car_park", "suitability": 0.8}, "geometry": {"type": "Point", "coordinates": [-3.202223831917442, 51.47413971559668]}}, {"type": "Feature", "properties": {"name": "Cardiff City Stadium Car Park C", "site_type": "car_park", "suitability": 0.8}, "geometry": {"type": "Point", "coordinates": [-3.205449362755928, 51.47295566419356]}}, {"type": "Feature", "properties": {"name": "", "site_type": "car_park", "suitability": 0.8}, "geometry": {"type": "Point", "coordinates": [-3.205058332459186, 51.47147075314489]}}, {"type": "Feature", "properties": {"name": "", "site_type": "car_park", "suitability": 0.8}, "geometry": {"type": "Point", "coordinates": [-3.191441030592344, 51.48175456717391]}}, {"type": "Feature", "properties": {"name": "Staff & Blue Badge Holder Parking", "site_type": "car_park", "suitability": 0.8}, "geometry": {"type": "Point", "coordinates": [-3.1948183220901885, 51.48188462018741]}}, {"type": "Feature", "properties": {"name": "Radyr Station North Car Park", "site_type": "car_park", "suitability": 0.8}, "geometry": {"type": "Point", "coordinates": [-3.249890438737615, 51.5166264390738]}}, {"type": "Feature", "properties": {"name": "Cardiff Waterside Multi-Storey Car Park", "site_type": "car_park", "suitability": 0.8}, "geometry": {"type": "Point", "coordinates": [-3.1618909908285695, 51.46604401714064]}}, {"type": "Feature", "properties": {"name": "Dumfries Place (NCP)", "site_type": "car_park", "suitability": 0.8}, "geometry": {"type": "Point", "coordinates": [-3.1714277959158137, 51.48394896784532]}}, {"type": "Feature", "properties": {"name": "UHW Visitor & Staff Car Park (CP9)", "site_type": "car_park", "suitability": 0.8}, "geometry": {"type": "Point", "coordinates": [-3.18735885562335, 51.505564865211184]}}, {"type": "Feature", "properties": {"name": "", "site_type": "car_park", "suitability": 0.8}, "geometry": {"type": "Point", "coordinates": [-3.232642101552733, 51.479333353915365]}}, {"type": "Feature", "properties": {"name": "", "site_type": "car_park", "suitability": 0.8}, "geometry": {"type": "Point", "coordinates": [-3.210376163681824, 51.52999590358923]}}, {"type": "Feature", "properties": {"name": "", "site_type": "car_park", "suitability": 0.8}, "geometry": {"type": "Point", "coordinates": [-3.208914208880067, 51.530703223895806]}}, {"type": "Feature", "properties": {"name": "", "site_type": "car_park", "suitability": 0.8}, "geometry": {"type": "Point", "coordinates": [-3.2172631027579666, 51.52791165076975]}}, {"type": "Feature", "properties": {"name": "", "site_type": "car_park", "suitability": 0.8}, "geometry": {"type": "Point", "coordinates": [-3.218024797160753, 51.52841731719499]}}, {"type": "Feature", "properties": {"name": "", "site_type": "car_park", "suitability": 0.8}, "geometry": {"type": "Point", "coordinates": [-3.227155568933087, 51.501290882223664]}}, {"type": "Feature", "properties": {"name": "", "site_type": "car_park", "suitability": 0.8}, "geometry": {"type": "Point", "coordinates": [-3.225629805835309, 51.50106289651487]}}, {"type": "Feature", "properties": {"name": "Llanishen Leisure Centre Parking", "site_type": "car_park", "suitability": 0.8}, "geometry": {"type": "Point", "coordinates": [-3.1913453716547715, 51.52758333203808]}}, {"type": "Feature", "properties": {"name": "Tesco Customer Parking", "site_type": "car_park", "suitability": 0.8}, "geometry": {"type": "Point", "coordinates": [-3.2067593095860727, 51.49852426523223]}}, {"type": "Feature", "properties": {"name": "St David's Hotel Car Park", "site_type": "car_park", "suitability": 0.8}, "geometry": {"type": "Point", "coordinates": [-3.168066541716074, 51.46041111506091]}}, {"type": "Feature", "properties": {"name": "", "site_type": "car_park", "suitability": 0.8}, "geometry": {"type": "Point", "coordinates": [-3.23294253886436, 51.506656084751896]}}, {"type": "Feature", "properties": {"name": "", "site_type": "car_park", "suitability": 0.8}, "geometry": {"type": "Point", "coordinates": [-3.101701284279817, 51.50592743590088]}}, {"type": "Feature", "properties": {"name": "Red Dragon Centre Customer Parking", "site_type": "car_park", "suitability": 0.8}, "geometry": {"type": "Point", "coordinates": [-3.1623497499599704, 51.46749761654474]}}, {"type": "Feature", "properties": {"name": "", "site_type": "car_park", "suitability": 0.8}, "geometry": {"type": "Point", "coordinates": [-3.128464557099605, 51.488252793316164]}}, {"type": "Feature", "properties": {"name": "", "site_type": "car_park", "suitability": 0.8}, "geometry": {"type": "Point", "coordinates": [-3.103823224264042, 51.52512844177477]}}, {"type": "Feature", "properties": {"name": "", "site_type": "car_park", "suitability": 0.8}, "geometry": {"type": "Point", "coordinates": [-3.1857051112396837, 51.45616213818156]}}, {"type": "Feature", "properties": {"name": "", "site_type": "car_park", "suitability": 0.8}, "geometry": {"type": "Point", "coordinates": [-3.192821870681467, 51.46548760521785]}}, {"type": "Feature", "properties": {"name": "", "site_type": "car_park", "suitability": 0.8}, "geometry": {"type": "Point", "coordinates": [-3.196117561318013, 51.465169776097625]}}, {"type": "Feature", "properties": {"name": "", "site_type": "car_park", "suitability": 0.8}, "geometry": {"type": "Point", "coordinates": [-3.198804525669739, 51.46398458438283]}}, {"type": "Feature", "properties": {"name": "", "site_type": "car_park", "suitability": 0.8}, "geometry": {"type": "Point", "coordinates": [-3.1584419668095176, 51.47783972012919]}}, {"type": "Feature", "properties": {"name": "", "site_type": "car_park", "suitability": 0.8}, "geometry": {"type": "Point", "coordinates": [-3.156341727898234, 51.476454215211405]}}, {"type": "Feature", "properties": {"name": "", "site_type": "car_park", "suitability": 0.8}, "geometry": {"type": "Point", "coordinates": [-3.142242948278135, 51.49574540781409]}}, {"type": "Feature", "properties": {"name": "", "site_type": "car_park", "suitability": 0.8}, "geometry": {"type": "Point", "coordinates": [-3.1517403924337404, 51.47375535472179]}}, {"type": "Feature", "properties": {"name": "", "site_type": "car_park", "suitability": 0.8}, "geometry": {"type": "Point", "coordinates": [-3.153083185899884, 51.473095831509156]}}, {"type": "Feature", "properties": {"name": "", "site_type": "car_park", "suitability": 0.8}, "geometry": {"type": "Point", "coordinates": [-3.1140514556684473, 51.50209594023415]}}, {"type": "Feature", "properties": {"name": "", "site_type": "car_park", "suitability": 0.8}, "geometry": {"type": "Point", "coordinates": [-3.1131116445114118, 51.50205058333606]}}, {"type": "Feature", "properties": {"name": "", "site_type": "car_park", "suitability": 0.8}, "geometry": {"type": "Point", "coordinates": [-3.117554978492517, 51.5014730005488]}}, {"type": "Feature", "properties": {"name": "", "site_type": "car_park", "suitability": 0.8}, "geometry": {"type": "Point", "coordinates": [-3.1602200097942186, 51.50969978973438]}}, {"type": "Feature", "properties": {"name": "", "site_type": "car_park", "suitability": 0.8}, "geometry": {"type": "Point", "coordinates": [-3.1300617882682378, 51.51256832810832]}}, {"type": "Feature", "properties": {"name": "", "site_type": "car_park", "suitability": 0.8}, "geometry": {"type": "Point", "coordinates": [-3.162045035668302, 51.525429776794304]}}, {"type": "Feature", "properties": {"name": "", "site_type": "car_park", "suitability": 0.8}, "geometry": {"type": "Point", "coordinates": [-3.0971605452877022, 51.531876846305515]}}, {"type": "Feature", "properties": {"name": "", "site_type": "car_park", "suitability": 0.8}, "geometry": {"type": "Point", "coordinates": [-3.1423335837753936, 51.524043845000186]}}, {"type": "Feature", "properties": {"name": "", "site_type": "car_park", "suitability": 0.8}, "geometry": {"type": "Point", "coordinates": [-3.1411784469623583, 51.53065274926204]}}, {"type": "Feature", "properties": {"name": "", "site_type": "car_park", "suitability": 0.8}, "geometry": {"type": "Point", "coordinates": [-3.1540955335525394, 51.524836412667774]}}, {"type": "Feature", "properties": {"name": "", "site_type": "car_park", "suitability": 0.8}, "geometry": {"type": "Point", "coordinates": [-3.2510032643146496, 51.52077354744348]}}, {"type": "Feature", "properties": {"name": "", "site_type": "car_park", "suitability": 0.8}, "geometry": {"type": "Point", "coordinates": [-3.2495553554159913, 51.52011365017284]}}, {"type": "Feature", "properties": {"name": "", "site_type": "car_park", "suitability": 0.8}, "geometry": {"type": "Point", "coordinates": [-3.2488574109770267, 51.52090587804591]}}, {"type": "Feature", "properties": {"name": "", "site_type": "car_park", "suitability": 0.8}, "geometry": {"type": "Point", "coordinates": [-3.24962357056625, 51.521873163446784]}}, {"type": "Feature", "properties": {"name": "", "site_type": "car_park", "suitability": 0.8}, "geometry": {"type": "Point", "coordinates": [-3.2507297923914886, 51.52190503700478]}}, {"type": "Feature", "properties": {"name": "", "site_type": "car_park", "suitability": 0.8}, "geometry": {"type": "Point", "coordinates": [-3.2517699454742734, 51.52176129441292]}}, {"type": "Feature", "properties": {"name": "", "site_type": "car_park", "suitability": 0.8}, "geometry": {"type": "Point", "coordinates": [-3.25344459259337, 51.52118296453241]}}, {"type": "Feature", "properties": {"name": "", "site_type": "car_park", "suitability": 0.8}, "geometry": {"type": "Point", "coordinates": [-3.2478775613028272, 51.51984070163849]}}, {"type": "Feature", "properties": {"name": "", "site_type": "car_park", "suitability": 0.8}, "geometry": {"type": "Point", "coordinates": [-3.2471897776510144, 51.52042308327941]}}, {"type": "Feature", "properties": {"name": "", "site_type": "car_park", "suitability": 0.8}, "geometry": {"type": "Point", "coordinates": [-3.251366848286193, 51.51997498857193]}}, {"type": "Feature", "properties": {"name": "", "site_type": "car_park", "suitability": 0.8}, "geometry": {"type": "Point", "coordinates": [-3.169201084290338, 51.47983886279516]}}, {"type": "Feature", "properties": {"name": "", "site_type": "car_park", "suitability": 0.8}, "geometry": {"type": "Point", "coordinates": [-3.211600595341659, 51.54968961853879]}}, {"type": "Feature", "properties": {"name": "Patient/Visitor car park", "site_type": "car_park", "suitability": 0.8}, "geometry": {"type": "Point", "coordinates": [-3.229226856734167, 51.51757079363923]}}, {"type": "Feature", "properties": {"name": "", "site_type": "car_park", "suitability": 0.8}, "geometry": {"type": "Point", "coordinates": [-3.204561072413555, 51.53017984980519]}}, {"type": "Feature", "properties": {"name": "", "site_type": "car_park", "suitability": 0.8}, "geometry": {"type": "Point", "coordinates": [-3.198970137152899, 51.498342558608954]}}, {"type": "Feature", "properties": {"name": "", "site_type": "car_park", "suitability": 0.8}, "geometry": {"type": "Point", "coordinates": [-3.195976321514663, 51.49788232340044]}}, {"type": "Feature", "properties": {"name": "", "site_type": "car_park", "suitability": 0.8}, "geometry": {"type": "Point", "coordinates": [-3.1476658828281985, 51.494829733474845]}}, {"type": "Feature", "properties": {"name": "", "site_type": "car_park", "suitability": 0.8}, "geometry": {"type": "Point", "coordinates": [-3.133934980274738, 51.49000054093623]}}, {"type": "Feature", "properties": {"name": "", "site_type": "car_park", "suitability": 0.8}, "geometry": {"type": "Point", "coordinates": [-3.2476501825847586, 51.4711618733928]}}, {"type": "Feature", "properties": {"name": "", "site_type": "car_park", "suitability": 0.8}, "geometry": {"type": "Point", "coordinates": [-3.2094167791138712, 51.482796095172446]}}, {"type": "Feature", "properties": {"name": "", "site_type": "car_park", "suitability": 0.8}, "geometry": {"type": "Point", "coordinates": [-3.213782552732821, 51.486308945752434]}}, {"type": "Feature", "properties": {"name": "", "site_type": "car_park", "suitability": 0.8}, "geometry": {"type": "Point", "coordinates": [-3.204199161153203, 51.48128794347057]}}, {"type": "Feature", "properties": {"name": "", "site_type": "car_park", "suitability": 0.8}, "geometry": {"type": "Point", "coordinates": [-3.230988702158269, 51.486063043176685]}}, {"type": "Feature", "properties": {"name": "", "site_type": "car_park", "suitability": 0.8}, "geometry": {"type": "Point", "coordinates": [-3.2223789112004657, 51.49057370022927]}}, {"type": "Feature", "properties": {"name": "", "site_type": "car_park", "suitability": 0.8}, "geometry": {"type": "Point", "coordinates": [-3.254736376261884, 51.47674296720381]}}, {"type": "Feature", "properties": {"name": "", "site_type": "car_park", "suitability": 0.8}, "geometry": {"type": "Point", "coordinates": [-3.254137521231509, 51.47622917063514]}}, {"type": "Feature", "properties": {"name": "", "site_type": "car_park", "suitability": 0.8}, "geometry": {"type": "Point", "coordinates": [-3.252698188191813, 51.474898659146035]}}, {"type": "Feature", "properties": {"name": "", "site_type": "car_park", "suitability": 0.8}, "geometry": {"type": "Point", "coordinates": [-3.2414282702037234, 51.48277630341127]}}, {"type": "Feature", "properties": {"name": "", "site_type": "car_park", "suitability": 0.8}, "geometry": {"type": "Point", "coordinates": [-3.2431776500000007, 51.48278245000001]}}, {"type": "Feature", "properties": {"name": "", "site_type": "car_park", "suitability": 0.8}, "geometry": {"type": "Point", "coordinates": [-3.2480107712173516, 51.48093891975319]}}, {"type": "Feature", "properties": {"name": "", "site_type": "car_park", "suitability": 0.8}, "geometry": {"type": "Point", "coordinates": [-3.2339156584340905, 51.482511985489005]}}, {"type": "Feature", "properties": {"name": "", "site_type": "car_park", "suitability": 0.8}, "geometry": {"type": "Point", "coordinates": [-3.231411450000002, 51.48065305000001]}}, {"type": "Feature", "properties": {"name": "", "site_type": "car_park", "suitability": 0.8}, "geometry": {"type": "Point", "coordinates": [-3.253937081237877, 51.472548882241334]}}, {"type": "Feature", "properties": {"name": "", "site_type": "car_park", "suitability": 0.8}, "geometry": {"type": "Point", "coordinates": [-3.2575233493999174, 51.47181433926092]}}, {"type": "Feature", "properties": {"name": "", "site_type": "car_park", "suitability": 0.8}, "geometry": {"type": "Point", "coordinates": [-3.2510408287593906, 51.47378491642302]}}, {"type": "Feature", "properties": {"name": "Forest Farm Country Park Visitor Car Park", "site_type": "car_park", "suitability": 0.8}, "geometry": {"type": "Point", "coordinates": [-3.243249029651793, 51.517191826544]}}, {"type": "Feature", "properties": {"name": "", "site_type": "car_park", "suitability": 0.8}, "geometry": {"type": "Point", "coordinates": [-3.251964137474039, 51.53630843880195]}}, {"type": "Feature", "properties": {"name": "", "site_type": "car_park", "suitability": 0.8}, "geometry": {"type": "Point", "coordinates": [-3.243024224768617, 51.47321758107996]}}, {"type": "Feature", "properties": {"name": "", "site_type": "car_park", "suitability": 0.8}, "geometry": {"type": "Point", "coordinates": [-3.234572533335284, 51.47684464975924]}}, {"type": "Feature", "properties": {"name": "", "site_type": "car_park", "suitability": 0.8}, "geometry": {"type": "Point", "coordinates": [-3.2353443865747287, 51.47751540092761]}}, {"type": "Feature", "properties": {"name": "", "site_type": "car_park", "suitability": 0.8}, "geometry": {"type": "Point", "coordinates": [-3.2378981247973453, 51.47584793346364]}}, {"type": "Feature", "properties": {"name": "", "site_type": "car_park", "suitability": 0.8}, "geometry": {"type": "Point", "coordinates": [-3.2383759238158225, 51.47631915709685]}}, {"type": "Feature", "properties": {"name": "", "site_type": "car_park", "suitability": 0.8}, "geometry": {"type": "Point", "coordinates": [-3.216032609091556, 51.47748655259561]}}, {"type": "Feature", "properties": {"name": "", "site_type": "car_park", "suitability": 0.8}, "geometry": {"type": "Point", "coordinates": [-3.2128236171377247, 51.47673743303167]}}, {"type": "Feature", "properties": {"name": "", "site_type": "car_park", "suitability": 0.8}, "geometry": {"type": "Point", "coordinates": [-3.2588187489803664, 51.481192250960255]}}, {"type": "Feature", "properties": {"name": "Knox Road Car Park", "site_type": "car_park", "suitability": 0.8}, "geometry": {"type": "Point", "coordinates": [-3.168051325066769, 51.48226400651204]}}, {"type": "Feature", "properties": {"name": "Cardiff City Stadium Car Park B", "site_type": "car_park", "suitability": 0.8}, "geometry": {"type": "Point", "coordinates": [-3.2040437135852633, 51.47405147646164]}}, {"type": "Feature", "properties": {"name": "Cardiff City Stadium Car Park F", "site_type": "car_park", "suitability": 0.8}, "geometry": {"type": "Point", "coordinates": [-3.2015135837786315, 51.47198144001901]}}, {"type": "Feature", "properties": {"name": "", "site_type": "car_park", "suitability": 0.8}, "geometry": {"type": "Point", "coordinates": [-3.183430944068242, 51.45051969586803]}}, {"type": "Feature", "properties": {"name": "", "site_type": "car_park", "suitability": 0.8}, "geometry": {"type": "Point", "coordinates": [-3.1805072306917537, 51.449600077791374]}}, {"type": "Feature", "properties": {"name": "", "site_type": "car_park", "suitability": 0.8}, "geometry": {"type": "Point", "coordinates": [-3.1800438737064614, 51.45059575141878]}}, {"type": "Feature", "properties": {"name": "Cardiff International Pool Car Park", "site_type": "car_park", "suitability": 0.8}, "geometry": {"type": "Point", "coordinates": [-3.180694341900962, 51.44880192246574]}}, {"type": "Feature", "properties": {"name": "Cardiff Bay Yacht Club Members Only Parking", "site_type": "car_park", "suitability": 0.8}, "geometry": {"type": "Point", "coordinates": [-3.1753672950574816, 51.44808259794036]}}, {"type": "Feature", "properties": {"name": "", "site_type": "car_park", "suitability": 0.8}, "geometry": {"type": "Point", "coordinates": [-3.1890165001990356, 51.452208329919145]}}, {"type": "Feature", "properties": {"name": "NCP - Westgate Street", "site_type": "car_park", "suitability": 0.8}, "geometry": {"type": "Point", "coordinates": [-3.1805572080115403, 51.47972759210912]}}, {"type": "Feature", "properties": {"name": "", "site_type": "car_park", "suitability": 0.8}, "geometry": {"type": "Point", "coordinates": [-3.188230134573448, 51.46172167719928]}}, {"type": "Feature", "properties": {"name": "Health Centre Staff Car Park", "site_type": "car_park", "suitability": 0.8}, "geometry": {"type": "Point", "coordinates": [-3.1957788334504333, 51.48084709175313]}}, {"type": "Feature", "properties": {"name": "", "site_type": "car_park", "suitability": 0.8}, "geometry": {"type": "Point", "coordinates": [-3.2412327936948975, 51.473968480293344]}}, {"type": "Feature", "properties": {"name": "", "site_type": "car_park", "suitability": 0.8}, "geometry": {"type": "Point", "coordinates": [-3.1761351447848694, 51.47294262059679]}}, {"type": "Feature", "properties": {"name": "", "site_type": "car_park", "suitability": 0.8}, "geometry": {"type": "Point", "coordinates": [-3.19774662231786, 51.49820996862396]}}, {"type": "Feature", "properties": {"name": "McDonald's Customer Parking", "site_type": "car_park", "suitability": 0.8}, "geometry": {"type": "Point", "coordinates": [-3.202888067806449, 51.49934054603999]}}, {"type": "Feature", "properties": {"name": "Booker Wholesale Customer Parking", "site_type": "car_park", "suitability": 0.8}, "geometry": {"type": "Point", "coordinates": [-3.203889406478839, 51.500487049745544]}}, {"type": "Feature", "properties": {"name": "Halfords Customer Parking", "site_type": "car_park", "suitability": 0.8}, "geometry": {"type": "Point", "coordinates": [-3.202791433678475, 51.49981596495598]}}, {"type": "Feature", "properties": {"name": "Rapports (NCP)", "site_type": "car_park", "suitability": 0.8}, "geometry": {"type": "Point", "coordinates": [-3.171667556261055, 51.47972548049387]}}, {"type": "Feature", "properties": {"name": "", "site_type": "car_park", "suitability": 0.8}, "geometry": {"type": "Point", "coordinates": [-3.128510525219306, 51.535563491800715]}}, {"type": "Feature", "properties": {"name": "", "site_type": "car_park", "suitability": 0.8}, "geometry": {"type": "Point", "coordinates": [-3.3065129957716244, 51.50897123847715]}}, {"type": "Feature", "properties": {"name": "", "site_type": "car_park", "suitability": 0.8}, "geometry": {"type": "Point", "coordinates": [-3.1878073103371016, 51.50023008382801]}}, {"type": "Feature", "properties": {"name": "", "site_type": "car_park", "suitability": 0.8}, "geometry": {"type": "Point", "coordinates": [-3.1636819829763545, 51.47007423533159]}}, {"type": "Feature", "properties": {"name": "", "site_type": "car_park", "suitability": 0.8}, "geometry": {"type": "Point", "coordinates": [-3.1877670322217173, 51.46291395317742]}}, {"type": "Feature", "properties": {"name": "", "site_type": "car_park", "suitability": 0.8}, "geometry": {"type": "Point", "coordinates": [-3.1631185484880238, 51.486140807213054]}}, {"type": "Feature", "properties": {"name": "NCP Greyfriars", "site_type": "car_park", "suitability": 0.8}, "geometry": {"type": "Point", "coordinates": [-3.1762137831440844, 51.48305125513028]}}, {"type": "Feature", "properties": {"name": "", "site_type": "car_park", "suitability": 0.8}, "geometry": {"type": "Point", "coordinates": [-3.2399574250889986, 51.47367102677341]}}, {"type": "Feature", "properties": {"name": "", "site_type": "car_park", "suitability": 0.8}, "geometry": {"type": "Point", "coordinates": [-3.246960760386375, 51.47057260634388]}}, {"type": "Feature", "properties": {"name": "", "site_type": "car_park", "suitability": 0.8}, "geometry": {"type": "Point", "coordinates": [-3.2250236741301723, 51.487451693971316]}}, {"type": "Feature", "properties": {"name": "", "site_type": "car_park", "suitability": 0.8}, "geometry": {"type": "Point", "coordinates": [-3.2120796997768766, 51.48886502697617]}}, {"type": "Feature", "properties": {"name": "", "site_type": "car_park", "suitability": 0.8}, "geometry": {"type": "Point", "coordinates": [-3.2444320689986856, 51.48061873032153]}}, {"type": "Feature", "properties": {"name": "", "site_type": "car_park", "suitability": 0.8}, "geometry": {"type": "Point", "coordinates": [-3.210495943980146, 51.53739903408938]}}, {"type": "Feature", "properties": {"name": "", "site_type": "car_park", "suitability": 0.8}, "geometry": {"type": "Point", "coordinates": [-3.2014194383093977, 51.53971578326565]}}, {"type": "Feature", "properties": {"name": "", "site_type": "car_park", "suitability": 0.8}, "geometry": {"type": "Point", "coordinates": [-3.192114746918242, 51.54154312154326]}}, {"type": "Feature", "properties": {"name": "", "site_type": "car_park", "suitability": 0.8}, "geometry": {"type": "Point", "coordinates": [-3.186987642843265, 51.54577769993527]}}, {"type": "Feature", "properties": {"name": "", "site_type": "car_park", "suitability": 0.8}, "geometry": {"type": "Point", "coordinates": [-3.195498291850812, 51.53803008098903]}}, {"type": "Feature", "properties": {"name": "", "site_type": "car_park", "suitability": 0.8}, "geometry": {"type": "Point", "coordinates": [-3.1947312237668677, 51.53790280698279]}}, {"type": "Feature", "properties": {"name": "", "site_type": "car_park", "suitability": 0.8}, "geometry": {"type": "Point", "coordinates": [-3.1907580886614, 51.53818750030374]}}, {"type": "Feature", "properties": {"name": "", "site_type": "car_park", "suitability": 0.8}, "geometry": {"type": "Point", "coordinates": [-3.162190226146384, 51.509368382730734]}}, {"type": "Feature", "properties": {"name": "", "site_type": "car_park", "suitability": 0.8}, "geometry": {"type": "Point", "coordinates": [-3.1600124938760477, 51.468328802958254]}}, {"type": "Feature", "properties": {"name": "", "site_type": "car_park", "suitability": 0.8}, "geometry": {"type": "Point", "coordinates": [-3.203705562062322, 51.52856570462045]}}, {"type": "Feature", "properties": {"name": "", "site_type": "car_park", "suitability": 0.8}, "geometry": {"type": "Point", "coordinates": [-3.209003425743152, 51.525152152028696]}}, {"type": "Feature", "properties": {"name": "", "site_type": "car_park", "suitability": 0.8}, "geometry": {"type": "Point", "coordinates": [-3.1746805092328656, 51.47601786218992]}}, {"type": "Feature", "properties": {"name": "", "site_type": "car_park", "suitability": 0.8}, "geometry": {"type": "Point", "coordinates": [-3.209703578620027, 51.52964316222744]}}, {"type": "Feature", "properties": {"name": "", "site_type": "car_park", "suitability": 0.8}, "geometry": {"type": "Point", "coordinates": [-3.180321235509907, 51.47179481241524]}}, {"type": "Feature", "properties": {"name": "", "site_type": "car_park", "suitability": 0.8}, "geometry": {"type": "Point", "coordinates": [-3.177719762945254, 51.47177653714693]}}, {"type": "Feature", "properties": {"name": "", "site_type": "car_park", "suitability": 0.8}, "geometry": {"type": "Point", "coordinates": [-3.1770898801974305, 51.4720306840381]}}, {"type": "Feature", "properties": {"name": "", "site_type": "car_park", "suitability": 0.8}, "geometry": {"type": "Point", "coordinates": [-3.1398477780780327, 51.53087663775868]}}, {"type": "Feature", "properties": {"name": "", "site_type": "car_park", "suitability": 0.8}, "geometry": {"type": "Point", "coordinates": [-3.0968565910309414, 51.517089800720505]}}, {"type": "Feature", "properties": {"name": "", "site_type": "car_park", "suitability": 0.8}, "geometry": {"type": "Point", "coordinates": [-3.2151836326718293, 51.55145937765663]}}, {"type": "Feature", "properties": {"name": "", "site_type": "car_park", "suitability": 0.8}, "geometry": {"type": "Point", "coordinates": [-3.2481582951369945, 51.49906139585546]}}, {"type": "Feature", "properties": {"name": "", "site_type": "car_park", "suitability": 0.8}, "geometry": {"type": "Point", "coordinates": [-3.1902642995915405, 51.47802775128827]}}, {"type": "Feature", "properties": {"name": "", "site_type": "car_park", "suitability": 0.8}, "geometry": {"type": "Point", "coordinates": [-3.1824266736985676, 51.48471958733934]}}, {"type": "Feature", "properties": {"name": "Roath Lock Studios West Car Park", "site_type": "car_park", "suitability": 0.8}, "geometry": {"type": "Point", "coordinates": [-3.1582675124164, 51.46022275435573]}}, {"type": "Feature", "properties": {"name": "", "site_type": "car_park", "suitability": 0.8}, "geometry": {"type": "Point", "coordinates": [-3.1607350904765608, 51.45385146569582]}}, {"type": "Feature", "properties": {"name": "", "site_type": "car_park", "suitability": 0.8}, "geometry": {"type": "Point", "coordinates": [-3.2236816573672202, 51.49786258888348]}}, {"type": "Feature", "properties": {"name": "", "site_type": "car_park", "suitability": 0.8}, "geometry": {"type": "Point", "coordinates": [-3.1796173588850465, 51.45463883718245]}}, {"type": "Feature", "properties": {"name": "", "site_type": "car_park", "suitability": 0.8}, "geometry": {"type": "Point", "coordinates": [-3.228802749600663, 51.48220416683401]}}, {"type": "Feature", "properties": {"name": "", "site_type": "car_park", "suitability": 0.8}, "geometry": {"type": "Point", "coordinates": [-3.2367517500000025, 51.47654780000001]}}, {"type": "Feature", "properties": {"name": "McDonalds Customer Car Park", "site_type": "car_park", "suitability": 0.8}, "geometry": {"type": "Point", "coordinates": [-3.206355705475491, 51.47302733841233]}}, {"type": "Feature", "properties": {"name": "", "site_type": "car_park", "suitability": 0.8}, "geometry": {"type": "Point", "coordinates": [-3.2085688142610196, 51.47324329792906]}}, {"type": "Feature", "properties": {"name": "", "site_type": "car_park", "suitability": 0.8}, "geometry": {"type": "Point", "coordinates": [-3.155599298985535, 51.52357335216107]}}, {"type": "Feature", "properties": {"name": "Pontcanna Fields Pay and Display Car Park", "site_type": "car_park", "suitability": 0.8}, "geometry": {"type": "Point", "coordinates": [-3.201390127619343, 51.490949436525554]}}, {"type": "Feature", "properties": {"name": "", "site_type": "car_park", "suitability": 0.8}, "geometry": {"type": "Point", "coordinates": [-3.1893602138054855, 51.4916419812782]}}, {"type": "Feature", "properties": {"name": "Cardiff East Park & Ride", "site_type": "car_park", "suitability": 0.8}, "geometry": {"type": "Point", "coordinates": [-3.136156375763883, 51.52192238554922]}}, {"type": "Feature", "properties": {"name": "", "site_type": "car_park", "suitability": 0.8}, "geometry": {"type": "Point", "coordinates": [-3.191507311459179, 51.4856084246696]}}, {"type": "Feature", "properties": {"name": "", "site_type": "car_park", "suitability": 0.8}, "geometry": {"type": "Point", "coordinates": [-3.1063702946068497, 51.53108944857493]}}, {"type": "Feature", "properties": {"name": "", "site_type": "car_park", "suitability": 0.8}, "geometry": {"type": "Point", "coordinates": [-3.174451918655285, 51.48365464848766]}}, {"type": "Feature", "properties": {"name": "", "site_type": "car_park", "suitability": 0.8}, "geometry": {"type": "Point", "coordinates": [-3.2544141460136027, 51.478368383746044]}}, {"type": "Feature", "properties": {"name": "", "site_type": "car_park", "suitability": 0.8}, "geometry": {"type": "Point", "coordinates": [-3.2028155297762453, 51.47783554744563]}}, {"type": "Feature", "properties": {"name": "", "site_type": "car_park", "suitability": 0.8}, "geometry": {"type": "Point", "coordinates": [-3.2050375895627568, 51.48239434980814]}}, {"type": "Feature", "properties": {"name": "", "site_type": "car_park", "suitability": 0.8}, "geometry": {"type": "Point", "coordinates": [-3.1901834260646034, 51.47297912157258]}}, {"type": "Feature", "properties": {"name": "", "site_type": "car_park", "suitability": 0.8}, "geometry": {"type": "Point", "coordinates": [-3.150113834604139, 51.5104022233136]}}, {"type": "Feature", "properties": {"name": "", "site_type": "car_park", "suitability": 0.8}, "geometry": {"type": "Point", "coordinates": [-3.1491105198879414, 51.5102913440508]}}, {"type": "Feature", "properties": {"name": "", "site_type": "car_park", "suitability": 0.8}, "geometry": {"type": "Point", "coordinates": [-3.148965239788582, 51.510865454926474]}}, {"type": "Feature", "properties": {"name": "", "site_type": "car_park", "suitability": 0.8}, "geometry": {"type": "Point", "coordinates": [-3.151076789184971, 51.50995428343642]}}, {"type": "Feature", "properties": {"name": "", "site_type": "car_park", "suitability": 0.8}, "geometry": {"type": "Point", "coordinates": [-3.149852069522497, 51.511124571133564]}}, {"type": "Feature", "properties": {"name": "", "site_type": "car_park", "suitability": 0.8}, "geometry": {"type": "Point", "coordinates": [-3.150583818767761, 51.51139858617265]}}, {"type": "Feature", "properties": {"name": "", "site_type": "car_park", "suitability": 0.8}, "geometry": {"type": "Point", "coordinates": [-3.1482340718868023, 51.51154910062469]}}, {"type": "Feature", "properties": {"name": "", "site_type": "car_park", "suitability": 0.8}, "geometry": {"type": "Point", "coordinates": [-3.1480973647459316, 51.510732778362666]}}, {"type": "Feature", "properties": {"name": "", "site_type": "car_park", "suitability": 0.8}, "geometry": {"type": "Point", "coordinates": [-3.1492592247723072, 51.511606782196196]}}, {"type": "Feature", "properties": {"name": "", "site_type": "car_park", "suitability": 0.8}, "geometry": {"type": "Point", "coordinates": [-3.151153129195971, 51.51059963840237]}}, {"type": "Feature", "properties": {"name": "", "site_type": "car_park", "suitability": 0.8}, "geometry": {"type": "Point", "coordinates": [-3.152156089768346, 51.510223155509465]}}, {"type": "Feature", "properties": {"name": "", "site_type": "car_park", "suitability": 0.8}, "geometry": {"type": "Point", "coordinates": [-3.1527000520798802, 51.510789728744975]}}, {"type": "Feature", "properties": {"name": "", "site_type": "car_park", "suitability": 0.8}, "geometry": {"type": "Point", "coordinates": [-3.1521527849444047, 51.51157803846596]}}, {"type": "Feature", "properties": {"name": "", "site_type": "car_park", "suitability": 0.8}, "geometry": {"type": "Point", "coordinates": [-3.153027697321539, 51.512257015036276]}}, {"type": "Feature", "properties": {"name": "", "site_type": "car_park", "suitability": 0.8}, "geometry": {"type": "Point", "coordinates": [-3.1528411664413993, 51.51367941680479]}}, {"type": "Feature", "properties": {"name": "", "site_type": "car_park", "suitability": 0.8}, "geometry": {"type": "Point", "coordinates": [-3.1512974595925902, 51.51384892315706]}}, {"type": "Feature", "properties": {"name": "", "site_type": "car_park", "suitability": 0.8}, "geometry": {"type": "Point", "coordinates": [-3.1473370494987263, 51.513096450596976]}}, {"type": "Feature", "properties": {"name": "", "site_type": "car_park", "suitability": 0.8}, "geometry": {"type": "Point", "coordinates": [-3.149954984704935, 51.5141534250627]}}, {"type": "Feature", "properties": {"name": "", "site_type": "car_park", "suitability": 0.8}, "geometry": {"type": "Point", "coordinates": [-3.1483230599802288, 51.51384272499487]}}, {"type": "Feature", "properties": {"name": "", "site_type": "car_park", "suitability": 0.8}, "geometry": {"type": "Point", "coordinates": [-3.151683436311439, 51.51104381482406]}}, {"type": "Feature", "properties": {"name": "", "site_type": "car_park", "suitability": 0.8}, "geometry": {"type": "Point", "coordinates": [-3.146645005297655, 51.513474059299455]}}, {"type": "Feature", "properties": {"name": "", "site_type": "car_park", "suitability": 0.8}, "geometry": {"type": "Point", "coordinates": [-3.1461977531153513, 51.51440761437106]}}, {"type": "Feature", "properties": {"name": "", "site_type": "car_park", "suitability": 0.8}, "geometry": {"type": "Point", "coordinates": [-3.1506168796273815, 51.51338099489921]}}, {"type": "Feature", "properties": {"name": "", "site_type": "car_park", "suitability": 0.8}, "geometry": {"type": "Point", "coordinates": [-3.1459706770583873, 51.515635382294256]}}, {"type": "Feature", "properties": {"name": "", "site_type": "car_park", "suitability": 0.8}, "geometry": {"type": "Point", "coordinates": [-3.146150524671315, 51.515073995047246]}}, {"type": "Feature", "properties": {"name": "", "site_type": "car_park", "suitability": 0.8}, "geometry": {"type": "Point", "coordinates": [-3.1492665446659847, 51.515374172881266]}}, {"type": "Feature", "properties": {"name": "", "site_type": "car_park", "suitability": 0.8}, "geometry": {"type": "Point", "coordinates": [-3.1482813988535447, 51.51579331296504]}}, {"type": "Feature", "properties": {"name": "", "site_type": "car_park", "suitability": 0.8}, "geometry": {"type": "Point", "coordinates": [-3.146605018282861, 51.51662919812566]}}, {"type": "Feature", "properties": {"name": "", "site_type": "car_park", "suitability": 0.8}, "geometry": {"type": "Point", "coordinates": [-3.147448415137821, 51.51628143500668]}}, {"type": "Feature", "properties": {"name": "", "site_type": "car_park", "suitability": 0.8}, "geometry": {"type": "Point", "coordinates": [-3.149892539324694, 51.51598067526305]}}, {"type": "Feature", "properties": {"name": "", "site_type": "car_park", "suitability": 0.8}, "geometry": {"type": "Point", "coordinates": [-3.1505634464836065, 51.515518820692805]}}, {"type": "Feature", "properties": {"name": "", "site_type": "car_park", "suitability": 0.8}, "geometry": {"type": "Point", "coordinates": [-3.149066111095037, 51.516342702351814]}}, {"type": "Feature", "properties": {"name": "", "site_type": "car_park", "suitability": 0.8}, "geometry": {"type": "Point", "coordinates": [-3.1509638047877306, 51.51780244277532]}}, {"type": "Feature", "properties": {"name": "", "site_type": "car_park", "suitability": 0.8}, "geometry": {"type": "Point", "coordinates": [-3.151117430189226, 51.516588707068074]}}, {"type": "Feature", "properties": {"name": "", "site_type": "car_park", "suitability": 0.8}, "geometry": {"type": "Point", "coordinates": [-3.1506873823276322, 51.516084773575415]}}, {"type": "Feature", "properties": {"name": "", "site_type": "car_park", "suitability": 0.8}, "geometry": {"type": "Point", "coordinates": [-3.148148492765044, 51.516768359712266]}}, {"type": "Feature", "properties": {"name": "", "site_type": "car_park", "suitability": 0.8}, "geometry": {"type": "Point", "coordinates": [-3.147266504542479, 51.51725103603723]}}, {"type": "Feature", "properties": {"name": "", "site_type": "car_park", "suitability": 0.8}, "geometry": {"type": "Point", "coordinates": [-3.14852040192002, 51.517576903227734]}}, {"type": "Feature", "properties": {"name": "", "site_type": "car_park", "suitability": 0.8}, "geometry": {"type": "Point", "coordinates": [-3.1481120309774715, 51.518284014244024]}}, {"type": "Feature", "properties": {"name": "", "site_type": "car_park", "suitability": 0.8}, "geometry": {"type": "Point", "coordinates": [-3.1494539468195955, 51.51847003110394]}}, {"type": "Feature", "properties": {"name": "", "site_type": "car_park", "suitability": 0.8}, "geometry": {"type": "Point", "coordinates": [-3.1504441563970143, 51.518371601186416]}}, {"type": "Feature", "properties": {"name": "", "site_type": "car_park", "suitability": 0.8}, "geometry": {"type": "Point", "coordinates": [-3.147300870404829, 51.51784495595838]}}, {"type": "Feature", "properties": {"name": "", "site_type": "car_park", "suitability": 0.8}, "geometry": {"type": "Point", "coordinates": [-3.146540627807233, 51.51755413749432]}}, {"type": "Feature", "properties": {"name": "", "site_type": "car_park", "suitability": 0.8}, "geometry": {"type": "Point", "coordinates": [-3.1455035864750696, 51.517911409131905]}}, {"type": "Feature", "properties": {"name": "", "site_type": "car_park", "suitability": 0.8}, "geometry": {"type": "Point", "coordinates": [-3.1506419988459484, 51.5171651298445]}}, {"type": "Feature", "properties": {"name": "", "site_type": "car_park", "suitability": 0.8}, "geometry": {"type": "Point", "coordinates": [-3.1493075291069577, 51.51755167397502]}}, {"type": "Feature", "properties": {"name": "", "site_type": "car_park", "suitability": 0.8}, "geometry": {"type": "Point", "coordinates": [-3.1451419825401254, 51.51721953002011]}}, {"type": "Feature", "properties": {"name": "", "site_type": "car_park", "suitability": 0.8}, "geometry": {"type": "Point", "coordinates": [-3.153600193772786, 51.51712929767762]}}, {"type": "Feature", "properties": {"name": "", "site_type": "car_park", "suitability": 0.8}, "geometry": {"type": "Point", "coordinates": [-3.1530453748803344, 51.51741817661366]}}, {"type": "Feature", "properties": {"name": "", "site_type": "car_park", "suitability": 0.8}, "geometry": {"type": "Point", "coordinates": [-3.152647888468328, 51.51814671621374]}}, {"type": "Feature", "properties": {"name": "", "site_type": "car_park", "suitability": 0.8}, "geometry": {"type": "Point", "coordinates": [-3.153878153445162, 51.517694729207854]}}, {"type": "Feature", "properties": {"name": "", "site_type": "car_park", "suitability": 0.8}, "geometry": {"type": "Point", "coordinates": [-3.1547044017085613, 51.51834774410319]}}, {"type": "Feature", "properties": {"name": "", "site_type": "car_park", "suitability": 0.8}, "geometry": {"type": "Point", "coordinates": [-3.1563061001407444, 51.5179115489778]}}, {"type": "Feature", "properties": {"name": "", "site_type": "car_park", "suitability": 0.8}, "geometry": {"type": "Point", "coordinates": [-3.1551535506525146, 51.517864638087445]}}, {"type": "Feature", "properties": {"name": "", "site_type": "car_park", "suitability": 0.8}, "geometry": {"type": "Point", "coordinates": [-3.1519787023487202, 51.51683864504465]}}, {"type": "Feature", "properties": {"name": "", "site_type": "car_park", "suitability": 0.8}, "geometry": {"type": "Point", "coordinates": [-3.153887837413394, 51.51441514144409]}}, {"type": "Feature", "properties": {"name": "", "site_type": "car_park", "suitability": 0.8}, "geometry": {"type": "Point", "coordinates": [-3.1542105354546868, 51.51311303408608]}}, {"type": "Feature", "properties": {"name": "", "site_type": "car_park", "suitability": 0.8}, "geometry": {"type": "Point", "coordinates": [-3.153087330087936, 51.515574669792294]}}, {"type": "Feature", "properties": {"name": "", "site_type": "car_park", "suitability": 0.8}, "geometry": {"type": "Point", "coordinates": [-3.153288889618585, 51.51603344200975]}}, {"type": "Feature", "properties": {"name": "", "site_type": "car_park", "suitability": 0.8}, "geometry": {"type": "Point", "coordinates": [-3.153416079718908, 51.51655766742967]}}, {"type": "Feature", "properties": {"name": "", "site_type": "car_park", "suitability": 0.8}, "geometry": {"type": "Point", "coordinates": [-3.1560749064277127, 51.513626792976844]}}, {"type": "Feature", "properties": {"name": "", "site_type": "car_park", "suitability": 0.8}, "geometry": {"type": "Point", "coordinates": [-3.1566241291617594, 51.5139264379552]}}, {"type": "Feature", "properties": {"name": "", "site_type": "car_park", "suitability": 0.8}, "geometry": {"type": "Point", "coordinates": [-3.156109587098135, 51.51543266137928]}}, {"type": "Feature", "properties": {"name": "", "site_type": "car_park", "suitability": 0.8}, "geometry": {"type": "Point", "coordinates": [-3.154442278907, 51.51388451922455]}}, {"type": "Feature", "properties": {"name": "", "site_type": "car_park", "suitability": 0.8}, "geometry": {"type": "Point", "coordinates": [-3.155126524897137, 51.51503015786055]}}, {"type": "Feature", "properties": {"name": "", "site_type": "car_park", "suitability": 0.8}, "geometry": {"type": "Point", "coordinates": [-3.154969000757368, 51.51573945798236]}}, {"type": "Feature", "properties": {"name": "", "site_type": "car_park", "suitability": 0.8}, "geometry": {"type": "Point", "coordinates": [-3.1554079878538133, 51.51614901485582]}}, {"type": "Feature", "properties": {"name": "", "site_type": "car_park", "suitability": 0.8}, "geometry": {"type": "Point", "coordinates": [-3.156283270229607, 51.516277279959624]}}, {"type": "Feature", "properties": {"name": "", "site_type": "car_park", "suitability": 0.8}, "geometry": {"type": "Point", "coordinates": [-3.1572096546172754, 51.51629754979912]}}, {"type": "Feature", "properties": {"name": "", "site_type": "car_park", "suitability": 0.8}, "geometry": {"type": "Point", "coordinates": [-3.158091781939673, 51.51454229743332]}}, {"type": "Feature", "properties": {"name": "", "site_type": "car_park", "suitability": 0.8}, "geometry": {"type": "Point", "coordinates": [-3.1596814679925647, 51.51067886873999]}}, {"type": "Feature", "properties": {"name": "", "site_type": "car_park", "suitability": 0.8}, "geometry": {"type": "Point", "coordinates": [-3.1578506918158302, 51.50881972031936]}}, {"type": "Feature", "properties": {"name": "", "site_type": "car_park", "suitability": 0.8}, "geometry": {"type": "Point", "coordinates": [-3.157757085085393, 51.509549358406474]}}, {"type": "Feature", "properties": {"name": "", "site_type": "car_park", "suitability": 0.8}, "geometry": {"type": "Point", "coordinates": [-3.1564098976444956, 51.51065913708206]}}, {"type": "Feature", "properties": {"name": "", "site_type": "car_park", "suitability": 0.8}, "geometry": {"type": "Point", "coordinates": [-3.1569826486218924, 51.50879369959933]}}, {"type": "Feature", "properties": {"name": "", "site_type": "car_park", "suitability": 0.8}, "geometry": {"type": "Point", "coordinates": [-3.1566339874741063, 51.50989782993115]}}, {"type": "Feature", "properties": {"name": "", "site_type": "car_park", "suitability": 0.8}, "geometry": {"type": "Point", "coordinates": [-3.155751689253604, 51.51029946235186]}}, {"type": "Feature", "properties": {"name": "", "site_type": "car_park", "suitability": 0.8}, "geometry": {"type": "Point", "coordinates": [-3.174787958784904, 51.468029867484574]}}, {"type": "Feature", "properties": {"name": "", "site_type": "car_park", "suitability": 0.8}, "geometry": {"type": "Point", "coordinates": [-3.091613369968987, 51.524668929096364]}}, {"type": "Feature", "properties": {"name": "", "site_type": "car_park", "suitability": 0.8}, "geometry": {"type": "Point", "coordinates": [-3.1573857394115272, 51.51319749138384]}}, {"type": "Feature", "properties": {"name": "", "site_type": "car_park", "suitability": 0.8}, "geometry": {"type": "Point", "coordinates": [-3.15553039955467, 51.5129401797961]}}, {"type": "Feature", "properties": {"name": "", "site_type": "car_park", "suitability": 0.8}, "geometry": {"type": "Point", "coordinates": [-3.156498700585317, 51.51282047177998]}}, {"type": "Feature", "properties": {"name": "", "site_type": "car_park", "suitability": 0.8}, "geometry": {"type": "Point", "coordinates": [-3.1519086866918444, 51.50891558984305]}}, {"type": "Feature", "properties": {"name": "", "site_type": "car_park", "suitability": 0.8}, "geometry": {"type": "Point", "coordinates": [-3.147586365191455, 51.5093315269146]}}, {"type": "Feature", "properties": {"name": "", "site_type": "car_park", "suitability": 0.8}, "geometry": {"type": "Point", "coordinates": [-3.1483972074973576, 51.50909672721481]}}, {"type": "Feature", "properties": {"name": "", "site_type": "car_park", "suitability": 0.8}, "geometry": {"type": "Point", "coordinates": [-3.1540416820111226, 51.50767640675444]}}, {"type": "Feature", "properties": {"name": "", "site_type": "car_park", "suitability": 0.8}, "geometry": {"type": "Point", "coordinates": [-3.1527962107959557, 51.50764777688946]}}, {"type": "Feature", "properties": {"name": "", "site_type": "car_park", "suitability": 0.8}, "geometry": {"type": "Point", "coordinates": [-3.153162153126005, 51.508344665225955]}}, {"type": "Feature", "properties": {"name": "", "site_type": "car_park", "suitability": 0.8}, "geometry": {"type": "Point", "coordinates": [-3.1541406554779114, 51.50852659343121]}}, {"type": "Feature", "properties": {"name": "", "site_type": "car_park", "suitability": 0.8}, "geometry": {"type": "Point", "coordinates": [-3.1550494731154544, 51.50833129184725]}}, {"type": "Feature", "properties": {"name": "", "site_type": "car_park", "suitability": 0.8}, "geometry": {"type": "Point", "coordinates": [-3.1558670757780694, 51.507902093864864]}}, {"type": "Feature", "properties": {"name": "", "site_type": "car_park", "suitability": 0.8}, "geometry": {"type": "Point", "coordinates": [-3.1549926377934754, 51.50986365293563]}}, {"type": "Feature", "properties": {"name": "", "site_type": "car_park", "suitability": 0.8}, "geometry": {"type": "Point", "coordinates": [-3.153792529036694, 51.51061866994247]}}, {"type": "Feature", "properties": {"name": "", "site_type": "car_park", "suitability": 0.8}, "geometry": {"type": "Point", "coordinates": [-3.154890004559811, 51.51072009913471]}}, {"type": "Feature", "properties": {"name": "", "site_type": "car_park", "suitability": 0.8}, "geometry": {"type": "Point", "coordinates": [-3.1547316877248153, 51.511181555491554]}}, {"type": "Feature", "properties": {"name": "", "site_type": "car_park", "suitability": 0.8}, "geometry": {"type": "Point", "coordinates": [-3.154357144959794, 51.511708428666175]}}, {"type": "Feature", "properties": {"name": "", "site_type": "car_park", "suitability": 0.8}, "geometry": {"type": "Point", "coordinates": [-3.1539596331941095, 51.51120061386809]}}, {"type": "Feature", "properties": {"name": "", "site_type": "car_park", "suitability": 0.8}, "geometry": {"type": "Point", "coordinates": [-3.1553585508817146, 51.51165719282751]}}, {"type": "Feature", "properties": {"name": "", "site_type": "car_park", "suitability": 0.8}, "geometry": {"type": "Point", "coordinates": [-3.1563117141916264, 51.5113565180874]}}, {"type": "Feature", "properties": {"name": "", "site_type": "car_park", "suitability": 0.8}, "geometry": {"type": "Point", "coordinates": [-3.1559506873335366, 51.50916665387677]}}, {"type": "Feature", "properties": {"name": "", "site_type": "car_park", "suitability": 0.8}, "geometry": {"type": "Point", "coordinates": [-3.1537121836733593, 51.50955572780748]}}, {"type": "Feature", "properties": {"name": "", "site_type": "car_park", "suitability": 0.8}, "geometry": {"type": "Point", "coordinates": [-3.152808250346577, 51.50933721543198]}}, {"type": "Feature", "properties": {"name": "", "site_type": "car_park", "suitability": 0.8}, "geometry": {"type": "Point", "coordinates": [-3.1543883792265874, 51.5197091137779]}}, {"type": "Feature", "properties": {"name": "", "site_type": "car_park", "suitability": 0.8}, "geometry": {"type": "Point", "coordinates": [-3.146601338368445, 51.50905608743816]}}, {"type": "Feature", "properties": {"name": "", "site_type": "car_park", "suitability": 0.8}, "geometry": {"type": "Point", "coordinates": [-3.14385773122104, 51.51542462786673]}}, {"type": "Feature", "properties": {"name": "", "site_type": "car_park", "suitability": 0.8}, "geometry": {"type": "Point", "coordinates": [-3.1440622353548853, 51.51492989653461]}}, {"type": "Feature", "properties": {"name": "", "site_type": "car_park", "suitability": 0.8}, "geometry": {"type": "Point", "coordinates": [-3.1564547386442414, 51.51862058872942]}}, {"type": "Feature", "properties": {"name": "", "site_type": "car_park", "suitability": 0.8}, "geometry": {"type": "Point", "coordinates": [-3.157757461797832, 51.517690089022764]}}, {"type": "Feature", "properties": {"name": "", "site_type": "car_park", "suitability": 0.8}, "geometry": {"type": "Point", "coordinates": [-3.156044974957224, 51.51920772204178]}}, {"type": "Feature", "properties": {"name": "", "site_type": "car_park", "suitability": 0.8}, "geometry": {"type": "Point", "coordinates": [-3.1565719092340867, 51.519801629023306]}}, {"type": "Feature", "properties": {"name": "", "site_type": "car_park", "suitability": 0.8}, "geometry": {"type": "Point", "coordinates": [-3.1556870850138576, 51.51970509122848]}}, {"type": "Feature", "properties": {"name": "", "site_type": "car_park", "suitability": 0.8}, "geometry": {"type": "Point", "coordinates": [-3.159452169016312, 51.518254571029345]}}, {"type": "Feature", "properties": {"name": "", "site_type": "car_park", "suitability": 0.8}, "geometry": {"type": "Point", "coordinates": [-3.1624795974898654, 51.50894362578009]}}, {"type": "Feature", "properties": {"name": "", "site_type": "car_park", "suitability": 0.8}, "geometry": {"type": "Point", "coordinates": [-3.162661280328915, 51.5106876000625]}}, {"type": "Feature", "properties": {"name": "", "site_type": "car_park", "suitability": 0.8}, "geometry": {"type": "Point", "coordinates": [-3.1626500182552406, 51.511689160027544]}}, {"type": "Feature", "properties": {"name": "", "site_type": "car_park", "suitability": 0.8}, "geometry": {"type": "Point", "coordinates": [-3.160610516608165, 51.51350143982923]}}, {"type": "Feature", "properties": {"name": "", "site_type": "car_park", "suitability": 0.8}, "geometry": {"type": "Point", "coordinates": [-3.159289497424501, 51.5143134198372]}}, {"type": "Feature", "properties": {"name": "", "site_type": "car_park", "suitability": 0.8}, "geometry": {"type": "Point", "coordinates": [-3.1589631693461455, 51.51507382984992]}}, {"type": "Feature", "properties": {"name": "", "site_type": "car_park", "suitability": 0.8}, "geometry": {"type": "Point", "coordinates": [-3.1610763515196054, 51.51493972552379]}}, {"type": "Feature", "properties": {"name": "", "site_type": "car_park", "suitability": 0.8}, "geometry": {"type": "Point", "coordinates": [-3.1598305505201303, 51.514929132140786]}}, {"type": "Feature", "properties": {"name": "", "site_type": "car_park", "suitability": 0.8}, "geometry": {"type": "Point", "coordinates": [-3.148633545040497, 51.513323379697404]}}, {"type": "Feature", "properties": {"name": "", "site_type": "car_park", "suitability": 0.8}, "geometry": {"type": "Point", "coordinates": [-3.1592415067177937, 51.51611654341465]}}, {"type": "Feature", "properties": {"name": "", "site_type": "car_park", "suitability": 0.8}, "geometry": {"type": "Point", "coordinates": [-3.160282643954013, 51.51675187431039]}}, {"type": "Feature", "properties": {"name": "", "site_type": "car_park", "suitability": 0.8}, "geometry": {"type": "Point", "coordinates": [-3.1598606839010874, 51.51558059211676]}}, {"type": "Feature", "properties": {"name": "", "site_type": "car_park", "suitability": 0.8}, "geometry": {"type": "Point", "coordinates": [-3.1595474874512584, 51.516802297619684]}}, {"type": "Feature", "properties": {"name": "", "site_type": "car_park", "suitability": 0.8}, "geometry": {"type": "Point", "coordinates": [-3.1583077327280193, 51.51682114724963]}}, {"type": "Feature", "properties": {"name": "", "site_type": "car_park", "suitability": 0.8}, "geometry": {"type": "Point", "coordinates": [-3.1600172531121298, 51.51722549113762]}}, {"type": "Feature", "properties": {"name": "", "site_type": "car_park", "suitability": 0.8}, "geometry": {"type": "Point", "coordinates": [-3.1585251682876025, 51.51635227460051]}}, {"type": "Feature", "properties": {"name": "", "site_type": "car_park", "suitability": 0.8}, "geometry": {"type": "Point", "coordinates": [-3.1605919414848116, 51.51768095408752]}}, {"type": "Feature", "properties": {"name": "", "site_type": "car_park", "suitability": 0.8}, "geometry": {"type": "Point", "coordinates": [-3.1584437255631492, 51.51738844958437]}}, {"type": "Feature", "properties": {"name": "", "site_type": "car_park", "suitability": 0.8}, "geometry": {"type": "Point", "coordinates": [-3.1608894801313303, 51.515589274941064]}}, {"type": "Feature", "properties": {"name": "", "site_type": "car_park", "suitability": 0.8}, "geometry": {"type": "Point", "coordinates": [-3.1624685351395345, 51.51408110652055]}}, {"type": "Feature", "properties": {"name": "", "site_type": "car_park", "suitability": 0.8}, "geometry": {"type": "Point", "coordinates": [-3.16246638156795, 51.51525593746762]}}, {"type": "Feature", "properties": {"name": "", "site_type": "car_park", "suitability": 0.8}, "geometry": {"type": "Point", "coordinates": [-3.1624671074529997, 51.51462576183621]}}, {"type": "Feature", "properties": {"name": "", "site_type": "car_park", "suitability": 0.8}, "geometry": {"type": "Point", "coordinates": [-3.162919634850844, 51.51598622243727]}}, {"type": "Feature", "properties": {"name": "", "site_type": "car_park", "suitability": 0.8}, "geometry": {"type": "Point", "coordinates": [-3.1612093949067455, 51.517074725472746]}}, {"type": "Feature", "properties": {"name": "", "site_type": "car_park", "suitability": 0.8}, "geometry": {"type": "Point", "coordinates": [-3.162866682695028, 51.516639971800856]}}, {"type": "Feature", "properties": {"name": "", "site_type": "car_park", "suitability": 0.8}, "geometry": {"type": "Point", "coordinates": [-3.1618208596763258, 51.51559228319702]}}, {"type": "Feature", "properties": {"name": "", "site_type": "car_park", "suitability": 0.8}, "geometry": {"type": "Point", "coordinates": [-3.162765384774174, 51.517292305228914]}}, {"type": "Feature", "properties": {"name": "", "site_type": "car_park", "suitability": 0.8}, "geometry": {"type": "Point", "coordinates": [-3.16463316709864, 51.47156948805011]}}, {"type": "Feature", "properties": {"name": "Harbour Drive Pay and Display Car Park", "site_type": "car_park", "suitability": 0.8}, "geometry": {"type": "Point", "coordinates": [-3.1617356506203085, 51.461879335004056]}}, {"type": "Feature", "properties": {"name": "", "site_type": "car_park", "suitability": 0.8}, "geometry": {"type": "Point", "coordinates": [-3.256009282484132, 51.47388338751784]}}, {"type": "Feature", "properties": {"name": "", "site_type": "car_park", "suitability": 0.8}, "geometry": {"type": "Point", "coordinates": [-3.2461824008485576, 51.476231746817106]}}, {"type": "Feature", "properties": {"name": "Heath Park Main Car Park Pay & Display", "site_type": "car_park", "suitability": 0.8}, "geometry": {"type": "Point", "coordinates": [-3.1872199433646142, 51.509866436226545]}}, {"type": "Feature", "properties": {"name": "", "site_type": "car_park", "suitability": 0.8}, "geometry": {"type": "Point", "coordinates": [-3.175912631654923, 51.476762223907166]}}, {"type": "Feature", "properties": {"name": "Castell Heights Golf Club", "site_type": "car_park", "suitability": 0.8}, "geometry": {"type": "Point", "coordinates": [-3.2384452845858225, 51.55254298730023]}}, {"type": "Feature", "properties": {"name": "", "site_type": "car_park", "suitability": 0.8}, "geometry": {"type": "Point", "coordinates": [-3.1305522970472826, 51.53586643976538]}}, {"type": "Feature", "properties": {"name": "", "site_type": "car_park", "suitability": 0.8}, "geometry": {"type": "Point", "coordinates": [-3.1874295492547833, 51.449631628970394]}}, {"type": "Feature", "properties": {"name": "", "site_type": "car_park", "suitability": 0.8}, "geometry": {"type": "Point", "coordinates": [-3.1861746937516324, 51.45145308254021]}}, {"type": "Feature", "properties": {"name": "", "site_type": "car_park", "suitability": 0.8}, "geometry": {"type": "Point", "coordinates": [-3.1917083971995934, 51.454321168813074]}}, {"type": "Feature", "properties": {"name": "Tŷ Nant", "site_type": "car_park", "suitability": 0.8}, "geometry": {"type": "Point", "coordinates": [-3.2598335379605197, 51.529686782462846]}}, {"type": "Feature", "properties": {"name": "Conference Centre Car Park", "site_type": "car_park", "suitability": 0.8}, "geometry": {"type": "Point", "coordinates": [-3.1658354131534563, 51.50413376323433]}}, {"type": "Feature", "properties": {"name": "Birchwood House Car Park", "site_type": "car_park", "suitability": 0.8}, "geometry": {"type": "Point", "coordinates": [-3.167452848419364, 51.505162326472906]}}, {"type": "Feature", "properties": {"name": "", "site_type": "car_park", "suitability": 0.8}, "geometry": {"type": "Point", "coordinates": [-3.281985496323337, 51.516955018618866]}}, {"type": "Feature", "properties": {"name": "", "site_type": "car_park", "suitability": 0.8}, "geometry": {"type": "Point", "coordinates": [-3.162239250501869, 51.45474514917936]}}, {"type": "Feature", "properties": {"name": "", "site_type": "car_park", "suitability": 0.8}, "geometry": {"type": "Point", "coordinates": [-3.1599575745287076, 51.45417887723824]}}, {"type": "Feature", "properties": {"name": "", "site_type": "car_park", "suitability": 0.8}, "geometry": {"type": "Point", "coordinates": [-3.1796539110644564, 51.46245136222502]}}, {"type": "Feature", "properties": {"name": "", "site_type": "car_park", "suitability": 0.8}, "geometry": {"type": "Point", "coordinates": [-3.1796563565686826, 51.46189904886485]}}, {"type": "Feature", "properties": {"name": "", "site_type": "car_park", "suitability": 0.8}, "geometry": {"type": "Point", "coordinates": [-3.180580410613941, 51.462823651810275]}}, {"type": "Feature", "properties": {"name": "", "site_type": "car_park", "suitability": 0.8}, "geometry": {"type": "Point", "coordinates": [-3.1588913734403734, 51.45304502435208]}}, {"type": "Feature", "properties": {"name": "", "site_type": "car_park", "suitability": 0.8}, "geometry": {"type": "Point", "coordinates": [-3.157050126434444, 51.454336108018005]}}, {"type": "Feature", "properties": {"name": "", "site_type": "car_park", "suitability": 0.8}, "geometry": {"type": "Point", "coordinates": [-3.173161987067166, 51.4592609456729]}}, {"type": "Feature", "properties": {"name": "B&M Customer Car Park", "site_type": "car_park", "suitability": 0.8}, "geometry": {"type": "Point", "coordinates": [-3.1998504921597157, 51.526418404192036]}}, {"type": "Feature", "properties": {"name": "Selco Customer Car Park", "site_type": "car_park", "suitability": 0.8}, "geometry": {"type": "Point", "coordinates": [-3.1944274065170912, 51.5255821537021]}}, {"type": "Feature", "properties": {"name": "", "site_type": "car_park", "suitability": 0.8}, "geometry": {"type": "Point", "coordinates": [-3.1545313406801743, 51.45564084701986]}}, {"type": "Feature", "properties": {"name": "Cardiff Sailing Centre Car Park", "site_type": "car_park", "suitability": 0.8}, "geometry": {"type": "Point", "coordinates": [-3.162014218885569, 51.45371977591561]}}, {"type": "Feature", "properties": {"name": "", "site_type": "car_park", "suitability": 0.8}, "geometry": {"type": "Point", "coordinates": [-3.1545750160163633, 51.454364437288326]}}, {"type": "Feature", "properties": {"name": "", "site_type": "car_park", "suitability": 0.8}, "geometry": {"type": "Point", "coordinates": [-3.1396448010606353, 51.465137151870934]}}, {"type": "Feature", "properties": {"name": "", "site_type": "car_park", "suitability": 0.8}, "geometry": {"type": "Point", "coordinates": [-3.1400680000000007, 51.465643250000014]}}, {"type": "Feature", "properties": {"name": "", "site_type": "car_park", "suitability": 0.8}, "geometry": {"type": "Point", "coordinates": [-3.1956043487244443, 51.46337161150319]}}, {"type": "Feature", "properties": {"name": "", "site_type": "car_park", "suitability": 0.8}, "geometry": {"type": "Point", "coordinates": [-3.17293795918243, 51.46052515557619]}}, {"type": "Feature", "properties": {"name": "", "site_type": "car_park", "suitability": 0.8}, "geometry": {"type": "Point", "coordinates": [-3.1800218872345676, 51.45312476336787]}}, {"type": "Feature", "properties": {"name": "", "site_type": "car_park", "suitability": 0.8}, "geometry": {"type": "Point", "coordinates": [-3.179225671172706, 51.453354967434386]}}, {"type": "Feature", "properties": {"name": "", "site_type": "car_park", "suitability": 0.8}, "geometry": {"type": "Point", "coordinates": [-3.1685091656113094, 51.46277838844242]}}, {"type": "Feature", "properties": {"name": "", "site_type": "car_park", "suitability": 0.8}, "geometry": {"type": "Point", "coordinates": [-3.157659725893153, 51.469147509238006]}}, {"type": "Feature", "properties": {"name": "Merthyr Road Pay and Display Car Park", "site_type": "car_park", "suitability": 0.8}, "geometry": {"type": "Point", "coordinates": [-3.2186559905994825, 51.51285366488512]}}, {"type": "Feature", "properties": {"name": "UHW Visitor Car Park (CP1)", "site_type": "car_park", "suitability": 0.8}, "geometry": {"type": "Point", "coordinates": [-3.192093682808267, 51.50810669229662]}}, {"type": "Feature", "properties": {"name": "UHW Staff Car Park", "site_type": "car_park", "suitability": 0.8}, "geometry": {"type": "Point", "coordinates": [-3.1856506296986864, 51.50543497032992]}}, {"type": "Feature", "properties": {"name": "", "site_type": "car_park", "suitability": 0.8}, "geometry": {"type": "Point", "coordinates": [-3.1788832948973242, 51.48776742116255]}}, {"type": "Feature", "properties": {"name": "", "site_type": "car_park", "suitability": 0.8}, "geometry": {"type": "Point", "coordinates": [-3.1384589765608135, 51.468528063737146]}}, {"type": "Feature", "properties": {"name": "", "site_type": "car_park", "suitability": 0.8}, "geometry": {"type": "Point", "coordinates": [-3.194440869891968, 51.52931722563944]}}, {"type": "Feature", "properties": {"name": "UHW Visitor Car Park (CP5)", "site_type": "car_park", "suitability": 0.8}, "geometry": {"type": "Point", "coordinates": [-3.192881835363947, 51.50700898377255]}}, {"type": "Feature", "properties": {"name": "", "site_type": "car_park", "suitability": 0.8}, "geometry": {"type": "Point", "coordinates": [-3.268069940236429, 51.539934293849576]}}, {"type": "Feature", "properties": {"name": "", "site_type": "car_park", "suitability": 0.8}, "geometry": {"type": "Point", "coordinates": [-3.268986355598573, 51.54070051035637]}}, {"type": "Feature", "properties": {"name": "", "site_type": "car_park", "suitability": 0.8}, "geometry": {"type": "Point", "coordinates": [-3.267854618731698, 51.540527439642496]}}, {"type": "Feature", "properties": {"name": "", "site_type": "car_park", "suitability": 0.8}, "geometry": {"type": "Point", "coordinates": [-3.1859989043457477, 51.527507490735545]}}, {"type": "Feature", "properties": {"name": "", "site_type": "car_park", "suitability": 0.8}, "geometry": {"type": "Point", "coordinates": [-3.2770841093049747, 51.54747127160763]}}, {"type": "Feature", "properties": {"name": "", "site_type": "car_park", "suitability": 0.8}, "geometry": {"type": "Point", "coordinates": [-3.267054705132052, 51.539211787586794]}}, {"type": "Feature", "properties": {"name": "", "site_type": "car_park", "suitability": 0.8}, "geometry": {"type": "Point", "coordinates": [-3.184768241782292, 51.50512554728725]}}, {"type": "Feature", "properties": {"name": "UHW Visitor Car Park (CP8)", "site_type": "car_park", "suitability": 0.8}, "geometry": {"type": "Point", "coordinates": [-3.1903428716508357, 51.50576181673657]}}, {"type": "Feature", "properties": {"name": "UHW Staff Car Park", "site_type": "car_park", "suitability": 0.8}, "geometry": {"type": "Point", "coordinates": [-3.192336447336026, 51.50630343237619]}}, {"type": "Feature", "properties": {"name": "", "site_type": "car_park", "suitability": 0.8}, "geometry": {"type": "Point", "coordinates": [-3.1970537453383128, 51.50615792486637]}}, {"type": "Feature", "properties": {"name": "", "site_type": "car_park", "suitability": 0.8}, "geometry": {"type": "Point", "coordinates": [-3.1968764800594824, 51.506858980732325]}}, {"type": "Feature", "properties": {"name": "", "site_type": "car_park", "suitability": 0.8}, "geometry": {"type": "Point", "coordinates": [-3.1954139925804204, 51.506738804772795]}}, {"type": "Feature", "properties": {"name": "", "site_type": "car_park", "suitability": 0.8}, "geometry": {"type": "Point", "coordinates": [-3.189856644057349, 51.50507216790884]}}, {"type": "Feature", "properties": {"name": "Alexander House Parking", "site_type": "car_park", "suitability": 0.8}, "geometry": {"type": "Point", "coordinates": [-3.206145477924484, 51.49972720867336]}}, {"type": "Feature", "properties": {"name": "", "site_type": "car_park", "suitability": 0.8}, "geometry": {"type": "Point", "coordinates": [-3.271642268914315, 51.54201440176843]}}, {"type": "Feature", "properties": {"name": "", "site_type": "car_park", "suitability": 0.8}, "geometry": {"type": "Point", "coordinates": [-3.1862897226075213, 51.50934330156519]}}, {"type": "Feature", "properties": {"name": "", "site_type": "car_park", "suitability": 0.8}, "geometry": {"type": "Point", "coordinates": [-3.1430347788298487, 51.49785159673678]}}, {"type": "Feature", "properties": {"name": "", "site_type": "car_park", "suitability": 0.8}, "geometry": {"type": "Point", "coordinates": [-3.143209722901069, 51.49607120398863]}}, {"type": "Feature", "properties": {"name": "", "site_type": "car_park", "suitability": 0.8}, "geometry": {"type": "Point", "coordinates": [-3.1441477565951965, 51.49480821564465]}}, {"type": "Feature", "properties": {"name": "", "site_type": "car_park", "suitability": 0.8}, "geometry": {"type": "Point", "coordinates": [-3.1424129629784514, 51.49726106281262]}}, {"type": "Feature", "properties": {"name": "", "site_type": "car_park", "suitability": 0.8}, "geometry": {"type": "Point", "coordinates": [-3.1862609779566817, 51.51170121457981]}}, {"type": "Feature", "properties": {"name": "", "site_type": "car_park", "suitability": 0.8}, "geometry": {"type": "Point", "coordinates": [-3.2502288969011466, 51.528014192728165]}}, {"type": "Feature", "properties": {"name": "", "site_type": "car_park", "suitability": 0.8}, "geometry": {"type": "Point", "coordinates": [-3.2411128964800424, 51.51680177918484]}}, {"type": "Feature", "properties": {"name": "", "site_type": "car_park", "suitability": 0.8}, "geometry": {"type": "Point", "coordinates": [-3.1666904962159905, 51.4838507446889]}}, {"type": "Feature", "properties": {"name": "", "site_type": "car_park", "suitability": 0.8}, "geometry": {"type": "Point", "coordinates": [-3.235476745528797, 51.498116869924225]}}, {"type": "Feature", "properties": {"name": "", "site_type": "car_park", "suitability": 0.8}, "geometry": {"type": "Point", "coordinates": [-3.2413482389718347, 51.48425207553388]}}, {"type": "Feature", "properties": {"name": "", "site_type": "car_park", "suitability": 0.8}, "geometry": {"type": "Point", "coordinates": [-3.116531903119599, 51.52338923696148]}}, {"type": "Feature", "properties": {"name": "Adam Street Car Park", "site_type": "car_park", "suitability": 0.8}, "geometry": {"type": "Point", "coordinates": [-3.168908668627103, 51.47838897972475]}}, {"type": "Feature", "properties": {"name": "", "site_type": "car_park", "suitability": 0.8}, "geometry": {"type": "Point", "coordinates": [-3.1010384368166637, 51.52366592788989]}}, {"type": "Feature", "properties": {"name": "", "site_type": "car_park", "suitability": 0.8}, "geometry": {"type": "Point", "coordinates": [-3.107176085259647, 51.530251900665625]}}, {"type": "Feature", "properties": {"name": "", "site_type": "car_park", "suitability": 0.8}, "geometry": {"type": "Point", "coordinates": [-3.1041540924505413, 51.53013389218713]}}, {"type": "Feature", "properties": {"name": "", "site_type": "car_park", "suitability": 0.8}, "geometry": {"type": "Point", "coordinates": [-3.1057147409035637, 51.52969715578428]}}, {"type": "Feature", "properties": {"name": "", "site_type": "car_park", "suitability": 0.8}, "geometry": {"type": "Point", "coordinates": [-3.246043717286193, 51.49357083281103]}}, {"type": "Feature", "properties": {"name": "", "site_type": "car_park", "suitability": 0.8}, "geometry": {"type": "Point", "coordinates": [-3.2468366317185318, 51.49410530315419]}}, {"type": "Feature", "properties": {"name": "", "site_type": "car_park", "suitability": 0.8}, "geometry": {"type": "Point", "coordinates": [-3.246857674405245, 51.494845941583336]}}, {"type": "Feature", "properties": {"name": "", "site_type": "car_park", "suitability": 0.8}, "geometry": {"type": "Point", "coordinates": [-3.187641598818528, 51.49115140102599]}}, {"type": "Feature", "properties": {"name": "Sceptre House", "site_type": "car_park", "suitability": 0.8}, "geometry": {"type": "Point", "coordinates": [-3.1983641899393276, 51.46857848532033]}}, {"type": "Feature", "properties": {"name": "", "site_type": "car_park", "suitability": 0.8}, "geometry": {"type": "Point", "coordinates": [-3.179756000342373, 51.44895050785113]}}, {"type": "Feature", "properties": {"name": "", "site_type": "car_park", "suitability": 0.8}, "geometry": {"type": "Point", "coordinates": [-3.1786629283107937, 51.448756747474135]}}, {"type": "Feature", "properties": {"name": "", "site_type": "car_park", "suitability": 0.8}, "geometry": {"type": "Point", "coordinates": [-3.1791670208367555, 51.44945695983453]}}, {"type": "Feature", "properties": {"name": "Pugh's Garden Centre Car Park", "site_type": "car_park", "suitability": 0.8}, "geometry": {"type": "Point", "coordinates": [-3.257802145130719, 51.53032876566549]}}, {"type": "Feature", "properties": {"name": "Village Hall Car Park", "site_type": "car_park", "suitability": 0.8}, "geometry": {"type": "Point", "coordinates": [-3.2601756483453617, 51.52762393517277]}}, {"type": "Feature", "properties": {"name": "", "site_type": "car_park", "suitability": 0.8}, "geometry": {"type": "Point", "coordinates": [-3.228924727051331, 51.50604708609298]}}, {"type": "Feature", "properties": {"name": "", "site_type": "car_park", "suitability": 0.8}, "geometry": {"type": "Point", "coordinates": [-3.2279794499999985, 51.50702825]}}, {"type": "Feature", "properties": {"name": "", "site_type": "car_park", "suitability": 0.8}, "geometry": {"type": "Point", "coordinates": [-3.180809127266501, 51.51948146532224]}}, {"type": "Feature", "properties": {"name": "", "site_type": "car_park", "suitability": 0.8}, "geometry": {"type": "Point", "coordinates": [-3.23025721381224, 51.50665008358459]}}, {"type": "Feature", "properties": {"name": "", "site_type": "car_park", "suitability": 0.8}, "geometry": {"type": "Point", "coordinates": [-3.0816686194484584, 51.53004913112352]}}, {"type": "Feature", "properties": {"name": "", "site_type": "car_park", "suitability": 0.8}, "geometry": {"type": "Point", "coordinates": [-3.167959277816917, 51.49156973968728]}}, {"type": "Feature", "properties": {"name": "", "site_type": "car_park", "suitability": 0.8}, "geometry": {"type": "Point", "coordinates": [-3.1292243875571097, 51.536655072631085]}}, {"type": "Feature", "properties": {"name": "", "site_type": "car_park", "suitability": 0.8}, "geometry": {"type": "Point", "coordinates": [-3.101396550000004, 51.507223200000006]}}, {"type": "Feature", "properties": {"name": "Parc Tredelerch Car Park", "site_type": "car_park", "suitability": 0.8}, "geometry": {"type": "Point", "coordinates": [-3.1262596456259417, 51.498885445235615]}}, {"type": "Feature", "properties": {"name": "", "site_type": "car_park", "suitability": 0.8}, "geometry": {"type": "Point", "coordinates": [-3.143879860167318, 51.48467607136756]}}, {"type": "Feature", "properties": {"name": "", "site_type": "car_park", "suitability": 0.8}, "geometry": {"type": "Point", "coordinates": [-3.1776263754168044, 51.49575152484281]}}, {"type": "Feature", "properties": {"name": "Heathwood Lane Short stay carpark", "site_type": "car_park", "suitability": 0.8}, "geometry": {"type": "Point", "coordinates": [-3.1870666276154638, 51.51364810768502]}}, {"type": "Feature", "properties": {"name": "Crwys Medical Centre Car Park", "site_type": "car_park", "suitability": 0.8}, "geometry": {"type": "Point", "coordinates": [-3.182174945281632, 51.50417395889868]}}, {"type": "Feature", "properties": {"name": "Radyr Station South Car Park", "site_type": "car_park", "suitability": 0.8}, "geometry": {"type": "Point", "coordinates": [-3.2471210313167007, 51.51513195679326]}}, {"type": "Feature", "properties": {"name": "", "site_type": "car_park", "suitability": 0.8}, "geometry": {"type": "Point", "coordinates": [-3.2180007748856014, 51.51581435912966]}}, {"type": "Feature", "properties": {"name": "", "site_type": "car_park", "suitability": 0.8}, "geometry": {"type": "Point", "coordinates": [-3.2581633927422313, 51.53224680450259]}}, {"type": "Feature", "properties": {"name": "", "site_type": "car_park", "suitability": 0.8}, "geometry": {"type": "Point", "coordinates": [-3.257907977524958, 51.531473085264885]}}, {"type": "Feature", "properties": {"name": "", "site_type": "car_park", "suitability": 0.8}, "geometry": {"type": "Point", "coordinates": [-3.2586790999999997, 51.53166165000001]}}, {"type": "Feature", "properties": {"name": "", "site_type": "car_park", "suitability": 0.8}, "geometry": {"type": "Point", "coordinates": [-3.1890619891816288, 51.464007747688306]}}, {"type": "Feature", "properties": {"name": "", "site_type": "car_park", "suitability": 0.8}, "geometry": {"type": "Point", "coordinates": [-3.196455800267691, 51.49743606985155]}}, {"type": "Feature", "properties": {"name": "", "site_type": "car_park", "suitability": 0.8}, "geometry": {"type": "Point", "coordinates": [-3.2113615257135306, 51.49594413608673]}}, {"type": "Feature", "properties": {"name": "", "site_type": "car_park", "suitability": 0.8}, "geometry": {"type": "Point", "coordinates": [-3.1767090595502756, 51.50275613747962]}}, {"type": "Feature", "properties": {"name": "", "site_type": "car_park", "suitability": 0.8}, "geometry": {"type": "Point", "coordinates": [-3.1453907661906326, 51.49392942959879]}}, {"type": "Feature", "properties": {"name": "", "site_type": "car_park", "suitability": 0.8}, "geometry": {"type": "Point", "coordinates": [-3.293045968275919, 51.53072530174151]}}, {"type": "Feature", "properties": {"name": "", "site_type": "car_park", "suitability": 0.8}, "geometry": {"type": "Point", "coordinates": [-3.165375356314964, 51.51140523452568]}}, {"type": "Feature", "properties": {"name": "", "site_type": "car_park", "suitability": 0.8}, "geometry": {"type": "Point", "coordinates": [-3.1800741545160087, 51.48971454076056]}}, {"type": "Feature", "properties": {"name": "", "site_type": "car_park", "suitability": 0.8}, "geometry": {"type": "Point", "coordinates": [-3.1747235836328165, 51.497888332889]}}, {"type": "Feature", "properties": {"name": "", "site_type": "car_park", "suitability": 0.8}, "geometry": {"type": "Point", "coordinates": [-3.1751843444093346, 51.498479272240324]}}, {"type": "Feature", "properties": {"name": "", "site_type": "car_park", "suitability": 0.8}, "geometry": {"type": "Point", "coordinates": [-3.1460177333512918, 51.495824845791276]}}, {"type": "Feature", "properties": {"name": "", "site_type": "car_park", "suitability": 0.8}, "geometry": {"type": "Point", "coordinates": [-3.1434146378480814, 51.496797875405115]}}, {"type": "Feature", "properties": {"name": "", "site_type": "car_park", "suitability": 0.8}, "geometry": {"type": "Point", "coordinates": [-3.144641804686198, 51.49420389079058]}}, {"type": "Feature", "properties": {"name": "", "site_type": "car_park", "suitability": 0.8}, "geometry": {"type": "Point", "coordinates": [-3.1402344918067415, 51.49823487608457]}}, {"type": "Feature", "properties": {"name": "", "site_type": "car_park", "suitability": 0.8}, "geometry": {"type": "Point", "coordinates": [-3.141240059036636, 51.497376221176054]}}, {"type": "Feature", "properties": {"name": "", "site_type": "car_park", "suitability": 0.8}, "geometry": {"type": "Point", "coordinates": [-3.1409500498327954, 51.49795896640788]}}, {"type": "Feature", "properties": {"name": "Go Outdoors Customer Car Park", "site_type": "car_park", "suitability": 0.8}, "geometry": {"type": "Point", "coordinates": [-3.1399301930516854, 51.49693357699932]}}, {"type": "Feature", "properties": {"name": "", "site_type": "car_park", "suitability": 0.8}, "geometry": {"type": "Point", "coordinates": [-3.1412193007495337, 51.49687175106905]}}, {"type": "Feature", "properties": {"name": "", "site_type": "car_park", "suitability": 0.8}, "geometry": {"type": "Point", "coordinates": [-3.141270110893799, 51.49582582707431]}}, {"type": "Feature", "properties": {"name": "", "site_type": "car_park", "suitability": 0.8}, "geometry": {"type": "Point", "coordinates": [-3.140678598127569, 51.496119859601684]}}, {"type": "Feature", "properties": {"name": "", "site_type": "car_park", "suitability": 0.8}, "geometry": {"type": "Point", "coordinates": [-3.1425797432362814, 51.49833981428222]}}, {"type": "Feature", "properties": {"name": "", "site_type": "car_park", "suitability": 0.8}, "geometry": {"type": "Point", "coordinates": [-3.143668545612156, 51.495322513904]}}, {"type": "Feature", "properties": {"name": "", "site_type": "car_park", "suitability": 0.8}, "geometry": {"type": "Point", "coordinates": [-3.1783021678249375, 51.48476482051054]}}, {"type": "Feature", "properties": {"name": "2 Kingsway Car Park", "site_type": "car_park", "suitability": 0.8}, "geometry": {"type": "Point", "coordinates": [-3.178689996114807, 51.482437403632645]}}, {"type": "Feature", "properties": {"name": "", "site_type": "car_park", "suitability": 0.8}, "geometry": {"type": "Point", "coordinates": [-3.164882655731704, 51.48851223262787]}}, {"type": "Feature", "properties": {"name": "", "site_type": "car_park", "suitability": 0.8}, "geometry": {"type": "Point", "coordinates": [-3.1657171896961804, 51.48861233065306]}}, {"type": "Feature", "properties": {"name": "Porth Teigr Car Park", "site_type": "car_park", "suitability": 0.8}, "geometry": {"type": "Point", "coordinates": [-3.1602234682837307, 51.461312660280846]}}, {"type": "Feature", "properties": {"name": "", "site_type": "car_park", "suitability": 0.8}, "geometry": {"type": "Point", "coordinates": [-3.1625334751420016, 51.464863019819425]}}, {"type": "Feature", "properties": {"name": "", "site_type": "car_park", "suitability": 0.8}, "geometry": {"type": "Point", "coordinates": [-3.173353729254418, 51.47785918861827]}}, {"type": "Feature", "properties": {"name": "Angel Hotel Car Park", "site_type": "car_park", "suitability": 0.8}, "geometry": {"type": "Point", "coordinates": [-3.182143504783301, 51.48062092328236]}}, {"type": "Feature", "properties": {"name": "", "site_type": "car_park", "suitability": 0.8}, "geometry": {"type": "Point", "coordinates": [-3.144732611344213, 51.502555332649834]}}, {"type": "Feature", "properties": {"name": "", "site_type": "car_park", "suitability": 0.8}, "geometry": {"type": "Point", "coordinates": [-3.2003833436242575, 51.47544685818033]}}, {"type": "Feature", "properties": {"name": "", "site_type": "car_park", "suitability": 0.8}, "geometry": {"type": "Point", "coordinates": [-3.1995727011228627, 51.4754718503218]}}, {"type": "Feature", "properties": {"name": "", "site_type": "car_park", "suitability": 0.8}, "geometry": {"type": "Point", "coordinates": [-3.2010751010578846, 51.47513147280331]}}, {"type": "Feature", "properties": {"name": "", "site_type": "car_park", "suitability": 0.8}, "geometry": {"type": "Point", "coordinates": [-3.2002310130799105, 51.47497104146211]}}, {"type": "Feature", "properties": {"name": "", "site_type": "car_park", "suitability": 0.8}, "geometry": {"type": "Point", "coordinates": [-3.200285591607106, 51.47415185261921]}}, {"type": "Feature", "properties": {"name": "", "site_type": "car_park", "suitability": 0.8}, "geometry": {"type": "Point", "coordinates": [-3.198828464990968, 51.47422868262737]}}, {"type": "Feature", "properties": {"name": "", "site_type": "car_park", "suitability": 0.8}, "geometry": {"type": "Point", "coordinates": [-3.199608637589558, 51.4743828729671]}}, {"type": "Feature", "properties": {"name": "", "site_type": "car_park", "suitability": 0.8}, "geometry": {"type": "Point", "coordinates": [-3.1986922953566506, 51.474976949554815]}}, {"type": "Feature", "properties": {"name": "", "site_type": "car_park", "suitability": 0.8}, "geometry": {"type": "Point", "coordinates": [-3.170931039725434, 51.47706033734418]}}, {"type": "Feature", "properties": {"name": "", "site_type": "car_park", "suitability": 0.8}, "geometry": {"type": "Point", "coordinates": [-3.170137031312368, 51.47725554984904]}}, {"type": "Feature", "properties": {"name": "", "site_type": "car_park", "suitability": 0.8}, "geometry": {"type": "Point", "coordinates": [-3.1865735620898823, 51.45692605176109]}}, {"type": "Feature", "properties": {"name": "", "site_type": "car_park", "suitability": 0.8}, "geometry": {"type": "Point", "coordinates": [-3.1864593046135368, 51.457474591322786]}}, {"type": "Feature", "properties": {"name": "", "site_type": "car_park", "suitability": 0.8}, "geometry": {"type": "Point", "coordinates": [-3.1870544868170025, 51.458960073194135]}}, {"type": "Feature", "properties": {"name": "", "site_type": "car_park", "suitability": 0.8}, "geometry": {"type": "Point", "coordinates": [-3.1928566743967264, 51.50325446428109]}}, {"type": "Feature", "properties": {"name": "", "site_type": "car_park", "suitability": 0.8}, "geometry": {"type": "Point", "coordinates": [-3.178563455013611, 51.45366933977503]}}, {"type": "Feature", "properties": {"name": "", "site_type": "car_park", "suitability": 0.8}, "geometry": {"type": "Point", "coordinates": [-3.185601453696446, 51.449555889441136]}}, {"type": "Feature", "properties": {"name": "", "site_type": "car_park", "suitability": 0.8}, "geometry": {"type": "Point", "coordinates": [-3.2028756305164006, 51.47669143116125]}}, {"type": "Feature", "properties": {"name": "", "site_type": "car_park", "suitability": 0.8}, "geometry": {"type": "Point", "coordinates": [-3.201064051520433, 51.47804265470306]}}, {"type": "Feature", "properties": {"name": "", "site_type": "car_park", "suitability": 0.8}, "geometry": {"type": "Point", "coordinates": [-3.1812670086948756, 51.45261510743439]}}, {"type": "Feature", "properties": {"name": "", "site_type": "car_park", "suitability": 0.8}, "geometry": {"type": "Point", "coordinates": [-3.2136526375422587, 51.478976136134605]}}, {"type": "Feature", "properties": {"name": "", "site_type": "car_park", "suitability": 0.8}, "geometry": {"type": "Point", "coordinates": [-3.2126021972418655, 51.47926534169065]}}, {"type": "Feature", "properties": {"name": "", "site_type": "car_park", "suitability": 0.8}, "geometry": {"type": "Point", "coordinates": [-3.18569386158979, 51.44841834220678]}}, {"type": "Feature", "properties": {"name": "", "site_type": "car_park", "suitability": 0.8}, "geometry": {"type": "Point", "coordinates": [-3.188347758157347, 51.45196879321056]}}, {"type": "Feature", "properties": {"name": "", "site_type": "car_park", "suitability": 0.8}, "geometry": {"type": "Point", "coordinates": [-3.187642339695323, 51.45162706141363]}}, {"type": "Feature", "properties": {"name": "", "site_type": "car_park", "suitability": 0.8}, "geometry": {"type": "Point", "coordinates": [-3.1876256621934984, 51.45224968561244]}}, {"type": "Feature", "properties": {"name": "", "site_type": "car_park", "suitability": 0.8}, "geometry": {"type": "Point", "coordinates": [-3.1892273301212044, 51.4530597937529]}}, {"type": "Feature", "properties": {"name": "", "site_type": "car_park", "suitability": 0.8}, "geometry": {"type": "Point", "coordinates": [-3.189852632010364, 51.46270546944718]}}, {"type": "Feature", "properties": {"name": "", "site_type": "car_park", "suitability": 0.8}, "geometry": {"type": "Point", "coordinates": [-3.188903586262218, 51.462742266346865]}}, {"type": "Feature", "properties": {"name": "", "site_type": "car_park", "suitability": 0.8}, "geometry": {"type": "Point", "coordinates": [-3.190239913983895, 51.46808670321091]}}, {"type": "Feature", "properties": {"name": "", "site_type": "car_park", "suitability": 0.8}, "geometry": {"type": "Point", "coordinates": [-3.1902150693084095, 51.46751462552265]}}, {"type": "Feature", "properties": {"name": "", "site_type": "car_park", "suitability": 0.8}, "geometry": {"type": "Point", "coordinates": [-3.1910823442828598, 51.46752484002675]}}, {"type": "Feature", "properties": {"name": "", "site_type": "car_park", "suitability": 0.8}, "geometry": {"type": "Point", "coordinates": [-3.1915898118622477, 51.467135945704584]}}, {"type": "Feature", "properties": {"name": "", "site_type": "car_park", "suitability": 0.8}, "geometry": {"type": "Point", "coordinates": [-3.192495101742357, 51.46805661549727]}}, {"type": "Feature", "properties": {"name": "", "site_type": "car_park", "suitability": 0.8}, "geometry": {"type": "Point", "coordinates": [-3.19245767740237, 51.467599334834674]}}, {"type": "Feature", "properties": {"name": "", "site_type": "car_park", "suitability": 0.8}, "geometry": {"type": "Point", "coordinates": [-3.186642953863734, 51.452772488277304]}}, {"type": "Feature", "properties": {"name": "", "site_type": "car_park", "suitability": 0.8}, "geometry": {"type": "Point", "coordinates": [-3.182316747913883, 51.45560044814036]}}, {"type": "Feature", "properties": {"name": "", "site_type": "car_park", "suitability": 0.8}, "geometry": {"type": "Point", "coordinates": [-3.183211199087484, 51.45622807600096]}}, {"type": "Feature", "properties": {"name": "", "site_type": "car_park", "suitability": 0.8}, "geometry": {"type": "Point", "coordinates": [-3.1829443246764413, 51.45674905491726]}}, {"type": "Feature", "properties": {"name": "", "site_type": "car_park", "suitability": 0.8}, "geometry": {"type": "Point", "coordinates": [-3.181822616831726, 51.45493818158414]}}, {"type": "Feature", "properties": {"name": "", "site_type": "car_park", "suitability": 0.8}, "geometry": {"type": "Point", "coordinates": [-3.1821404338534625, 51.48587298931278]}}, {"type": "Feature", "properties": {"name": "", "site_type": "car_park", "suitability": 0.8}, "geometry": {"type": "Point", "coordinates": [-3.1836116895191995, 51.4872401966701]}}, {"type": "Feature", "properties": {"name": "", "site_type": "car_park", "suitability": 0.8}, "geometry": {"type": "Point", "coordinates": [-3.183008179715962, 51.48954285502423]}}, {"type": "Feature", "properties": {"name": "", "site_type": "car_park", "suitability": 0.8}, "geometry": {"type": "Point", "coordinates": [-3.184569625258903, 51.48820709883214]}}, {"type": "Feature", "properties": {"name": "RWCMD Car Park", "site_type": "car_park", "suitability": 0.8}, "geometry": {"type": "Point", "coordinates": [-3.1830073750322976, 51.48547557788758]}}, {"type": "Feature", "properties": {"name": "", "site_type": "car_park", "suitability": 0.8}, "geometry": {"type": "Point", "coordinates": [-3.182424209965458, 51.481488103373934]}}, {"type": "Feature", "properties": {"name": "", "site_type": "car_park", "suitability": 0.8}, "geometry": {"type": "Point", "coordinates": [-3.181333555355519, 51.48501924313725]}}, {"type": "Feature", "properties": {"name": "", "site_type": "car_park", "suitability": 0.8}, "geometry": {"type": "Point", "coordinates": [-3.180703395701381, 51.48438498962298]}}, {"type": "Feature", "properties": {"name": "", "site_type": "car_park", "suitability": 0.8}, "geometry": {"type": "Point", "coordinates": [-3.1791457034253545, 51.48535157279806]}}, {"type": "Feature", "properties": {"name": "", "site_type": "car_park", "suitability": 0.8}, "geometry": {"type": "Point", "coordinates": [-3.176439056865416, 51.487289429455025]}}, {"type": "Feature", "properties": {"name": "", "site_type": "car_park", "suitability": 0.8}, "geometry": {"type": "Point", "coordinates": [-3.175717910712525, 51.48697344627355]}}, {"type": "Feature", "properties": {"name": "", "site_type": "car_park", "suitability": 0.8}, "geometry": {"type": "Point", "coordinates": [-3.1763407236106027, 51.486673766335905]}}, {"type": "Feature", "properties": {"name": "", "site_type": "car_park", "suitability": 0.8}, "geometry": {"type": "Point", "coordinates": [-3.175296022356404, 51.48635332144665]}}, {"type": "Feature", "properties": {"name": "", "site_type": "car_park", "suitability": 0.8}, "geometry": {"type": "Point", "coordinates": [-3.1759560745059687, 51.48615810375932]}}, {"type": "Feature", "properties": {"name": "", "site_type": "car_park", "suitability": 0.8}, "geometry": {"type": "Point", "coordinates": [-3.2105214190779696, 51.47533484792146]}}, {"type": "Feature", "properties": {"name": "", "site_type": "car_park", "suitability": 0.8}, "geometry": {"type": "Point", "coordinates": [-3.198260203181453, 51.457116093681805]}}, {"type": "Feature", "properties": {"name": "", "site_type": "car_park", "suitability": 0.8}, "geometry": {"type": "Point", "coordinates": [-3.197859874261299, 51.45793428673811]}}, {"type": "Feature", "properties": {"name": "", "site_type": "car_park", "suitability": 0.8}, "geometry": {"type": "Point", "coordinates": [-3.2038384222173444, 51.48345355578194]}}, {"type": "Feature", "properties": {"name": "", "site_type": "car_park", "suitability": 0.8}, "geometry": {"type": "Point", "coordinates": [-3.218771846153373, 51.48027400586959]}}, {"type": "Feature", "properties": {"name": "", "site_type": "car_park", "suitability": 0.8}, "geometry": {"type": "Point", "coordinates": [-3.2180489115240696, 51.480092783298055]}}, {"type": "Feature", "properties": {"name": "", "site_type": "car_park", "suitability": 0.8}, "geometry": {"type": "Point", "coordinates": [-3.2196774037427565, 51.48127519068692]}}, {"type": "Feature", "properties": {"name": "", "site_type": "car_park", "suitability": 0.8}, "geometry": {"type": "Point", "coordinates": [-3.256346228412284, 51.471803670031676]}}, {"type": "Feature", "properties": {"name": "", "site_type": "car_park", "suitability": 0.8}, "geometry": {"type": "Point", "coordinates": [-3.233598537122245, 51.475754437687435]}}, {"type": "Feature", "properties": {"name": "", "site_type": "car_park", "suitability": 0.8}, "geometry": {"type": "Point", "coordinates": [-3.27036747416181, 51.47254939147238]}}, {"type": "Feature", "properties": {"name": "", "site_type": "car_park", "suitability": 0.8}, "geometry": {"type": "Point", "coordinates": [-3.3288921500000006, 51.52519345]}}, {"type": "Feature", "properties": {"name": "", "site_type": "car_park", "suitability": 0.8}, "geometry": {"type": "Point", "coordinates": [-3.2415602465792364, 51.504201345598496]}}, {"type": "Feature", "properties": {"name": "", "site_type": "car_park", "suitability": 0.8}, "geometry": {"type": "Point", "coordinates": [-3.2236770873880607, 51.48399208345372]}}, {"type": "Feature", "properties": {"name": "", "site_type": "car_park", "suitability": 0.8}, "geometry": {"type": "Point", "coordinates": [-3.210553101337469, 51.482373411276754]}}, {"type": "Feature", "properties": {"name": "", "site_type": "car_park", "suitability": 0.8}, "geometry": {"type": "Point", "coordinates": [-3.191376783714264, 51.520026089976874]}}, {"type": "Feature", "properties": {"name": "", "site_type": "car_park", "suitability": 0.8}, "geometry": {"type": "Point", "coordinates": [-3.1787985891203396, 51.55095223364606]}}, {"type": "Feature", "properties": {"name": "", "site_type": "car_park", "suitability": 0.8}, "geometry": {"type": "Point", "coordinates": [-3.1313806949261247, 51.50953577351353]}}, {"type": "Feature", "properties": {"name": "", "site_type": "car_park", "suitability": 0.8}, "geometry": {"type": "Point", "coordinates": [-3.196712730668682, 51.5011230678186]}}, {"type": "Feature", "properties": {"name": "", "site_type": "car_park", "suitability": 0.8}, "geometry": {"type": "Point", "coordinates": [-3.1929109550483, 51.497551401143]}}, {"type": "Feature", "properties": {"name": "Pay & Display", "site_type": "car_park", "suitability": 0.8}, "geometry": {"type": "Point", "coordinates": [-3.2124930894137647, 51.49501083846059]}}, {"type": "Feature", "properties": {"name": "", "site_type": "car_park", "suitability": 0.8}, "geometry": {"type": "Point", "coordinates": [-3.211195110082418, 51.49439268920982]}}, {"type": "Feature", "properties": {"name": "Clinic Car Park", "site_type": "car_park", "suitability": 0.8}, "geometry": {"type": "Point", "coordinates": [-3.2125222592212634, 51.495747810042225]}}, {"type": "Feature", "properties": {"name": "", "site_type": "car_park", "suitability": 0.8}, "geometry": {"type": "Point", "coordinates": [-3.2148827893580347, 51.49625813838833]}}, {"type": "Feature", "properties": {"name": "", "site_type": "car_park", "suitability": 0.8}, "geometry": {"type": "Point", "coordinates": [-3.104638878749632, 51.51471594803674]}}, {"type": "Feature", "properties": {"name": "", "site_type": "car_park", "suitability": 0.8}, "geometry": {"type": "Point", "coordinates": [-3.1039240103345804, 51.51439874192767]}}, {"type": "Feature", "properties": {"name": "", "site_type": "car_park", "suitability": 0.8}, "geometry": {"type": "Point", "coordinates": [-3.1158306134384137, 51.511519134074604]}}, {"type": "Feature", "properties": {"name": "", "site_type": "car_park", "suitability": 0.8}, "geometry": {"type": "Point", "coordinates": [-3.168369558670891, 51.47745077360276]}}, {"type": "Feature", "properties": {"name": "", "site_type": "car_park", "suitability": 0.8}, "geometry": {"type": "Point", "coordinates": [-3.1683584408191643, 51.4769302388754]}}, {"type": "Feature", "properties": {"name": "", "site_type": "car_park", "suitability": 0.8}, "geometry": {"type": "Point", "coordinates": [-3.1790237286580765, 51.47804665433592]}}, {"type": "Feature", "properties": {"name": "", "site_type": "car_park", "suitability": 0.8}, "geometry": {"type": "Point", "coordinates": [-3.2994573237127964, 51.52622967814717]}}, {"type": "Feature", "properties": {"name": "", "site_type": "car_park", "suitability": 0.8}, "geometry": {"type": "Point", "coordinates": [-3.297181289138318, 51.530976217884536]}}, {"type": "Feature", "properties": {"name": "", "site_type": "car_park", "suitability": 0.8}, "geometry": {"type": "Point", "coordinates": [-3.2921625702881805, 51.52824469181022]}}, {"type": "Feature", "properties": {"name": "", "site_type": "car_park", "suitability": 0.8}, "geometry": {"type": "Point", "coordinates": [-3.3004314515873783, 51.53099186237687]}}, {"type": "Feature", "properties": {"name": "", "site_type": "car_park", "suitability": 0.8}, "geometry": {"type": "Point", "coordinates": [-3.2148615930271336, 51.47556866823776]}}, {"type": "Feature", "properties": {"name": "", "site_type": "car_park", "suitability": 0.8}, "geometry": {"type": "Point", "coordinates": [-3.2237068500000006, 51.481273900000005]}}, {"type": "Feature", "properties": {"name": "", "site_type": "car_park", "suitability": 0.8}, "geometry": {"type": "Point", "coordinates": [-3.320287460324809, 51.524367484353235]}}, {"type": "Feature", "properties": {"name": "", "site_type": "car_park", "suitability": 0.8}, "geometry": {"type": "Point", "coordinates": [-3.320240924338635, 51.525796180756096]}}, {"type": "Feature", "properties": {"name": "", "site_type": "car_park", "suitability": 0.8}, "geometry": {"type": "Point", "coordinates": [-3.320799564199854, 51.52646755165541]}}, {"type": "Feature", "properties": {"name": "", "site_type": "car_park", "suitability": 0.8}, "geometry": {"type": "Point", "coordinates": [-3.2030903574564364, 51.48427052865613]}}, {"type": "Feature", "properties": {"name": "", "site_type": "car_park", "suitability": 0.8}, "geometry": {"type": "Point", "coordinates": [-3.203452128192773, 51.484938348383544]}}, {"type": "Feature", "properties": {"name": "", "site_type": "car_park", "suitability": 0.8}, "geometry": {"type": "Point", "coordinates": [-3.2571199646403604, 51.51900348698367]}}, {"type": "Feature", "properties": {"name": "", "site_type": "car_park", "suitability": 0.8}, "geometry": {"type": "Point", "coordinates": [-3.2369788553827106, 51.52124919660799]}}, {"type": "Feature", "properties": {"name": "Bridge House Car Park", "site_type": "car_park", "suitability": 0.8}, "geometry": {"type": "Point", "coordinates": [-3.1822355126018333, 51.533647217249666]}}, {"type": "Feature", "properties": {"name": "", "site_type": "car_park", "suitability": 0.8}, "geometry": {"type": "Point", "coordinates": [-3.1653906413106574, 51.48410458970543]}}, {"type": "Feature", "properties": {"name": "", "site_type": "car_park", "suitability": 0.8}, "geometry": {"type": "Point", "coordinates": [-3.1655898333415964, 51.48453700946762]}}, {"type": "Feature", "properties": {"name": "", "site_type": "car_park", "suitability": 0.8}, "geometry": {"type": "Point", "coordinates": [-3.166210428183419, 51.484296802089254]}}, {"type": "Feature", "properties": {"name": "", "site_type": "car_park", "suitability": 0.8}, "geometry": {"type": "Point", "coordinates": [-3.223830155310104, 51.54572372578262]}}, {"type": "Feature", "properties": {"name": "", "site_type": "car_park", "suitability": 0.8}, "geometry": {"type": "Point", "coordinates": [-3.2314956641803856, 51.51846941565987]}}, {"type": "Feature", "properties": {"name": "", "site_type": "car_park", "suitability": 0.8}, "geometry": {"type": "Point", "coordinates": [-3.140859580014758, 51.53139748436521]}}, {"type": "Feature", "properties": {"name": "", "site_type": "car_park", "suitability": 0.8}, "geometry": {"type": "Point", "coordinates": [-3.23380501860973, 51.478605315233914]}}, {"type": "Feature", "properties": {"name": "", "site_type": "car_park", "suitability": 0.8}, "geometry": {"type": "Point", "coordinates": [-3.1595390512507873, 51.48312898723607]}}, {"type": "Feature", "properties": {"name": "", "site_type": "car_park", "suitability": 0.8}, "geometry": {"type": "Point", "coordinates": [-3.168978403173507, 51.486208129039674]}}, {"type": "Feature", "properties": {"name": "", "site_type": "car_park", "suitability": 0.8}, "geometry": {"type": "Point", "coordinates": [-3.15039117099281, 51.49962114150209]}}, {"type": "Feature", "properties": {"name": "", "site_type": "car_park", "suitability": 0.8}, "geometry": {"type": "Point", "coordinates": [-3.2211734570111674, 51.48014851806578]}}, {"type": "Feature", "properties": {"name": "", "site_type": "car_park", "suitability": 0.8}, "geometry": {"type": "Point", "coordinates": [-3.2201928575412335, 51.480501017721664]}}, {"type": "Feature", "properties": {"name": "", "site_type": "car_park", "suitability": 0.8}, "geometry": {"type": "Point", "coordinates": [-3.197759022605362, 51.471343323079445]}}, {"type": "Feature", "properties": {"name": "", "site_type": "car_park", "suitability": 0.8}, "geometry": {"type": "Point", "coordinates": [-3.1997648504490406, 51.47270276726039]}}, {"type": "Feature", "properties": {"name": "", "site_type": "car_park", "suitability": 0.8}, "geometry": {"type": "Point", "coordinates": [-3.218194836335416, 51.499736887722875]}}, {"type": "Feature", "properties": {"name": "", "site_type": "car_park", "suitability": 0.8}, "geometry": {"type": "Point", "coordinates": [-3.2075986536395993, 51.482717058734735]}}, {"type": "Feature", "properties": {"name": "", "site_type": "car_park", "suitability": 0.8}, "geometry": {"type": "Point", "coordinates": [-3.1428798136808926, 51.499795278272046]}}, {"type": "Feature", "properties": {"name": "", "site_type": "car_park", "suitability": 0.8}, "geometry": {"type": "Point", "coordinates": [-3.162196774209222, 51.493937809002]}}, {"type": "Feature", "properties": {"name": "", "site_type": "car_park", "suitability": 0.8}, "geometry": {"type": "Point", "coordinates": [-3.161923594433046, 51.49502637181914]}}, {"type": "Feature", "properties": {"name": "", "site_type": "car_park", "suitability": 0.8}, "geometry": {"type": "Point", "coordinates": [-3.1352210939618796, 51.507049726070555]}}, {"type": "Feature", "properties": {"name": "", "site_type": "car_park", "suitability": 0.8}, "geometry": {"type": "Point", "coordinates": [-3.153276684294733, 51.48343597971748]}}, {"type": "Feature", "properties": {"name": "", "site_type": "car_park", "suitability": 0.8}, "geometry": {"type": "Point", "coordinates": [-3.160078132380152, 51.479979987800206]}}, {"type": "Feature", "properties": {"name": "", "site_type": "car_park", "suitability": 0.8}, "geometry": {"type": "Point", "coordinates": [-3.1392614392989535, 51.49851449208874]}}, {"type": "Feature", "properties": {"name": "Vaughans Customer Car Park", "site_type": "car_park", "suitability": 0.8}, "geometry": {"type": "Point", "coordinates": [-3.139974862817431, 51.49873810018215]}}, {"type": "Feature", "properties": {"name": "", "site_type": "car_park", "suitability": 0.8}, "geometry": {"type": "Point", "coordinates": [-3.124252744942589, 51.49678021642162]}}, {"type": "Feature", "properties": {"name": "", "site_type": "car_park", "suitability": 0.8}, "geometry": {"type": "Point", "coordinates": [-3.1317810660744665, 51.49052164708248]}}, {"type": "Feature", "properties": {"name": "", "site_type": "car_park", "suitability": 0.8}, "geometry": {"type": "Point", "coordinates": [-3.136080442170697, 51.4922820728961]}}, {"type": "Feature", "properties": {"name": "", "site_type": "car_park", "suitability": 0.8}, "geometry": {"type": "Point", "coordinates": [-3.1670079164010954, 51.47642700965984]}}, {"type": "Feature", "properties": {"name": "Novotel Customer Car Park", "site_type": "car_park", "suitability": 0.8}, "geometry": {"type": "Point", "coordinates": [-3.1681146472574726, 51.47609767386424]}}, {"type": "Feature", "properties": {"name": "Ibis Customer Car Park", "site_type": "car_park", "suitability": 0.8}, "geometry": {"type": "Point", "coordinates": [-3.1690668409433815, 51.475970963473834]}}, {"type": "Feature", "properties": {"name": "", "site_type": "car_park", "suitability": 0.8}, "geometry": {"type": "Point", "coordinates": [-3.140393017334632, 51.53695711664462]}}, {"type": "Feature", "properties": {"name": "HMP Cardiff Rear Car Park", "site_type": "car_park", "suitability": 0.8}, "geometry": {"type": "Point", "coordinates": [-3.1695339121387187, 51.48138025558109]}}, {"type": "Feature", "properties": {"name": "", "site_type": "car_park", "suitability": 0.8}, "geometry": {"type": "Point", "coordinates": [-3.1658298065140764, 51.47478624900778]}}, {"type": "Feature", "properties": {"name": "", "site_type": "car_park", "suitability": 0.8}, "geometry": {"type": "Point", "coordinates": [-3.1661635990451913, 51.471996578001665]}}, {"type": "Feature", "properties": {"name": "", "site_type": "car_park", "suitability": 0.8}, "geometry": {"type": "Point", "coordinates": [-3.1670404142737296, 51.47206748786064]}}, {"type": "Feature", "properties": {"name": "", "site_type": "car_park", "suitability": 0.8}, "geometry": {"type": "Point", "coordinates": [-3.1665400747042334, 51.472499328086734]}}, {"type": "Feature", "properties": {"name": "", "site_type": "car_park", "suitability": 0.8}, "geometry": {"type": "Point", "coordinates": [-3.165731014167445, 51.47146978375679]}}, {"type": "Feature", "properties": {"name": "", "site_type": "car_park", "suitability": 0.8}, "geometry": {"type": "Point", "coordinates": [-3.1665596912659293, 51.471219490118045]}}, {"type": "Feature", "properties": {"name": "", "site_type": "car_park", "suitability": 0.8}, "geometry": {"type": "Point", "coordinates": [-3.1652166423752006, 51.47058714248825]}}, {"type": "Feature", "properties": {"name": "", "site_type": "car_park", "suitability": 0.8}, "geometry": {"type": "Point", "coordinates": [-3.165913775353401, 51.470384354973774]}}, {"type": "Feature", "properties": {"name": "", "site_type": "car_park", "suitability": 0.8}, "geometry": {"type": "Point", "coordinates": [-3.165434789663607, 51.46975959507122]}}, {"type": "Feature", "properties": {"name": "", "site_type": "car_park", "suitability": 0.8}, "geometry": {"type": "Point", "coordinates": [-3.1693386346412686, 51.4728906021574]}}, {"type": "Feature", "properties": {"name": "", "site_type": "car_park", "suitability": 0.8}, "geometry": {"type": "Point", "coordinates": [-3.1705110520588935, 51.474412349891345]}}, {"type": "Feature", "properties": {"name": "", "site_type": "car_park", "suitability": 0.8}, "geometry": {"type": "Point", "coordinates": [-3.1681604078488843, 51.47146298434095]}}, {"type": "Feature", "properties": {"name": "", "site_type": "car_park", "suitability": 0.8}, "geometry": {"type": "Point", "coordinates": [-3.165690470757368, 51.468199623973774]}}, {"type": "Feature", "properties": {"name": "", "site_type": "car_park", "suitability": 0.8}, "geometry": {"type": "Point", "coordinates": [-3.1775092804227762, 51.47405004707668]}}, {"type": "Feature", "properties": {"name": "", "site_type": "car_park", "suitability": 0.8}, "geometry": {"type": "Point", "coordinates": [-3.1700675933765408, 51.475752237976835]}}, {"type": "Feature", "properties": {"name": "Haywood House Parking", "site_type": "car_park", "suitability": 0.8}, "geometry": {"type": "Point", "coordinates": [-3.172585800414062, 51.484136622185595]}}, {"type": "Feature", "properties": {"name": "", "site_type": "car_park", "suitability": 0.8}, "geometry": {"type": "Point", "coordinates": [-3.1743261788392942, 51.48417357401266]}}, {"type": "Feature", "properties": {"name": "", "site_type": "car_park", "suitability": 0.8}, "geometry": {"type": "Point", "coordinates": [-3.1728823925305676, 51.48519911465833]}}, {"type": "Feature", "properties": {"name": "", "site_type": "car_park", "suitability": 0.8}, "geometry": {"type": "Point", "coordinates": [-3.1716882783954534, 51.485323901580486]}}, {"type": "Feature", "properties": {"name": "", "site_type": "car_park", "suitability": 0.8}, "geometry": {"type": "Point", "coordinates": [-3.17209823144444, 51.486542795537986]}}, {"type": "Feature", "properties": {"name": "", "site_type": "car_park", "suitability": 0.8}, "geometry": {"type": "Point", "coordinates": [-3.1724956624427483, 51.48781896841077]}}, {"type": "Feature", "properties": {"name": "", "site_type": "car_park", "suitability": 0.8}, "geometry": {"type": "Point", "coordinates": [-3.158891173557893, 51.46119175902063]}}, {"type": "Feature", "properties": {"name": "Fforest Fawr", "site_type": "car_park", "suitability": 0.8}, "geometry": {"type": "Point", "coordinates": [-3.239174839661869, 51.54717981537644]}}, {"type": "Feature", "properties": {"name": "", "site_type": "car_park", "suitability": 0.8}, "geometry": {"type": "Point", "coordinates": [-3.179548164114773, 51.462965599514554]}}, {"type": "Feature", "properties": {"name": "", "site_type": "car_park", "suitability": 0.8}, "geometry": {"type": "Point", "coordinates": [-3.179127234242152, 51.46341791533299]}}, {"type": "Feature", "properties": {"name": "", "site_type": "car_park", "suitability": 0.8}, "geometry": {"type": "Point", "coordinates": [-3.176101962469945, 51.51737034637076]}}, {"type": "Feature", "properties": {"name": "", "site_type": "car_park", "suitability": 0.8}, "geometry": {"type": "Point", "coordinates": [-3.2233397588946024, 51.54120665627705]}}, {"type": "Feature", "properties": {"name": "", "site_type": "car_park", "suitability": 0.8}, "geometry": {"type": "Point", "coordinates": [-3.1828441082728585, 51.503624711277716]}}, {"type": "Feature", "properties": {"name": "", "site_type": "car_park", "suitability": 0.8}, "geometry": {"type": "Point", "coordinates": [-3.1725971936831256, 51.50846261164689]}}, {"type": "Feature", "properties": {"name": "", "site_type": "car_park", "suitability": 0.8}, "geometry": {"type": "Point", "coordinates": [-3.172369481250807, 51.509244603979944]}}, {"type": "Feature", "properties": {"name": "", "site_type": "car_park", "suitability": 0.8}, "geometry": {"type": "Point", "coordinates": [-3.1645011921901895, 51.50224461135206]}}, {"type": "Feature", "properties": {"name": "", "site_type": "car_park", "suitability": 0.8}, "geometry": {"type": "Point", "coordinates": [-3.163767059655651, 51.50245988806598]}}, {"type": "Feature", "properties": {"name": "", "site_type": "car_park", "suitability": 0.8}, "geometry": {"type": "Point", "coordinates": [-3.162266197407066, 51.49974072407814]}}, {"type": "Feature", "properties": {"name": "", "site_type": "car_park", "suitability": 0.8}, "geometry": {"type": "Point", "coordinates": [-3.151623125698036, 51.49265952126796]}}, {"type": "Feature", "properties": {"name": "", "site_type": "car_park", "suitability": 0.8}, "geometry": {"type": "Point", "coordinates": [-3.1517309479730415, 51.49321469561801]}}, {"type": "Feature", "properties": {"name": "", "site_type": "car_park", "suitability": 0.8}, "geometry": {"type": "Point", "coordinates": [-3.1518475368999823, 51.491999347750024]}}, {"type": "Feature", "properties": {"name": "", "site_type": "car_park", "suitability": 0.8}, "geometry": {"type": "Point", "coordinates": [-3.173811477223463, 51.49293328985207]}}, {"type": "Feature", "properties": {"name": "", "site_type": "car_park", "suitability": 0.8}, "geometry": {"type": "Point", "coordinates": [-3.172051132364014, 51.48827589474294]}}, {"type": "Feature", "properties": {"name": "", "site_type": "car_park", "suitability": 0.8}, "geometry": {"type": "Point", "coordinates": [-3.2794908157371294, 51.51791585367091]}}, {"type": "Feature", "properties": {"name": "", "site_type": "car_park", "suitability": 0.8}, "geometry": {"type": "Point", "coordinates": [-3.284558223398159, 51.521120449731775]}}, {"type": "Feature", "properties": {"name": "", "site_type": "car_park", "suitability": 0.8}, "geometry": {"type": "Point", "coordinates": [-3.174189666099624, 51.494392064528675]}}, {"type": "Feature", "properties": {"name": "", "site_type": "car_park", "suitability": 0.8}, "geometry": {"type": "Point", "coordinates": [-3.1741603147025104, 51.49535318060895]}}, {"type": "Feature", "properties": {"name": "", "site_type": "car_park", "suitability": 0.8}, "geometry": {"type": "Point", "coordinates": [-3.1680219188146572, 51.49726794635077]}}, {"type": "Feature", "properties": {"name": "", "site_type": "car_park", "suitability": 0.8}, "geometry": {"type": "Point", "coordinates": [-3.1553851880583688, 51.48871753700932]}}, {"type": "Feature", "properties": {"name": "", "site_type": "car_park", "suitability": 0.8}, "geometry": {"type": "Point", "coordinates": [-3.157235958370761, 51.48902458019069]}}, {"type": "Feature", "properties": {"name": "", "site_type": "car_park", "suitability": 0.8}, "geometry": {"type": "Point", "coordinates": [-3.1561410436731756, 51.49018427098874]}}, {"type": "Feature", "properties": {"name": "", "site_type": "car_park", "suitability": 0.8}, "geometry": {"type": "Point", "coordinates": [-3.1640390253263844, 51.486285485853905]}}, {"type": "Feature", "properties": {"name": "", "site_type": "car_park", "suitability": 0.8}, "geometry": {"type": "Point", "coordinates": [-3.1662293525737555, 51.487972802647235]}}, {"type": "Feature", "properties": {"name": "", "site_type": "car_park", "suitability": 0.8}, "geometry": {"type": "Point", "coordinates": [-3.1653460113056764, 51.49445139887591]}}, {"type": "Feature", "properties": {"name": "", "site_type": "car_park", "suitability": 0.8}, "geometry": {"type": "Point", "coordinates": [-3.1669975974080526, 51.49526428778872]}}, {"type": "Feature", "properties": {"name": "Llandaff Fields Pay & Display Car Park", "site_type": "car_park", "suitability": 0.8}, "geometry": {"type": "Point", "coordinates": [-3.2038189626399336, 51.490305274246964]}}, {"type": "Feature", "properties": {"name": "", "site_type": "car_park", "suitability": 0.8}, "geometry": {"type": "Point", "coordinates": [-3.1926687032450065, 51.50534101727937]}}, {"type": "Feature", "properties": {"name": "", "site_type": "car_park", "suitability": 0.8}, "geometry": {"type": "Point", "coordinates": [-3.19100909334054, 51.505115212088725]}}, {"type": "Feature", "properties": {"name": "UHW Staff Car Park", "site_type": "car_park", "suitability": 0.8}, "geometry": {"type": "Point", "coordinates": [-3.1923498493271882, 51.50741472651334]}}, {"type": "Feature", "properties": {"name": "UHW Staff Car Park", "site_type": "car_park", "suitability": 0.8}, "geometry": {"type": "Point", "coordinates": [-3.1934656783380584, 51.506152990032746]}}, {"type": "Feature", "properties": {"name": "General Staff Parking 2b", "site_type": "car_park", "suitability": 0.8}, "geometry": {"type": "Point", "coordinates": [-3.191425791857349, 51.50871830162346]}}, {"type": "Feature", "properties": {"name": "", "site_type": "car_park", "suitability": 0.8}, "geometry": {"type": "Point", "coordinates": [-3.1867599504279043, 51.507883375780665]}}, {"type": "Feature", "properties": {"name": "", "site_type": "car_park", "suitability": 0.8}, "geometry": {"type": "Point", "coordinates": [-3.185931230626472, 51.50777963951947]}}, {"type": "Feature", "properties": {"name": "", "site_type": "car_park", "suitability": 0.8}, "geometry": {"type": "Point", "coordinates": [-3.1850450060845863, 51.506285945039]}}, {"type": "Feature", "properties": {"name": "", "site_type": "car_park", "suitability": 0.8}, "geometry": {"type": "Point", "coordinates": [-3.1848529396913485, 51.507591046716726]}}, {"type": "Feature", "properties": {"name": "", "site_type": "car_park", "suitability": 0.8}, "geometry": {"type": "Point", "coordinates": [-3.1680878291010925, 51.4843245988938]}}, {"type": "Feature", "properties": {"name": "", "site_type": "car_park", "suitability": 0.8}, "geometry": {"type": "Point", "coordinates": [-3.1661137376157167, 51.48510511007794]}}, {"type": "Feature", "properties": {"name": "", "site_type": "car_park", "suitability": 0.8}, "geometry": {"type": "Point", "coordinates": [-3.1673709198649984, 51.48486621852334]}}, {"type": "Feature", "properties": {"name": "", "site_type": "car_park", "suitability": 0.8}, "geometry": {"type": "Point", "coordinates": [-3.164965492457351, 51.486026309200724]}}, {"type": "Feature", "properties": {"name": "", "site_type": "car_park", "suitability": 0.8}, "geometry": {"type": "Point", "coordinates": [-3.165360210748786, 51.48717205419787]}}, {"type": "Feature", "properties": {"name": "", "site_type": "car_park", "suitability": 0.8}, "geometry": {"type": "Point", "coordinates": [-3.160497294875636, 51.4872556896738]}}, {"type": "Feature", "properties": {"name": "", "site_type": "car_park", "suitability": 0.8}, "geometry": {"type": "Point", "coordinates": [-3.1613248627782453, 51.487577073408595]}}, {"type": "Feature", "properties": {"name": "", "site_type": "car_park", "suitability": 0.8}, "geometry": {"type": "Point", "coordinates": [-3.190749766658765, 51.48572718083644]}}, {"type": "Feature", "properties": {"name": "", "site_type": "car_park", "suitability": 0.8}, "geometry": {"type": "Point", "coordinates": [-3.191945008339645, 51.485208270968116]}}, {"type": "Feature", "properties": {"name": "", "site_type": "car_park", "suitability": 0.8}, "geometry": {"type": "Point", "coordinates": [-3.1894751100294134, 51.484809741468624]}}, {"type": "Feature", "properties": {"name": "", "site_type": "car_park", "suitability": 0.8}, "geometry": {"type": "Point", "coordinates": [-3.1898386718499525, 51.48606455247728]}}, {"type": "Feature", "properties": {"name": "Gray Street Car Park", "site_type": "car_park", "suitability": 0.8}, "geometry": {"type": "Point", "coordinates": [-3.2012128039932803, 51.48229623767994]}}, {"type": "Feature", "properties": {"name": "", "site_type": "car_park", "suitability": 0.8}, "geometry": {"type": "Point", "coordinates": [-3.1905390781699605, 51.48645618221803]}}, {"type": "Feature", "properties": {"name": "", "site_type": "car_park", "suitability": 0.8}, "geometry": {"type": "Point", "coordinates": [-3.206334755775329, 51.4944737905444]}}, {"type": "Feature", "properties": {"name": "", "site_type": "car_park", "suitability": 0.8}, "geometry": {"type": "Point", "coordinates": [-3.2005109681004136, 51.48912213141201]}}, {"type": "Feature", "properties": {"name": "", "site_type": "car_park", "suitability": 0.8}, "geometry": {"type": "Point", "coordinates": [-3.2030382535351993, 51.4858761694778]}}, {"type": "Feature", "properties": {"name": "", "site_type": "car_park", "suitability": 0.8}, "geometry": {"type": "Point", "coordinates": [-3.2042710383013677, 51.48611167742272]}}, {"type": "Feature", "properties": {"name": "", "site_type": "car_park", "suitability": 0.8}, "geometry": {"type": "Point", "coordinates": [-3.2666011601084883, 51.48685623207324]}}, {"type": "Feature", "properties": {"name": "", "site_type": "car_park", "suitability": 0.8}, "geometry": {"type": "Point", "coordinates": [-3.201946784764714, 51.48568778037893]}}, {"type": "Feature", "properties": {"name": "Staff & Blue Badge Holder Parking", "site_type": "car_park", "suitability": 0.8}, "geometry": {"type": "Point", "coordinates": [-3.1925133942685666, 51.482197714464554]}}, {"type": "Feature", "properties": {"name": "Patient & Visitor Parking", "site_type": "car_park", "suitability": 0.8}, "geometry": {"type": "Point", "coordinates": [-3.193901851800823, 51.481414815427925]}}, {"type": "Feature", "properties": {"name": "", "site_type": "car_park", "suitability": 0.8}, "geometry": {"type": "Point", "coordinates": [-3.1931377039883038, 51.481212911690704]}}, {"type": "Feature", "properties": {"name": "", "site_type": "car_park", "suitability": 0.8}, "geometry": {"type": "Point", "coordinates": [-3.1901745350684303, 51.48191906488492]}}, {"type": "Feature", "properties": {"name": "", "site_type": "car_park", "suitability": 0.8}, "geometry": {"type": "Point", "coordinates": [-3.1916767087103524, 51.48245035247021]}}, {"type": "Feature", "properties": {"name": "", "site_type": "car_park", "suitability": 0.8}, "geometry": {"type": "Point", "coordinates": [-3.194357086100419, 51.48090202069806]}}, {"type": "Feature", "properties": {"name": "", "site_type": "car_park", "suitability": 0.8}, "geometry": {"type": "Point", "coordinates": [-3.1884139658183557, 51.470641149283566]}}, {"type": "Feature", "properties": {"name": "", "site_type": "car_park", "suitability": 0.8}, "geometry": {"type": "Point", "coordinates": [-3.1878759797509097, 51.47013748188267]}}, {"type": "Feature", "properties": {"name": "", "site_type": "car_park", "suitability": 0.8}, "geometry": {"type": "Point", "coordinates": [-3.1831535368592814, 51.472370468557244]}}, {"type": "Feature", "properties": {"name": "", "site_type": "car_park", "suitability": 0.8}, "geometry": {"type": "Point", "coordinates": [-3.1859193117475884, 51.46959569893421]}}, {"type": "Feature", "properties": {"name": "", "site_type": "car_park", "suitability": 0.8}, "geometry": {"type": "Point", "coordinates": [-3.1870841298036146, 51.47041906693886]}}, {"type": "Feature", "properties": {"name": "", "site_type": "car_park", "suitability": 0.8}, "geometry": {"type": "Point", "coordinates": [-3.180466753428324, 51.480271259311095]}}, {"type": "Feature", "properties": {"name": "", "site_type": "car_park", "suitability": 0.8}, "geometry": {"type": "Point", "coordinates": [-3.1599314463836574, 51.48387485638409]}}, {"type": "Feature", "properties": {"name": "", "site_type": "car_park", "suitability": 0.8}, "geometry": {"type": "Point", "coordinates": [-3.176100168951563, 51.4941277636514]}}, {"type": "Feature", "properties": {"name": "", "site_type": "car_park", "suitability": 0.8}, "geometry": {"type": "Point", "coordinates": [-3.1838269758349895, 51.50392698056978]}}, {"type": "Feature", "properties": {"name": "", "site_type": "car_park", "suitability": 0.8}, "geometry": {"type": "Point", "coordinates": [-3.1845426681041693, 51.50437740468598]}}, {"type": "Feature", "properties": {"name": "", "site_type": "car_park", "suitability": 0.8}, "geometry": {"type": "Point", "coordinates": [-3.210621798700118, 51.48090380115489]}}, {"type": "Feature", "properties": {"name": "", "site_type": "car_park", "suitability": 0.8}, "geometry": {"type": "Point", "coordinates": [-3.138927430857137, 51.503745473868726]}}, {"type": "Feature", "properties": {"name": "", "site_type": "car_park", "suitability": 0.8}, "geometry": {"type": "Point", "coordinates": [-3.1390196025186716, 51.50320928032403]}}, {"type": "Feature", "properties": {"name": "", "site_type": "car_park", "suitability": 0.8}, "geometry": {"type": "Point", "coordinates": [-3.1595321089451955, 51.46507748777459]}}, {"type": "Feature", "properties": {"name": "", "site_type": "car_park", "suitability": 0.8}, "geometry": {"type": "Point", "coordinates": [-3.169508576190584, 51.46481410577021]}}, {"type": "Feature", "properties": {"name": "", "site_type": "car_park", "suitability": 0.8}, "geometry": {"type": "Point", "coordinates": [-3.169436983323224, 51.46381086816892]}}, {"type": "Feature", "properties": {"name": "", "site_type": "car_park", "suitability": 0.8}, "geometry": {"type": "Point", "coordinates": [-3.170266822568784, 51.46542005375259]}}, {"type": "Feature", "properties": {"name": "", "site_type": "car_park", "suitability": 0.8}, "geometry": {"type": "Point", "coordinates": [-3.1699451176179867, 51.465973883993705]}}, {"type": "Feature", "properties": {"name": "", "site_type": "car_park", "suitability": 0.8}, "geometry": {"type": "Point", "coordinates": [-3.1714596960539048, 51.4684962936996]}}, {"type": "Feature", "properties": {"name": "", "site_type": "car_park", "suitability": 0.8}, "geometry": {"type": "Point", "coordinates": [-3.168121344964857, 51.46737394323389]}}, {"type": "Feature", "properties": {"name": "", "site_type": "car_park", "suitability": 0.8}, "geometry": {"type": "Point", "coordinates": [-3.1686448066819954, 51.46805349983454]}}, {"type": "Feature", "properties": {"name": "", "site_type": "car_park", "suitability": 0.8}, "geometry": {"type": "Point", "coordinates": [-3.1672527269173574, 51.46616816918215]}}, {"type": "Feature", "properties": {"name": "", "site_type": "car_park", "suitability": 0.8}, "geometry": {"type": "Point", "coordinates": [-3.1896515391516527, 51.493163378879366]}}, {"type": "Feature", "properties": {"name": "", "site_type": "car_park", "suitability": 0.8}, "geometry": {"type": "Point", "coordinates": [-3.167060265374053, 51.46682008363756]}}, {"type": "Feature", "properties": {"name": "", "site_type": "car_park", "suitability": 0.8}, "geometry": {"type": "Point", "coordinates": [-3.165398803192506, 51.464238050623415]}}, {"type": "Feature", "properties": {"name": "", "site_type": "car_park", "suitability": 0.8}, "geometry": {"type": "Point", "coordinates": [-3.2011100585232914, 51.46606209704283]}}, {"type": "Feature", "properties": {"name": "", "site_type": "car_park", "suitability": 0.8}, "geometry": {"type": "Point", "coordinates": [-3.2009682326698714, 51.46439385379675]}}, {"type": "Feature", "properties": {"name": "", "site_type": "car_park", "suitability": 0.8}, "geometry": {"type": "Point", "coordinates": [-3.201301255135789, 51.46660624926442]}}, {"type": "Feature", "properties": {"name": "", "site_type": "car_park", "suitability": 0.8}, "geometry": {"type": "Point", "coordinates": [-3.2033484805082675, 51.46692147503802]}}, {"type": "Feature", "properties": {"name": "", "site_type": "car_park", "suitability": 0.8}, "geometry": {"type": "Point", "coordinates": [-3.202336385211766, 51.46643895610989]}}, {"type": "Feature", "properties": {"name": "Ibis Hotel Parking", "site_type": "car_park", "suitability": 0.8}, "geometry": {"type": "Point", "coordinates": [-3.130128428519498, 51.53980929341816]}}, {"type": "Feature", "properties": {"name": "Welcome Break Services HGV Parking", "site_type": "car_park", "suitability": 0.8}, "geometry": {"type": "Point", "coordinates": [-3.1295040075721614, 51.5385747494919]}}, {"type": "Feature", "properties": {"name": "", "site_type": "car_park", "suitability": 0.8}, "geometry": {"type": "Point", "coordinates": [-3.307731641106632, 51.508936742976104]}}, {"type": "Feature", "properties": {"name": "", "site_type": "car_park", "suitability": 0.8}, "geometry": {"type": "Point", "coordinates": [-3.3079468136661245, 51.50844474455731]}}, {"type": "Feature", "properties": {"name": "", "site_type": "car_park", "suitability": 0.8}, "geometry": {"type": "Point", "coordinates": [-3.1321847479766367, 51.53878676420146]}}, {"type": "Feature", "properties": {"name": "", "site_type": "car_park", "suitability": 0.8}, "geometry": {"type": "Point", "coordinates": [-3.1310119259989073, 51.53835763490125]}}, {"type": "Feature", "properties": {"name": "", "site_type": "car_park", "suitability": 0.8}, "geometry": {"type": "Point", "coordinates": [-3.135591379712163, 51.52781007389575]}}, {"type": "Feature", "properties": {"name": "", "site_type": "car_park", "suitability": 0.8}, "geometry": {"type": "Point", "coordinates": [-3.1361846542062266, 51.52862578668238]}}, {"type": "Feature", "properties": {"name": "", "site_type": "car_park", "suitability": 0.8}, "geometry": {"type": "Point", "coordinates": [-3.1356865496394644, 51.528295706419506]}}, {"type": "Feature", "properties": {"name": "", "site_type": "car_park", "suitability": 0.8}, "geometry": {"type": "Point", "coordinates": [-3.1319270272455624, 51.52885315138456]}}, {"type": "Feature", "properties": {"name": "", "site_type": "car_park", "suitability": 0.8}, "geometry": {"type": "Point", "coordinates": [-3.178327264098766, 51.519935319718456]}}, {"type": "Feature", "properties": {"name": "", "site_type": "car_park", "suitability": 0.8}, "geometry": {"type": "Point", "coordinates": [-3.1397752189016805, 51.522914787320474]}}, {"type": "Feature", "properties": {"name": "", "site_type": "car_park", "suitability": 0.8}, "geometry": {"type": "Point", "coordinates": [-3.13475803598184, 51.528013793517985]}}, {"type": "Feature", "properties": {"name": "", "site_type": "car_park", "suitability": 0.8}, "geometry": {"type": "Point", "coordinates": [-3.2069395249843824, 51.47947899164643]}}, {"type": "Feature", "properties": {"name": "", "site_type": "car_park", "suitability": 0.8}, "geometry": {"type": "Point", "coordinates": [-3.2621791987460433, 51.534845542707174]}}, {"type": "Feature", "properties": {"name": "", "site_type": "car_park", "suitability": 0.8}, "geometry": {"type": "Point", "coordinates": [-3.2593289285259366, 51.53511782758744]}}, {"type": "Feature", "properties": {"name": "", "site_type": "car_park", "suitability": 0.8}, "geometry": {"type": "Point", "coordinates": [-3.2292159978871333, 51.52472513616423]}}, {"type": "Feature", "properties": {"name": "", "site_type": "car_park", "suitability": 0.8}, "geometry": {"type": "Point", "coordinates": [-3.2473149299894706, 51.5388236877135]}}, {"type": "Feature", "properties": {"name": "", "site_type": "car_park", "suitability": 0.8}, "geometry": {"type": "Point", "coordinates": [-3.2394802897761976, 51.52872821388138]}}, {"type": "Feature", "properties": {"name": "", "site_type": "car_park", "suitability": 0.8}, "geometry": {"type": "Point", "coordinates": [-3.2399392121278274, 51.529297166937724]}}, {"type": "Feature", "properties": {"name": "", "site_type": "car_park", "suitability": 0.8}, "geometry": {"type": "Point", "coordinates": [-3.2404170719626437, 51.529673372797404]}}, {"type": "Feature", "properties": {"name": "", "site_type": "car_park", "suitability": 0.8}, "geometry": {"type": "Point", "coordinates": [-3.237796100691059, 51.529093614772364]}}, {"type": "Feature", "properties": {"name": "", "site_type": "car_park", "suitability": 0.8}, "geometry": {"type": "Point", "coordinates": [-3.238947995189803, 51.529464752843985]}}, {"type": "Feature", "properties": {"name": "", "site_type": "car_park", "suitability": 0.8}, "geometry": {"type": "Point", "coordinates": [-3.2412376711343933, 51.52932340603226]}}, {"type": "Feature", "properties": {"name": "", "site_type": "car_park", "suitability": 0.8}, "geometry": {"type": "Point", "coordinates": [-3.2701336510078187, 51.54170209506137]}}, {"type": "Feature", "properties": {"name": "", "site_type": "car_park", "suitability": 0.8}, "geometry": {"type": "Point", "coordinates": [-3.2621004391850157, 51.53700426481134]}}, {"type": "Feature", "properties": {"name": "", "site_type": "car_park", "suitability": 0.8}, "geometry": {"type": "Point", "coordinates": [-3.262816913870095, 51.53775594813428]}}, {"type": "Feature", "properties": {"name": "", "site_type": "car_park", "suitability": 0.8}, "geometry": {"type": "Point", "coordinates": [-3.2614763032603866, 51.53615956484318]}}, {"type": "Feature", "properties": {"name": "", "site_type": "car_park", "suitability": 0.8}, "geometry": {"type": "Point", "coordinates": [-3.265633211173079, 51.538877429876045]}}, {"type": "Feature", "properties": {"name": "", "site_type": "car_park", "suitability": 0.8}, "geometry": {"type": "Point", "coordinates": [-3.2650430139751667, 51.53930031835506]}}, {"type": "Feature", "properties": {"name": "", "site_type": "car_park", "suitability": 0.8}, "geometry": {"type": "Point", "coordinates": [-3.265021134025262, 51.53853274787407]}}, {"type": "Feature", "properties": {"name": "", "site_type": "car_park", "suitability": 0.8}, "geometry": {"type": "Point", "coordinates": [-3.261404944399556, 51.534692410748505]}}, {"type": "Feature", "properties": {"name": "", "site_type": "car_park", "suitability": 0.8}, "geometry": {"type": "Point", "coordinates": [-3.26119358958522, 51.53420596021123]}}, {"type": "Feature", "properties": {"name": "", "site_type": "car_park", "suitability": 0.8}, "geometry": {"type": "Point", "coordinates": [-3.260850257091923, 51.533595629481354]}}, {"type": "Feature", "properties": {"name": "", "site_type": "car_park", "suitability": 0.8}, "geometry": {"type": "Point", "coordinates": [-3.3088774126566363, 51.54006620486337]}}, {"type": "Feature", "properties": {"name": "", "site_type": "car_park", "suitability": 0.8}, "geometry": {"type": "Point", "coordinates": [-3.1742971935913, 51.48660765439453]}}, {"type": "Feature", "properties": {"name": "", "site_type": "car_park", "suitability": 0.8}, "geometry": {"type": "Point", "coordinates": [-3.2369279018747013, 51.52957676119609]}}, {"type": "Feature", "properties": {"name": "", "site_type": "car_park", "suitability": 0.8}, "geometry": {"type": "Point", "coordinates": [-3.257025700207379, 51.52858608086129]}}, {"type": "Feature", "properties": {"name": "", "site_type": "car_park", "suitability": 0.8}, "geometry": {"type": "Point", "coordinates": [-3.1902893546796687, 51.5520189985751]}}, {"type": "Feature", "properties": {"name": "", "site_type": "car_park", "suitability": 0.8}, "geometry": {"type": "Point", "coordinates": [-3.1882458806071727, 51.52613837258544]}}, {"type": "Feature", "properties": {"name": "", "site_type": "car_park", "suitability": 0.8}, "geometry": {"type": "Point", "coordinates": [-3.2019649419221023, 51.47859782959912]}}, {"type": "Feature", "properties": {"name": "", "site_type": "car_park", "suitability": 0.8}, "geometry": {"type": "Point", "coordinates": [-3.193862258236588, 51.498499925870505]}}, {"type": "Feature", "properties": {"name": "", "site_type": "car_park", "suitability": 0.8}, "geometry": {"type": "Point", "coordinates": [-3.1615303706756084, 51.468027111277934]}}, {"type": "Feature", "properties": {"name": "", "site_type": "car_park", "suitability": 0.8}, "geometry": {"type": "Point", "coordinates": [-3.192841474014568, 51.48059734506301]}}, {"type": "Feature", "properties": {"name": "", "site_type": "car_park", "suitability": 0.8}, "geometry": {"type": "Point", "coordinates": [-3.1912547019996715, 51.496015367282524]}}, {"type": "Feature", "properties": {"name": "", "site_type": "car_park", "suitability": 0.8}, "geometry": {"type": "Point", "coordinates": [-3.185074727243823, 51.49447234488124]}}, {"type": "Feature", "properties": {"name": "", "site_type": "car_park", "suitability": 0.8}, "geometry": {"type": "Point", "coordinates": [-3.155145138307947, 51.472481560723146]}}, {"type": "Feature", "properties": {"name": "", "site_type": "car_park", "suitability": 0.8}, "geometry": {"type": "Point", "coordinates": [-3.2418643664436724, 51.52856934416254]}}, {"type": "Feature", "properties": {"name": "", "site_type": "car_park", "suitability": 0.8}, "geometry": {"type": "Point", "coordinates": [-3.148041882498042, 51.487892680038144]}}, {"type": "Feature", "properties": {"name": "", "site_type": "car_park", "suitability": 0.8}, "geometry": {"type": "Point", "coordinates": [-3.2227392051456225, 51.48289238326248]}}, {"type": "Feature", "properties": {"name": "", "site_type": "car_park", "suitability": 0.8}, "geometry": {"type": "Point", "coordinates": [-3.201379123066085, 51.4793117627263]}}, {"type": "Feature", "properties": {"name": "", "site_type": "car_park", "suitability": 0.8}, "geometry": {"type": "Point", "coordinates": [-3.202251555669874, 51.4813115714958]}}, {"type": "Feature", "properties": {"name": "", "site_type": "car_park", "suitability": 0.8}, "geometry": {"type": "Point", "coordinates": [-3.1948610500000005, 51.48513130000001]}}, {"type": "Feature", "properties": {"name": "", "site_type": "car_park", "suitability": 0.8}, "geometry": {"type": "Point", "coordinates": [-3.1859103248356866, 51.479212531412024]}}, {"type": "Feature", "properties": {"name": "", "site_type": "car_park", "suitability": 0.8}, "geometry": {"type": "Point", "coordinates": [-3.193626167692741, 51.47684109872157]}}, {"type": "Feature", "properties": {"name": "", "site_type": "car_park", "suitability": 0.8}, "geometry": {"type": "Point", "coordinates": [-3.1806562005706005, 51.49085511354629]}}, {"type": "Feature", "properties": {"name": "", "site_type": "car_park", "suitability": 0.8}, "geometry": {"type": "Point", "coordinates": [-3.1928757437726576, 51.52324124008497]}}, {"type": "Feature", "properties": {"name": "", "site_type": "car_park", "suitability": 0.8}, "geometry": {"type": "Point", "coordinates": [-3.1941072194991804, 51.523277303310145]}}, {"type": "Feature", "properties": {"name": "", "site_type": "car_park", "suitability": 0.8}, "geometry": {"type": "Point", "coordinates": [-3.191803525279592, 51.52255548905016]}}, {"type": "Feature", "properties": {"name": "Llanishen Court Surgery Car Park", "site_type": "car_park", "suitability": 0.8}, "geometry": {"type": "Point", "coordinates": [-3.188154378654607, 51.52868934427391]}}, {"type": "Feature", "properties": {"name": "Church Inn Customer Car Park", "site_type": "car_park", "suitability": 0.8}, "geometry": {"type": "Point", "coordinates": [-3.1896265081451194, 51.52877514589174]}}, {"type": "Feature", "properties": {"name": "St Isan Church Hall Car Park", "site_type": "car_park", "suitability": 0.8}, "geometry": {"type": "Point", "coordinates": [-3.1889143274580647, 51.5298485298363]}}, {"type": "Feature", "properties": {"name": "Heol Hir Car Park", "site_type": "car_park", "suitability": 0.8}, "geometry": {"type": "Point", "coordinates": [-3.188575173858441, 51.53024999275502]}}, {"type": "Feature", "properties": {"name": "", "site_type": "car_park", "suitability": 0.8}, "geometry": {"type": "Point", "coordinates": [-3.185273514299228, 51.52839005490342]}}, {"type": "Feature", "properties": {"name": "", "site_type": "car_park", "suitability": 0.8}, "geometry": {"type": "Point", "coordinates": [-3.1847156276610855, 51.527941243576905]}}, {"type": "Feature", "properties": {"name": "", "site_type": "car_park", "suitability": 0.8}, "geometry": {"type": "Point", "coordinates": [-3.18746598377502, 51.52847210471101]}}, {"type": "Feature", "properties": {"name": "McDonalds Customer Car Park", "site_type": "car_park", "suitability": 0.8}, "geometry": {"type": "Point", "coordinates": [-3.189697128104376, 51.526656482008214]}}, {"type": "Feature", "properties": {"name": "", "site_type": "car_park", "suitability": 0.8}, "geometry": {"type": "Point", "coordinates": [-3.1974959776366667, 51.502352255550704]}}, {"type": "Feature", "properties": {"name": "", "site_type": "car_park", "suitability": 0.8}, "geometry": {"type": "Point", "coordinates": [-3.1676765261816637, 51.54068766168487]}}, {"type": "Feature", "properties": {"name": "", "site_type": "car_park", "suitability": 0.8}, "geometry": {"type": "Point", "coordinates": [-3.169382807434327, 51.514451275156155]}}, {"type": "Feature", "properties": {"name": "", "site_type": "car_park", "suitability": 0.8}, "geometry": {"type": "Point", "coordinates": [-3.111445570389049, 51.51674876669161]}}, {"type": "Feature", "properties": {"name": "", "site_type": "car_park", "suitability": 0.8}, "geometry": {"type": "Point", "coordinates": [-3.2336414760645606, 51.5218181438534]}}, {"type": "Feature", "properties": {"name": "", "site_type": "car_park", "suitability": 0.8}, "geometry": {"type": "Point", "coordinates": [-3.251720841531651, 51.53247615082175]}}, {"type": "Feature", "properties": {"name": "", "site_type": "car_park", "suitability": 0.8}, "geometry": {"type": "Point", "coordinates": [-3.1208907129399863, 51.508425692035864]}}, {"type": "Feature", "properties": {"name": "", "site_type": "car_park", "suitability": 0.8}, "geometry": {"type": "Point", "coordinates": [-3.2392686156760937, 51.479000151723916]}}, {"type": "Feature", "properties": {"name": "", "site_type": "car_park", "suitability": 0.8}, "geometry": {"type": "Point", "coordinates": [-3.2381102461838407, 51.47999232023846]}}, {"type": "Feature", "properties": {"name": "", "site_type": "car_park", "suitability": 0.8}, "geometry": {"type": "Point", "coordinates": [-3.119104423864673, 51.5221277121069]}}, {"type": "Feature", "properties": {"name": "", "site_type": "car_park", "suitability": 0.8}, "geometry": {"type": "Point", "coordinates": [-3.234788731561316, 51.51405360376691]}}, {"type": "Feature", "properties": {"name": "", "site_type": "car_park", "suitability": 0.8}, "geometry": {"type": "Point", "coordinates": [-3.2409236931095196, 51.51123408559482]}}, {"type": "Feature", "properties": {"name": "", "site_type": "car_park", "suitability": 0.8}, "geometry": {"type": "Point", "coordinates": [-3.2431892912260096, 51.51051377666575]}}, {"type": "Feature", "properties": {"name": "", "site_type": "car_park", "suitability": 0.8}, "geometry": {"type": "Point", "coordinates": [-3.244042924305995, 51.51034011397194]}}, {"type": "Feature", "properties": {"name": "", "site_type": "car_park", "suitability": 0.8}, "geometry": {"type": "Point", "coordinates": [-3.2437347613277607, 51.510948263488395]}}, {"type": "Feature", "properties": {"name": "", "site_type": "car_park", "suitability": 0.8}, "geometry": {"type": "Point", "coordinates": [-3.2440040243533708, 51.51153791076377]}}, {"type": "Feature", "properties": {"name": "", "site_type": "car_park", "suitability": 0.8}, "geometry": {"type": "Point", "coordinates": [-3.2432058300232285, 51.51178094792332]}}, {"type": "Feature", "properties": {"name": "", "site_type": "car_park", "suitability": 0.8}, "geometry": {"type": "Point", "coordinates": [-3.242490927855924, 51.51149406911434]}}, {"type": "Feature", "properties": {"name": "", "site_type": "car_park", "suitability": 0.8}, "geometry": {"type": "Point", "coordinates": [-3.241833650016119, 51.51100516135164]}}, {"type": "Feature", "properties": {"name": "", "site_type": "car_park", "suitability": 0.8}, "geometry": {"type": "Point", "coordinates": [-3.2455278932572846, 51.51243302249782]}}, {"type": "Feature", "properties": {"name": "", "site_type": "car_park", "suitability": 0.8}, "geometry": {"type": "Point", "coordinates": [-3.2455843531152384, 51.51338122860951]}}, {"type": "Feature", "properties": {"name": "", "site_type": "car_park", "suitability": 0.8}, "geometry": {"type": "Point", "coordinates": [-3.102063857081072, 51.52360107276175]}}, {"type": "Feature", "properties": {"name": "", "site_type": "car_park", "suitability": 0.8}, "geometry": {"type": "Point", "coordinates": [-3.2544278979312393, 51.49511507176428]}}, {"type": "Feature", "properties": {"name": "", "site_type": "car_park", "suitability": 0.8}, "geometry": {"type": "Point", "coordinates": [-3.185755408568511, 51.49354724549797]}}, {"type": "Feature", "properties": {"name": "", "site_type": "car_park", "suitability": 0.8}, "geometry": {"type": "Point", "coordinates": [-3.2006924668326064, 51.46535123766532]}}, {"type": "Feature", "properties": {"name": "", "site_type": "car_park", "suitability": 0.8}, "geometry": {"type": "Point", "coordinates": [-3.1975283189546144, 51.46513200501073]}}, {"type": "Feature", "properties": {"name": "", "site_type": "car_park", "suitability": 0.8}, "geometry": {"type": "Point", "coordinates": [-3.1662078121605703, 51.501429509926545]}}, {"type": "Feature", "properties": {"name": "", "site_type": "car_park", "suitability": 0.8}, "geometry": {"type": "Point", "coordinates": [-3.1441556829388007, 51.481953537987955]}}, {"type": "Feature", "properties": {"name": "", "site_type": "car_park", "suitability": 0.8}, "geometry": {"type": "Point", "coordinates": [-3.1594850426352656, 51.478214574108364]}}, {"type": "Feature", "properties": {"name": "", "site_type": "car_park", "suitability": 0.8}, "geometry": {"type": "Point", "coordinates": [-3.209472853418771, 51.537042913481336]}}, {"type": "Feature", "properties": {"name": "", "site_type": "car_park", "suitability": 0.8}, "geometry": {"type": "Point", "coordinates": [-3.2108241953239767, 51.53810631092509]}}, {"type": "Feature", "properties": {"name": "Clarence Mews Resident Parking", "site_type": "car_park", "suitability": 0.8}, "geometry": {"type": "Point", "coordinates": [-3.175003338340534, 51.46267281497505]}}, {"type": "Feature", "properties": {"name": "", "site_type": "car_park", "suitability": 0.8}, "geometry": {"type": "Point", "coordinates": [-3.173796922371016, 51.462424788211884]}}, {"type": "Feature", "properties": {"name": "St Cuthberts Court Resident Parking", "site_type": "car_park", "suitability": 0.8}, "geometry": {"type": "Point", "coordinates": [-3.172980449198067, 51.46399628474355]}}, {"type": "Feature", "properties": {"name": "", "site_type": "car_park", "suitability": 0.8}, "geometry": {"type": "Point", "coordinates": [-3.1713216201787557, 51.46330870646241]}}, {"type": "Feature", "properties": {"name": "", "site_type": "car_park", "suitability": 0.8}, "geometry": {"type": "Point", "coordinates": [-3.171073513586227, 51.46268249985854]}}, {"type": "Feature", "properties": {"name": "", "site_type": "car_park", "suitability": 0.8}, "geometry": {"type": "Point", "coordinates": [-3.172068410664527, 51.46245080535559]}}, {"type": "Feature", "properties": {"name": "", "site_type": "car_park", "suitability": 0.8}, "geometry": {"type": "Point", "coordinates": [-3.1709445476327933, 51.46416573967884]}}, {"type": "Feature", "properties": {"name": "", "site_type": "car_park", "suitability": 0.8}, "geometry": {"type": "Point", "coordinates": [-3.171444895546467, 51.464606700389545]}}, {"type": "Feature", "properties": {"name": "", "site_type": "car_park", "suitability": 0.8}, "geometry": {"type": "Point", "coordinates": [-3.1728409060729654, 51.46841455145046]}}, {"type": "Feature", "properties": {"name": "", "site_type": "car_park", "suitability": 0.8}, "geometry": {"type": "Point", "coordinates": [-3.1732351620813755, 51.472323195681426]}}, {"type": "Feature", "properties": {"name": "", "site_type": "car_park", "suitability": 0.8}, "geometry": {"type": "Point", "coordinates": [-3.1708534947554132, 51.471171977189705]}}, {"type": "Feature", "properties": {"name": "", "site_type": "car_park", "suitability": 0.8}, "geometry": {"type": "Point", "coordinates": [-3.1700992326882265, 51.470571176683166]}}, {"type": "Feature", "properties": {"name": "", "site_type": "car_park", "suitability": 0.8}, "geometry": {"type": "Point", "coordinates": [-3.1705722531249942, 51.469851042414305]}}, {"type": "Feature", "properties": {"name": "", "site_type": "car_park", "suitability": 0.8}, "geometry": {"type": "Point", "coordinates": [-3.1709475643335336, 51.47028623220278]}}, {"type": "Feature", "properties": {"name": "", "site_type": "car_park", "suitability": 0.8}, "geometry": {"type": "Point", "coordinates": [-3.173730512039613, 51.47114196970499]}}, {"type": "Feature", "properties": {"name": "", "site_type": "car_park", "suitability": 0.8}, "geometry": {"type": "Point", "coordinates": [-3.172636601602102, 51.47430569912117]}}, {"type": "Feature", "properties": {"name": "", "site_type": "car_park", "suitability": 0.8}, "geometry": {"type": "Point", "coordinates": [-3.172691260356243, 51.473630692660215]}}, {"type": "Feature", "properties": {"name": "", "site_type": "car_park", "suitability": 0.8}, "geometry": {"type": "Point", "coordinates": [-3.169815096934114, 51.46899868907962]}}, {"type": "Feature", "properties": {"name": "", "site_type": "car_park", "suitability": 0.8}, "geometry": {"type": "Point", "coordinates": [-3.169094566902971, 51.46879569463875]}}, {"type": "Feature", "properties": {"name": "", "site_type": "car_park", "suitability": 0.8}, "geometry": {"type": "Point", "coordinates": [-3.168530166848135, 51.46908070546658]}}, {"type": "Feature", "properties": {"name": "", "site_type": "car_park", "suitability": 0.8}, "geometry": {"type": "Point", "coordinates": [-3.1716879864151943, 51.47021453928143]}}, {"type": "Feature", "properties": {"name": "", "site_type": "car_park", "suitability": 0.8}, "geometry": {"type": "Point", "coordinates": [-3.1667665352976466, 51.46959982790258]}}, {"type": "Feature", "properties": {"name": "PDSA Cardiff Visitor Parking", "site_type": "car_park", "suitability": 0.8}, "geometry": {"type": "Point", "coordinates": [-3.1543501548646224, 51.472148155840564]}}, {"type": "Feature", "properties": {"name": "", "site_type": "car_park", "suitability": 0.8}, "geometry": {"type": "Point", "coordinates": [-3.2070492152327503, 51.485220919860105]}}, {"type": "Feature", "properties": {"name": "", "site_type": "car_park", "suitability": 0.8}, "geometry": {"type": "Point", "coordinates": [-3.206248910961925, 51.48509844920674]}}, {"type": "Feature", "properties": {"name": "Peak Physique Customer Parking", "site_type": "car_park", "suitability": 0.8}, "geometry": {"type": "Point", "coordinates": [-3.138485576247092, 51.49840668292584]}}, {"type": "Feature", "properties": {"name": "", "site_type": "car_park", "suitability": 0.8}, "geometry": {"type": "Point", "coordinates": [-3.227469679975076, 51.48461948029518]}}, {"type": "Feature", "properties": {"name": "", "site_type": "car_park", "suitability": 0.8}, "geometry": {"type": "Point", "coordinates": [-3.2233437500000006, 51.48175689999999]}}, {"type": "Feature", "properties": {"name": "", "site_type": "car_park", "suitability": 0.8}, "geometry": {"type": "Point", "coordinates": [-3.225052249999999, 51.48228849999998]}}, {"type": "Feature", "properties": {"name": "", "site_type": "car_park", "suitability": 0.8}, "geometry": {"type": "Point", "coordinates": [-3.224218742406591, 51.48182017520703]}}, {"type": "Feature", "properties": {"name": "", "site_type": "car_park", "suitability": 0.8}, "geometry": {"type": "Point", "coordinates": [-3.224496150000002, 51.4813479]}}, {"type": "Feature", "properties": {"name": "", "site_type": "car_park", "suitability": 0.8}, "geometry": {"type": "Point", "coordinates": [-3.2251829017406775, 51.48174173595107]}}, {"type": "Feature", "properties": {"name": "", "site_type": "car_park", "suitability": 0.8}, "geometry": {"type": "Point", "coordinates": [-3.224148305691258, 51.482435094918095]}}, {"type": "Feature", "properties": {"name": "", "site_type": "car_park", "suitability": 0.8}, "geometry": {"type": "Point", "coordinates": [-3.222308658103432, 51.48176977916697]}}, {"type": "Feature", "properties": {"name": "", "site_type": "car_park", "suitability": 0.8}, "geometry": {"type": "Point", "coordinates": [-3.221633390837419, 51.481029780894644]}}, {"type": "Feature", "properties": {"name": "", "site_type": "car_park", "suitability": 0.8}, "geometry": {"type": "Point", "coordinates": [-3.2223010807404306, 51.480443757963194]}}, {"type": "Feature", "properties": {"name": "", "site_type": "car_park", "suitability": 0.8}, "geometry": {"type": "Point", "coordinates": [-3.2223712457462517, 51.481183428658]}}, {"type": "Feature", "properties": {"name": "", "site_type": "car_park", "suitability": 0.8}, "geometry": {"type": "Point", "coordinates": [-3.223048677841616, 51.480730136193834]}}, {"type": "Feature", "properties": {"name": "", "site_type": "car_park", "suitability": 0.8}, "geometry": {"type": "Point", "coordinates": [-3.221242347483992, 51.4806218233123]}}, {"type": "Feature", "properties": {"name": "", "site_type": "car_park", "suitability": 0.8}, "geometry": {"type": "Point", "coordinates": [-3.2214289465683343, 51.48149037773703]}}, {"type": "Feature", "properties": {"name": "", "site_type": "car_park", "suitability": 0.8}, "geometry": {"type": "Point", "coordinates": [-3.2255902012047057, 51.48328153856747]}}, {"type": "Feature", "properties": {"name": "", "site_type": "car_park", "suitability": 0.8}, "geometry": {"type": "Point", "coordinates": [-3.226474200000001, 51.48348135]}}, {"type": "Feature", "properties": {"name": "", "site_type": "car_park", "suitability": 0.8}, "geometry": {"type": "Point", "coordinates": [-3.2006101229627038, 51.46120247217112]}}, {"type": "Feature", "properties": {"name": "", "site_type": "car_park", "suitability": 0.8}, "geometry": {"type": "Point", "coordinates": [-3.198453950472444, 51.461985201529906]}}, {"type": "Feature", "properties": {"name": "", "site_type": "car_park", "suitability": 0.8}, "geometry": {"type": "Point", "coordinates": [-3.2101115776920945, 51.47361793297761]}}, {"type": "Feature", "properties": {"name": "", "site_type": "car_park", "suitability": 0.8}, "geometry": {"type": "Point", "coordinates": [-3.21267092481602, 51.47423952498535]}}, {"type": "Feature", "properties": {"name": "", "site_type": "car_park", "suitability": 0.8}, "geometry": {"type": "Point", "coordinates": [-3.1576029490310926, 51.47649107142677]}}, {"type": "Feature", "properties": {"name": "", "site_type": "car_park", "suitability": 0.8}, "geometry": {"type": "Point", "coordinates": [-3.2230029100664126, 51.48231488982112]}}, {"type": "Feature", "properties": {"name": "", "site_type": "car_park", "suitability": 0.8}, "geometry": {"type": "Point", "coordinates": [-3.2085140758299615, 51.48175158596675]}}, {"type": "Feature", "properties": {"name": "", "site_type": "car_park", "suitability": 0.8}, "geometry": {"type": "Point", "coordinates": [-3.1992477716001417, 51.4805428072371]}}, {"type": "Feature", "properties": {"name": "", "site_type": "car_park", "suitability": 0.8}, "geometry": {"type": "Point", "coordinates": [-3.1921721196762607, 51.481404039069595]}}, {"type": "Feature", "properties": {"name": "", "site_type": "car_park", "suitability": 0.8}, "geometry": {"type": "Point", "coordinates": [-3.194460129086438, 51.48002990868226]}}, {"type": "Feature", "properties": {"name": "", "site_type": "car_park", "suitability": 0.8}, "geometry": {"type": "Point", "coordinates": [-3.1947880667714608, 51.47928325916751]}}, {"type": "Feature", "properties": {"name": "", "site_type": "car_park", "suitability": 0.8}, "geometry": {"type": "Point", "coordinates": [-3.1840474228311226, 51.491105237139955]}}, {"type": "Feature", "properties": {"name": "", "site_type": "car_park", "suitability": 0.8}, "geometry": {"type": "Point", "coordinates": [-3.1866778243393887, 51.49280354284611]}}, {"type": "Feature", "properties": {"name": "", "site_type": "car_park", "suitability": 0.8}, "geometry": {"type": "Point", "coordinates": [-3.301017751124518, 51.535865115739796]}}, {"type": "Feature", "properties": {"name": "", "site_type": "car_park", "suitability": 0.8}, "geometry": {"type": "Point", "coordinates": [-3.2466416105721865, 51.49767399451565]}}, {"type": "Feature", "properties": {"name": "", "site_type": "car_park", "suitability": 0.8}, "geometry": {"type": "Point", "coordinates": [-3.2164386383454766, 51.47977656616771]}}, {"type": "Feature", "properties": {"name": "", "site_type": "car_park", "suitability": 0.8}, "geometry": {"type": "Point", "coordinates": [-3.203609431948143, 51.48388869168161]}}, {"type": "Feature", "properties": {"name": "", "site_type": "car_park", "suitability": 0.8}, "geometry": {"type": "Point", "coordinates": [-3.1361452962538308, 51.51187108360544]}}, {"type": "Feature", "properties": {"name": "", "site_type": "car_park", "suitability": 0.8}, "geometry": {"type": "Point", "coordinates": [-3.1116492122452, 51.513184912815845]}}, {"type": "Feature", "properties": {"name": "Lisvane & Llanishen Reservoirs Visitor Parking", "site_type": "car_park", "suitability": 0.8}, "geometry": {"type": "Point", "coordinates": [-3.173478960036588, 51.53252860309287]}}, {"type": "Feature", "properties": {"name": "", "site_type": "car_park", "suitability": 0.8}, "geometry": {"type": "Point", "coordinates": [-3.1257799448320074, 51.50414853615308]}}, {"type": "Feature", "properties": {"name": "", "site_type": "car_park", "suitability": 0.8}, "geometry": {"type": "Point", "coordinates": [-3.128985169190325, 51.505863146070304]}}, {"type": "Feature", "properties": {"name": "", "site_type": "car_park", "suitability": 0.8}, "geometry": {"type": "Point", "coordinates": [-3.1274913764702275, 51.50641913982047]}}, {"type": "Feature", "properties": {"name": "", "site_type": "car_park", "suitability": 0.8}, "geometry": {"type": "Point", "coordinates": [-3.12612888325469, 51.512115307390744]}}, {"type": "Feature", "properties": {"name": "", "site_type": "car_park", "suitability": 0.8}, "geometry": {"type": "Point", "coordinates": [-3.118926773604407, 51.51080945396689]}}, {"type": "Feature", "properties": {"name": "", "site_type": "car_park", "suitability": 0.8}, "geometry": {"type": "Point", "coordinates": [-3.1082272812199863, 51.51775170163543]}}, {"type": "Feature", "properties": {"name": "", "site_type": "car_park", "suitability": 0.8}, "geometry": {"type": "Point", "coordinates": [-3.188748663823976, 51.460785035496215]}}, {"type": "Feature", "properties": {"name": "", "site_type": "car_park", "suitability": 0.8}, "geometry": {"type": "Point", "coordinates": [-3.2686940688115724, 51.47678769632845]}}, {"type": "Feature", "properties": {"name": "", "site_type": "car_park", "suitability": 0.8}, "geometry": {"type": "Point", "coordinates": [-3.241022260214524, 51.49082772669954]}}, {"type": "Feature", "properties": {"name": "", "site_type": "car_park", "suitability": 0.8}, "geometry": {"type": "Point", "coordinates": [-3.2013156877301667, 51.498817888156815]}}, {"type": "Feature", "properties": {"name": "", "site_type": "car_park", "suitability": 0.8}, "geometry": {"type": "Point", "coordinates": [-3.139188108386694, 51.53143024391016]}}, {"type": "Feature", "properties": {"name": "", "site_type": "car_park", "suitability": 0.8}, "geometry": {"type": "Point", "coordinates": [-3.2498526618026564, 51.51581333653977]}}, {"type": "Feature", "properties": {"name": "", "site_type": "car_park", "suitability": 0.8}, "geometry": {"type": "Point", "coordinates": [-3.2488363556498827, 51.50932860791117]}}, {"type": "Feature", "properties": {"name": "", "site_type": "car_park", "suitability": 0.8}, "geometry": {"type": "Point", "coordinates": [-3.129311368621628, 51.54015671781944]}}, {"type": "Feature", "properties": {"name": "Alexander House Parking", "site_type": "car_park", "suitability": 0.8}, "geometry": {"type": "Point", "coordinates": [-3.204966634570059, 51.49965196997272]}}, {"type": "Feature", "properties": {"name": "", "site_type": "car_park", "suitability": 0.8}, "geometry": {"type": "Point", "coordinates": [-3.202634896648401, 51.50199258717443]}}, {"type": "Feature", "properties": {"name": "", "site_type": "car_park", "suitability": 0.8}, "geometry": {"type": "Point", "coordinates": [-3.1881537514334983, 51.481139562356475]}}, {"type": "Feature", "properties": {"name": "", "site_type": "car_park", "suitability": 0.8}, "geometry": {"type": "Point", "coordinates": [-3.1869790058708047, 51.48071104773102]}}, {"type": "Feature", "properties": {"name": "", "site_type": "car_park", "suitability": 0.8}, "geometry": {"type": "Point", "coordinates": [-3.1919446996315872, 51.48335148097647]}}, {"type": "Feature", "properties": {"name": "North Road Pay & Display Car Park", "site_type": "car_park", "suitability": 0.8}, "geometry": {"type": "Point", "coordinates": [-3.1876241701778985, 51.490163609617234]}}, {"type": "Feature", "properties": {"name": "", "site_type": "car_park", "suitability": 0.8}, "geometry": {"type": "Point", "coordinates": [-3.184032928813729, 51.47589929935825]}}, {"type": "Feature", "properties": {"name": "", "site_type": "car_park", "suitability": 0.8}, "geometry": {"type": "Point", "coordinates": [-3.1455585388385385, 51.49342811757324]}}, {"type": "Feature", "properties": {"name": "", "site_type": "car_park", "suitability": 0.8}, "geometry": {"type": "Point", "coordinates": [-3.147508901941827, 51.49709335306206]}}, {"type": "Feature", "properties": {"name": "", "site_type": "car_park", "suitability": 0.8}, "geometry": {"type": "Point", "coordinates": [-3.1468114248817525, 51.49684865390473]}}, {"type": "Feature", "properties": {"name": "", "site_type": "car_park", "suitability": 0.8}, "geometry": {"type": "Point", "coordinates": [-3.1534841985915674, 51.49776979220229]}}, {"type": "Feature", "properties": {"name": "", "site_type": "car_park", "suitability": 0.8}, "geometry": {"type": "Point", "coordinates": [-3.190062333665037, 51.49812400056456]}}, {"type": "Feature", "properties": {"name": "", "site_type": "car_park", "suitability": 0.8}, "geometry": {"type": "Point", "coordinates": [-3.1976921882979403, 51.50380430336829]}}, {"type": "Feature", "properties": {"name": "", "site_type": "car_park", "suitability": 0.8}, "geometry": {"type": "Point", "coordinates": [-3.197413108443897, 51.503265843626956]}}, {"type": "Feature", "properties": {"name": "", "site_type": "car_park", "suitability": 0.8}, "geometry": {"type": "Point", "coordinates": [-3.196514879219326, 51.50250067366252]}}, {"type": "Feature", "properties": {"name": "", "site_type": "car_park", "suitability": 0.8}, "geometry": {"type": "Point", "coordinates": [-3.196660817294451, 51.50354831860762]}}, {"type": "Feature", "properties": {"name": "", "site_type": "car_park", "suitability": 0.8}, "geometry": {"type": "Point", "coordinates": [-3.1958648693920946, 51.50331323285828]}}, {"type": "Feature", "properties": {"name": "", "site_type": "car_park", "suitability": 0.8}, "geometry": {"type": "Point", "coordinates": [-3.1936984797376464, 51.500855942366925]}}, {"type": "Feature", "properties": {"name": "", "site_type": "car_park", "suitability": 0.8}, "geometry": {"type": "Point", "coordinates": [-3.194369049999998, 51.50000945]}}, {"type": "Feature", "properties": {"name": "", "site_type": "car_park", "suitability": 0.8}, "geometry": {"type": "Point", "coordinates": [-3.1838876257575137, 51.497786730228256]}}, {"type": "Feature", "properties": {"name": "", "site_type": "car_park", "suitability": 0.8}, "geometry": {"type": "Point", "coordinates": [-3.1943886774747807, 51.50257810764232]}}, {"type": "Feature", "properties": {"name": "", "site_type": "car_park", "suitability": 0.8}, "geometry": {"type": "Point", "coordinates": [-3.189026371108425, 51.500937912117045]}}, {"type": "Feature", "properties": {"name": "", "site_type": "car_park", "suitability": 0.8}, "geometry": {"type": "Point", "coordinates": [-3.1872603000000064, 51.50064335000001]}}, {"type": "Feature", "properties": {"name": "", "site_type": "car_park", "suitability": 0.8}, "geometry": {"type": "Point", "coordinates": [-3.187924452191262, 51.50104688687264]}}, {"type": "Feature", "properties": {"name": "", "site_type": "car_park", "suitability": 0.8}, "geometry": {"type": "Point", "coordinates": [-3.1895927040003023, 51.50209598116688]}}, {"type": "Feature", "properties": {"name": "", "site_type": "car_park", "suitability": 0.8}, "geometry": {"type": "Point", "coordinates": [-3.188518415555971, 51.50141108273933]}}, {"type": "Feature", "properties": {"name": "", "site_type": "car_park", "suitability": 0.8}, "geometry": {"type": "Point", "coordinates": [-3.1985600110240764, 51.50637457074382]}}, {"type": "Feature", "properties": {"name": "", "site_type": "car_park", "suitability": 0.8}, "geometry": {"type": "Point", "coordinates": [-3.197609841420808, 51.506935374278676]}}, {"type": "Feature", "properties": {"name": "", "site_type": "car_park", "suitability": 0.8}, "geometry": {"type": "Point", "coordinates": [-3.1966935598435366, 51.507331855253184]}}, {"type": "Feature", "properties": {"name": "", "site_type": "car_park", "suitability": 0.8}, "geometry": {"type": "Point", "coordinates": [-3.2008562768951943, 51.50742492874616]}}, {"type": "Feature", "properties": {"name": "", "site_type": "car_park", "suitability": 0.8}, "geometry": {"type": "Point", "coordinates": [-3.1998095012557997, 51.51040936495372]}}, {"type": "Feature", "properties": {"name": "", "site_type": "car_park", "suitability": 0.8}, "geometry": {"type": "Point", "coordinates": [-3.146186599562501, 51.51304531795209]}}, {"type": "Feature", "properties": {"name": "", "site_type": "car_park", "suitability": 0.8}, "geometry": {"type": "Point", "coordinates": [-3.145162531630033, 51.51340447966266]}}, {"type": "Feature", "properties": {"name": "", "site_type": "car_park", "suitability": 0.8}, "geometry": {"type": "Point", "coordinates": [-3.18820420763599, 51.46955578935632]}}, {"type": "Feature", "properties": {"name": "", "site_type": "car_park", "suitability": 0.8}, "geometry": {"type": "Point", "coordinates": [-3.1730489300629556, 51.48338470907387]}}, {"type": "Feature", "properties": {"name": "", "site_type": "car_park", "suitability": 0.8}, "geometry": {"type": "Point", "coordinates": [-3.1740882494558047, 51.483210349363816]}}, {"type": "Feature", "properties": {"name": "", "site_type": "car_park", "suitability": 0.8}, "geometry": {"type": "Point", "coordinates": [-3.175196067982643, 51.48486851722393]}}, {"type": "Feature", "properties": {"name": "", "site_type": "car_park", "suitability": 0.8}, "geometry": {"type": "Point", "coordinates": [-3.1730220705895897, 51.48455552767078]}}, {"type": "Feature", "properties": {"name": "", "site_type": "car_park", "suitability": 0.8}, "geometry": {"type": "Point", "coordinates": [-3.1736176136273597, 51.48551089122683]}}, {"type": "Feature", "properties": {"name": "", "site_type": "car_park", "suitability": 0.8}, "geometry": {"type": "Point", "coordinates": [-3.160238425324538, 51.50141549292552]}}, {"type": "Feature", "properties": {"name": "", "site_type": "car_park", "suitability": 0.8}, "geometry": {"type": "Point", "coordinates": [-3.158036765382131, 51.5013930832009]}}, {"type": "Feature", "properties": {"name": "", "site_type": "car_park", "suitability": 0.8}, "geometry": {"type": "Point", "coordinates": [-3.17707084853517, 51.49370592107969]}}, {"type": "Feature", "properties": {"name": "", "site_type": "car_park", "suitability": 0.8}, "geometry": {"type": "Point", "coordinates": [-3.1800798506518912, 51.49614889168768]}}, {"type": "Feature", "properties": {"name": "", "site_type": "car_park", "suitability": 0.8}, "geometry": {"type": "Point", "coordinates": [-3.1807493188923224, 51.496441156532505]}}, {"type": "Feature", "properties": {"name": "", "site_type": "car_park", "suitability": 0.8}, "geometry": {"type": "Point", "coordinates": [-3.178808636596921, 51.49559351480028]}}, {"type": "Feature", "properties": {"name": "", "site_type": "car_park", "suitability": 0.8}, "geometry": {"type": "Point", "coordinates": [-3.1780793531585836, 51.495275783625495]}}, {"type": "Feature", "properties": {"name": "", "site_type": "car_park", "suitability": 0.8}, "geometry": {"type": "Point", "coordinates": [-3.181554417260171, 51.49608944408458]}}, {"type": "Feature", "properties": {"name": "", "site_type": "car_park", "suitability": 0.8}, "geometry": {"type": "Point", "coordinates": [-3.1772627176587744, 51.49492104613268]}}, {"type": "Feature", "properties": {"name": "", "site_type": "car_park", "suitability": 0.8}, "geometry": {"type": "Point", "coordinates": [-3.1753964589315453, 51.49593779169796]}}, {"type": "Feature", "properties": {"name": "", "site_type": "car_park", "suitability": 0.8}, "geometry": {"type": "Point", "coordinates": [-3.2133274758746486, 51.49063010864831]}}, {"type": "Feature", "properties": {"name": "", "site_type": "car_park", "suitability": 0.8}, "geometry": {"type": "Point", "coordinates": [-3.17938558927827, 51.48461113016621]}}, {"type": "Feature", "properties": {"name": "", "site_type": "car_park", "suitability": 0.8}, "geometry": {"type": "Point", "coordinates": [-3.1799369000000013, 51.4850832]}}, {"type": "Feature", "properties": {"name": "", "site_type": "car_park", "suitability": 0.8}, "geometry": {"type": "Point", "coordinates": [-3.1810500606972774, 51.486187223406866]}}, {"type": "Feature", "properties": {"name": "", "site_type": "car_park", "suitability": 0.8}, "geometry": {"type": "Point", "coordinates": [-3.1806140407934356, 51.485633413573574]}}, {"type": "Feature", "properties": {"name": "", "site_type": "car_park", "suitability": 0.8}, "geometry": {"type": "Point", "coordinates": [-3.1816604499999976, 51.4865085]}}, {"type": "Feature", "properties": {"name": "", "site_type": "car_park", "suitability": 0.8}, "geometry": {"type": "Point", "coordinates": [-3.182850189315651, 51.48748261848043]}}, {"type": "Feature", "properties": {"name": "", "site_type": "car_park", "suitability": 0.8}, "geometry": {"type": "Point", "coordinates": [-3.1836590379020993, 51.48814029053549]}}, {"type": "Feature", "properties": {"name": "", "site_type": "car_park", "suitability": 0.8}, "geometry": {"type": "Point", "coordinates": [-3.183054468823815, 51.486753352815946]}}, {"type": "Feature", "properties": {"name": "", "site_type": "car_park", "suitability": 0.8}, "geometry": {"type": "Point", "coordinates": [-3.1820139925775566, 51.48739446424682]}}, {"type": "Feature", "properties": {"name": "", "site_type": "car_park", "suitability": 0.8}, "geometry": {"type": "Point", "coordinates": [-3.1812663999999997, 51.48775295000001]}}, {"type": "Feature", "properties": {"name": "", "site_type": "car_park", "suitability": 0.8}, "geometry": {"type": "Point", "coordinates": [-3.1807393153504906, 51.4789345363965]}}, {"type": "Feature", "properties": {"name": "", "site_type": "car_park", "suitability": 0.8}, "geometry": {"type": "Point", "coordinates": [-3.178878250138875, 51.47937481238467]}}, {"type": "Feature", "properties": {"name": "", "site_type": "car_park", "suitability": 0.8}, "geometry": {"type": "Point", "coordinates": [-3.1796009538882464, 51.47931840721466]}}, {"type": "Feature", "properties": {"name": "", "site_type": "car_park", "suitability": 0.8}, "geometry": {"type": "Point", "coordinates": [-3.1772564000000005, 51.48532080000001]}}, {"type": "Feature", "properties": {"name": "", "site_type": "car_park", "suitability": 0.8}, "geometry": {"type": "Point", "coordinates": [-3.1781779089382343, 51.48569075391749]}}, {"type": "Feature", "properties": {"name": "", "site_type": "car_park", "suitability": 0.8}, "geometry": {"type": "Point", "coordinates": [-3.179816502433412, 51.48689233719593]}}, {"type": "Feature", "properties": {"name": "", "site_type": "car_park", "suitability": 0.8}, "geometry": {"type": "Point", "coordinates": [-3.180529320517976, 51.48763055639265]}}, {"type": "Feature", "properties": {"name": "", "site_type": "car_park", "suitability": 0.8}, "geometry": {"type": "Point", "coordinates": [-3.181632562370921, 51.488558947208745]}}, {"type": "Feature", "properties": {"name": "", "site_type": "car_park", "suitability": 0.8}, "geometry": {"type": "Point", "coordinates": [-3.178368809089576, 51.47680030964726]}}, {"type": "Feature", "properties": {"name": "", "site_type": "car_park", "suitability": 0.8}, "geometry": {"type": "Point", "coordinates": [-3.16564324607698, 51.446769833023026]}}, {"type": "Feature", "properties": {"name": "", "site_type": "car_park", "suitability": 0.8}, "geometry": {"type": "Point", "coordinates": [-3.219735329983281, 51.48301254435233]}}, {"type": "Feature", "properties": {"name": "", "site_type": "car_park", "suitability": 0.8}, "geometry": {"type": "Point", "coordinates": [-3.2205325113842127, 51.48316013238465]}}, {"type": "Feature", "properties": {"name": "", "site_type": "car_park", "suitability": 0.8}, "geometry": {"type": "Point", "coordinates": [-3.184397240599847, 51.50930631088835]}}, {"type": "Feature", "properties": {"name": "", "site_type": "car_park", "suitability": 0.8}, "geometry": {"type": "Point", "coordinates": [-3.181277266150685, 51.492554650094974]}}, {"type": "Feature", "properties": {"name": "", "site_type": "car_park", "suitability": 0.8}, "geometry": {"type": "Point", "coordinates": [-3.1814403586908315, 51.49315328462398]}}, {"type": "Feature", "properties": {"name": "", "site_type": "car_park", "suitability": 0.8}, "geometry": {"type": "Point", "coordinates": [-3.181586453407647, 51.4936836026909]}}, {"type": "Feature", "properties": {"name": "", "site_type": "car_park", "suitability": 0.8}, "geometry": {"type": "Point", "coordinates": [-3.18124077486752, 51.49188951019044]}}, {"type": "Feature", "properties": {"name": "", "site_type": "car_park", "suitability": 0.8}, "geometry": {"type": "Point", "coordinates": [-3.1646616695182814, 51.483655437525144]}}, {"type": "Feature", "properties": {"name": "", "site_type": "car_park", "suitability": 0.8}, "geometry": {"type": "Point", "coordinates": [-3.165481950000003, 51.4835987]}}, {"type": "Feature", "properties": {"name": "", "site_type": "car_park", "suitability": 0.8}, "geometry": {"type": "Point", "coordinates": [-3.1640894066127885, 51.483231802288905]}}, {"type": "Feature", "properties": {"name": "", "site_type": "car_park", "suitability": 0.8}, "geometry": {"type": "Point", "coordinates": [-3.1586331095302658, 51.48194546447208]}}, {"type": "Feature", "properties": {"name": "", "site_type": "car_park", "suitability": 0.8}, "geometry": {"type": "Point", "coordinates": [-3.1593980263886348, 51.48193262004148]}}, {"type": "Feature", "properties": {"name": "", "site_type": "car_park", "suitability": 0.8}, "geometry": {"type": "Point", "coordinates": [-3.185446663631311, 51.46498103631201]}}, {"type": "Feature", "properties": {"name": "", "site_type": "car_park", "suitability": 0.8}, "geometry": {"type": "Point", "coordinates": [-3.232966257795261, 51.49147495067599]}}, {"type": "Feature", "properties": {"name": "", "site_type": "car_park", "suitability": 0.8}, "geometry": {"type": "Point", "coordinates": [-3.2349665504836875, 51.49169543098194]}}, {"type": "Feature", "properties": {"name": "", "site_type": "car_park", "suitability": 0.8}, "geometry": {"type": "Point", "coordinates": [-3.235915187994994, 51.49140256432182]}}, {"type": "Feature", "properties": {"name": "", "site_type": "car_park", "suitability": 0.8}, "geometry": {"type": "Point", "coordinates": [-3.2334568500000005, 51.492083900000004]}}, {"type": "Feature", "properties": {"name": "", "site_type": "car_park", "suitability": 0.8}, "geometry": {"type": "Point", "coordinates": [-3.2252720365459178, 51.49283539151197]}}, {"type": "Feature", "properties": {"name": "", "site_type": "car_park", "suitability": 0.8}, "geometry": {"type": "Point", "coordinates": [-3.225777981354088, 51.49320038442875]}}, {"type": "Feature", "properties": {"name": "", "site_type": "car_park", "suitability": 0.8}, "geometry": {"type": "Point", "coordinates": [-3.122609900438392, 51.496254534750925]}}, {"type": "Feature", "properties": {"name": "", "site_type": "car_park", "suitability": 0.8}, "geometry": {"type": "Point", "coordinates": [-3.124636081028441, 51.49798121007]}}, {"type": "Feature", "properties": {"name": "", "site_type": "car_park", "suitability": 0.8}, "geometry": {"type": "Point", "coordinates": [-3.2399536281477914, 51.49177695899276]}}, {"type": "Feature", "properties": {"name": "", "site_type": "car_park", "suitability": 0.8}, "geometry": {"type": "Point", "coordinates": [-3.1220029778549323, 51.497580251690366]}}, {"type": "Feature", "properties": {"name": "", "site_type": "car_park", "suitability": 0.8}, "geometry": {"type": "Point", "coordinates": [-3.1875102455312465, 51.50829806101402]}}, {"type": "Feature", "properties": {"name": "", "site_type": "car_park", "suitability": 0.8}, "geometry": {"type": "Point", "coordinates": [-3.18602595, 51.50660839999999]}}, {"type": "Feature", "properties": {"name": "", "site_type": "car_park", "suitability": 0.8}, "geometry": {"type": "Point", "coordinates": [-3.129906104442407, 51.50653901379514]}}, {"type": "Feature", "properties": {"name": "", "site_type": "car_park", "suitability": 0.8}, "geometry": {"type": "Point", "coordinates": [-3.3088953152125424, 51.510070297980356]}}, {"type": "Feature", "properties": {"name": "Court Field Car Park", "site_type": "car_park", "suitability": 0.8}, "geometry": {"type": "Point", "coordinates": [-3.182058203664149, 51.53049990762102]}}, {"type": "Feature", "properties": {"name": "", "site_type": "car_park", "suitability": 0.8}, "geometry": {"type": "Point", "coordinates": [-3.20532491336931, 51.536403505258605]}}, {"type": "Feature", "properties": {"name": "", "site_type": "car_park", "suitability": 0.8}, "geometry": {"type": "Point", "coordinates": [-3.206105435862946, 51.5421079798141]}}, {"type": "Feature", "properties": {"name": "", "site_type": "car_park", "suitability": 0.8}, "geometry": {"type": "Point", "coordinates": [-3.192101482518061, 51.53329162312672]}}, {"type": "Feature", "properties": {"name": "", "site_type": "car_park", "suitability": 0.8}, "geometry": {"type": "Point", "coordinates": [-3.1848523229291117, 51.529330358477345]}}, {"type": "Feature", "properties": {"name": "", "site_type": "car_park", "suitability": 0.8}, "geometry": {"type": "Point", "coordinates": [-3.18883515, 51.5289998]}}, {"type": "Feature", "properties": {"name": "", "site_type": "car_park", "suitability": 0.8}, "geometry": {"type": "Point", "coordinates": [-3.1878796982388535, 51.529258550467695]}}, {"type": "Feature", "properties": {"name": "", "site_type": "car_park", "suitability": 0.8}, "geometry": {"type": "Point", "coordinates": [-3.1858703857535438, 51.52156190608207]}}, {"type": "Feature", "properties": {"name": "", "site_type": "car_park", "suitability": 0.8}, "geometry": {"type": "Point", "coordinates": [-3.185453558026599, 51.520519448000016]}}, {"type": "Feature", "properties": {"name": "", "site_type": "car_park", "suitability": 0.8}, "geometry": {"type": "Point", "coordinates": [-3.1860665092614147, 51.52094583896245]}}, {"type": "Feature", "properties": {"name": "", "site_type": "car_park", "suitability": 0.8}, "geometry": {"type": "Point", "coordinates": [-3.1880087609046477, 51.52168567082356]}}, {"type": "Feature", "properties": {"name": "", "site_type": "car_park", "suitability": 0.8}, "geometry": {"type": "Point", "coordinates": [-3.183368639553328, 51.52147234923132]}}, {"type": "Feature", "properties": {"name": "", "site_type": "car_park", "suitability": 0.8}, "geometry": {"type": "Point", "coordinates": [-3.195261062087115, 51.520002136106925]}}, {"type": "Feature", "properties": {"name": "", "site_type": "car_park", "suitability": 0.8}, "geometry": {"type": "Point", "coordinates": [-3.1968486888821985, 51.519290604519114]}}, {"type": "Feature", "properties": {"name": "", "site_type": "car_park", "suitability": 0.8}, "geometry": {"type": "Point", "coordinates": [-3.199865111261035, 51.51447240530369]}}, {"type": "Feature", "properties": {"name": "", "site_type": "car_park", "suitability": 0.8}, "geometry": {"type": "Point", "coordinates": [-3.2000471125983863, 51.513773774674306]}}, {"type": "Feature", "properties": {"name": "", "site_type": "car_park", "suitability": 0.8}, "geometry": {"type": "Point", "coordinates": [-3.200424670597417, 51.51311838691541]}}, {"type": "Feature", "properties": {"name": "", "site_type": "car_park", "suitability": 0.8}, "geometry": {"type": "Point", "coordinates": [-3.2003308724125126, 51.5152250624822]}}, {"type": "Feature", "properties": {"name": "", "site_type": "car_park", "suitability": 0.8}, "geometry": {"type": "Point", "coordinates": [-3.2004600267157874, 51.51587970791599]}}, {"type": "Feature", "properties": {"name": "", "site_type": "car_park", "suitability": 0.8}, "geometry": {"type": "Point", "coordinates": [-3.200733114453648, 51.51654188195817]}}, {"type": "Feature", "properties": {"name": "", "site_type": "car_park", "suitability": 0.8}, "geometry": {"type": "Point", "coordinates": [-3.201710223791103, 51.51683022813086]}}, {"type": "Feature", "properties": {"name": "", "site_type": "car_park", "suitability": 0.8}, "geometry": {"type": "Point", "coordinates": [-3.20068258058355, 51.51702181781375]}}, {"type": "Feature", "properties": {"name": "", "site_type": "car_park", "suitability": 0.8}, "geometry": {"type": "Point", "coordinates": [-3.2008223861449774, 51.5177402763955]}}, {"type": "Feature", "properties": {"name": "", "site_type": "car_park", "suitability": 0.8}, "geometry": {"type": "Point", "coordinates": [-3.2011271232262954, 51.51846137897906]}}, {"type": "Feature", "properties": {"name": "", "site_type": "car_park", "suitability": 0.8}, "geometry": {"type": "Point", "coordinates": [-3.201064053724513, 51.51899716920216]}}, {"type": "Feature", "properties": {"name": "", "site_type": "car_park", "suitability": 0.8}, "geometry": {"type": "Point", "coordinates": [-3.2014531687356347, 51.51619037188135]}}, {"type": "Feature", "properties": {"name": "", "site_type": "car_park", "suitability": 0.8}, "geometry": {"type": "Point", "coordinates": [-3.2191519073990618, 51.518819523159046]}}, {"type": "Feature", "properties": {"name": "", "site_type": "car_park", "suitability": 0.8}, "geometry": {"type": "Point", "coordinates": [-3.2160766778051584, 51.51688553062421]}}, {"type": "Feature", "properties": {"name": "", "site_type": "car_park", "suitability": 0.8}, "geometry": {"type": "Point", "coordinates": [-3.2150429592421386, 51.517031405742074]}}, {"type": "Feature", "properties": {"name": "", "site_type": "car_park", "suitability": 0.8}, "geometry": {"type": "Point", "coordinates": [-3.2046642858246708, 51.519143182948994]}}, {"type": "Feature", "properties": {"name": "", "site_type": "car_park", "suitability": 0.8}, "geometry": {"type": "Point", "coordinates": [-3.211641118021166, 51.52190851642473]}}, {"type": "Feature", "properties": {"name": "", "site_type": "car_park", "suitability": 0.8}, "geometry": {"type": "Point", "coordinates": [-3.2170461515429203, 51.523756525237836]}}, {"type": "Feature", "properties": {"name": "", "site_type": "car_park", "suitability": 0.8}, "geometry": {"type": "Point", "coordinates": [-3.215872115436716, 51.524244355756096]}}, {"type": "Feature", "properties": {"name": "", "site_type": "car_park", "suitability": 0.8}, "geometry": {"type": "Point", "coordinates": [-3.20741754072141, 51.518357990530056]}}, {"type": "Feature", "properties": {"name": "", "site_type": "car_park", "suitability": 0.8}, "geometry": {"type": "Point", "coordinates": [-3.2154819052342005, 51.51604248372225]}}, {"type": "Feature", "properties": {"name": "", "site_type": "car_park", "suitability": 0.8}, "geometry": {"type": "Point", "coordinates": [-3.2175338162124754, 51.51319498447459]}}, {"type": "Feature", "properties": {"name": "", "site_type": "car_park", "suitability": 0.8}, "geometry": {"type": "Point", "coordinates": [-3.218428635451955, 51.511677816513924]}}, {"type": "Feature", "properties": {"name": "", "site_type": "car_park", "suitability": 0.8}, "geometry": {"type": "Point", "coordinates": [-3.217320601621703, 51.51181321516016]}}, {"type": "Feature", "properties": {"name": "", "site_type": "car_park", "suitability": 0.8}, "geometry": {"type": "Point", "coordinates": [-3.224143400210334, 51.51476846759847]}}, {"type": "Feature", "properties": {"name": "", "site_type": "car_park", "suitability": 0.8}, "geometry": {"type": "Point", "coordinates": [-3.2001368478484578, 51.508011496824125]}}, {"type": "Feature", "properties": {"name": "", "site_type": "car_park", "suitability": 0.8}, "geometry": {"type": "Point", "coordinates": [-3.1998472478555, 51.51182275648767]}}, {"type": "Feature", "properties": {"name": "", "site_type": "car_park", "suitability": 0.8}, "geometry": {"type": "Point", "coordinates": [-3.214432379868347, 51.510182565213164]}}, {"type": "Feature", "properties": {"name": "", "site_type": "car_park", "suitability": 0.8}, "geometry": {"type": "Point", "coordinates": [-3.215948621414177, 51.510093863051644]}}, {"type": "Feature", "properties": {"name": "", "site_type": "car_park", "suitability": 0.8}, "geometry": {"type": "Point", "coordinates": [-3.1607981197015813, 51.47748087747238]}}, {"type": "Feature", "properties": {"name": "", "site_type": "car_park", "suitability": 0.8}, "geometry": {"type": "Point", "coordinates": [-3.17355792067366, 51.475019078586705]}}, {"type": "Feature", "properties": {"name": "", "site_type": "car_park", "suitability": 0.8}, "geometry": {"type": "Point", "coordinates": [-3.2029941589232878, 51.52559779921302]}}, {"type": "Feature", "properties": {"name": "", "site_type": "car_park", "suitability": 0.8}, "geometry": {"type": "Point", "coordinates": [-3.192753084408452, 51.522658569054265]}}, {"type": "Feature", "properties": {"name": "", "site_type": "car_park", "suitability": 0.8}, "geometry": {"type": "Point", "coordinates": [-3.1913334019554758, 51.52221152684213]}}, {"type": "Feature", "properties": {"name": "", "site_type": "car_park", "suitability": 0.8}, "geometry": {"type": "Point", "coordinates": [-3.1902171043317535, 51.52230423948142]}}, {"type": "Feature", "properties": {"name": "", "site_type": "car_park", "suitability": 0.8}, "geometry": {"type": "Point", "coordinates": [-3.1921985342204944, 51.52530007605153]}}, {"type": "Feature", "properties": {"name": "", "site_type": "car_park", "suitability": 0.8}, "geometry": {"type": "Point", "coordinates": [-3.189725522680799, 51.52572760120976]}}, {"type": "Feature", "properties": {"name": "", "site_type": "car_park", "suitability": 0.8}, "geometry": {"type": "Point", "coordinates": [-3.189411502637965, 51.52512655087731]}}, {"type": "Feature", "properties": {"name": "", "site_type": "car_park", "suitability": 0.8}, "geometry": {"type": "Point", "coordinates": [-3.1903777460392684, 51.525225150350586]}}, {"type": "Feature", "properties": {"name": "", "site_type": "car_park", "suitability": 0.8}, "geometry": {"type": "Point", "coordinates": [-3.198228610239124, 51.522263113281795]}}, {"type": "Feature", "properties": {"name": "", "site_type": "car_park", "suitability": 0.8}, "geometry": {"type": "Point", "coordinates": [-3.196909785823317, 51.52254692176454]}}, {"type": "Feature", "properties": {"name": "", "site_type": "car_park", "suitability": 0.8}, "geometry": {"type": "Point", "coordinates": [-3.198005094314248, 51.52325410103163]}}, {"type": "Feature", "properties": {"name": "", "site_type": "car_park", "suitability": 0.8}, "geometry": {"type": "Point", "coordinates": [-3.1955444291423185, 51.52289614361734]}}, {"type": "Feature", "properties": {"name": "", "site_type": "car_park", "suitability": 0.8}, "geometry": {"type": "Point", "coordinates": [-3.195355982518053, 51.523364576548836]}}, {"type": "Feature", "properties": {"name": "", "site_type": "car_park", "suitability": 0.8}, "geometry": {"type": "Point", "coordinates": [-3.1922977068826106, 51.52398495512698]}}, {"type": "Feature", "properties": {"name": "", "site_type": "car_park", "suitability": 0.8}, "geometry": {"type": "Point", "coordinates": [-3.1992504228511, 51.52251522126767]}}, {"type": "Feature", "properties": {"name": "", "site_type": "car_park", "suitability": 0.8}, "geometry": {"type": "Point", "coordinates": [-3.1997455128403374, 51.52186125571521]}}, {"type": "Feature", "properties": {"name": "", "site_type": "car_park", "suitability": 0.8}, "geometry": {"type": "Point", "coordinates": [-3.199987667379203, 51.52399579666488]}}, {"type": "Feature", "properties": {"name": "", "site_type": "car_park", "suitability": 0.8}, "geometry": {"type": "Point", "coordinates": [-3.198967963046094, 51.524268330138625]}}, {"type": "Feature", "properties": {"name": "", "site_type": "car_park", "suitability": 0.8}, "geometry": {"type": "Point", "coordinates": [-3.1978341671645762, 51.52437482172883]}}, {"type": "Feature", "properties": {"name": "", "site_type": "car_park", "suitability": 0.8}, "geometry": {"type": "Point", "coordinates": [-3.1999063730212582, 51.52281493374334]}}, {"type": "Feature", "properties": {"name": "", "site_type": "car_park", "suitability": 0.8}, "geometry": {"type": "Point", "coordinates": [-3.199804844611752, 51.52500269999372]}}, {"type": "Feature", "properties": {"name": "", "site_type": "car_park", "suitability": 0.8}, "geometry": {"type": "Point", "coordinates": [-3.1982424938030785, 51.52550505765333]}}, {"type": "Feature", "properties": {"name": "", "site_type": "car_park", "suitability": 0.8}, "geometry": {"type": "Point", "coordinates": [-3.197464715171031, 51.52569099764183]}}, {"type": "Feature", "properties": {"name": "", "site_type": "car_park", "suitability": 0.8}, "geometry": {"type": "Point", "coordinates": [-3.2047904340276303, 51.53127294364499]}}, {"type": "Feature", "properties": {"name": "", "site_type": "car_park", "suitability": 0.8}, "geometry": {"type": "Point", "coordinates": [-3.1977567276441334, 51.53168033499884]}}, {"type": "Feature", "properties": {"name": "", "site_type": "car_park", "suitability": 0.8}, "geometry": {"type": "Point", "coordinates": [-3.1986930663028623, 51.53158457263867]}}, {"type": "Feature", "properties": {"name": "", "site_type": "car_park", "suitability": 0.8}, "geometry": {"type": "Point", "coordinates": [-3.1890670500000007, 51.52845745]}}, {"type": "Feature", "properties": {"name": "", "site_type": "car_park", "suitability": 0.8}, "geometry": {"type": "Point", "coordinates": [-3.2377648884233783, 51.50310124096516]}}, {"type": "Feature", "properties": {"name": "", "site_type": "car_park", "suitability": 0.8}, "geometry": {"type": "Point", "coordinates": [-3.238610387404893, 51.50360011052268]}}, {"type": "Feature", "properties": {"name": "", "site_type": "car_park", "suitability": 0.8}, "geometry": {"type": "Point", "coordinates": [-3.2017714574236047, 51.52358960758434]}}, {"type": "Feature", "properties": {"name": "", "site_type": "car_park", "suitability": 0.8}, "geometry": {"type": "Point", "coordinates": [-3.1855673509058935, 51.49294069760946]}}, {"type": "Feature", "properties": {"name": "", "site_type": "car_park", "suitability": 0.8}, "geometry": {"type": "Point", "coordinates": [-3.1878600073678283, 51.49180735756021]}}, {"type": "Feature", "properties": {"name": "", "site_type": "car_park", "suitability": 0.8}, "geometry": {"type": "Point", "coordinates": [-3.179842778597129, 51.49046272261717]}}, {"type": "Feature", "properties": {"name": "", "site_type": "car_park", "suitability": 0.8}, "geometry": {"type": "Point", "coordinates": [-3.178394156267384, 51.490956039381345]}}, {"type": "Feature", "properties": {"name": "", "site_type": "car_park", "suitability": 0.8}, "geometry": {"type": "Point", "coordinates": [-3.201910928914729, 51.52431881206293]}}, {"type": "Feature", "properties": {"name": "", "site_type": "car_park", "suitability": 0.8}, "geometry": {"type": "Point", "coordinates": [-3.200974793578983, 51.52390782054017]}}, {"type": "Feature", "properties": {"name": "", "site_type": "car_park", "suitability": 0.8}, "geometry": {"type": "Point", "coordinates": [-3.2059951597841714, 51.544882553998946]}}, {"type": "Feature", "properties": {"name": "", "site_type": "car_park", "suitability": 0.8}, "geometry": {"type": "Point", "coordinates": [-3.159151165375104, 51.53430610568047]}}, {"type": "Feature", "properties": {"name": "", "site_type": "car_park", "suitability": 0.8}, "geometry": {"type": "Point", "coordinates": [-3.157918242581667, 51.532545359693096]}}, {"type": "Feature", "properties": {"name": "", "site_type": "car_park", "suitability": 0.8}, "geometry": {"type": "Point", "coordinates": [-3.145386130156443, 51.52995680438169]}}, {"type": "Feature", "properties": {"name": "", "site_type": "car_park", "suitability": 0.8}, "geometry": {"type": "Point", "coordinates": [-3.1419514491948806, 51.52993806800668]}}, {"type": "Feature", "properties": {"name": "", "site_type": "car_park", "suitability": 0.8}, "geometry": {"type": "Point", "coordinates": [-3.142564386104133, 51.529299142104804]}}, {"type": "Feature", "properties": {"name": "", "site_type": "car_park", "suitability": 0.8}, "geometry": {"type": "Point", "coordinates": [-3.1421786811110204, 51.528806826797314]}}, {"type": "Feature", "properties": {"name": "", "site_type": "car_park", "suitability": 0.8}, "geometry": {"type": "Point", "coordinates": [-3.145722753683152, 51.52226005722929]}}, {"type": "Feature", "properties": {"name": "", "site_type": "car_park", "suitability": 0.8}, "geometry": {"type": "Point", "coordinates": [-3.1387800609774734, 51.536568520278635]}}, {"type": "Feature", "properties": {"name": "", "site_type": "car_park", "suitability": 0.8}, "geometry": {"type": "Point", "coordinates": [-3.1409774782876934, 51.524661483002355]}}, {"type": "Feature", "properties": {"name": "", "site_type": "car_park", "suitability": 0.8}, "geometry": {"type": "Point", "coordinates": [-3.14329987374327, 51.525772284513025]}}, {"type": "Feature", "properties": {"name": "", "site_type": "car_park", "suitability": 0.8}, "geometry": {"type": "Point", "coordinates": [-3.140904007351212, 51.5279894842014]}}, {"type": "Feature", "properties": {"name": "", "site_type": "car_park", "suitability": 0.8}, "geometry": {"type": "Point", "coordinates": [-3.139098619159107, 51.52897908615242]}}, {"type": "Feature", "properties": {"name": "", "site_type": "car_park", "suitability": 0.8}, "geometry": {"type": "Point", "coordinates": [-3.202631014690492, 51.51720727372333]}}, {"type": "Feature", "properties": {"name": "", "site_type": "car_park", "suitability": 0.8}, "geometry": {"type": "Point", "coordinates": [-3.158801889728108, 51.47616789960803]}}, {"type": "Feature", "properties": {"name": "", "site_type": "car_park", "suitability": 0.8}, "geometry": {"type": "Point", "coordinates": [-3.1800636002969505, 51.50922294641325]}}, {"type": "Feature", "properties": {"name": "", "site_type": "car_park", "suitability": 0.8}, "geometry": {"type": "Point", "coordinates": [-3.180442405022461, 51.50969547590587]}}, {"type": "Feature", "properties": {"name": "", "site_type": "car_park", "suitability": 0.8}, "geometry": {"type": "Point", "coordinates": [-3.181063567020451, 51.51036666339853]}}, {"type": "Feature", "properties": {"name": "", "site_type": "car_park", "suitability": 0.8}, "geometry": {"type": "Point", "coordinates": [-3.1817232098924593, 51.50945003370025]}}, {"type": "Feature", "properties": {"name": "", "site_type": "car_park", "suitability": 0.8}, "geometry": {"type": "Point", "coordinates": [-3.188227480598728, 51.49976408487433]}}, {"type": "Feature", "properties": {"name": "", "site_type": "car_park", "suitability": 0.8}, "geometry": {"type": "Point", "coordinates": [-3.1902561143100034, 51.499437537110275]}}, {"type": "Feature", "properties": {"name": "", "site_type": "car_park", "suitability": 0.8}, "geometry": {"type": "Point", "coordinates": [-3.188426893830475, 51.50054888963591]}}, {"type": "Feature", "properties": {"name": "", "site_type": "car_park", "suitability": 0.8}, "geometry": {"type": "Point", "coordinates": [-3.2121904627250055, 51.48624340635538]}}, {"type": "Feature", "properties": {"name": "", "site_type": "car_park", "suitability": 0.8}, "geometry": {"type": "Point", "coordinates": [-3.2102879775973343, 51.47033474526962]}}, {"type": "Feature", "properties": {"name": "", "site_type": "car_park", "suitability": 0.8}, "geometry": {"type": "Point", "coordinates": [-3.2101198603655576, 51.47149316225743]}}, {"type": "Feature", "properties": {"name": "", "site_type": "car_park", "suitability": 0.8}, "geometry": {"type": "Point", "coordinates": [-3.211042823065971, 51.471358184735074]}}, {"type": "Feature", "properties": {"name": "", "site_type": "car_park", "suitability": 0.8}, "geometry": {"type": "Point", "coordinates": [-3.206602039876588, 51.47349030369496]}}, {"type": "Feature", "properties": {"name": "", "site_type": "car_park", "suitability": 0.8}, "geometry": {"type": "Point", "coordinates": [-3.226294913567934, 51.501857829162255]}}, {"type": "Feature", "properties": {"name": "", "site_type": "car_park", "suitability": 0.8}, "geometry": {"type": "Point", "coordinates": [-3.24787119317687, 51.496792133157875]}}, {"type": "Feature", "properties": {"name": "", "site_type": "car_park", "suitability": 0.8}, "geometry": {"type": "Point", "coordinates": [-3.180184777279146, 51.51141841463765]}}, {"type": "Feature", "properties": {"name": "", "site_type": "car_park", "suitability": 0.8}, "geometry": {"type": "Point", "coordinates": [-3.1682313937761157, 51.50508032594477]}}, {"type": "Feature", "properties": {"name": "", "site_type": "car_park", "suitability": 0.8}, "geometry": {"type": "Point", "coordinates": [-3.1613301215307343, 51.50940375942816]}}, {"type": "Feature", "properties": {"name": "", "site_type": "car_park", "suitability": 0.8}, "geometry": {"type": "Point", "coordinates": [-3.1605756803857, 51.5103536290625]}}, {"type": "Feature", "properties": {"name": "", "site_type": "car_park", "suitability": 0.8}, "geometry": {"type": "Point", "coordinates": [-3.163475955204552, 51.510562595015124]}}, {"type": "Feature", "properties": {"name": "", "site_type": "car_park", "suitability": 0.8}, "geometry": {"type": "Point", "coordinates": [-3.1635443093979716, 51.51106046934493]}}, {"type": "Feature", "properties": {"name": "", "site_type": "car_park", "suitability": 0.8}, "geometry": {"type": "Point", "coordinates": [-3.162540676327128, 51.512166804835616]}}, {"type": "Feature", "properties": {"name": "", "site_type": "car_park", "suitability": 0.8}, "geometry": {"type": "Point", "coordinates": [-3.1608059821298045, 51.50870092016871]}}, {"type": "Feature", "properties": {"name": "", "site_type": "car_park", "suitability": 0.8}, "geometry": {"type": "Point", "coordinates": [-3.1615207842273185, 51.508829106550834]}}, {"type": "Feature", "properties": {"name": "", "site_type": "car_park", "suitability": 0.8}, "geometry": {"type": "Point", "coordinates": [-3.1653725906314403, 51.525783303159976]}}, {"type": "Feature", "properties": {"name": "", "site_type": "car_park", "suitability": 0.8}, "geometry": {"type": "Point", "coordinates": [-3.1846395020690026, 51.47016573552472]}}, {"type": "Feature", "properties": {"name": "", "site_type": "car_park", "suitability": 0.8}, "geometry": {"type": "Point", "coordinates": [-3.184061107272938, 51.470538757823576]}}, {"type": "Feature", "properties": {"name": "", "site_type": "car_park", "suitability": 0.8}, "geometry": {"type": "Point", "coordinates": [-3.1830223377525133, 51.470578579042765]}}, {"type": "Feature", "properties": {"name": "", "site_type": "car_park", "suitability": 0.8}, "geometry": {"type": "Point", "coordinates": [-3.1825924949980524, 51.470161798901366]}}, {"type": "Feature", "properties": {"name": "", "site_type": "car_park", "suitability": 0.8}, "geometry": {"type": "Point", "coordinates": [-3.1833608708003274, 51.47102678955531]}}, {"type": "Feature", "properties": {"name": "", "site_type": "car_park", "suitability": 0.8}, "geometry": {"type": "Point", "coordinates": [-3.1638223861563373, 51.47706986461065]}}, {"type": "Feature", "properties": {"name": "", "site_type": "car_park", "suitability": 0.8}, "geometry": {"type": "Point", "coordinates": [-3.1830352711750445, 51.46540125275072]}}, {"type": "Feature", "properties": {"name": "", "site_type": "car_park", "suitability": 0.8}, "geometry": {"type": "Point", "coordinates": [-3.187463398447974, 51.47415833705587]}}, {"type": "Feature", "properties": {"name": "", "site_type": "car_park", "suitability": 0.8}, "geometry": {"type": "Point", "coordinates": [-3.180156487581225, 51.45714663672285]}}, {"type": "Feature", "properties": {"name": "", "site_type": "car_park", "suitability": 0.8}, "geometry": {"type": "Point", "coordinates": [-3.18069229572438, 51.45673604886193]}}, {"type": "Feature", "properties": {"name": "", "site_type": "car_park", "suitability": 0.8}, "geometry": {"type": "Point", "coordinates": [-3.1901480807273184, 51.47185186032783]}}, {"type": "Feature", "properties": {"name": "", "site_type": "car_park", "suitability": 0.8}, "geometry": {"type": "Point", "coordinates": [-3.1891729032124068, 51.470189971412644]}}, {"type": "Feature", "properties": {"name": "", "site_type": "car_park", "suitability": 0.8}, "geometry": {"type": "Point", "coordinates": [-3.1912656167219384, 51.494247320159204]}}, {"type": "Feature", "properties": {"name": "", "site_type": "car_park", "suitability": 0.8}, "geometry": {"type": "Point", "coordinates": [-3.1911530857835917, 51.4947599419951]}}, {"type": "Feature", "properties": {"name": "", "site_type": "car_park", "suitability": 0.8}, "geometry": {"type": "Point", "coordinates": [-3.163860000000001, 51.496447599999996]}}, {"type": "Feature", "properties": {"name": "", "site_type": "car_park", "suitability": 0.8}, "geometry": {"type": "Point", "coordinates": [-3.1381434270068924, 51.54115381459819]}}, {"type": "Feature", "properties": {"name": "", "site_type": "car_park", "suitability": 0.8}, "geometry": {"type": "Point", "coordinates": [-3.1346034830541947, 51.54189802272327]}}, {"type": "Feature", "properties": {"name": "", "site_type": "car_park", "suitability": 0.8}, "geometry": {"type": "Point", "coordinates": [-3.1330792681598427, 51.541548667288836]}}, {"type": "Feature", "properties": {"name": "", "site_type": "car_park", "suitability": 0.8}, "geometry": {"type": "Point", "coordinates": [-3.1308522022408427, 51.5407428801106]}}, {"type": "Feature", "properties": {"name": "", "site_type": "car_park", "suitability": 0.8}, "geometry": {"type": "Point", "coordinates": [-3.1381169329787855, 51.54011601765848]}}, {"type": "Feature", "properties": {"name": "", "site_type": "car_park", "suitability": 0.8}, "geometry": {"type": "Point", "coordinates": [-3.1362057995806967, 51.54018965284021]}}, {"type": "Feature", "properties": {"name": "", "site_type": "car_park", "suitability": 0.8}, "geometry": {"type": "Point", "coordinates": [-3.13655477927184, 51.54077352511792]}}, {"type": "Feature", "properties": {"name": "", "site_type": "car_park", "suitability": 0.8}, "geometry": {"type": "Point", "coordinates": [-3.134711224914056, 51.54058646761746]}}, {"type": "Feature", "properties": {"name": "", "site_type": "car_park", "suitability": 0.8}, "geometry": {"type": "Point", "coordinates": [-3.1372088056291303, 51.539362223629126]}}, {"type": "Feature", "properties": {"name": "", "site_type": "car_park", "suitability": 0.8}, "geometry": {"type": "Point", "coordinates": [-3.1540307573486968, 51.46396768994512]}}, {"type": "Feature", "properties": {"name": "", "site_type": "car_park", "suitability": 0.8}, "geometry": {"type": "Point", "coordinates": [-3.160666679125277, 51.453387629183965]}}, {"type": "Feature", "properties": {"name": "", "site_type": "car_park", "suitability": 0.8}, "geometry": {"type": "Point", "coordinates": [-3.156695492373534, 51.46489828299351]}}, {"type": "Feature", "properties": {"name": "", "site_type": "car_park", "suitability": 0.8}, "geometry": {"type": "Point", "coordinates": [-3.157234776897358, 51.4653787715435]}}, {"type": "Feature", "properties": {"name": "", "site_type": "car_park", "suitability": 0.8}, "geometry": {"type": "Point", "coordinates": [-3.1570079713979906, 51.465848788599715]}}, {"type": "Feature", "properties": {"name": "", "site_type": "car_park", "suitability": 0.8}, "geometry": {"type": "Point", "coordinates": [-3.158033805601323, 51.46120489567626]}}, {"type": "Feature", "properties": {"name": "Roath Lock Studios East Car Park", "site_type": "car_park", "suitability": 0.8}, "geometry": {"type": "Point", "coordinates": [-3.155299357904707, 51.46281298327918]}}, {"type": "Feature", "properties": {"name": "", "site_type": "car_park", "suitability": 0.8}, "geometry": {"type": "Point", "coordinates": [-3.1690772942589485, 51.461701908258384]}}, {"type": "Feature", "properties": {"name": "", "site_type": "car_park", "suitability": 0.8}, "geometry": {"type": "Point", "coordinates": [-3.1702791056808883, 51.46091543185471]}}, {"type": "Feature", "properties": {"name": "", "site_type": "car_park", "suitability": 0.8}, "geometry": {"type": "Point", "coordinates": [-3.1710513248818493, 51.46068104700109]}}, {"type": "Feature", "properties": {"name": "", "site_type": "car_park", "suitability": 0.8}, "geometry": {"type": "Point", "coordinates": [-3.1664739740255476, 51.46451435567352]}}, {"type": "Feature", "properties": {"name": "", "site_type": "car_park", "suitability": 0.8}, "geometry": {"type": "Point", "coordinates": [-3.1671698944946387, 51.464041249141445]}}, {"type": "Feature", "properties": {"name": "", "site_type": "car_park", "suitability": 0.8}, "geometry": {"type": "Point", "coordinates": [-3.1679367662042894, 51.46378828316352]}}, {"type": "Feature", "properties": {"name": "", "site_type": "car_park", "suitability": 0.8}, "geometry": {"type": "Point", "coordinates": [-3.166480890786875, 51.46362561158592]}}, {"type": "Feature", "properties": {"name": "", "site_type": "car_park", "suitability": 0.8}, "geometry": {"type": "Point", "coordinates": [-3.168329882389204, 51.46472514785283]}}, {"type": "Feature", "properties": {"name": "", "site_type": "car_park", "suitability": 0.8}, "geometry": {"type": "Point", "coordinates": [-3.168785811202246, 51.46529085199275]}}, {"type": "Feature", "properties": {"name": "", "site_type": "car_park", "suitability": 0.8}, "geometry": {"type": "Point", "coordinates": [-3.1673760074425026, 51.46465554030018]}}, {"type": "Feature", "properties": {"name": "", "site_type": "car_park", "suitability": 0.8}, "geometry": {"type": "Point", "coordinates": [-3.1667991854974304, 51.465094589216825]}}, {"type": "Feature", "properties": {"name": "", "site_type": "car_park", "suitability": 0.8}, "geometry": {"type": "Point", "coordinates": [-3.1539560473882657, 51.468919762617254]}}, {"type": "Feature", "properties": {"name": "", "site_type": "car_park", "suitability": 0.8}, "geometry": {"type": "Point", "coordinates": [-3.1548077522160582, 51.47033691058391]}}, {"type": "Feature", "properties": {"name": "", "site_type": "car_park", "suitability": 0.8}, "geometry": {"type": "Point", "coordinates": [-3.1558416293172615, 51.47110093783027]}}, {"type": "Feature", "properties": {"name": "", "site_type": "car_park", "suitability": 0.8}, "geometry": {"type": "Point", "coordinates": [-3.1559529270466546, 51.4702983166172]}}, {"type": "Feature", "properties": {"name": "", "site_type": "car_park", "suitability": 0.8}, "geometry": {"type": "Point", "coordinates": [-3.157123846564372, 51.47135798256492]}}, {"type": "Feature", "properties": {"name": "", "site_type": "car_park", "suitability": 0.8}, "geometry": {"type": "Point", "coordinates": [-3.153531712700382, 51.472262115428975]}}, {"type": "Feature", "properties": {"name": "", "site_type": "car_park", "suitability": 0.8}, "geometry": {"type": "Point", "coordinates": [-3.150446197430905, 51.47051653744299]}}, {"type": "Feature", "properties": {"name": "", "site_type": "car_park", "suitability": 0.8}, "geometry": {"type": "Point", "coordinates": [-3.1497456086421844, 51.4732541333563]}}, {"type": "Feature", "properties": {"name": "", "site_type": "car_park", "suitability": 0.8}, "geometry": {"type": "Point", "coordinates": [-3.1521006449196016, 51.4730193383545]}}, {"type": "Feature", "properties": {"name": "", "site_type": "car_park", "suitability": 0.8}, "geometry": {"type": "Point", "coordinates": [-3.148845471176314, 51.47335282058625]}}, {"type": "Feature", "properties": {"name": "", "site_type": "car_park", "suitability": 0.8}, "geometry": {"type": "Point", "coordinates": [-3.151971052997541, 51.47046705734107]}}, {"type": "Feature", "properties": {"name": "", "site_type": "car_park", "suitability": 0.8}, "geometry": {"type": "Point", "coordinates": [-3.1630995369803285, 51.47572324464134]}}, {"type": "Feature", "properties": {"name": "", "site_type": "car_park", "suitability": 0.8}, "geometry": {"type": "Point", "coordinates": [-3.160626954267681, 51.47629358319426]}}, {"type": "Feature", "properties": {"name": "", "site_type": "car_park", "suitability": 0.8}, "geometry": {"type": "Point", "coordinates": [-3.159082298312824, 51.47568998501559]}}, {"type": "Feature", "properties": {"name": "", "site_type": "car_park", "suitability": 0.8}, "geometry": {"type": "Point", "coordinates": [-3.1579512790743234, 51.47523660338235]}}, {"type": "Feature", "properties": {"name": "", "site_type": "car_park", "suitability": 0.8}, "geometry": {"type": "Point", "coordinates": [-3.159060138184217, 51.477378895566446]}}, {"type": "Feature", "properties": {"name": "", "site_type": "car_park", "suitability": 0.8}, "geometry": {"type": "Point", "coordinates": [-3.1517938252262523, 51.47536510885676]}}, {"type": "Feature", "properties": {"name": "", "site_type": "car_park", "suitability": 0.8}, "geometry": {"type": "Point", "coordinates": [-3.1480621442360297, 51.475818306147346]}}, {"type": "Feature", "properties": {"name": "", "site_type": "car_park", "suitability": 0.8}, "geometry": {"type": "Point", "coordinates": [-3.149626364525149, 51.47516102596452]}}, {"type": "Feature", "properties": {"name": "", "site_type": "car_park", "suitability": 0.8}, "geometry": {"type": "Point", "coordinates": [-3.1489344852924663, 51.47569585835]}}, {"type": "Feature", "properties": {"name": "", "site_type": "car_park", "suitability": 0.8}, "geometry": {"type": "Point", "coordinates": [-3.1482837802565142, 51.47631601724907]}}, {"type": "Feature", "properties": {"name": "", "site_type": "car_park", "suitability": 0.8}, "geometry": {"type": "Point", "coordinates": [-3.148924149605008, 51.476551452957516]}}, {"type": "Feature", "properties": {"name": "", "site_type": "car_park", "suitability": 0.8}, "geometry": {"type": "Point", "coordinates": [-3.148933792403748, 51.477966021316014]}}, {"type": "Feature", "properties": {"name": "", "site_type": "car_park", "suitability": 0.8}, "geometry": {"type": "Point", "coordinates": [-3.1478518471890258, 51.478353871203595]}}, {"type": "Feature", "properties": {"name": "", "site_type": "car_park", "suitability": 0.8}, "geometry": {"type": "Point", "coordinates": [-3.148475771536308, 51.47753250760159]}}, {"type": "Feature", "properties": {"name": "", "site_type": "car_park", "suitability": 0.8}, "geometry": {"type": "Point", "coordinates": [-3.1530523840807083, 51.470904211686594]}}, {"type": "Feature", "properties": {"name": "", "site_type": "car_park", "suitability": 0.8}, "geometry": {"type": "Point", "coordinates": [-3.2194696663316438, 51.49300418769359]}}, {"type": "Feature", "properties": {"name": "", "site_type": "car_park", "suitability": 0.8}, "geometry": {"type": "Point", "coordinates": [-3.1529971307829463, 51.51304749716273]}}, {"type": "Feature", "properties": {"name": "", "site_type": "car_park", "suitability": 0.8}, "geometry": {"type": "Point", "coordinates": [-3.1589095078161775, 51.48667562894626]}}, {"type": "Feature", "properties": {"name": "", "site_type": "car_park", "suitability": 0.8}, "geometry": {"type": "Point", "coordinates": [-3.1605732225999787, 51.484215822844554]}}, {"type": "Feature", "properties": {"name": "", "site_type": "car_park", "suitability": 0.8}, "geometry": {"type": "Point", "coordinates": [-3.1680786190296617, 51.48505901978571]}}, {"type": "Feature", "properties": {"name": "", "site_type": "car_park", "suitability": 0.8}, "geometry": {"type": "Point", "coordinates": [-3.168722956468362, 51.48481110601898]}}, {"type": "Feature", "properties": {"name": "", "site_type": "car_park", "suitability": 0.8}, "geometry": {"type": "Point", "coordinates": [-3.1700516862189203, 51.485209355044766]}}, {"type": "Feature", "properties": {"name": "", "site_type": "car_park", "suitability": 0.8}, "geometry": {"type": "Point", "coordinates": [-3.1693884207990437, 51.48546628572759]}}, {"type": "Feature", "properties": {"name": "", "site_type": "car_park", "suitability": 0.8}, "geometry": {"type": "Point", "coordinates": [-3.1682245604404677, 51.4859142774753]}}, {"type": "Feature", "properties": {"name": "", "site_type": "car_park", "suitability": 0.8}, "geometry": {"type": "Point", "coordinates": [-3.1693557000000006, 51.48456500000001]}}, {"type": "Feature", "properties": {"name": "", "site_type": "car_park", "suitability": 0.8}, "geometry": {"type": "Point", "coordinates": [-3.168031213950015, 51.48662078939878]}}, {"type": "Feature", "properties": {"name": "", "site_type": "car_park", "suitability": 0.8}, "geometry": {"type": "Point", "coordinates": [-3.166614281003403, 51.48562566164299]}}, {"type": "Feature", "properties": {"name": "", "site_type": "car_park", "suitability": 0.8}, "geometry": {"type": "Point", "coordinates": [-3.180559184411609, 51.48901842813484]}}, {"type": "Feature", "properties": {"name": "", "site_type": "car_park", "suitability": 0.8}, "geometry": {"type": "Point", "coordinates": [-3.179873983586628, 51.488839144869694]}}, {"type": "Feature", "properties": {"name": "", "site_type": "car_park", "suitability": 0.8}, "geometry": {"type": "Point", "coordinates": [-3.1517815258809687, 51.513400229609665]}}, {"type": "Feature", "properties": {"name": "", "site_type": "car_park", "suitability": 0.8}, "geometry": {"type": "Point", "coordinates": [-3.232037178180933, 51.48662045235265]}}, {"type": "Feature", "properties": {"name": "", "site_type": "car_park", "suitability": 0.8}, "geometry": {"type": "Point", "coordinates": [-3.1783959864714246, 51.49337012121558]}}, {"type": "Feature", "properties": {"name": "", "site_type": "car_park", "suitability": 0.8}, "geometry": {"type": "Point", "coordinates": [-3.1788514357601527, 51.492056864046596]}}, {"type": "Feature", "properties": {"name": "", "site_type": "car_park", "suitability": 0.8}, "geometry": {"type": "Point", "coordinates": [-3.178369407503606, 51.49253839213713]}}, {"type": "Feature", "properties": {"name": "", "site_type": "car_park", "suitability": 0.8}, "geometry": {"type": "Point", "coordinates": [-3.1778020130313958, 51.492982502452186]}}, {"type": "Feature", "properties": {"name": "", "site_type": "car_park", "suitability": 0.8}, "geometry": {"type": "Point", "coordinates": [-3.1749655234130087, 51.49482250162535]}}, {"type": "Feature", "properties": {"name": "", "site_type": "car_park", "suitability": 0.8}, "geometry": {"type": "Point", "coordinates": [-3.1758385665069153, 51.495037610930424]}}, {"type": "Feature", "properties": {"name": "", "site_type": "car_park", "suitability": 0.8}, "geometry": {"type": "Point", "coordinates": [-3.1766389167337308, 51.49531412198452]}}, {"type": "Feature", "properties": {"name": "", "site_type": "car_park", "suitability": 0.8}, "geometry": {"type": "Point", "coordinates": [-3.1779811570331575, 51.49477661519545]}}, {"type": "Feature", "properties": {"name": "", "site_type": "car_park", "suitability": 0.8}, "geometry": {"type": "Point", "coordinates": [-3.177996371189356, 51.49432374704792]}}, {"type": "Feature", "properties": {"name": "", "site_type": "car_park", "suitability": 0.8}, "geometry": {"type": "Point", "coordinates": [-3.175381617138093, 51.493854188458]}}, {"type": "Feature", "properties": {"name": "", "site_type": "car_park", "suitability": 0.8}, "geometry": {"type": "Point", "coordinates": [-3.1796063063637887, 51.4927105734102]}}, {"type": "Feature", "properties": {"name": "", "site_type": "car_park", "suitability": 0.8}, "geometry": {"type": "Point", "coordinates": [-3.180696794385667, 51.493133463279186]}}, {"type": "Feature", "properties": {"name": "", "site_type": "car_park", "suitability": 0.8}, "geometry": {"type": "Point", "coordinates": [-3.167014614970139, 51.47763492998812]}}, {"type": "Feature", "properties": {"name": "", "site_type": "car_park", "suitability": 0.8}, "geometry": {"type": "Point", "coordinates": [-3.170552228298888, 51.500920282774146]}}, {"type": "Feature", "properties": {"name": "Royal Mail Vehicle Parking", "site_type": "car_park", "suitability": 0.8}, "geometry": {"type": "Point", "coordinates": [-3.2227837903212633, 51.48341709917867]}}, {"type": "Feature", "properties": {"name": "", "site_type": "car_park", "suitability": 0.8}, "geometry": {"type": "Point", "coordinates": [-3.221663997852069, 51.48344084293576]}}, {"type": "Feature", "properties": {"name": "Plymouth Arms Pay & Display Car Park", "site_type": "car_park", "suitability": 0.8}, "geometry": {"type": "Point", "coordinates": [-3.267432583801771, 51.48787362748887]}}, {"type": "Feature", "properties": {"name": "St Fagans Museum Overflow Car Park", "site_type": "car_park", "suitability": 0.8}, "geometry": {"type": "Point", "coordinates": [-3.274250571822542, 51.484652213109264]}}, {"type": "Feature", "properties": {"name": "", "site_type": "car_park", "suitability": 0.8}, "geometry": {"type": "Point", "coordinates": [-3.241460845986727, 51.490094284540554]}}, {"type": "Feature", "properties": {"name": "", "site_type": "car_park", "suitability": 0.8}, "geometry": {"type": "Point", "coordinates": [-3.241171909412087, 51.489535950795094]}}, {"type": "Feature", "properties": {"name": "", "site_type": "car_park", "suitability": 0.8}, "geometry": {"type": "Point", "coordinates": [-3.243583869126761, 51.492098781015684]}}, {"type": "Feature", "properties": {"name": "", "site_type": "car_park", "suitability": 0.8}, "geometry": {"type": "Point", "coordinates": [-3.2452376124750226, 51.52523648156945]}}, {"type": "Feature", "properties": {"name": "", "site_type": "car_park", "suitability": 0.8}, "geometry": {"type": "Point", "coordinates": [-3.233343578603612, 51.52137047393734]}}, {"type": "Feature", "properties": {"name": "Village Hotel Car Park", "site_type": "car_park", "suitability": 0.8}, "geometry": {"type": "Point", "coordinates": [-3.239637831665994, 51.52466993788151]}}, {"type": "Feature", "properties": {"name": "", "site_type": "car_park", "suitability": 0.8}, "geometry": {"type": "Point", "coordinates": [-3.2440347557812874, 51.52411808085824]}}, {"type": "Feature", "properties": {"name": "", "site_type": "car_park", "suitability": 0.8}, "geometry": {"type": "Point", "coordinates": [-3.245562486237134, 51.515885978093884]}}, {"type": "Feature", "properties": {"name": "", "site_type": "car_park", "suitability": 0.8}, "geometry": {"type": "Point", "coordinates": [-3.2416905090599655, 51.51816605127752]}}, {"type": "Feature", "properties": {"name": "", "site_type": "car_park", "suitability": 0.8}, "geometry": {"type": "Point", "coordinates": [-3.2404936201640706, 51.5182561334937]}}, {"type": "Feature", "properties": {"name": "", "site_type": "car_park", "suitability": 0.8}, "geometry": {"type": "Point", "coordinates": [-3.262172003354364, 51.4697271941064]}}, {"type": "Feature", "properties": {"name": "", "site_type": "car_park", "suitability": 0.8}, "geometry": {"type": "Point", "coordinates": [-3.2630740657967796, 51.46947071613226]}}, {"type": "Feature", "properties": {"name": "", "site_type": "car_park", "suitability": 0.8}, "geometry": {"type": "Point", "coordinates": [-3.2610448177980094, 51.47027754631813]}}, {"type": "Feature", "properties": {"name": "", "site_type": "car_park", "suitability": 0.8}, "geometry": {"type": "Point", "coordinates": [-3.2695429113251877, 51.47389355140834]}}, {"type": "Feature", "properties": {"name": "", "site_type": "car_park", "suitability": 0.8}, "geometry": {"type": "Point", "coordinates": [-3.260450030135725, 51.47188598501793]}}, {"type": "Feature", "properties": {"name": "", "site_type": "car_park", "suitability": 0.8}, "geometry": {"type": "Point", "coordinates": [-3.2663126644164886, 51.46740267046265]}}, {"type": "Feature", "properties": {"name": "", "site_type": "car_park", "suitability": 0.8}, "geometry": {"type": "Point", "coordinates": [-3.2657802937029943, 51.468096673902814]}}, {"type": "Feature", "properties": {"name": "", "site_type": "car_park", "suitability": 0.8}, "geometry": {"type": "Point", "coordinates": [-3.2647084641325126, 51.46826576394053]}}, {"type": "Feature", "properties": {"name": "", "site_type": "car_park", "suitability": 0.8}, "geometry": {"type": "Point", "coordinates": [-3.1619731923260894, 51.48167133297442]}}, {"type": "Feature", "properties": {"name": "", "site_type": "car_park", "suitability": 0.8}, "geometry": {"type": "Point", "coordinates": [-3.16258884932745, 51.48110252563285]}}, {"type": "Feature", "properties": {"name": "", "site_type": "car_park", "suitability": 0.8}, "geometry": {"type": "Point", "coordinates": [-3.1625501175563944, 51.482252118648645]}}, {"type": "Feature", "properties": {"name": "", "site_type": "car_park", "suitability": 0.8}, "geometry": {"type": "Point", "coordinates": [-3.159972840038254, 51.487921092945534]}}, {"type": "Feature", "properties": {"name": "", "site_type": "car_park", "suitability": 0.8}, "geometry": {"type": "Point", "coordinates": [-3.1592854638120604, 51.48852026187591]}}, {"type": "Feature", "properties": {"name": "", "site_type": "car_park", "suitability": 0.8}, "geometry": {"type": "Point", "coordinates": [-3.170674486899841, 51.480799175429965]}}, {"type": "Feature", "properties": {"name": "", "site_type": "car_park", "suitability": 0.8}, "geometry": {"type": "Point", "coordinates": [-3.1707434158425962, 51.47916775661112]}}, {"type": "Feature", "properties": {"name": "St David's Multistorey Car Park", "site_type": "car_park", "suitability": 0.8}, "geometry": {"type": "Point", "coordinates": [-3.174238370643144, 51.4793710967615]}}, {"type": "Feature", "properties": {"name": "", "site_type": "car_park", "suitability": 0.8}, "geometry": {"type": "Point", "coordinates": [-3.186702937853868, 51.495294076687514]}}, {"type": "Feature", "properties": {"name": "", "site_type": "car_park", "suitability": 0.8}, "geometry": {"type": "Point", "coordinates": [-3.187548356539037, 51.49574793451535]}}, {"type": "Feature", "properties": {"name": "NCP - Cardiff Stadium", "site_type": "car_park", "suitability": 0.8}, "geometry": {"type": "Point", "coordinates": [-3.1825630928752, 51.48008318764451]}}, {"type": "Feature", "properties": {"name": "", "site_type": "car_park", "suitability": 0.8}, "geometry": {"type": "Point", "coordinates": [-3.175587253751627, 51.48380485752312]}}, {"type": "Feature", "properties": {"name": "", "site_type": "car_park", "suitability": 0.8}, "geometry": {"type": "Point", "coordinates": [-3.218875106860326, 51.493758429221636]}}, {"type": "Feature", "properties": {"name": "", "site_type": "car_park", "suitability": 0.8}, "geometry": {"type": "Point", "coordinates": [-3.219824466818779, 51.49391747311824]}}, {"type": "Feature", "properties": {"name": "Llandaff High Street Pay & Display Car Park", "site_type": "car_park", "suitability": 0.8}, "geometry": {"type": "Point", "coordinates": [-3.2177010358210283, 51.49389019113805]}}, {"type": "Feature", "properties": {"name": "", "site_type": "car_park", "suitability": 0.8}, "geometry": {"type": "Point", "coordinates": [-3.2203883711852734, 51.493184598741955]}}, {"type": "Feature", "properties": {"name": "", "site_type": "car_park", "suitability": 0.8}, "geometry": {"type": "Point", "coordinates": [-3.2162824506755703, 51.4922876014726]}}, {"type": "Feature", "properties": {"name": "", "site_type": "car_park", "suitability": 0.8}, "geometry": {"type": "Point", "coordinates": [-3.2339761725374236, 51.50875546929044]}}, {"type": "Feature", "properties": {"name": "", "site_type": "car_park", "suitability": 0.8}, "geometry": {"type": "Point", "coordinates": [-3.2353000425717378, 51.5087051926128]}}, {"type": "Feature", "properties": {"name": "", "site_type": "car_park", "suitability": 0.8}, "geometry": {"type": "Point", "coordinates": [-3.2270422837023625, 51.512075929510864]}}, {"type": "Feature", "properties": {"name": "", "site_type": "car_park", "suitability": 0.8}, "geometry": {"type": "Point", "coordinates": [-3.2275256294322636, 51.506221213579614]}}, {"type": "Feature", "properties": {"name": "", "site_type": "car_park", "suitability": 0.8}, "geometry": {"type": "Point", "coordinates": [-3.2179422366087205, 51.50591810309893]}}, {"type": "Feature", "properties": {"name": "", "site_type": "car_park", "suitability": 0.8}, "geometry": {"type": "Point", "coordinates": [-3.217006460553889, 51.51063634160634]}}, {"type": "Feature", "properties": {"name": "", "site_type": "car_park", "suitability": 0.8}, "geometry": {"type": "Point", "coordinates": [-3.2226723102649553, 51.51559091499552]}}, {"type": "Feature", "properties": {"name": "", "site_type": "car_park", "suitability": 0.8}, "geometry": {"type": "Point", "coordinates": [-3.2193204967995865, 51.515169336523996]}}, {"type": "Feature", "properties": {"name": "", "site_type": "car_park", "suitability": 0.8}, "geometry": {"type": "Point", "coordinates": [-3.221210798455837, 51.51425134269678]}}, {"type": "Feature", "properties": {"name": "", "site_type": "car_park", "suitability": 0.8}, "geometry": {"type": "Point", "coordinates": [-3.2194059109575677, 51.516270870502375]}}, {"type": "Feature", "properties": {"name": "", "site_type": "car_park", "suitability": 0.8}, "geometry": {"type": "Point", "coordinates": [-3.2211377016865153, 51.51603926832513]}}, {"type": "Feature", "properties": {"name": "", "site_type": "car_park", "suitability": 0.8}, "geometry": {"type": "Point", "coordinates": [-3.2152373462452957, 51.51546649602654]}}, {"type": "Feature", "properties": {"name": "", "site_type": "car_park", "suitability": 0.8}, "geometry": {"type": "Point", "coordinates": [-3.2156229338962645, 51.51502319109921]}}, {"type": "Feature", "properties": {"name": "", "site_type": "car_park", "suitability": 0.8}, "geometry": {"type": "Point", "coordinates": [-3.2170820631625827, 51.515269852614885]}}, {"type": "Feature", "properties": {"name": "", "site_type": "car_park", "suitability": 0.8}, "geometry": {"type": "Point", "coordinates": [-3.2190351066841507, 51.51361875708282]}}, {"type": "Feature", "properties": {"name": "", "site_type": "car_park", "suitability": 0.8}, "geometry": {"type": "Point", "coordinates": [-3.217234092853473, 51.513643938158665]}}, {"type": "Feature", "properties": {"name": "", "site_type": "car_park", "suitability": 0.8}, "geometry": {"type": "Point", "coordinates": [-3.217705487032998, 51.51433304396418]}}, {"type": "Feature", "properties": {"name": "", "site_type": "car_park", "suitability": 0.8}, "geometry": {"type": "Point", "coordinates": [-3.218229537434137, 51.51468067908981]}}, {"type": "Feature", "properties": {"name": "", "site_type": "car_park", "suitability": 0.8}, "geometry": {"type": "Point", "coordinates": [-3.2178666561397224, 51.51635889868479]}}, {"type": "Feature", "properties": {"name": "", "site_type": "car_park", "suitability": 0.8}, "geometry": {"type": "Point", "coordinates": [-3.1144573083282063, 51.5410802502112]}}, {"type": "Feature", "properties": {"name": "", "site_type": "car_park", "suitability": 0.8}, "geometry": {"type": "Point", "coordinates": [-3.256997671589141, 51.51603970297804]}}, {"type": "Feature", "properties": {"name": "", "site_type": "car_park", "suitability": 0.8}, "geometry": {"type": "Point", "coordinates": [-3.249669905583817, 51.509362996455344]}}, {"type": "Feature", "properties": {"name": "", "site_type": "car_park", "suitability": 0.8}, "geometry": {"type": "Point", "coordinates": [-3.2497127329870317, 51.509830639287074]}}, {"type": "Feature", "properties": {"name": "", "site_type": "car_park", "suitability": 0.8}, "geometry": {"type": "Point", "coordinates": [-3.2521741995016904, 51.51363083251706]}}, {"type": "Feature", "properties": {"name": "", "site_type": "car_park", "suitability": 0.8}, "geometry": {"type": "Point", "coordinates": [-3.251356714549857, 51.513523641928806]}}, {"type": "Feature", "properties": {"name": "", "site_type": "car_park", "suitability": 0.8}, "geometry": {"type": "Point", "coordinates": [-3.2572117302462456, 51.51845665568417]}}, {"type": "Feature", "properties": {"name": "", "site_type": "car_park", "suitability": 0.8}, "geometry": {"type": "Point", "coordinates": [-3.253731804834054, 51.51696375179942]}}, {"type": "Feature", "properties": {"name": "", "site_type": "car_park", "suitability": 0.8}, "geometry": {"type": "Point", "coordinates": [-3.255830870134753, 51.51818427937895]}}, {"type": "Feature", "properties": {"name": "", "site_type": "car_park", "suitability": 0.8}, "geometry": {"type": "Point", "coordinates": [-3.253894700997097, 51.517669958270645]}}, {"type": "Feature", "properties": {"name": "", "site_type": "car_park", "suitability": 0.8}, "geometry": {"type": "Point", "coordinates": [-3.1766397339747083, 51.48598553975771]}}, {"type": "Feature", "properties": {"name": "", "site_type": "car_park", "suitability": 0.8}, "geometry": {"type": "Point", "coordinates": [-3.1772154402735753, 51.48690422085272]}}, {"type": "Feature", "properties": {"name": "", "site_type": "car_park", "suitability": 0.8}, "geometry": {"type": "Point", "coordinates": [-3.2532024976387723, 51.47425008757104]}}, {"type": "Feature", "properties": {"name": "", "site_type": "car_park", "suitability": 0.8}, "geometry": {"type": "Point", "coordinates": [-3.1502195290837802, 51.47592990073255]}}, {"type": "Feature", "properties": {"name": "", "site_type": "car_park", "suitability": 0.8}, "geometry": {"type": "Point", "coordinates": [-3.150613081825615, 51.47537076698848]}}, {"type": "Feature", "properties": {"name": "Cardiff City Stadium Car Park D", "site_type": "car_park", "suitability": 0.8}, "geometry": {"type": "Point", "coordinates": [-3.204556906492419, 51.47228049636813]}}, {"type": "Feature", "properties": {"name": "Cardiff City Stadium Car Park E", "site_type": "car_park", "suitability": 0.8}, "geometry": {"type": "Point", "coordinates": [-3.203509185081682, 51.47170837655822]}}, {"type": "Feature", "properties": {"name": "", "site_type": "car_park", "suitability": 0.8}, "geometry": {"type": "Point", "coordinates": [-3.264219689846901, 51.4696763935899]}}, {"type": "Feature", "properties": {"name": "", "site_type": "car_park", "suitability": 0.8}, "geometry": {"type": "Point", "coordinates": [-3.1672732133628037, 51.500884683913235]}}, {"type": "Feature", "properties": {"name": "", "site_type": "car_park", "suitability": 0.8}, "geometry": {"type": "Point", "coordinates": [-3.248361110152578, 51.513596659005884]}}, {"type": "Feature", "properties": {"name": "", "site_type": "car_park", "suitability": 0.8}, "geometry": {"type": "Point", "coordinates": [-3.2486673836301256, 51.47565780627917]}}, {"type": "Feature", "properties": {"name": "", "site_type": "car_park", "suitability": 0.8}, "geometry": {"type": "Point", "coordinates": [-3.2493093657904946, 51.47631670563136]}}, {"type": "Feature", "properties": {"name": "", "site_type": "car_park", "suitability": 0.8}, "geometry": {"type": "Point", "coordinates": [-3.250912741253311, 51.474565783583635]}}, {"type": "Feature", "properties": {"name": "", "site_type": "car_park", "suitability": 0.8}, "geometry": {"type": "Point", "coordinates": [-3.213641432553337, 51.50086404068514]}}, {"type": "Feature", "properties": {"name": "", "site_type": "car_park", "suitability": 0.8}, "geometry": {"type": "Point", "coordinates": [-3.2148294354890257, 51.50132587351733]}}, {"type": "Feature", "properties": {"name": "", "site_type": "car_park", "suitability": 0.8}, "geometry": {"type": "Point", "coordinates": [-3.216087015453462, 51.50146168624298]}}, {"type": "Feature", "properties": {"name": "", "site_type": "car_park", "suitability": 0.8}, "geometry": {"type": "Point", "coordinates": [-3.2129761140394733, 51.50111406504911]}}, {"type": "Feature", "properties": {"name": "", "site_type": "car_park", "suitability": 0.8}, "geometry": {"type": "Point", "coordinates": [-3.248646553339507, 51.48697463084491]}}, {"type": "Feature", "properties": {"name": "", "site_type": "car_park", "suitability": 0.8}, "geometry": {"type": "Point", "coordinates": [-3.1861062437623815, 51.52860153593195]}}, {"type": "Feature", "properties": {"name": "", "site_type": "car_park", "suitability": 0.8}, "geometry": {"type": "Point", "coordinates": [-3.168654138308, 51.488224341050525]}}, {"type": "Feature", "properties": {"name": "", "site_type": "car_park", "suitability": 0.8}, "geometry": {"type": "Point", "coordinates": [-3.1692162500000007, 51.48762825000001]}}, {"type": "Feature", "properties": {"name": "", "site_type": "car_park", "suitability": 0.8}, "geometry": {"type": "Point", "coordinates": [-3.1963411887779656, 51.48213517796817]}}, {"type": "Feature", "properties": {"name": "", "site_type": "car_park", "suitability": 0.8}, "geometry": {"type": "Point", "coordinates": [-3.19936973625731, 51.48147057491409]}}, {"type": "Feature", "properties": {"name": "", "site_type": "car_park", "suitability": 0.8}, "geometry": {"type": "Point", "coordinates": [-3.197499256640418, 51.481121921189086]}}, {"type": "Feature", "properties": {"name": "", "site_type": "car_park", "suitability": 0.8}, "geometry": {"type": "Point", "coordinates": [-3.198012859326174, 51.480806740033415]}}, {"type": "Feature", "properties": {"name": "", "site_type": "car_park", "suitability": 0.8}, "geometry": {"type": "Point", "coordinates": [-3.203311005603849, 51.48862053418077]}}, {"type": "Feature", "properties": {"name": "", "site_type": "car_park", "suitability": 0.8}, "geometry": {"type": "Point", "coordinates": [-3.2006927131971534, 51.48793314099031]}}, {"type": "Feature", "properties": {"name": "", "site_type": "car_park", "suitability": 0.8}, "geometry": {"type": "Point", "coordinates": [-3.2000769036678305, 51.48832314116848]}}, {"type": "Feature", "properties": {"name": "", "site_type": "car_park", "suitability": 0.8}, "geometry": {"type": "Point", "coordinates": [-3.178540051775885, 51.47407952240744]}}, {"type": "Feature", "properties": {"name": "", "site_type": "car_park", "suitability": 0.8}, "geometry": {"type": "Point", "coordinates": [-3.1809817192346523, 51.47299137582424]}}, {"type": "Feature", "properties": {"name": "Staff & Blue Badge Holder Parking", "site_type": "car_park", "suitability": 0.8}, "geometry": {"type": "Point", "coordinates": [-3.192934476530327, 51.4817681365868]}}, {"type": "Feature", "properties": {"name": "", "site_type": "car_park", "suitability": 0.8}, "geometry": {"type": "Point", "coordinates": [-3.2007764620379033, 51.48476713348932]}}, {"type": "Feature", "properties": {"name": "", "site_type": "car_park", "suitability": 0.8}, "geometry": {"type": "Point", "coordinates": [-3.201629576593179, 51.48839919102607]}}, {"type": "Feature", "properties": {"name": "", "site_type": "car_park", "suitability": 0.8}, "geometry": {"type": "Point", "coordinates": [-3.2007438726879727, 51.488558332016176]}}, {"type": "Feature", "properties": {"name": "", "site_type": "car_park", "suitability": 0.8}, "geometry": {"type": "Point", "coordinates": [-3.2027151924341286, 51.489627894713145]}}, {"type": "Feature", "properties": {"name": "", "site_type": "car_park", "suitability": 0.8}, "geometry": {"type": "Point", "coordinates": [-3.202573863834754, 51.4901371122067]}}, {"type": "Feature", "properties": {"name": "", "site_type": "car_park", "suitability": 0.8}, "geometry": {"type": "Point", "coordinates": [-3.199274420337496, 51.489401390529146]}}, {"type": "Feature", "properties": {"name": "", "site_type": "car_park", "suitability": 0.8}, "geometry": {"type": "Point", "coordinates": [-3.198042350000001, 51.4896019]}}, {"type": "Feature", "properties": {"name": "Sainsbury's", "site_type": "supermarket", "suitability": 0.9}, "geometry": {"type": "Point", "coordinates": [-3.171874100000002, 51.4831769]}}, {"type": "Feature", "properties": {"name": "Co-op Food", "site_type": "supermarket", "suitability": 0.9}, "geometry": {"type": "Point", "coordinates": [-3.1593468000000002, 51.466113899999996]}}, {"type": "Feature", "properties": {"name": "Co-op Food", "site_type": "supermarket", "suitability": 0.9}, "geometry": {"type": "Point", "coordinates": [-3.251257400000001, 51.5154101]}}, {"type": "Feature", "properties": {"name": "Spar", "site_type": "supermarket", "suitability": 0.9}, "geometry": {"type": "Point", "coordinates": [-3.1710959000000023, 51.4819088]}}, {"type": "Feature", "properties": {"name": "Baan Thai Foods", "site_type": "supermarket", "suitability": 0.9}, "geometry": {"type": "Point", "coordinates": [-3.1912670000000007, 51.5029739]}}, {"type": "Feature", "properties": {"name": "Aldi", "site_type": "supermarket", "suitability": 0.9}, "geometry": {"type": "Point", "coordinates": [-3.205085400000001, 51.50115180000001]}}, {"type": "Feature", "properties": {"name": "Tesco Extra", "site_type": "supermarket", "suitability": 0.9}, "geometry": {"type": "Point", "coordinates": [-3.2064663, 51.49809040000001]}}, {"type": "Feature", "properties": {"name": "Masala Bazaar", "site_type": "supermarket", "suitability": 0.9}, "geometry": {"type": "Point", "coordinates": [-3.1724462000000013, 51.4924187]}}, {"type": "Feature", "properties": {"name": "International Food Centre", "site_type": "supermarket", "suitability": 0.9}, "geometry": {"type": "Point", "coordinates": [-3.1679611000000008, 51.488491499999995]}}, {"type": "Feature", "properties": {"name": "Jing Xing Express", "site_type": "supermarket", "suitability": 0.9}, "geometry": {"type": "Point", "coordinates": [-3.169762400000001, 51.4899806]}}, {"type": "Feature", "properties": {"name": "Clare Foods", "site_type": "supermarket", "suitability": 0.9}, "geometry": {"type": "Point", "coordinates": [-3.1861159000000003, 51.4703948]}}, {"type": "Feature", "properties": {"name": "M&S Foodhall", "site_type": "supermarket", "suitability": 0.9}, "geometry": {"type": "Point", "coordinates": [-3.1741652000000022, 51.48128340000002]}}, {"type": "Feature", "properties": {"name": "Heron Foods", "site_type": "supermarket", "suitability": 0.9}, "geometry": {"type": "Point", "coordinates": [-3.1198704000000004, 51.5205469]}}, {"type": "Feature", "properties": {"name": "Man Fung Store", "site_type": "supermarket", "suitability": 0.9}, "geometry": {"type": "Point", "coordinates": [-3.183709500000001, 51.47146360000001]}}, {"type": "Feature", "properties": {"name": "Tesco Click & Collect", "site_type": "supermarket", "suitability": 0.9}, "geometry": {"type": "Point", "coordinates": [-3.204884199999999, 51.498931]}}, {"type": "Feature", "properties": {"name": "Eastern Chinese Supermarket", "site_type": "supermarket", "suitability": 0.9}, "geometry": {"type": "Point", "coordinates": [-3.1853973000000013, 51.4765665]}}, {"type": "Feature", "properties": {"name": "Total Asia Food", "site_type": "supermarket", "suitability": 0.9}, "geometry": {"type": "Point", "coordinates": [-3.197992500000001, 51.4603448]}}, {"type": "Feature", "properties": {"name": "Sainsbury's", "site_type": "supermarket", "suitability": 0.9}, "geometry": {"type": "Point", "coordinates": [-3.1935928000000007, 51.538452199999995]}}, {"type": "Feature", "properties": {"name": "The Co-operative Food", "site_type": "supermarket", "suitability": 0.9}, "geometry": {"type": "Point", "coordinates": [-3.2191171000000005, 51.51223470000001]}}, {"type": "Feature", "properties": {"name": "Co-op Food", "site_type": "supermarket", "suitability": 0.9}, "geometry": {"type": "Point", "coordinates": [-3.1996301999999996, 51.5123258]}}, {"type": "Feature", "properties": {"name": "Co-op Food", "site_type": "supermarket", "suitability": 0.9}, "geometry": {"type": "Point", "coordinates": [-3.2401959000000002, 51.5041294]}}, {"type": "Feature", "properties": {"name": "La Mart Asian Supermarket", "site_type": "supermarket", "suitability": 0.9}, "geometry": {"type": "Point", "coordinates": [-3.1633881000000024, 51.483870599999996]}}, {"type": "Feature", "properties": {"name": "Co-op Food", "site_type": "supermarket", "suitability": 0.9}, "geometry": {"type": "Point", "coordinates": [-3.1762351000000026, 51.47221070000001]}}, {"type": "Feature", "properties": {"name": "C&A Supermarket", "site_type": "supermarket", "suitability": 0.9}, "geometry": {"type": "Point", "coordinates": [-3.1946277000000016, 51.481337300000014]}}, {"type": "Feature", "properties": {"name": "Co-op Food", "site_type": "supermarket", "suitability": 0.9}, "geometry": {"type": "Point", "coordinates": [-3.2006748000000007, 51.4860573]}}, {"type": "Feature", "properties": {"name": "Lidl", "site_type": "supermarket", "suitability": 0.9}, "geometry": {"type": "Point", "coordinates": [-3.2501425999999998, 51.47463650000001]}}, {"type": "Feature", "properties": {"name": "Canton Food Centre", "site_type": "supermarket", "suitability": 0.9}, "geometry": {"type": "Point", "coordinates": [-3.198333100000002, 51.4815588]}}, {"type": "Feature", "properties": {"name": "Co-op Food", "site_type": "supermarket", "suitability": 0.9}, "geometry": {"type": "Point", "coordinates": [-3.2052574000000016, 51.481533600000006]}}, {"type": "Feature", "properties": {"name": "Aldi", "site_type": "supermarket", "suitability": 0.9}, "geometry": {"type": "Point", "coordinates": [-3.2374063786427856, 51.480220150224795]}}, {"type": "Feature", "properties": {"name": "Asda", "site_type": "supermarket", "suitability": 0.9}, "geometry": {"type": "Point", "coordinates": [-3.2418696148119683, 51.52423308772254]}}, {"type": "Feature", "properties": {"name": "Morrisons", "site_type": "supermarket", "suitability": 0.9}, "geometry": {"type": "Point", "coordinates": [-3.199689999623074, 51.52549290981467]}}, {"type": "Feature", "properties": {"name": "Lidl", "site_type": "supermarket", "suitability": 0.9}, "geometry": {"type": "Point", "coordinates": [-3.2004529294044572, 51.520236768871264]}}, {"type": "Feature", "properties": {"name": "Lidl", "site_type": "supermarket", "suitability": 0.9}, "geometry": {"type": "Point", "coordinates": [-3.1819622939947987, 51.490925128100436]}}, {"type": "Feature", "properties": {"name": "Tesco Extra", "site_type": "supermarket", "suitability": 0.9}, "geometry": {"type": "Point", "coordinates": [-3.1273873261758083, 51.48758314525937]}}, {"type": "Feature", "properties": {"name": "Tesco", "site_type": "supermarket", "suitability": 0.9}, "geometry": {"type": "Point", "coordinates": [-3.103429013887265, 51.52439238678514]}}, {"type": "Feature", "properties": {"name": "Asda", "site_type": "supermarket", "suitability": 0.9}, "geometry": {"type": "Point", "coordinates": [-3.184569981990669, 51.45594997934453]}}, {"type": "Feature", "properties": {"name": "Aldi", "site_type": "supermarket", "suitability": 0.9}, "geometry": {"type": "Point", "coordinates": [-3.182931804437763, 51.45448589484599]}}, {"type": "Feature", "properties": {"name": "Lidl", "site_type": "supermarket", "suitability": 0.9}, "geometry": {"type": "Point", "coordinates": [-3.1576769585194064, 51.47952665687621]}}, {"type": "Feature", "properties": {"name": "Morrisons", "site_type": "supermarket", "suitability": 0.9}, "geometry": {"type": "Point", "coordinates": [-3.1418778005046915, 51.50003432387756]}}, {"type": "Feature", "properties": {"name": "ALDI", "site_type": "supermarket", "suitability": 0.9}, "geometry": {"type": "Point", "coordinates": [-3.1458453238994104, 51.492100574308076]}}, {"type": "Feature", "properties": {"name": "Asda", "site_type": "supermarket", "suitability": 0.9}, "geometry": {"type": "Point", "coordinates": [-3.1281766811178993, 51.534835175377765]}}, {"type": "Feature", "properties": {"name": "Waitrose", "site_type": "supermarket", "suitability": 0.9}, "geometry": {"type": "Point", "coordinates": [-3.1379532067398097, 51.53028853173409]}}, {"type": "Feature", "properties": {"name": "Lidl", "site_type": "supermarket", "suitability": 0.9}, "geometry": {"type": "Point", "coordinates": [-3.137554758360308, 51.52955417182782]}}, {"type": "Feature", "properties": {"name": "Aldi", "site_type": "supermarket", "suitability": 0.9}, "geometry": {"type": "Point", "coordinates": [-3.1509307036593515, 51.53089870624639]}}, {"type": "Feature", "properties": {"name": "Asda", "site_type": "supermarket", "suitability": 0.9}, "geometry": {"type": "Point", "coordinates": [-3.208248271827639, 51.471532886806976]}}, {"type": "Feature", "properties": {"name": "Cardiff Food Centre", "site_type": "supermarket", "suitability": 0.9}, "geometry": {"type": "Point", "coordinates": [-3.1698234379425516, 51.466656394738585]}}, {"type": "Feature", "properties": {"name": "Morrisons", "site_type": "supermarket", "suitability": 0.9}, "geometry": {"type": "Point", "coordinates": [-3.1821988570341895, 51.45269264318019]}}, {"type": "Feature", "properties": {"name": "Lidl", "site_type": "supermarket", "suitability": 0.9}, "geometry": {"type": "Point", "coordinates": [-3.227527950434839, 51.5033663276167]}}, {"type": "Feature", "properties": {"name": "Lidl", "site_type": "supermarket", "suitability": 0.9}, "geometry": {"type": "Point", "coordinates": [-3.14440058626132, 51.496598917150564]}}, {"type": "Feature", "properties": {"name": "Sainsbury's", "site_type": "supermarket", "suitability": 0.9}, "geometry": {"type": "Point", "coordinates": [-3.1479933039565253, 51.49563395403733]}}, {"type": "Feature", "properties": {"name": "Lidl", "site_type": "supermarket", "suitability": 0.9}, "geometry": {"type": "Point", "coordinates": [-3.20498778255477, 51.47449681985005]}}, {"type": "Feature", "properties": {"name": "Aldi", "site_type": "supermarket", "suitability": 0.9}, "geometry": {"type": "Point", "coordinates": [-3.2016301869538966, 51.517999643114074]}}, {"type": "Feature", "properties": {"name": "Uni Market", "site_type": "supermarket", "suitability": 0.9}, "geometry": {"type": "Point", "coordinates": [-3.17384015265434, 51.48912066356031]}}, {"type": "Feature", "properties": {"name": "The Food Warehouse", "site_type": "supermarket", "suitability": 0.9}, "geometry": {"type": "Point", "coordinates": [-3.1863099987755996, 51.45855543127278]}}, {"type": "Feature", "properties": {"name": "Lidl", "site_type": "supermarket", "suitability": 0.9}, "geometry": {"type": "Point", "coordinates": [-3.187637250247774, 51.46042794324782]}}, {"type": "Feature", "properties": {"name": "Co-op Food", "site_type": "supermarket", "suitability": 0.9}, "geometry": {"type": "Point", "coordinates": [-3.2122469598114325, 51.52290554642843]}}, {"type": "Feature", "properties": {"name": "Esso", "site_type": "petrol_station", "suitability": 0.7}, "geometry": {"type": "Point", "coordinates": [-3.246668900000001, 51.5046963]}}, {"type": "Feature", "properties": {"name": "Esso", "site_type": "petrol_station", "suitability": 0.7}, "geometry": {"type": "Point", "coordinates": [-3.226116500000001, 51.4845788]}}, {"type": "Feature", "properties": {"name": "Texaco", "site_type": "petrol_station", "suitability": 0.7}, "geometry": {"type": "Point", "coordinates": [-3.192550000000001, 51.4969343]}}, {"type": "Feature", "properties": {"name": "Tesco Extra Petrol Station", "site_type": "petrol_station", "suitability": 0.7}, "geometry": {"type": "Point", "coordinates": [-3.1300747000000033, 51.48859240000001]}}, {"type": "Feature", "properties": {"name": "Esso", "site_type": "petrol_station", "suitability": 0.7}, "geometry": {"type": "Point", "coordinates": [-3.175318400000001, 51.4656384]}}, {"type": "Feature", "properties": {"name": "Texaco", "site_type": "petrol_station", "suitability": 0.7}, "geometry": {"type": "Point", "coordinates": [-3.180716800000001, 51.51868399999999]}}, {"type": "Feature", "properties": {"name": "Tesco", "site_type": "petrol_station", "suitability": 0.7}, "geometry": {"type": "Point", "coordinates": [-3.1046269888093936, 51.52548862547941]}}, {"type": "Feature", "properties": {"name": "ASDA Petrol Station", "site_type": "petrol_station", "suitability": 0.7}, "geometry": {"type": "Point", "coordinates": [-3.1869456082803063, 51.45539840875119]}}, {"type": "Feature", "properties": {"name": "Shell", "site_type": "petrol_station", "suitability": 0.7}, "geometry": {"type": "Point", "coordinates": [-3.1989982908779986, 51.46534538622773]}}, {"type": "Feature", "properties": {"name": "Shell", "site_type": "petrol_station", "suitability": 0.7}, "geometry": {"type": "Point", "coordinates": [-3.141951397292497, 51.49647198532844]}}, {"type": "Feature", "properties": {"name": "Texaco", "site_type": "petrol_station", "suitability": 0.7}, "geometry": {"type": "Point", "coordinates": [-3.1957415752558744, 51.46980402639819]}}, {"type": "Feature", "properties": {"name": "Tesco", "site_type": "petrol_station", "suitability": 0.7}, "geometry": {"type": "Point", "coordinates": [-3.203777099997005, 51.49864500216141]}}, {"type": "Feature", "properties": {"name": "Texaco", "site_type": "petrol_station", "suitability": 0.7}, "geometry": {"type": "Point", "coordinates": [-3.2352494785649784, 51.4992306736526]}}, {"type": "Feature", "properties": {"name": "Asda", "site_type": "petrol_station", "suitability": 0.7}, "geometry": {"type": "Point", "coordinates": [-3.2064771000000016, 51.472378600000006]}}, {"type": "Feature", "properties": {"name": "BP", "site_type": "petrol_station", "suitability": 0.7}, "geometry": {"type": "Point", "coordinates": [-3.309144879926679, 51.50802426886505]}}, {"type": "Feature", "properties": {"name": "Sainsbury's", "site_type": "petrol_station", "suitability": 0.7}, "geometry": {"type": "Point", "coordinates": [-3.146574924948641, 51.49617506773425]}}, {"type": "Feature", "properties": {"name": "Morrisons Petrol Station", "site_type": "petrol_station", "suitability": 0.7}, "geometry": {"type": "Point", "coordinates": [-3.200944904672394, 51.525751186708604]}}, {"type": "Feature", "properties": {"name": "Texaco", "site_type": "petrol_station", "suitability": 0.7}, "geometry": {"type": "Point", "coordinates": [-3.102179766038523, 51.53024190107743]}}, {"type": "Feature", "properties": {"name": "Texaco", "site_type": "petrol_station", "suitability": 0.7}, "geometry": {"type": "Point", "coordinates": [-3.2260610420589924, 51.5030042383218]}}, {"type": "Feature", "properties": {"name": "Morrisons Petrol Station", "site_type": "petrol_station", "suitability": 0.7}, "geometry": {"type": "Point", "coordinates": [-3.1421696268359307, 51.49960984518575]}}, {"type": "Feature", "properties": {"name": "Morrisons Petrol Station", "site_type": "petrol_station", "suitability": 0.7}, "geometry": {"type": "Point", "coordinates": [-3.183941900870256, 51.451899118133944]}}, {"type": "Feature", "properties": {"name": "Asda Petrol Station", "site_type": "petrol_station", "suitability": 0.7}, "geometry": {"type": "Point", "coordinates": [-3.129860871996632, 51.535309436834375]}}, {"type": "Feature", "properties": {"name": "Texaco - Pentwyn", "site_type": "petrol_station", "suitability": 0.7}, "geometry": {"type": "Point", "coordinates": [-3.1387622594289444, 51.523470470916884]}}, {"type": "Feature", "properties": {"name": "Welcome Break Fuel Cardiff Gate", "site_type": "petrol_station", "suitability": 0.7}, "geometry": {"type": "Point", "coordinates": [-3.130611653810738, 51.53926978729545]}}, {"type": "Feature", "properties": {"name": "STAR Hub", "site_type": "leisure", "suitability": 0.6}, "geometry": {"type": "Point", "coordinates": [-3.143169300000003, 51.48448040000001]}}, {"type": "Feature", "properties": {"name": "Boulders Climbing Centre", "site_type": "leisure", "suitability": 0.6}, "geometry": {"type": "Point", "coordinates": [-3.1418215999999983, 51.4930943]}}, {"type": "Feature", "properties": {"name": "Fun HQ", "site_type": "leisure", "suitability": 0.6}, "geometry": {"type": "Point", "coordinates": [-3.181108800000001, 51.4504515]}}, {"type": "Feature", "properties": {"name": "Scale | Drop", "site_type": "leisure", "suitability": 0.6}, "geometry": {"type": "Point", "coordinates": [-3.184271100000001, 51.47859809999999]}}, {"type": "Feature", "properties": {"name": "Cardiff Draconians FC", "site_type": "leisure", "suitability": 0.6}, "geometry": {"type": "Point", "coordinates": [-3.2144149241676265, 51.499942973395065]}}, {"type": "Feature", "properties": {"name": "Western Leisure Centre", "site_type": "leisure", "suitability": 0.6}, "geometry": {"type": "Point", "coordinates": [-3.2462717207917593, 51.47561421272859]}}, {"type": "Feature", "properties": {"name": "Glamorgan Wanderers Rugby Club", "site_type": "leisure", "suitability": 0.6}, "geometry": {"type": "Point", "coordinates": [-3.267296816611986, 51.47585195743503]}}, {"type": "Feature", "properties": {"name": "Teamsport Karting", "site_type": "leisure", "suitability": 0.6}, "geometry": {"type": "Point", "coordinates": [-3.1496182833260122, 51.49385141642389]}}, {"type": "Feature", "properties": {"name": "Whitchurch-Heath Cricket Club", "site_type": "leisure", "suitability": 0.6}, "geometry": {"type": "Point", "coordinates": [-3.234400718479512, 51.51899285242984]}}, {"type": "Feature", "properties": {"name": "Gôl Football Centres", "site_type": "leisure", "suitability": 0.6}, "geometry": {"type": "Point", "coordinates": [-3.214600958721073, 51.47507187688869]}}, {"type": "Feature", "properties": {"name": "Saint Fagans Tennis Club", "site_type": "leisure", "suitability": 0.6}, "geometry": {"type": "Point", "coordinates": [-3.2720782172350966, 51.48455409006922]}}, {"type": "Feature", "properties": {"name": "Maindy Centre", "site_type": "leisure", "suitability": 0.6}, "geometry": {"type": "Point", "coordinates": [-3.1903675670054343, 51.496937443562395]}}, {"type": "Feature", "properties": {"name": "Fairwater Leisure Centre", "site_type": "leisure", "suitability": 0.6}, "geometry": {"type": "Point", "coordinates": [-3.248974294551498, 51.49924181594103]}}, {"type": "Feature", "properties": {"name": "Cardiff International White Water Centre", "site_type": "leisure", "suitability": 0.6}, "geometry": {"type": "Point", "coordinates": [-3.1827219219376444, 51.44805006398235]}}, {"type": "Feature", "properties": {"name": "Cardiff International White Water Centre", "site_type": "leisure", "suitability": 0.6}, "geometry": {"type": "Point", "coordinates": [-3.1818194848469963, 51.44852263729962]}}, {"type": "Feature", "properties": {"name": "David Lloyd Clubs", "site_type": "leisure", "suitability": 0.6}, "geometry": {"type": "Point", "coordinates": [-3.145769879053742, 51.50280893326347]}}, {"type": "Feature", "properties": {"name": "Heath Tennis In The Park", "site_type": "leisure", "suitability": 0.6}, "geometry": {"type": "Point", "coordinates": [-3.1876133461070344, 51.51106409805943]}}, {"type": "Feature", "properties": {"name": "Llwynfedw Gardens Pavilion", "site_type": "leisure", "suitability": 0.6}, "geometry": {"type": "Point", "coordinates": [-3.1985302058933684, 51.51371874582486]}}, {"type": "Feature", "properties": {"name": "Flashpoint", "site_type": "leisure", "suitability": 0.6}, "geometry": {"type": "Point", "coordinates": [-3.1978938702463555, 51.46156690791735]}}, {"type": "Feature", "properties": {"name": "Tir 3G Tal-y-bont", "site_type": "leisure", "suitability": 0.6}, "geometry": {"type": "Point", "coordinates": [-3.19979875231469, 51.49871529205175]}}, {"type": "Feature", "properties": {"name": "Cardiff Lawn Tennis Club", "site_type": "leisure", "suitability": 0.6}, "geometry": {"type": "Point", "coordinates": [-3.182220523855894, 51.48426451321995]}}, {"type": "Feature", "properties": {"name": "Penylan Bowling Club", "site_type": "leisure", "suitability": 0.6}, "geometry": {"type": "Point", "coordinates": [-3.158876391907925, 51.49462674573704]}}, {"type": "Feature", "properties": {"name": "Changing rooms", "site_type": "leisure", "suitability": 0.6}, "geometry": {"type": "Point", "coordinates": [-3.186355436523418, 51.51397180926916]}}, {"type": "Feature", "properties": {"name": "National Hockey Centre", "site_type": "leisure", "suitability": 0.6}, "geometry": {"type": "Point", "coordinates": [-3.1929108931128276, 51.48628501326668]}}, {"type": "Feature", "properties": {"name": "Cardiff Athletic Bowls Club", "site_type": "leisure", "suitability": 0.6}, "geometry": {"type": "Point", "coordinates": [-3.1846554041056283, 51.48037149065084]}}, {"type": "Feature", "properties": {"name": "Cardiff City House of Sport", "site_type": "leisure", "suitability": 0.6}, "geometry": {"type": "Point", "coordinates": [-3.2001415931131465, 51.470627224610546]}}, {"type": "Feature", "properties": {"name": "", "site_type": "leisure", "suitability": 0.6}, "geometry": {"type": "Point", "coordinates": [-3.200824321796668, 51.49990336167846]}}, {"type": "Feature", "properties": {"name": "Rumney R.F.C.", "site_type": "leisure", "suitability": 0.6}, "geometry": {"type": "Point", "coordinates": [-3.1376678322254143, 51.51323765914018]}}, {"type": "Feature", "properties": {"name": "Powerleague Cardiff", "site_type": "leisure", "suitability": 0.6}, "geometry": {"type": "Point", "coordinates": [-3.2165135714708444, 51.516120669697614]}}, {"type": "Feature", "properties": {"name": "", "site_type": "leisure", "suitability": 0.6}, "geometry": {"type": "Point", "coordinates": [-3.1614241352973496, 51.51190442927215]}}, {"type": "Feature", "properties": {"name": "", "site_type": "leisure", "suitability": 0.6}, "geometry": {"type": "Point", "coordinates": [-3.1718990192497034, 51.5008582087472]}}, {"type": "Feature", "properties": {"name": "", "site_type": "leisure", "suitability": 0.6}, "geometry": {"type": "Point", "coordinates": [-3.17271083706366, 51.50111512461607]}}, {"type": "Feature", "properties": {"name": "", "site_type": "leisure", "suitability": 0.6}, "geometry": {"type": "Point", "coordinates": [-3.171363441925626, 51.500511559605904]}}, {"type": "Feature", "properties": {"name": "Radyr Lawn Tennis Club", "site_type": "leisure", "suitability": 0.6}, "geometry": {"type": "Point", "coordinates": [-3.2524674838485907, 51.51307370962624]}}, {"type": "Feature", "properties": {"name": "St Fagans Cricket & Bowls Club", "site_type": "leisure", "suitability": 0.6}, "geometry": {"type": "Point", "coordinates": [-3.2742865477611294, 51.492897789647344]}}, {"type": "Feature", "properties": {"name": "Riverside Ground", "site_type": "leisure", "suitability": 0.6}, "geometry": {"type": "Point", "coordinates": [-3.244425805494957, 51.51493111057945]}}, {"type": "Feature", "properties": {"name": "Diamond Ground", "site_type": "leisure", "suitability": 0.6}, "geometry": {"type": "Point", "coordinates": [-3.241607419979944, 51.51770562465902]}}, {"type": "Feature", "properties": {"name": "Llandaff Rugby Football Club", "site_type": "leisure", "suitability": 0.6}, "geometry": {"type": "Point", "coordinates": [-3.213240967563973, 51.49476400410753]}}, {"type": "Feature", "properties": {"name": "Dave's Gym", "site_type": "leisure", "suitability": 0.5}, "geometry": {"type": "Point", "coordinates": [-3.1655496999999997, 51.49373670000001]}}, {"type": "Feature", "properties": {"name": "Everlast Gyms", "site_type": "leisure", "suitability": 0.5}, "geometry": {"type": "Point", "coordinates": [-3.2044957000000007, 51.4704627]}}, {"type": "Feature", "properties": {"name": "Better Maindy Centre", "site_type": "leisure", "suitability": 0.5}, "geometry": {"type": "Point", "coordinates": [-3.1912973000000004, 51.4965565]}}, {"type": "Feature", "properties": {"name": "Cardiff University - Fitness and Conditioning Centre", "site_type": "leisure", "suitability": 0.5}, "geometry": {"type": "Point", "coordinates": [-3.177941200000002, 51.4887629]}}, {"type": "Feature", "properties": {"name": "Synergi Weightlifting Club", "site_type": "leisure", "suitability": 0.5}, "geometry": {"type": "Point", "coordinates": [-3.151494799999999, 51.49630080000001]}}, {"type": "Feature", "properties": {"name": "Fitness Quarter", "site_type": "leisure", "suitability": 0.5}, "geometry": {"type": "Point", "coordinates": [-3.162625300000001, 51.46673220000001]}}, {"type": "Feature", "properties": {"name": "MandaYoga", "site_type": "leisure", "suitability": 0.5}, "geometry": {"type": "Point", "coordinates": [-3.2135455000000004, 51.48288369999999]}}, {"type": "Feature", "properties": {"name": "Compound Gym", "site_type": "leisure", "suitability": 0.5}, "geometry": {"type": "Point", "coordinates": [-3.221326500000001, 51.4824158]}}, {"type": "Feature", "properties": {"name": "The Gym", "site_type": "leisure", "suitability": 0.5}, "geometry": {"type": "Point", "coordinates": [-3.1732515000000023, 51.4826078]}}, {"type": "Feature", "properties": {"name": "SOS Athletic Excellence", "site_type": "leisure", "suitability": 0.5}, "geometry": {"type": "Point", "coordinates": [-3.123148499999999, 51.4998206]}}, {"type": "Feature", "properties": {"name": "Penylan Gym", "site_type": "leisure", "suitability": 0.5}, "geometry": {"type": "Point", "coordinates": [-3.1650540000000014, 51.49694970000001]}}, {"type": "Feature", "properties": {"name": "PureGym", "site_type": "leisure", "suitability": 0.5}, "geometry": {"type": "Point", "coordinates": [-3.1280746, 51.5366132]}}, {"type": "Feature", "properties": {"name": "Bannatyne Health Club", "site_type": "leisure", "suitability": 0.5}, "geometry": {"type": "Point", "coordinates": [-3.1930141621273767, 51.524068026501894]}}, {"type": "Feature", "properties": {"name": "Aspire Fitness", "site_type": "leisure", "suitability": 0.5}, "geometry": {"type": "Point", "coordinates": [-3.215973593151288, 51.48020385954695]}}, {"type": "Feature", "properties": {"name": "PureGym", "site_type": "leisure", "suitability": 0.5}, "geometry": {"type": "Point", "coordinates": [-3.1881172500000003, 51.4600502]}}, {"type": "Feature", "properties": {"name": "Cathays", "site_type": "rail_station", "suitability": 0.85}, "geometry": {"type": "Point", "coordinates": [-3.178926900000001, 51.4888964]}}, {"type": "Feature", "properties": {"name": "Llandaf", "site_type": "rail_station", "suitability": 0.85}, "geometry": {"type": "Point", "coordinates": [-3.2292468999999993, 51.5084984]}}, {"type": "Feature", "properties": {"name": "Cardiff Bay", "site_type": "rail_station", "suitability": 0.85}, "geometry": {"type": "Point", "coordinates": [-3.166729800000002, 51.467564700000004]}}, {"type": "Feature", "properties": {"name": "Radyr", "site_type": "rail_station", "suitability": 0.85}, "geometry": {"type": "Point", "coordinates": [-3.249026100000001, 51.51659029999999]}}, {"type": "Feature", "properties": {"name": "Heath High Level", "site_type": "rail_station", "suitability": 0.85}, "geometry": {"type": "Point", "coordinates": [-3.1815680000000017, 51.5168194]}}, {"type": "Feature", "properties": {"name": "Llanishen", "site_type": "rail_station", "suitability": 0.85}, "geometry": {"type": "Point", "coordinates": [-3.181843, 51.5329957]}}, {"type": "Feature", "properties": {"name": "Fairwater", "site_type": "rail_station", "suitability": 0.85}, "geometry": {"type": "Point", "coordinates": [-3.2338039, 51.4938863]}}, {"type": "Feature", "properties": {"name": "Ninian Park", "site_type": "rail_station", "suitability": 0.85}, "geometry": {"type": "Point", "coordinates": [-3.201388600000001, 51.476540799999995]}}, {"type": "Feature", "properties": {"name": "Coryton", "site_type": "rail_station", "suitability": 0.85}, "geometry": {"type": "Point", "coordinates": [-3.2314773999999997, 51.52044410000001]}}, {"type": "Feature", "properties": {"name": "Whitchurch", "site_type": "rail_station", "suitability": 0.85}, "geometry": {"type": "Point", "coordinates": [-3.222157599999999, 51.5208061]}}, {"type": "Feature", "properties": {"name": "Rhiwbina", "site_type": "rail_station", "suitability": 0.85}, "geometry": {"type": "Point", "coordinates": [-3.2144829, 51.521083999999995]}}, {"type": "Feature", "properties": {"name": "Birchgrove", "site_type": "rail_station", "suitability": 0.85}, "geometry": {"type": "Point", "coordinates": [-3.2024701999999996, 51.5215153]}}, {"type": "Feature", "properties": {"name": "Heath Low Level", "site_type": "rail_station", "suitability": 0.85}, "geometry": {"type": "Point", "coordinates": [-3.182241400000001, 51.5157601]}}, {"type": "Feature", "properties": {"name": "Danescourt", "site_type": "rail_station", "suitability": 0.85}, "geometry": {"type": "Point", "coordinates": [-3.2339459, 51.50040140000001]}}, {"type": "Feature", "properties": {"name": "Lisvane and Thornhill", "site_type": "rail_station", "suitability": 0.85}, "geometry": {"type": "Point", "coordinates": [-3.185568500000001, 51.54441520000001]}}, {"type": "Feature", "properties": {"name": "Tŷ Glas", "site_type": "rail_station", "suitability": 0.85}, "geometry": {"type": "Point", "coordinates": [-3.1972083000000002, 51.5217075]}}, {"type": "Feature", "properties": {"name": "Waun-gron Park", "site_type": "rail_station", "suitability": 0.85}, "geometry": {"type": "Point", "coordinates": [-3.2296899999999993, 51.488302]}}, {"type": "Feature", "properties": {"name": "Grangetown", "site_type": "rail_station", "suitability": 0.85}, "geometry": {"type": "Point", "coordinates": [-3.1895595000000005, 51.4672525]}}, {"type": "Feature", "properties": {"name": "Cardiff Central", "site_type": "rail_station", "suitability": 0.85}, "geometry": {"type": "Point", "coordinates": [-3.1797057000000013, 51.47554950000001]}}, {"type": "Feature", "properties": {"name": "Cardiff Queen Street", "site_type": "rail_station", "suitability": 0.85}, "geometry": {"type": "Point", "coordinates": [-3.170292600000002, 51.48200219999999]}}, {"type": "Feature", "properties": {"name": "Cardiff North Dialysis Unit", "site_type": "hospital", "suitability": 0.7}, "geometry": {"type": "Point", "coordinates": [-3.1372991978225158, 51.53110731852892]}}, {"type": "Feature", "properties": {"name": "Saint David's Hospital", "site_type": "hospital", "suitability": 0.7}, "geometry": {"type": "Point", "coordinates": [-3.193864448289829, 51.481949544369066]}}, {"type": "Feature", "properties": {"name": "Cardiff Royal Infirmary", "site_type": "hospital", "suitability": 0.7}, "geometry": {"type": "Point", "coordinates": [-3.1625299395688846, 51.48513380431091]}}, {"type": "Feature", "properties": {"name": "Velindre Cancer Centre", "site_type": "hospital", "suitability": 0.7}, "geometry": {"type": "Point", "coordinates": [-3.2289169609555164, 51.516680700277554]}}, {"type": "Feature", "properties": {"name": "Nuffield Health Cardiff Bay Hospital", "site_type": "hospital", "suitability": 0.7}, "geometry": {"type": "Point", "coordinates": [-3.1885186230782243, 51.452972878424816]}}, {"type": "Feature", "properties": {"name": "Spire Cardiff Hospital", "site_type": "hospital", "suitability": 0.7}, "geometry": {"type": "Point", "coordinates": [-3.141622866573933, 51.53116598952163]}}, {"type": "Feature", "properties": {"name": "Queen's Arcade", "site_type": "shopping_centre", "suitability": 0.8}, "geometry": {"type": "Point", "coordinates": [-3.177230967564931, 51.481188219110074]}}, {"type": "Feature", "properties": {"name": "Capitol Cardiff", "site_type": "shopping_centre", "suitability": 0.8}, "geometry": {"type": "Point", "coordinates": [-3.1721807794358936, 51.48247168362557]}}, {"type": "Feature", "properties": {"name": "Stadium Plaza", "site_type": "shopping_centre", "suitability": 0.8}, "geometry": {"type": "Point", "coordinates": [-3.1817330248926075, 51.477043443636056]}}, {"type": "Feature", "properties": {"name": "Corp Market", "site_type": "shopping_centre", "suitability": 0.8}, "geometry": {"type": "Point", "coordinates": [-3.202213437030721, 51.48190937240614]}}, {"type": "Feature", "properties": {"name": "UHW Concourse", "site_type": "shopping_centre", "suitability": 0.8}, "geometry": {"type": "Point", "coordinates": [-3.1885453409235813, 51.50704066418794]}}, {"type": "Feature", "properties": {"name": "Saint David's Centre", "site_type": "shopping_centre", "suitability": 0.8}, "geometry": {"type": "Point", "coordinates": [-3.1751461952622533, 51.479753295013985]}}, {"type": "Feature", "properties": {"name": "Rumney Forum", "site_type": "community", "suitability": 0.5}, "geometry": {"type": "Point", "coordinates": [-3.1275201999999993, 51.5041284]}}, {"type": "Feature", "properties": {"name": "Tremorfa Community Hall", "site_type": "community", "suitability": 0.5}, "geometry": {"type": "Point", "coordinates": [-3.141146100000003, 51.48783290000001]}}, {"type": "Feature", "properties": {"name": "Shree Kutchi Leva Patel Samaj (Cardiff) Community Centre", "site_type": "community", "suitability": 0.5}, "geometry": {"type": "Point", "coordinates": [-3.1861863422245413, 51.47432056216092]}}, {"type": "Feature", "properties": {"name": "Eastern Leisure Centre", "site_type": "community", "suitability": 0.5}, "geometry": {"type": "Point", "coordinates": [-3.1294011188684334, 51.51211500550458]}}, {"type": "Feature", "properties": {"name": "Rhiwbina Hub", "site_type": "community", "suitability": 0.5}, "geometry": {"type": "Point", "coordinates": [-3.2132487720490372, 51.521349670468666]}}, {"type": "Feature", "properties": {"name": "Llanrumney Play Centre", "site_type": "community", "suitability": 0.5}, "geometry": {"type": "Point", "coordinates": [-3.1276622495314204, 51.52158344683451]}}, {"type": "Feature", "properties": {"name": "Saint Augustine's Church Hall", "site_type": "community", "suitability": 0.5}, "geometry": {"type": "Point", "coordinates": [-3.132464462269559, 51.50590425621731]}}, {"type": "Feature", "properties": {"name": "Rumney War Memorial Hall", "site_type": "community", "suitability": 0.5}, "geometry": {"type": "Point", "coordinates": [-3.1286089387403098, 51.504650328582514]}}, {"type": "Feature", "properties": {"name": "St Mary's Hall", "site_type": "community", "suitability": 0.5}, "geometry": {"type": "Point", "coordinates": [-3.1961559126672388, 51.483427906089915]}}, {"type": "Feature", "properties": {"name": "East Moors Youth & Community Centre", "site_type": "community", "suitability": 0.5}, "geometry": {"type": "Point", "coordinates": [-3.1540511915101845, 51.481061089510746]}}, {"type": "Feature", "properties": {"name": "Cardiff Central Youth Club", "site_type": "community", "suitability": 0.5}, "geometry": {"type": "Point", "coordinates": [-3.158758717385946, 51.476737791008524]}}, {"type": "Feature", "properties": {"name": "Whitchurch Hub", "site_type": "community", "suitability": 0.5}, "geometry": {"type": "Point", "coordinates": [-3.2254372359603307, 51.516036280032075]}}, {"type": "Feature", "properties": {"name": "Cathays Youth and Community Centre", "site_type": "community", "suitability": 0.5}, "geometry": {"type": "Point", "coordinates": [-3.1805689690512597, 51.49167411345588]}}, {"type": "Feature", "properties": {"name": "Pentrebane Zone Community Centre", "site_type": "community", "suitability": 0.5}, "geometry": {"type": "Point", "coordinates": [-3.25314508323836, 51.4936608205933]}}, {"type": "Feature", "properties": {"name": "Gwaelod-Y-Garth Village Hall", "site_type": "community", "suitability": 0.5}, "geometry": {"type": "Point", "coordinates": [-3.2743516657878415, 51.543941407626484]}}, {"type": "Feature", "properties": {"name": "Grange Pavilion", "site_type": "community", "suitability": 0.5}, "geometry": {"type": "Point", "coordinates": [-3.182602429662491, 51.46684697010139]}}, {"type": "Feature", "properties": {"name": "Tremorfa Adult Training Centre", "site_type": "community", "suitability": 0.5}, "geometry": {"type": "Point", "coordinates": [-3.1400733546710278, 51.49342576452725]}}, {"type": "Feature", "properties": {"name": "The Corner", "site_type": "community", "suitability": 0.5}, "geometry": {"type": "Point", "coordinates": [-3.1708596988181497, 51.49787372062708]}}, {"type": "Feature", "properties": {"name": "Tongwynlais Village Hall", "site_type": "community", "suitability": 0.5}, "geometry": {"type": "Point", "coordinates": [-3.2499972884806585, 51.5315645374208]}}, {"type": "Feature", "properties": {"name": "", "site_type": "community", "suitability": 0.5}, "geometry": {"type": "Point", "coordinates": [-3.210639522430902, 51.52150482031698]}}, {"type": "Feature", "properties": {"name": "", "site_type": "community", "suitability": 0.5}, "geometry": {"type": "Point", "coordinates": [-3.218355090422963, 51.523591967304064]}}, {"type": "Feature", "properties": {"name": "1st Whitchurch Scouts", "site_type": "community", "suitability": 0.5}, "geometry": {"type": "Point", "coordinates": [-3.2249067803634195, 51.514532477604384]}}, {"type": "Feature", "properties": {"name": "", "site_type": "community", "suitability": 0.5}, "geometry": {"type": "Point", "coordinates": [-3.1906975382572917, 51.529801477979326]}}, {"type": "Feature", "properties": {"name": "Lisvane Memorial Hall", "site_type": "community", "suitability": 0.5}, "geometry": {"type": "Point", "coordinates": [-3.1703408735020813, 51.54073994481616]}}, {"type": "Feature", "properties": {"name": "Fairwater Social Centre", "site_type": "community", "suitability": 0.5}, "geometry": {"type": "Point", "coordinates": [-3.233959594815111, 51.48689074824665]}}, {"type": "Feature", "properties": {"name": "", "site_type": "community", "suitability": 0.5}, "geometry": {"type": "Point", "coordinates": [-3.2399443022036825, 51.4901056376636]}}, {"type": "Feature", "properties": {"name": "Llandaff North and Gabalfa Hub", "site_type": "community", "suitability": 0.5}, "geometry": {"type": "Point", "coordinates": [-3.221073237166884, 51.50237801870298]}}, {"type": "Feature", "properties": {"name": "Leonardo Hotel Cardiff", "site_type": "hotel", "suitability": 0.6}, "geometry": {"type": "Point", "coordinates": [-3.174339500000001, 51.482769]}}, {"type": "Feature", "properties": {"name": "New House Country Hotel", "site_type": "hotel", "suitability": 0.6}, "geometry": {"type": "Point", "coordinates": [-3.2129850000000024, 51.549753]}}, {"type": "Feature", "properties": {"name": "Abbey Hotel", "site_type": "hotel", "suitability": 0.6}, "geometry": {"type": "Point", "coordinates": [-3.1976921000000007, 51.4871598]}}, {"type": "Feature", "properties": {"name": "Travelodge", "site_type": "hotel", "suitability": 0.6}, "geometry": {"type": "Point", "coordinates": [-3.1774863000000013, 51.482204400000015]}}, {"type": "Feature", "properties": {"name": "Marriott", "site_type": "hotel", "suitability": 0.6}, "geometry": {"type": "Point", "coordinates": [-3.175470800000001, 51.47730589999999]}}, {"type": "Feature", "properties": {"name": "Holiday Inn", "site_type": "hotel", "suitability": 0.6}, "geometry": {"type": "Point", "coordinates": [-3.1842763000000014, 51.480768499999996]}}, {"type": "Feature", "properties": {"name": "Premier Inn", "site_type": "hotel", "suitability": 0.6}, "geometry": {"type": "Point", "coordinates": [-3.1618024000000013, 51.4654238]}}, {"type": "Feature", "properties": {"name": "Travelodge", "site_type": "hotel", "suitability": 0.6}, "geometry": {"type": "Point", "coordinates": [-3.1641666000000015, 51.467776099999995]}}, {"type": "Feature", "properties": {"name": "Travelodge", "site_type": "hotel", "suitability": 0.6}, "geometry": {"type": "Point", "coordinates": [-3.1769748000000018, 51.4767131]}}, {"type": "Feature", "properties": {"name": "Premier Inn", "site_type": "hotel", "suitability": 0.6}, "geometry": {"type": "Point", "coordinates": [-3.1713950000000017, 51.4812075]}}, {"type": "Feature", "properties": {"name": "Citrus Hotel", "site_type": "hotel", "suitability": 0.6}, "geometry": {"type": "Point", "coordinates": [-3.1715759000000023, 51.4781299]}}, {"type": "Feature", "properties": {"name": "Radisson Blu", "site_type": "hotel", "suitability": 0.6}, "geometry": {"type": "Point", "coordinates": [-3.1735977000000024, 51.47700620000001]}}, {"type": "Feature", "properties": {"name": "Church Guest House", "site_type": "hotel", "suitability": 0.6}, "geometry": {"type": "Point", "coordinates": [-3.1958413000000014, 51.48612409999999]}}, {"type": "Feature", "properties": {"name": "Travelodge", "site_type": "hotel", "suitability": 0.6}, "geometry": {"type": "Point", "coordinates": [-3.216364799999999, 51.5178168]}}, {"type": "Feature", "properties": {"name": "Manor Parc Country Hotel & Restaurant", "site_type": "hotel", "suitability": 0.6}, "geometry": {"type": "Point", "coordinates": [-3.2086167000000008, 51.542917200000005]}}, {"type": "Feature", "properties": {"name": "Rhodri's By The Lake", "site_type": "hotel", "suitability": 0.6}, "geometry": {"type": "Point", "coordinates": [-3.310706900000001, 51.5154897]}}, {"type": "Feature", "properties": {"name": "Elgano Hotel", "site_type": "hotel", "suitability": 0.6}, "geometry": {"type": "Point", "coordinates": [-3.1936809000000013, 51.48541500000001]}}, {"type": "Feature", "properties": {"name": "Lincoln House Hotel", "site_type": "hotel", "suitability": 0.6}, "geometry": {"type": "Point", "coordinates": [-3.196595100000002, 51.4870601]}}, {"type": "Feature", "properties": {"name": "St. David's Hotel", "site_type": "hotel", "suitability": 0.6}, "geometry": {"type": "Point", "coordinates": [-3.167064429186847, 51.460427802251374]}}, {"type": "Feature", "properties": {"name": "Ibis", "site_type": "hotel", "suitability": 0.6}, "geometry": {"type": "Point", "coordinates": [-3.170729672334635, 51.479707117406214]}}, {"type": "Feature", "properties": {"name": "Wynford Hotel", "site_type": "hotel", "suitability": 0.6}, "geometry": {"type": "Point", "coordinates": [-3.188229152102458, 51.47725983711899]}}, {"type": "Feature", "properties": {"name": "The Cardiff North Hotel by Mecure", "site_type": "hotel", "suitability": 0.6}, "geometry": {"type": "Point", "coordinates": [-3.1474170857455532, 51.50815957665396]}}, {"type": "Feature", "properties": {"name": "Clayton Hotel", "site_type": "hotel", "suitability": 0.6}, "geometry": {"type": "Point", "coordinates": [-3.1767252621419417, 51.476162886318384]}}, {"type": "Feature", "properties": {"name": "ZIP by Premier Inn", "site_type": "hotel", "suitability": 0.6}, "geometry": {"type": "Point", "coordinates": [-3.1458371907456004, 51.50337170864981]}}, {"type": "Feature", "properties": {"name": "The Old Post Office", "site_type": "hotel", "suitability": 0.6}, "geometry": {"type": "Point", "coordinates": [-3.267805049091895, 51.48729541181876]}}, {"type": "Feature", "properties": {"name": "Travelodge Cardiff M4", "site_type": "hotel", "suitability": 0.6}, "geometry": {"type": "Point", "coordinates": [-3.306614308881269, 51.508347387087724]}}, {"type": "Feature", "properties": {"name": "The Parkgate Hotel", "site_type": "hotel", "suitability": 0.6}, "geometry": {"type": "Point", "coordinates": [-3.1798991396483545, 51.47859610707054]}}, {"type": "Feature", "properties": {"name": "The Royal Hotel", "site_type": "hotel", "suitability": 0.6}, "geometry": {"type": "Point", "coordinates": [-3.1781957038187247, 51.47802583838367]}}]}