{
"type": "FeatureCollection",
"name": "candidates_with_traffic",
"crs": { "type": "name", "properties": { "name": "urn:ogc:def:crs:EPSG::27700" } },
"features": [
{ "type": "Feature", "properties": { "name": "", "site_type": "car_park", "suitability": 0.8, "traffic_volume": 0.0, "traffic_count_pts": 0, "traffic_demand_score": 0.0 }, "geometry": { "type": "Point", "coordinates": [ 318915.359547678148374, 174334.956775222963188 ] } },
{ "type": "Feature", "properties": { "name": "", "site_type": "car_park", "suitability": 0.8, "traffic_volume": 0.0, "traffic_count_pts": 0, "traffic_demand_score": 0.0 }, "geometry": { "type": "Point", "coordinates": [ 310847.347810551058501, 183334.500589551986195 ] } },
{ "type": "Feature", "properties": { "name": "Arms Park Car Park", "site_type": "car_park", "suitability": 0.8, "traffic_volume": 28197.0, "traffic_count_pts": 2, "traffic_demand_score": 0.2536 }, "geometry": { "type": "Point", "coordinates": [ 317907.579639963223599, 176373.486480552237481 ] } },
{ "type": "Feature", "properties": { "name": "Principality House Car Park", "site_type": "car_park", "suitability": 0.8, "traffic_volume": 33647.0, "traffic_count_pts": 2, "traffic_demand_score": 0.3027 }, "geometry": { "type": "Point", "coordinates": [ 318367.059208732214756, 176639.855442615516949 ] } },
{ "type": "Feature", "properties": { "name": "NCP Pellett Street Car Park", "site_type": "car_park", "suitability": 0.8, "traffic_volume": 79691.0, "traffic_count_pts": 6, "traffic_demand_score": 0.7169 }, "geometry": { "type": "Point", "coordinates": [ 318836.406490372261032, 176093.125491257815156 ] } },
{ "type": "Feature", "properties": { "name": "John Lewis Car Park", "site_type": "car_park", "suitability": 0.8, "traffic_volume": 50351.0, "traffic_count_pts": 5, "traffic_demand_score": 0.4529 }, "geometry": { "type": "Point", "coordinates": [ 318525.005471371696331, 176069.406604740826879 ] } },
{ "type": "Feature", "properties": { "name": "", "site_type": "car_park", "suitability": 0.8, "traffic_volume": 63916.0, "traffic_count_pts": 6, "traffic_demand_score": 0.575 }, "geometry": { "type": "Point", "coordinates": [ 318353.460059175034985, 175791.008292058424558 ] } },
{ "type": "Feature", "properties": { "name": "", "site_type": "car_park", "suitability": 0.8, "traffic_volume": 62526.0, "traffic_count_pts": 3, "traffic_demand_score": 0.5625 }, "geometry": { "type": "Point", "coordinates": [ 318694.394056744582485, 176540.403326384723186 ] } },
{ "type": "Feature", "properties": { "name": "", "site_type": "car_park", "suitability": 0.8, "traffic_volume": 44744.0, "traffic_count_pts": 1, "traffic_demand_score": 0.4025 }, "geometry": { "type": "Point", "coordinates": [ 319496.690649256750476, 174663.464435803878587 ] } },
{ "type": "Feature", "properties": { "name": "", "site_type": "car_park", "suitability": 0.8, "traffic_volume": 44744.0, "traffic_count_pts": 1, "traffic_demand_score": 0.4025 }, "geometry": { "type": "Point", "coordinates": [ 319448.526123314222787, 174554.81673224264523 ] } },
{ "type": "Feature", "properties": { "name": "", "site_type": "car_park", "suitability": 0.8, "traffic_volume": 0.0, "traffic_count_pts": 0, "traffic_demand_score": 0.0 }, "geometry": { "type": "Point", "coordinates": [ 318809.206826531735715, 174610.3068409380503 ] } },
{ "type": "Feature", "properties": { "name": "", "site_type": "car_park", "suitability": 0.8, "traffic_volume": 0.0, "traffic_count_pts": 0, "traffic_demand_score": 0.0 }, "geometry": { "type": "Point", "coordinates": [ 317290.51004571816884, 179648.027852490253281 ] } },
{ "type": "Feature", "properties": { "name": "", "site_type": "car_park", "suitability": 0.8, "traffic_volume": 79691.0, "traffic_count_pts": 6, "traffic_demand_score": 0.7169 }, "geometry": { "type": "Point", "coordinates": [ 318636.518274131813087, 176139.922493706049863 ] } },
{ "type": "Feature", "properties": { "name": "", "site_type": "car_park", "suitability": 0.8, "traffic_volume": 53826.0, "traffic_count_pts": 5, "traffic_demand_score": 0.4842 }, "geometry": { "type": "Point", "coordinates": [ 318118.797818202758208, 175981.13855643721763 ] } },
{ "type": "Feature", "properties": { "name": "", "site_type": "car_park", "suitability": 0.8, "traffic_volume": 0.0, "traffic_count_pts": 0, "traffic_demand_score": 0.0 }, "geometry": { "type": "Point", "coordinates": [ 321141.560269654204603, 179815.386113916407339 ] } },
{ "type": "Feature", "properties": { "name": "Parc Customer Parking", "site_type": "car_park", "suitability": 0.8, "traffic_volume": 27000.0, "traffic_count_pts": 3, "traffic_demand_score": 0.2429 }, "geometry": { "type": "Point", "coordinates": [ 318084.667036312341224, 175360.4117971175001 ] } },
{ "type": "Feature", "properties": { "name": "", "site_type": "car_park", "suitability": 0.8, "traffic_volume": 1638.0, "traffic_count_pts": 1, "traffic_demand_score": 0.0147 }, "geometry": { "type": "Point", "coordinates": [ 319167.898325208225287, 174693.750218862202018 ] } },
{ "type": "Feature", "properties": { "name": "", "site_type": "car_park", "suitability": 0.8, "traffic_volume": 47557.0, "traffic_count_pts": 2, "traffic_demand_score": 0.4278 }, "geometry": { "type": "Point", "coordinates": [ 319034.766307413578033, 176691.842990701727103 ] } },
{ "type": "Feature", "properties": { "name": "", "site_type": "car_park", "suitability": 0.8, "traffic_volume": 29340.0, "traffic_count_pts": 1, "traffic_demand_score": 0.2639 }, "geometry": { "type": "Point", "coordinates": [ 319104.106371841859072, 176566.268921434239019 ] } },
{ "type": "Feature", "properties": { "name": "", "site_type": "car_park", "suitability": 0.8, "traffic_volume": 29340.0, "traffic_count_pts": 1, "traffic_demand_score": 0.2639 }, "geometry": { "type": "Point", "coordinates": [ 319143.284302576677874, 176532.460815636790358 ] } },
{ "type": "Feature", "properties": { "name": "", "site_type": "car_park", "suitability": 0.8, "traffic_volume": 64619.0, "traffic_count_pts": 2, "traffic_demand_score": 0.5813 }, "geometry": { "type": "Point", "coordinates": [ 319512.217026603873819, 175094.725496515573468 ] } },
{ "type": "Feature", "properties": { "name": "", "site_type": "car_park", "suitability": 0.8, "traffic_volume": 66257.0, "traffic_count_pts": 3, "traffic_demand_score": 0.596 }, "geometry": { "type": "Point", "coordinates": [ 319421.643610092520248, 175071.223418168781791 ] } },
{ "type": "Feature", "properties": { "name": "", "site_type": "car_park", "suitability": 0.8, "traffic_volume": 91788.0, "traffic_count_pts": 2, "traffic_demand_score": 0.8257 }, "geometry": { "type": "Point", "coordinates": [ 317623.233398546406534, 173483.626531456306111 ] } },
{ "type": "Feature", "properties": { "name": "", "site_type": "car_park", "suitability": 0.8, "traffic_volume": 0.0, "traffic_count_pts": 0, "traffic_demand_score": 0.0 }, "geometry": { "type": "Point", "coordinates": [ 317598.826870004355442, 174087.657302092004102 ] } },
{ "type": "Feature", "properties": { "name": "", "site_type": "car_park", "suitability": 0.8, "traffic_volume": 55583.0, "traffic_count_pts": 1, "traffic_demand_score": 0.5 }, "geometry": { "type": "Point", "coordinates": [ 317853.603285604156554, 173507.950470900803339 ] } },
{ "type": "Feature", "properties": { "name": "", "site_type": "car_park", "suitability": 0.8, "traffic_volume": 91788.0, "traffic_count_pts": 2, "traffic_demand_score": 0.8257 }, "geometry": { "type": "Point", "coordinates": [ 317788.930697538598906, 173493.578198115807027 ] } },
{ "type": "Feature", "properties": { "name": "", "site_type": "car_park", "suitability": 0.8, "traffic_volume": 91788.0, "traffic_count_pts": 2, "traffic_demand_score": 0.8257 }, "geometry": { "type": "Point", "coordinates": [ 317625.082203808182385, 173016.568057217111345 ] } },
{ "type": "Feature", "properties": { "name": "", "site_type": "car_park", "suitability": 0.8, "traffic_volume": 91788.0, "traffic_count_pts": 2, "traffic_demand_score": 0.8257 }, "geometry": { "type": "Point", "coordinates": [ 317625.159364514518529, 173193.304780381848104 ] } },
{ "type": "Feature", "properties": { "name": "", "site_type": "car_park", "suitability": 0.8, "traffic_volume": 91788.0, "traffic_count_pts": 2, "traffic_demand_score": 0.8257 }, "geometry": { "type": "Point", "coordinates": [ 317898.488179926527664, 173261.580693143769167 ] } },
{ "type": "Feature", "properties": { "name": "Turning Head Pay and Display Car Park", "site_type": "car_park", "suitability": 0.8, "traffic_volume": 31789.0, "traffic_count_pts": 2, "traffic_demand_score": 0.286 }, "geometry": { "type": "Point", "coordinates": [ 316530.933826692285948, 177393.856959092314355 ] } },
{ "type": "Feature", "properties": { "name": "", "site_type": "car_park", "suitability": 0.8, "traffic_volume": 0.0, "traffic_count_pts": 0, "traffic_demand_score": 0.0 }, "geometry": { "type": "Point", "coordinates": [ 317843.18109240202466, 179331.807481706608087 ] } },
{ "type": "Feature", "properties": { "name": "Sophia Gardens Stadium Car Park", "site_type": "car_park", "suitability": 0.8, "traffic_volume": 0.0, "traffic_count_pts": 0, "traffic_demand_score": 0.0 }, "geometry": { "type": "Point", "coordinates": [ 317291.144303901819512, 177254.426194282714278 ] } },
{ "type": "Feature", "properties": { "name": "Sophia Gardens Pay & Display Car Park", "site_type": "car_park", "suitability": 0.8, "traffic_volume": 17484.0, "traffic_count_pts": 1, "traffic_demand_score": 0.1573 }, "geometry": { "type": "Point", "coordinates": [ 317554.910956073028501, 176713.200020721822511 ] } },
{ "type": "Feature", "properties": { "name": "Havannah Street Pay & Display Car Park", "site_type": "car_park", "suitability": 0.8, "traffic_volume": 0.0, "traffic_count_pts": 0, "traffic_demand_score": 0.0 }, "geometry": { "type": "Point", "coordinates": [ 318938.036366594780702, 174223.805071408802178 ] } },
{ "type": "Feature", "properties": { "name": "Welcome Break Customer Parking", "site_type": "car_park", "suitability": 0.8, "traffic_volume": 0.0, "traffic_count_pts": 0, "traffic_demand_score": 0.0 }, "geometry": { "type": "Point", "coordinates": [ 321774.783653508406132, 182887.190038108383305 ] } },
{ "type": "Feature", "properties": { "name": "", "site_type": "car_park", "suitability": 0.8, "traffic_volume": 0.0, "traffic_count_pts": 0, "traffic_demand_score": 0.0 }, "geometry": { "type": "Point", "coordinates": [ 321364.369822116452269, 181528.604085283936001 ] } },
{ "type": "Feature", "properties": { "name": "", "site_type": "car_park", "suitability": 0.8, "traffic_volume": 0.0, "traffic_count_pts": 0, "traffic_demand_score": 0.0 }, "geometry": { "type": "Point", "coordinates": [ 317469.568247024668381, 181186.821224041981623 ] } },
{ "type": "Feature", "properties": { "name": "", "site_type": "car_park", "suitability": 0.8, "traffic_volume": 0.0, "traffic_count_pts": 0, "traffic_demand_score": 0.0 }, "geometry": { "type": "Point", "coordinates": [ 317485.033676408405881, 181308.586652035126463 ] } },
{ "type": "Feature", "properties": { "name": "", "site_type": "car_park", "suitability": 0.8, "traffic_volume": 0.0, "traffic_count_pts": 0, "traffic_demand_score": 0.0 }, "geometry": { "type": "Point", "coordinates": [ 314853.255110255908221, 181964.951182081887964 ] } },
{ "type": "Feature", "properties": { "name": "", "site_type": "car_park", "suitability": 0.8, "traffic_volume": 33124.0, "traffic_count_pts": 4, "traffic_demand_score": 0.298 }, "geometry": { "type": "Point", "coordinates": [ 318739.171050329867285, 175451.423010798520409 ] } },
{ "type": "Feature", "properties": { "name": "St Fagans Museum Main Car Park", "site_type": "car_park", "suitability": 0.8, "traffic_volume": 0.0, "traffic_count_pts": 0, "traffic_demand_score": 0.0 }, "geometry": { "type": "Point", "coordinates": [ 311742.771955821779557, 177108.925199473334942 ] } },
{ "type": "Feature", "properties": { "name": "", "site_type": "car_park", "suitability": 0.8, "traffic_volume": 0.0, "traffic_count_pts": 0, "traffic_demand_score": 0.0 }, "geometry": { "type": "Point", "coordinates": [ 321684.462937679316383, 182812.814015378593467 ] } },
{ "type": "Feature", "properties": { "name": "Cardiff North Retail Park Customer Parking", "site_type": "car_park", "suitability": 0.8, "traffic_volume": 0.0, "traffic_count_pts": 0, "traffic_demand_score": 0.0 }, "geometry": { "type": "Point", "coordinates": [ 316410.898127767082769, 178646.985954051488079 ] } },
{ "type": "Feature", "properties": { "name": "Gabalfa Workshops Parking", "site_type": "car_park", "suitability": 0.8, "traffic_volume": 27184.0, "traffic_count_pts": 1, "traffic_demand_score": 0.2445 }, "geometry": { "type": "Point", "coordinates": [ 316539.909328037989326, 178748.756073661264963 ] } },
{ "type": "Feature", "properties": { "name": "KFC Customer Parking", "site_type": "car_park", "suitability": 0.8, "traffic_volume": 0.0, "traffic_count_pts": 0, "traffic_demand_score": 0.0 }, "geometry": { "type": "Point", "coordinates": [ 316518.797015410324093, 178543.398726985149551 ] } },
{ "type": "Feature", "properties": { "name": "", "site_type": "car_park", "suitability": 0.8, "traffic_volume": 0.0, "traffic_count_pts": 0, "traffic_demand_score": 0.0 }, "geometry": { "type": "Point", "coordinates": [ 317393.102004782063887, 178266.776792215358 ] } },
{ "type": "Feature", "properties": { "name": "", "site_type": "car_park", "suitability": 0.8, "traffic_volume": 0.0, "traffic_count_pts": 0, "traffic_demand_score": 0.0 }, "geometry": { "type": "Point", "coordinates": [ 320824.713985533628147, 178396.239398650883231 ] } },
{ "type": "Feature", "properties": { "name": "Cardiff Central Station Pay and Display", "site_type": "car_park", "suitability": 0.8, "traffic_volume": 27322.0, "traffic_count_pts": 3, "traffic_demand_score": 0.2458 }, "geometry": { "type": "Point", "coordinates": [ 318080.49369563057553, 175890.135215401242021 ] } },
{ "type": "Feature", "properties": { "name": "Station car park", "site_type": "car_park", "suitability": 0.8, "traffic_volume": 48947.0, "traffic_count_pts": 5, "traffic_demand_score": 0.4403 }, "geometry": { "type": "Point", "coordinates": [ 318269.54556651157327, 175752.85663837287575 ] } },
{ "type": "Feature", "properties": { "name": "", "site_type": "car_park", "suitability": 0.8, "traffic_volume": 31214.0, "traffic_count_pts": 2, "traffic_demand_score": 0.2808 }, "geometry": { "type": "Point", "coordinates": [ 319218.962731642473955, 175449.35037200228544 ] } },
{ "type": "Feature", "properties": { "name": "", "site_type": "car_park", "suitability": 0.8, "traffic_volume": 0.0, "traffic_count_pts": 0, "traffic_demand_score": 0.0 }, "geometry": { "type": "Point", "coordinates": [ 321000.675903443014249, 178475.95829346269602 ] } },
{ "type": "Feature", "properties": { "name": "", "site_type": "car_park", "suitability": 0.8, "traffic_volume": 0.0, "traffic_count_pts": 0, "traffic_demand_score": 0.0 }, "geometry": { "type": "Point", "coordinates": [ 316792.900243413459975, 182766.907960640499368 ] } },
{ "type": "Feature", "properties": { "name": "Morrisons Customer Car Park", "site_type": "car_park", "suitability": 0.8, "traffic_volume": 0.0, "traffic_count_pts": 0, "traffic_demand_score": 0.0 }, "geometry": { "type": "Point", "coordinates": [ 316757.798979233426508, 181382.536858562903944 ] } },
{ "type": "Feature", "properties": { "name": "", "site_type": "car_park", "suitability": 0.8, "traffic_volume": 0.0, "traffic_count_pts": 0, "traffic_demand_score": 0.0 }, "geometry": { "type": "Point", "coordinates": [ 317467.724737989832647, 181084.396919949387666 ] } },
{ "type": "Feature", "properties": { "name": "Cardiff Lifestyle Shopping Park Customer Parking", "site_type": "car_park", "suitability": 0.8, "traffic_volume": 0.0, "traffic_count_pts": 0, "traffic_demand_score": 0.0 }, "geometry": { "type": "Point", "coordinates": [ 317308.196899612725247, 181519.629759214178193 ] } },
{ "type": "Feature", "properties": { "name": "", "site_type": "car_park", "suitability": 0.8, "traffic_volume": 0.0, "traffic_count_pts": 0, "traffic_demand_score": 0.0 }, "geometry": { "type": "Point", "coordinates": [ 317556.861833061673678, 177961.990280051191803 ] } },
{ "type": "Feature", "properties": { "name": "", "site_type": "car_park", "suitability": 0.8, "traffic_volume": 0.0, "traffic_count_pts": 0, "traffic_demand_score": 0.0 }, "geometry": { "type": "Point", "coordinates": [ 317852.136848397494759, 177729.059985105472151 ] } },
{ "type": "Feature", "properties": { "name": "", "site_type": "car_park", "suitability": 0.8, "traffic_volume": 0.0, "traffic_count_pts": 0, "traffic_demand_score": 0.0 }, "geometry": { "type": "Point", "coordinates": [ 320654.407576355966739, 180856.221061649615876 ] } },
{ "type": "Feature", "properties": { "name": "", "site_type": "car_park", "suitability": 0.8, "traffic_volume": 58916.0, "traffic_count_pts": 2, "traffic_demand_score": 0.53 }, "geometry": { "type": "Point", "coordinates": [ 319323.564063861500472, 175964.034653716254979 ] } },
{ "type": "Feature", "properties": { "name": "Car Park 2", "site_type": "car_park", "suitability": 0.8, "traffic_volume": 64619.0, "traffic_count_pts": 2, "traffic_demand_score": 0.5813 }, "geometry": { "type": "Point", "coordinates": [ 319588.048719485173933, 174862.415026632486843 ] } },
{ "type": "Feature", "properties": { "name": "Dogs Trust Visitor Parking", "site_type": "car_park", "suitability": 0.8, "traffic_volume": 64619.0, "traffic_count_pts": 2, "traffic_demand_score": 0.5813 }, "geometry": { "type": "Point", "coordinates": [ 319871.193000275292434, 175361.535593198437709 ] } },
{ "type": "Feature", "properties": { "name": "", "site_type": "car_park", "suitability": 0.8, "traffic_volume": 64619.0, "traffic_count_pts": 2, "traffic_demand_score": 0.5813 }, "geometry": { "type": "Point", "coordinates": [ 319592.786211506288964, 174997.953145917039365 ] } },
{ "type": "Feature", "properties": { "name": "", "site_type": "car_park", "suitability": 0.8, "traffic_volume": 64619.0, "traffic_count_pts": 2, "traffic_demand_score": 0.5813 }, "geometry": { "type": "Point", "coordinates": [ 319498.130005479964893, 174966.926220073655713 ] } },
{ "type": "Feature", "properties": { "name": "", "site_type": "car_park", "suitability": 0.8, "traffic_volume": 0.0, "traffic_count_pts": 0, "traffic_demand_score": 0.0 }, "geometry": { "type": "Point", "coordinates": [ 319752.670741906098556, 176265.217844518716447 ] } },
{ "type": "Feature", "properties": { "name": "HMP Cardiff Front Car Park", "site_type": "car_park", "suitability": 0.8, "traffic_volume": 29340.0, "traffic_count_pts": 1, "traffic_demand_score": 0.2639 }, "geometry": { "type": "Point", "coordinates": [ 318977.768581731361337, 176505.253822135040537 ] } },
{ "type": "Feature", "properties": { "name": "", "site_type": "car_park", "suitability": 0.8, "traffic_volume": 6501.0, "traffic_count_pts": 1, "traffic_demand_score": 0.0585 }, "geometry": { "type": "Point", "coordinates": [ 313907.203408232773654, 181257.304265322163701 ] } },
{ "type": "Feature", "properties": { "name": "", "site_type": "car_park", "suitability": 0.8, "traffic_volume": 19399.0, "traffic_count_pts": 1, "traffic_demand_score": 0.1745 }, "geometry": { "type": "Point", "coordinates": [ 311900.866261657094583, 175018.171089607058093 ] } },
{ "type": "Feature", "properties": { "name": "", "site_type": "car_park", "suitability": 0.8, "traffic_volume": 19399.0, "traffic_count_pts": 1, "traffic_demand_score": 0.1745 }, "geometry": { "type": "Point", "coordinates": [ 312057.085305934946518, 174977.70015586912632 ] } },
{ "type": "Feature", "properties": { "name": "Pay & Display", "site_type": "car_park", "suitability": 0.8, "traffic_volume": 51281.0, "traffic_count_pts": 1, "traffic_demand_score": 0.4613 }, "geometry": { "type": "Point", "coordinates": [ 315965.481824642047286, 178092.095793473476078 ] } },
{ "type": "Feature", "properties": { "name": "Staff Car Park", "site_type": "car_park", "suitability": 0.8, "traffic_volume": 51281.0, "traffic_count_pts": 1, "traffic_demand_score": 0.4613 }, "geometry": { "type": "Point", "coordinates": [ 315797.919303267088253, 178268.904674825957045 ] } },
{ "type": "Feature", "properties": { "name": "", "site_type": "car_park", "suitability": 0.8, "traffic_volume": 0.0, "traffic_count_pts": 0, "traffic_demand_score": 0.0 }, "geometry": { "type": "Point", "coordinates": [ 315701.379430197528563, 178707.138547867827583 ] } },
{ "type": "Feature", "properties": { "name": "", "site_type": "car_park", "suitability": 0.8, "traffic_volume": 0.0, "traffic_count_pts": 0, "traffic_demand_score": 0.0 }, "geometry": { "type": "Point", "coordinates": [ 315397.257169387827162, 179646.450308928615414 ] } },
{ "type": "Feature", "properties": { "name": "", "site_type": "car_park", "suitability": 0.8, "traffic_volume": 0.0, "traffic_count_pts": 0, "traffic_demand_score": 0.0 }, "geometry": { "type": "Point", "coordinates": [ 315385.357889611332212, 179978.853477969008964 ] } },
{ "type": "Feature", "properties": { "name": "", "site_type": "car_park", "suitability": 0.8, "traffic_volume": 6771.0, "traffic_count_pts": 1, "traffic_demand_score": 0.0609 }, "geometry": { "type": "Point", "coordinates": [ 315188.768784464802593, 180026.52504139271332 ] } },
{ "type": "Feature", "properties": { "name": "Penlline Road Pay and Display Car Park", "site_type": "car_park", "suitability": 0.8, "traffic_volume": 26555.0, "traffic_count_pts": 1, "traffic_demand_score": 0.2389 }, "geometry": { "type": "Point", "coordinates": [ 315416.541110100748483, 180177.607790338632185 ] } },
{ "type": "Feature", "properties": { "name": "National Museum Cardiff Visitor Car Park", "site_type": "car_park", "suitability": 0.8, "traffic_volume": 35701.0, "traffic_count_pts": 2, "traffic_demand_score": 0.3212 }, "geometry": { "type": "Point", "coordinates": [ 318294.610726699989755, 177064.701366431603674 ] } },
{ "type": "Feature", "properties": { "name": "KFC Customer Parking", "site_type": "car_park", "suitability": 0.8, "traffic_volume": 11467.0, "traffic_count_pts": 1, "traffic_demand_score": 0.1032 }, "geometry": { "type": "Point", "coordinates": [ 316420.41510494123213, 175682.615873646514956 ] } },
{ "type": "Feature", "properties": { "name": "Cardiff City Stadium Car Park A", "site_type": "car_park", "suitability": 0.8, "traffic_volume": 11467.0, "traffic_count_pts": 1, "traffic_demand_score": 0.1032 }, "geometry": { "type": "Point", "coordinates": [ 316599.289416114334017, 175705.311208122351673 ] } },
{ "type": "Feature", "properties": { "name": "Cardiff City Stadium Car Park C", "site_type": "car_park", "suitability": 0.8, "traffic_volume": 11467.0, "traffic_count_pts": 1, "traffic_demand_score": 0.1032 }, "geometry": { "type": "Point", "coordinates": [ 316373.109807433385868, 175577.318174324755091 ] } },
{ "type": "Feature", "properties": { "name": "", "site_type": "car_park", "suitability": 0.8, "traffic_volume": 11467.0, "traffic_count_pts": 1, "traffic_demand_score": 0.1032 }, "geometry": { "type": "Point", "coordinates": [ 316397.552666177274659, 175411.738207501010038 ] } },
{ "type": "Feature", "properties": { "name": "", "site_type": "car_park", "suitability": 0.8, "traffic_volume": 12767.0, "traffic_count_pts": 1, "traffic_demand_score": 0.1148 }, "geometry": { "type": "Point", "coordinates": [ 317361.931848182342947, 176539.910950861289166 ] } },
{ "type": "Feature", "properties": { "name": "Staff & Blue Badge Holder Parking", "site_type": "car_park", "suitability": 0.8, "traffic_volume": 0.0, "traffic_count_pts": 0, "traffic_demand_score": 0.0 }, "geometry": { "type": "Point", "coordinates": [ 317127.65300874505192, 176558.194203466817271 ] } },
{ "type": "Feature", "properties": { "name": "Radyr Station North Car Park", "site_type": "car_park", "suitability": 0.8, "traffic_volume": 0.0, "traffic_count_pts": 0, "traffic_demand_score": 0.0 }, "geometry": { "type": "Point", "coordinates": [ 313369.577392788720317, 180485.640010328905191 ] } },
{ "type": "Feature", "properties": { "name": "Cardiff Waterside Multi-Storey Car Park", "site_type": "car_park", "suitability": 0.8, "traffic_volume": 44744.0, "traffic_count_pts": 1, "traffic_demand_score": 0.4025 }, "geometry": { "type": "Point", "coordinates": [ 319386.145362903946079, 174759.748836436949205 ] } },
{ "type": "Feature", "properties": { "name": "Dumfries Place (NCP)", "site_type": "car_park", "suitability": 0.8, "traffic_volume": 18217.0, "traffic_count_pts": 1, "traffic_demand_score": 0.1639 }, "geometry": { "type": "Point", "coordinates": [ 318755.528093164029997, 176761.522097470646258 ] } },
{ "type": "Feature", "properties": { "name": "UHW Visitor & Staff Car Park (CP9)", "site_type": "car_park", "suitability": 0.8, "traffic_volume": 0.0, "traffic_count_pts": 0, "traffic_demand_score": 0.0 }, "geometry": { "type": "Point", "coordinates": [ 317688.338220506731886, 179183.231384079146665 ] } },
{ "type": "Feature", "properties": { "name": "", "site_type": "car_park", "suitability": 0.8, "traffic_volume": 0.0, "traffic_count_pts": 0, "traffic_demand_score": 0.0 }, "geometry": { "type": "Point", "coordinates": [ 314496.465044253971428, 176318.006165643106215 ] } },
{ "type": "Feature", "properties": { "name": "", "site_type": "car_park", "suitability": 0.8, "traffic_volume": 0.0, "traffic_count_pts": 0, "traffic_demand_score": 0.0 }, "geometry": { "type": "Point", "coordinates": [ 316135.905089295003563, 181926.337470817787107 ] } },
{ "type": "Feature", "properties": { "name": "", "site_type": "car_park", "suitability": 0.8, "traffic_volume": 0.0, "traffic_count_pts": 0, "traffic_demand_score": 0.0 }, "geometry": { "type": "Point", "coordinates": [ 316238.613875338807702, 182003.321912145416718 ] } },
{ "type": "Feature", "properties": { "name": "", "site_type": "car_park", "suitability": 0.8, "traffic_volume": 0.0, "traffic_count_pts": 0, "traffic_demand_score": 0.0 }, "geometry": { "type": "Point", "coordinates": [ 315654.338282664888538, 181702.473075627116486 ] } },
{ "type": "Feature", "properties": { "name": "", "site_type": "car_park", "suitability": 0.8, "traffic_volume": 0.0, "traffic_count_pts": 0, "traffic_demand_score": 0.0 }, "geometry": { "type": "Point", "coordinates": [ 315602.438100357365329, 181759.588061151502188 ] } },
{ "type": "Feature", "properties": { "name": "", "site_type": "car_park", "suitability": 0.8, "traffic_volume": 13602.0, "traffic_count_pts": 1, "traffic_demand_score": 0.1224 }, "geometry": { "type": "Point", "coordinates": [ 314918.425546645536087, 178753.464207451383118 ] } },
{ "type": "Feature", "properties": { "name": "", "site_type": "car_park", "suitability": 0.8, "traffic_volume": 13602.0, "traffic_count_pts": 1, "traffic_demand_score": 0.1224 }, "geometry": { "type": "Point", "coordinates": [ 315023.899978726636618, 178726.336375694838353 ] } },
{ "type": "Feature", "properties": { "name": "Llanishen Leisure Centre Parking", "site_type": "car_park", "suitability": 0.8, "traffic_volume": 0.0, "traffic_count_pts": 0, "traffic_demand_score": 0.0 }, "geometry": { "type": "Point", "coordinates": [ 317451.589372856076807, 181636.37902391445823 ] } },
{ "type": "Feature", "properties": { "name": "Tesco Customer Parking", "site_type": "car_park", "suitability": 0.8, "traffic_volume": 51281.0, "traffic_count_pts": 1, "traffic_demand_score": 0.4613 }, "geometry": { "type": "Point", "coordinates": [ 316329.004009482916445, 178422.263719553826377 ] } },
{ "type": "Feature", "properties": { "name": "St David's Hotel Car Park", "site_type": "car_park", "suitability": 0.8, "traffic_volume": 46857.0, "traffic_count_pts": 1, "traffic_demand_score": 0.4215 }, "geometry": { "type": "Point", "coordinates": [ 318947.179908946214709, 174140.153400998562574 ] } },
{ "type": "Feature", "properties": { "name": "", "site_type": "car_park", "suitability": 0.8, "traffic_volume": 0.0, "traffic_count_pts": 0, "traffic_demand_score": 0.0 }, "geometry": { "type": "Point", "coordinates": [ 314526.828672966978047, 179356.868935792474076 ] } },
{ "type": "Feature", "properties": { "name": "", "site_type": "car_park", "suitability": 0.8, "traffic_volume": 0.0, "traffic_count_pts": 0, "traffic_demand_score": 0.0 }, "geometry": { "type": "Point", "coordinates": [ 323633.834557544440031, 179130.573437976941932 ] } },
{ "type": "Feature", "properties": { "name": "Red Dragon Centre Customer Parking", "site_type": "car_park", "suitability": 0.8, "traffic_volume": 46382.0, "traffic_count_pts": 2, "traffic_demand_score": 0.4172 }, "geometry": { "type": "Point", "coordinates": [ 319356.845133362105116, 174921.90710014879005 ] } },
{ "type": "Feature", "properties": { "name": "", "site_type": "car_park", "suitability": 0.8, "traffic_volume": 0.0, "traffic_count_pts": 0, "traffic_demand_score": 0.0 }, "geometry": { "type": "Point", "coordinates": [ 321746.100286944711115, 177193.246001788240392 ] } },
{ "type": "Feature", "properties": { "name": "", "site_type": "car_park", "suitability": 0.8, "traffic_volume": 0.0, "traffic_count_pts": 0, "traffic_demand_score": 0.0 }, "geometry": { "type": "Point", "coordinates": [ 323518.781666539085563, 181268.155985235469416 ] } },
{ "type": "Feature", "properties": { "name": "", "site_type": "car_park", "suitability": 0.8, "traffic_volume": 55583.0, "traffic_count_pts": 1, "traffic_demand_score": 0.5 }, "geometry": { "type": "Point", "coordinates": [ 317714.156461252190638, 173687.33253800298553 ] } },
{ "type": "Feature", "properties": { "name": "", "site_type": "car_park", "suitability": 0.8, "traffic_volume": 14565.0, "traffic_count_pts": 1, "traffic_demand_score": 0.131 }, "geometry": { "type": "Point", "coordinates": [ 317236.592966728028841, 174732.441295978846028 ] } },
{ "type": "Feature", "properties": { "name": "", "site_type": "car_park", "suitability": 0.8, "traffic_volume": 0.0, "traffic_count_pts": 0, "traffic_demand_score": 0.0 }, "geometry": { "type": "Point", "coordinates": [ 317007.087476817367133, 174700.830654356570449 ] } },
{ "type": "Feature", "properties": { "name": "", "site_type": "car_park", "suitability": 0.8, "traffic_volume": 55583.0, "traffic_count_pts": 1, "traffic_demand_score": 0.5 }, "geometry": { "type": "Point", "coordinates": [ 316818.285611472791061, 174572.077437328523956 ] } },
{ "type": "Feature", "properties": { "name": "", "site_type": "car_park", "suitability": 0.8, "traffic_volume": 29576.0, "traffic_count_pts": 1, "traffic_demand_score": 0.2661 }, "geometry": { "type": "Point", "coordinates": [ 319646.478389374387916, 176067.736802211671602 ] } },
{ "type": "Feature", "properties": { "name": "", "site_type": "car_park", "suitability": 0.8, "traffic_volume": 0.0, "traffic_count_pts": 0, "traffic_demand_score": 0.0 }, "geometry": { "type": "Point", "coordinates": [ 319789.898736477363855, 175911.345567526877858 ] } },
{ "type": "Feature", "properties": { "name": "", "site_type": "car_park", "suitability": 0.8, "traffic_volume": 32809.0, "traffic_count_pts": 1, "traffic_demand_score": 0.2951 }, "geometry": { "type": "Point", "coordinates": [ 320802.475188102049287, 178041.370194526214618 ] } },
{ "type": "Feature", "properties": { "name": "", "site_type": "car_park", "suitability": 0.8, "traffic_volume": 0.0, "traffic_count_pts": 0, "traffic_demand_score": 0.0 }, "geometry": { "type": "Point", "coordinates": [ 320104.728410379088018, 175606.165587805851828 ] } },
{ "type": "Feature", "properties": { "name": "", "site_type": "car_park", "suitability": 0.8, "traffic_volume": 0.0, "traffic_count_pts": 0, "traffic_demand_score": 0.0 }, "geometry": { "type": "Point", "coordinates": [ 320010.314244931098074, 175534.290297761443071 ] } },
{ "type": "Feature", "properties": { "name": "", "site_type": "car_park", "suitability": 0.8, "traffic_volume": 0.0, "traffic_count_pts": 0, "traffic_demand_score": 0.0 }, "geometry": { "type": "Point", "coordinates": [ 322770.222104976885021, 178717.437848852889147 ] } },
{ "type": "Feature", "properties": { "name": "", "site_type": "car_park", "suitability": 0.8, "traffic_volume": 0.0, "traffic_count_pts": 0, "traffic_demand_score": 0.0 }, "geometry": { "type": "Point", "coordinates": [ 322835.37573114852421, 178711.401679336675443 ] } },
{ "type": "Feature", "properties": { "name": "", "site_type": "car_park", "suitability": 0.8, "traffic_volume": 0.0, "traffic_count_pts": 0, "traffic_demand_score": 0.0 }, "geometry": { "type": "Point", "coordinates": [ 322525.991649120580405, 178651.864550073049031 ] } },
{ "type": "Feature", "properties": { "name": "", "site_type": "car_park", "suitability": 0.8, "traffic_volume": 0.0, "traffic_count_pts": 0, "traffic_demand_score": 0.0 }, "geometry": { "type": "Point", "coordinates": [ 319579.179351455706637, 179612.890393039560877 ] } },
{ "type": "Feature", "properties": { "name": "", "site_type": "car_park", "suitability": 0.8, "traffic_volume": 0.0, "traffic_count_pts": 0, "traffic_demand_score": 0.0 }, "geometry": { "type": "Point", "coordinates": [ 321677.020624468335882, 179899.155244352819864 ] } },
{ "type": "Feature", "properties": { "name": "", "site_type": "car_park", "suitability": 0.8, "traffic_volume": 0.0, "traffic_count_pts": 0, "traffic_demand_score": 0.0 }, "geometry": { "type": "Point", "coordinates": [ 319480.32008981105173, 181364.248470606573392 ] } },
{ "type": "Feature", "properties": { "name": "", "site_type": "car_park", "suitability": 0.8, "traffic_volume": 64912.0, "traffic_count_pts": 2, "traffic_demand_score": 0.5839 }, "geometry": { "type": "Point", "coordinates": [ 323992.251092120248359, 182011.702420433633961 ] } },
{ "type": "Feature", "properties": { "name": "", "site_type": "car_park", "suitability": 0.8, "traffic_volume": 0.0, "traffic_count_pts": 0, "traffic_demand_score": 0.0 }, "geometry": { "type": "Point", "coordinates": [ 320845.372964893351309, 181188.608673804090358 ] } },
{ "type": "Feature", "properties": { "name": "", "site_type": "car_park", "suitability": 0.8, "traffic_volume": 0.0, "traffic_count_pts": 0, "traffic_demand_score": 0.0 }, "geometry": { "type": "Point", "coordinates": [ 320936.978098284627777, 181922.35131985245971 ] } },
{ "type": "Feature", "properties": { "name": "", "site_type": "car_park", "suitability": 0.8, "traffic_volume": 0.0, "traffic_count_pts": 0, "traffic_demand_score": 0.0 }, "geometry": { "type": "Point", "coordinates": [ 320030.764759836834855, 181289.54676353011746 ] } },
{ "type": "Feature", "properties": { "name": "", "site_type": "car_park", "suitability": 0.8, "traffic_volume": 0.0, "traffic_count_pts": 0, "traffic_demand_score": 0.0 }, "geometry": { "type": "Point", "coordinates": [ 313300.24834723083768, 180948.161975210532546 ] } },
{ "type": "Feature", "properties": { "name": "", "site_type": "car_park", "suitability": 0.8, "traffic_volume": 0.0, "traffic_count_pts": 0, "traffic_demand_score": 0.0 }, "geometry": { "type": "Point", "coordinates": [ 313399.450708517688327, 180873.055927727138624 ] } },
{ "type": "Feature", "properties": { "name": "", "site_type": "car_park", "suitability": 0.8, "traffic_volume": 0.0, "traffic_count_pts": 0, "traffic_demand_score": 0.0 }, "geometry": { "type": "Point", "coordinates": [ 313449.378611378720962, 180960.332152684568428 ] } },
{ "type": "Feature", "properties": { "name": "", "site_type": "car_park", "suitability": 0.8, "traffic_volume": 0.0, "traffic_count_pts": 0, "traffic_demand_score": 0.0 }, "geometry": { "type": "Point", "coordinates": [ 313398.06005214311881, 181068.812986104690935 ] } },
{ "type": "Feature", "properties": { "name": "", "site_type": "car_park", "suitability": 0.8, "traffic_volume": 0.0, "traffic_count_pts": 0, "traffic_demand_score": 0.0 }, "geometry": { "type": "Point", "coordinates": [ 313321.372940424887929, 181073.670572528033517 ] } },
{ "type": "Feature", "properties": { "name": "", "site_type": "car_park", "suitability": 0.8, "traffic_volume": 0.0, "traffic_count_pts": 0, "traffic_demand_score": 0.0 }, "geometry": { "type": "Point", "coordinates": [ 313248.935510196839459, 181058.920717072091065 ] } },
{ "type": "Feature", "properties": { "name": "", "site_type": "car_park", "suitability": 0.8, "traffic_volume": 0.0, "traffic_count_pts": 0, "traffic_demand_score": 0.0 }, "geometry": { "type": "Point", "coordinates": [ 313131.649367416626774, 180996.596762027300429 ] } },
{ "type": "Feature", "properties": { "name": "", "site_type": "car_park", "suitability": 0.8, "traffic_volume": 0.0, "traffic_count_pts": 0, "traffic_demand_score": 0.0 }, "geometry": { "type": "Point", "coordinates": [ 313515.339813780912664, 180840.71217196068028 ] } },
{ "type": "Feature", "properties": { "name": "", "site_type": "car_park", "suitability": 0.8, "traffic_volume": 0.0, "traffic_count_pts": 0, "traffic_demand_score": 0.0 }, "geometry": { "type": "Point", "coordinates": [ 313564.163218168425374, 180904.664474265999161 ] } },
{ "type": "Feature", "properties": { "name": "", "site_type": "car_park", "suitability": 0.8, "traffic_volume": 0.0, "traffic_count_pts": 0, "traffic_demand_score": 0.0 }, "geometry": { "type": "Point", "coordinates": [ 313273.504006704548374, 180859.785925614065491 ] } },
{ "type": "Feature", "properties": { "name": "", "site_type": "car_park", "suitability": 0.8, "traffic_volume": 44309.0, "traffic_count_pts": 2, "traffic_demand_score": 0.3986 }, "geometry": { "type": "Point", "coordinates": [ 318902.85156088497024, 176301.957684703578707 ] } },
{ "type": "Feature", "properties": { "name": "", "site_type": "car_park", "suitability": 0.8, "traffic_volume": 0.0, "traffic_count_pts": 0, "traffic_demand_score": 0.0 }, "geometry": { "type": "Point", "coordinates": [ 316087.256418908829801, 184117.918572224851232 ] } },
{ "type": "Feature", "properties": { "name": "Patient/Visitor car park", "site_type": "car_park", "suitability": 0.8, "traffic_volume": 0.0, "traffic_count_pts": 0, "traffic_demand_score": 0.0 }, "geometry": { "type": "Point", "coordinates": [ 314805.100666117097717, 180566.350055026414338 ] } },
{ "type": "Feature", "properties": { "name": "", "site_type": "car_park", "suitability": 0.8, "traffic_volume": 0.0, "traffic_count_pts": 0, "traffic_demand_score": 0.0 }, "geometry": { "type": "Point", "coordinates": [ 316539.602839958504774, 181940.136175519262906 ] } },
{ "type": "Feature", "properties": { "name": "", "site_type": "car_park", "suitability": 0.8, "traffic_volume": 27184.0, "traffic_count_pts": 1, "traffic_demand_score": 0.2445 }, "geometry": { "type": "Point", "coordinates": [ 316869.336300512426533, 178393.175584726966918 ] } },
{ "type": "Feature", "properties": { "name": "", "site_type": "car_park", "suitability": 0.8, "traffic_volume": 0.0, "traffic_count_pts": 0, "traffic_demand_score": 0.0 }, "geometry": { "type": "Point", "coordinates": [ 317076.309601876244415, 178338.594972694350872 ] } },
{ "type": "Feature", "properties": { "name": "", "site_type": "car_park", "suitability": 0.8, "traffic_volume": 32809.0, "traffic_count_pts": 1, "traffic_demand_score": 0.2951 }, "geometry": { "type": "Point", "coordinates": [ 320424.425216281029861, 177945.429594400746282 ] } },
{ "type": "Feature", "properties": { "name": "", "site_type": "car_park", "suitability": 0.8, "traffic_volume": 0.0, "traffic_count_pts": 0, "traffic_demand_score": 0.0 }, "geometry": { "type": "Point", "coordinates": [ 321369.29149108089041, 177393.488025712082162 ] } },
{ "type": "Feature", "properties": { "name": "", "site_type": "car_park", "suitability": 0.8, "traffic_volume": 0.0, "traffic_count_pts": 0, "traffic_demand_score": 0.0 }, "geometry": { "type": "Point", "coordinates": [ 313438.811174471280538, 175426.937402988143731 ] } },
{ "type": "Feature", "properties": { "name": "", "site_type": "car_park", "suitability": 0.8, "traffic_volume": 9772.0, "traffic_count_pts": 2, "traffic_demand_score": 0.0879 }, "geometry": { "type": "Point", "coordinates": [ 316115.633107861736789, 176676.195123275567312 ] } },
{ "type": "Feature", "properties": { "name": "", "site_type": "car_park", "suitability": 0.8, "traffic_volume": 27854.0, "traffic_count_pts": 2, "traffic_demand_score": 0.2506 }, "geometry": { "type": "Point", "coordinates": [ 315818.966578932653647, 177071.868899686727673 ] } },
{ "type": "Feature", "properties": { "name": "", "site_type": "car_park", "suitability": 0.8, "traffic_volume": 9443.0, "traffic_count_pts": 1, "traffic_demand_score": 0.0849 }, "geometry": { "type": "Point", "coordinates": [ 316475.170886727748439, 176502.506533483334351 ] } },
{ "type": "Feature", "properties": { "name": "", "site_type": "car_park", "suitability": 0.8, "traffic_volume": 19614.0, "traffic_count_pts": 1, "traffic_demand_score": 0.1764 }, "geometry": { "type": "Point", "coordinates": [ 314623.865283615130465, 177064.470271020720247 ] } },
{ "type": "Feature", "properties": { "name": "", "site_type": "car_park", "suitability": 0.8, "traffic_volume": 44349.0, "traffic_count_pts": 3, "traffic_demand_score": 0.3989 }, "geometry": { "type": "Point", "coordinates": [ 315230.037399753462523, 177556.075508187175728 ] } },
{ "type": "Feature", "properties": { "name": "", "site_type": "car_park", "suitability": 0.8, "traffic_volume": 0.0, "traffic_count_pts": 0, "traffic_demand_score": 0.0 }, "geometry": { "type": "Point", "coordinates": [ 312957.297034646500833, 176056.017401734483428 ] } },
{ "type": "Feature", "properties": { "name": "", "site_type": "car_park", "suitability": 0.8, "traffic_volume": 0.0, "traffic_count_pts": 0, "traffic_demand_score": 0.0 }, "geometry": { "type": "Point", "coordinates": [ 312997.904430361348204, 175998.166021691751666 ] } },
{ "type": "Feature", "properties": { "name": "", "site_type": "car_park", "suitability": 0.8, "traffic_volume": 0.0, "traffic_count_pts": 0, "traffic_demand_score": 0.0 }, "geometry": { "type": "Point", "coordinates": [ 313095.325132575817406, 175848.489395667042118 ] } },
{ "type": "Feature", "properties": { "name": "", "site_type": "car_park", "suitability": 0.8, "traffic_volume": 0.0, "traffic_count_pts": 0, "traffic_demand_score": 0.0 }, "geometry": { "type": "Point", "coordinates": [ 313892.844984545605257, 176711.204911006090697 ] } },
{ "type": "Feature", "properties": { "name": "", "site_type": "car_park", "suitability": 0.8, "traffic_volume": 0.0, "traffic_count_pts": 0, "traffic_demand_score": 0.0 }, "geometry": { "type": "Point", "coordinates": [ 313771.389787014923058, 176713.951210265164264 ] } },
{ "type": "Feature", "properties": { "name": "", "site_type": "car_park", "suitability": 0.8, "traffic_volume": 0.0, "traffic_count_pts": 0, "traffic_demand_score": 0.0 }, "geometry": { "type": "Point", "coordinates": [ 313432.309037921193521, 176514.650157578522339 ] } },
{ "type": "Feature", "properties": { "name": "", "site_type": "car_park", "suitability": 0.8, "traffic_volume": 0.0, "traffic_count_pts": 0, "traffic_demand_score": 0.0 }, "geometry": { "type": "Point", "coordinates": [ 314413.983560514287092, 176672.985688078624662 ] } },
{ "type": "Feature", "properties": { "name": "", "site_type": "car_park", "suitability": 0.8, "traffic_volume": 0.0, "traffic_count_pts": 0, "traffic_demand_score": 0.0 }, "geometry": { "type": "Point", "coordinates": [ 314584.391165768960491, 176463.328699190926272 ] } },
{ "type": "Feature", "properties": { "name": "", "site_type": "car_park", "suitability": 0.8, "traffic_volume": 0.0, "traffic_count_pts": 0, "traffic_demand_score": 0.0 }, "geometry": { "type": "Point", "coordinates": [ 313004.809483271208592, 175588.647576344083063 ] } },
{ "type": "Feature", "properties": { "name": "", "site_type": "car_park", "suitability": 0.8, "traffic_volume": 7754.0, "traffic_count_pts": 1, "traffic_demand_score": 0.0698 }, "geometry": { "type": "Point", "coordinates": [ 312754.337505889532622, 175511.235294120619074 ] } },
{ "type": "Feature", "properties": { "name": "", "site_type": "car_park", "suitability": 0.8, "traffic_volume": 0.0, "traffic_count_pts": 0, "traffic_demand_score": 0.0 }, "geometry": { "type": "Point", "coordinates": [ 313208.305879453022499, 175722.661636987235397 ] } },
{ "type": "Feature", "properties": { "name": "Forest Farm Country Park Visitor Car Park", "site_type": "car_park", "suitability": 0.8, "traffic_volume": 0.0, "traffic_count_pts": 0, "traffic_demand_score": 0.0 }, "geometry": { "type": "Point", "coordinates": [ 313831.467535087838769, 180540.656099432962947 ] } },
{ "type": "Feature", "properties": { "name": "", "site_type": "car_park", "suitability": 0.8, "traffic_volume": 0.0, "traffic_count_pts": 0, "traffic_demand_score": 0.0 }, "geometry": { "type": "Point", "coordinates": [ 313263.141659889835864, 182676.955738833523355 ] } },
{ "type": "Feature", "properties": { "name": "", "site_type": "car_park", "suitability": 0.8, "traffic_volume": 0.0, "traffic_count_pts": 0, "traffic_demand_score": 0.0 }, "geometry": { "type": "Point", "coordinates": [ 313763.980855265981518, 175650.082046945637558 ] } },
{ "type": "Feature", "properties": { "name": "", "site_type": "car_park", "suitability": 0.8, "traffic_volume": 0.0, "traffic_count_pts": 0, "traffic_demand_score": 0.0 }, "geometry": { "type": "Point", "coordinates": [ 314357.747486804029904, 176043.501378182787448 ] } },
{ "type": "Feature", "properties": { "name": "", "site_type": "car_park", "suitability": 0.8, "traffic_volume": 0.0, "traffic_count_pts": 0, "traffic_demand_score": 0.0 }, "geometry": { "type": "Point", "coordinates": [ 314305.405190286051948, 176118.999085282208398 ] } },
{ "type": "Feature", "properties": { "name": "", "site_type": "car_park", "suitability": 0.8, "traffic_volume": 0.0, "traffic_count_pts": 0, "traffic_demand_score": 0.0 }, "geometry": { "type": "Point", "coordinates": [ 314124.93119578884216, 175936.561140892736148 ] } },
{ "type": "Feature", "properties": { "name": "", "site_type": "car_park", "suitability": 0.8, "traffic_volume": 0.0, "traffic_count_pts": 0, "traffic_demand_score": 0.0 }, "geometry": { "type": "Point", "coordinates": [ 314092.636475233302917, 175989.526504713983741 ] } },
{ "type": "Feature", "properties": { "name": "", "site_type": "car_park", "suitability": 0.8, "traffic_volume": 329.0, "traffic_count_pts": 1, "traffic_demand_score": 0.003 }, "geometry": { "type": "Point", "coordinates": [ 315646.443484741437715, 176093.336803297919687 ] } },
{ "type": "Feature", "properties": { "name": "", "site_type": "car_park", "suitability": 0.8, "traffic_volume": 329.0, "traffic_count_pts": 1, "traffic_demand_score": 0.003 }, "geometry": { "type": "Point", "coordinates": [ 315867.91279581352137, 176006.333702463423833 ] } },
{ "type": "Feature", "properties": { "name": "", "site_type": "car_park", "suitability": 0.8, "traffic_volume": 0.0, "traffic_count_pts": 0, "traffic_demand_score": 0.0 }, "geometry": { "type": "Point", "coordinates": [ 312682.314466969633941, 176555.683667173783761 ] } },
{ "type": "Feature", "properties": { "name": "Knox Road Car Park", "site_type": "car_park", "suitability": 0.8, "traffic_volume": 47557.0, "traffic_count_pts": 2, "traffic_demand_score": 0.4278 }, "geometry": { "type": "Point", "coordinates": [ 318986.989415697404183, 176570.387316532607656 ] } },
{ "type": "Feature", "properties": { "name": "Cardiff City Stadium Car Park B", "site_type": "car_park", "suitability": 0.8, "traffic_volume": 11467.0, "traffic_count_pts": 1, "traffic_demand_score": 0.1032 }, "geometry": { "type": "Point", "coordinates": [ 316472.736891946231481, 175697.574648353096563 ] } },
{ "type": "Feature", "properties": { "name": "Cardiff City Stadium Car Park F", "site_type": "car_park", "suitability": 0.8, "traffic_volume": 11467.0, "traffic_count_pts": 1, "traffic_demand_score": 0.1032 }, "geometry": { "type": "Point", "coordinates": [ 316644.680941368453205, 175464.484721775806975 ] } },
{ "type": "Feature", "properties": { "name": "", "site_type": "car_park", "suitability": 0.8, "traffic_volume": 36205.0, "traffic_count_pts": 1, "traffic_demand_score": 0.3257 }, "geometry": { "type": "Point", "coordinates": [ 317862.023466275830287, 173057.283294341061264 ] } },
{ "type": "Feature", "properties": { "name": "", "site_type": "car_park", "suitability": 0.8, "traffic_volume": 36205.0, "traffic_count_pts": 1, "traffic_demand_score": 0.3257 }, "geometry": { "type": "Point", "coordinates": [ 318063.532148665399291, 172951.735587770002894 ] } },
{ "type": "Feature", "properties": { "name": "", "site_type": "car_park", "suitability": 0.8, "traffic_volume": 36205.0, "traffic_count_pts": 1, "traffic_demand_score": 0.3257 }, "geometry": { "type": "Point", "coordinates": [ 318097.513514350983314, 173061.944219163036905 ] } },
{ "type": "Feature", "properties": { "name": "Cardiff International Pool Car Park", "site_type": "car_park", "suitability": 0.8, "traffic_volume": 36205.0, "traffic_count_pts": 1, "traffic_demand_score": 0.3257 }, "geometry": { "type": "Point", "coordinates": [ 318049.099457151431125, 172863.183500430139247 ] } },
{ "type": "Feature", "properties": { "name": "Cardiff Bay Yacht Club Members Only Parking", "site_type": "car_park", "suitability": 0.8, "traffic_volume": 0.0, "traffic_count_pts": 0, "traffic_demand_score": 0.0 }, "geometry": { "type": "Point", "coordinates": [ 318417.984125480987132, 172777.236236315162387 ] } },
{ "type": "Feature", "properties": { "name": "", "site_type": "car_park", "suitability": 0.8, "traffic_volume": 91788.0, "traffic_count_pts": 2, "traffic_demand_score": 0.8257 }, "geometry": { "type": "Point", "coordinates": [ 317476.956926634069532, 173251.357686062692665 ] } },
{ "type": "Feature", "properties": { "name": "NCP - Westgate Street", "site_type": "car_park", "suitability": 0.8, "traffic_volume": 19326.0, "traffic_count_pts": 2, "traffic_demand_score": 0.1738 }, "geometry": { "type": "Point", "coordinates": [ 318114.058961881615687, 176302.249118522042409 ] } },
{ "type": "Feature", "properties": { "name": "", "site_type": "car_park", "suitability": 0.8, "traffic_volume": 0.0, "traffic_count_pts": 0, "traffic_demand_score": 0.0 }, "geometry": { "type": "Point", "coordinates": [ 317548.754801752394997, 174308.447910931077786 ] } },
{ "type": "Feature", "properties": { "name": "Health Centre Staff Car Park", "site_type": "car_park", "suitability": 0.8, "traffic_volume": 0.0, "traffic_count_pts": 0, "traffic_demand_score": 0.0 }, "geometry": { "type": "Point", "coordinates": [ 317059.072723970341031, 176443.900482781988103 ] } },
{ "type": "Feature", "properties": { "name": "", "site_type": "car_park", "suitability": 0.8, "traffic_volume": 0.0, "traffic_count_pts": 0, "traffic_demand_score": 0.0 }, "geometry": { "type": "Point", "coordinates": [ 313889.810934146866202, 175731.475831181916874 ] } },
{ "type": "Feature", "properties": { "name": "", "site_type": "car_park", "suitability": 0.8, "traffic_volume": 48947.0, "traffic_count_pts": 5, "traffic_demand_score": 0.4403 }, "geometry": { "type": "Point", "coordinates": [ 318409.024512231000699, 175542.745517334027681 ] } },
{ "type": "Feature", "properties": { "name": "", "site_type": "car_park", "suitability": 0.8, "traffic_volume": 27184.0, "traffic_count_pts": 1, "traffic_demand_score": 0.2445 }, "geometry": { "type": "Point", "coordinates": [ 316954.02280184335541, 178377.040541536116507 ] } },
{ "type": "Feature", "properties": { "name": "McDonald's Customer Parking", "site_type": "car_park", "suitability": 0.8, "traffic_volume": 0.0, "traffic_count_pts": 0, "traffic_demand_score": 0.0 }, "geometry": { "type": "Point", "coordinates": [ 316599.206977592490148, 178508.620731910341419 ] } },
{ "type": "Feature", "properties": { "name": "Booker Wholesale Customer Parking", "site_type": "car_park", "suitability": 0.8, "traffic_volume": 0.0, "traffic_count_pts": 0, "traffic_demand_score": 0.0 }, "geometry": { "type": "Point", "coordinates": [ 316531.801596539560705, 178637.264471244241577 ] } },
{ "type": "Feature", "properties": { "name": "Halfords Customer Parking", "site_type": "car_park", "suitability": 0.8, "traffic_volume": 27184.0, "traffic_count_pts": 1, "traffic_demand_score": 0.2445 }, "geometry": { "type": "Point", "coordinates": [ 316606.783646637748461, 178561.381464210920967 ] } },
{ "type": "Feature", "properties": { "name": "Rapports (NCP)", "site_type": "car_park", "suitability": 0.8, "traffic_volume": 69140.0, "traffic_count_pts": 5, "traffic_demand_score": 0.622 }, "geometry": { "type": "Point", "coordinates": [ 318731.372953665326349, 176292.088812936621252 ] } },
{ "type": "Feature", "properties": { "name": "", "site_type": "car_park", "suitability": 0.8, "traffic_volume": 53298.0, "traffic_count_pts": 2, "traffic_demand_score": 0.4794 }, "geometry": { "type": "Point", "coordinates": [ 321824.106381107470952, 182454.860414950409904 ] } },
{ "type": "Feature", "properties": { "name": "", "site_type": "car_park", "suitability": 0.8, "traffic_volume": 0.0, "traffic_count_pts": 0, "traffic_demand_score": 0.0 }, "geometry": { "type": "Point", "coordinates": [ 309425.60771817737259, 179703.009184867842123 ] } },
{ "type": "Feature", "properties": { "name": "", "site_type": "car_park", "suitability": 0.8, "traffic_volume": 15222.0, "traffic_count_pts": 1, "traffic_demand_score": 0.1369 }, "geometry": { "type": "Point", "coordinates": [ 317647.588583583361469, 178590.458254720782861 ] } },
{ "type": "Feature", "properties": { "name": "", "site_type": "car_park", "suitability": 0.8, "traffic_volume": 46382.0, "traffic_count_pts": 2, "traffic_demand_score": 0.4172 }, "geometry": { "type": "Point", "coordinates": [ 319268.861584756930824, 175209.920080051932018 ] } },
{ "type": "Feature", "properties": { "name": "", "site_type": "car_park", "suitability": 0.8, "traffic_volume": 0.0, "traffic_count_pts": 0, "traffic_demand_score": 0.0 }, "geometry": { "type": "Point", "coordinates": [ 317583.07589378033299, 174440.518243156955577 ] } },
{ "type": "Feature", "properties": { "name": "", "site_type": "car_park", "suitability": 0.8, "traffic_volume": 23143.0, "traffic_count_pts": 1, "traffic_demand_score": 0.2082 }, "geometry": { "type": "Point", "coordinates": [ 319336.35958935751114, 176996.067296615859959 ] } },
{ "type": "Feature", "properties": { "name": "NCP Greyfriars", "site_type": "car_park", "suitability": 0.8, "traffic_volume": 33647.0, "traffic_count_pts": 2, "traffic_demand_score": 0.3027 }, "geometry": { "type": "Point", "coordinates": [ 318421.608833134407178, 176667.016812816844322 ] } },
{ "type": "Feature", "properties": { "name": "", "site_type": "car_park", "suitability": 0.8, "traffic_volume": 0.0, "traffic_count_pts": 0, "traffic_demand_score": 0.0 }, "geometry": { "type": "Point", "coordinates": [ 313977.823887789389119, 175696.895255168841686 ] } },
{ "type": "Feature", "properties": { "name": "", "site_type": "car_park", "suitability": 0.8, "traffic_volume": 0.0, "traffic_count_pts": 0, "traffic_demand_score": 0.0 }, "geometry": { "type": "Point", "coordinates": [ 313485.577819223399274, 175360.59030785493087 ] } },
{ "type": "Feature", "properties": { "name": "", "site_type": "car_park", "suitability": 0.8, "traffic_volume": 39245.0, "traffic_count_pts": 2, "traffic_demand_score": 0.353 }, "geometry": { "type": "Point", "coordinates": [ 315040.611438660940621, 177211.951566973642912 ] } },
{ "type": "Feature", "properties": { "name": "", "site_type": "car_park", "suitability": 0.8, "traffic_volume": 27854.0, "traffic_count_pts": 2, "traffic_demand_score": 0.2506 }, "geometry": { "type": "Point", "coordinates": [ 315941.906696281745099, 177354.169559705303982 ] } },
{ "type": "Feature", "properties": { "name": "", "site_type": "car_park", "suitability": 0.8, "traffic_volume": 0.0, "traffic_count_pts": 0, "traffic_demand_score": 0.0 }, "geometry": { "type": "Point", "coordinates": [ 313680.198651445040014, 176474.80937660660129 ] } },
{ "type": "Feature", "properties": { "name": "", "site_type": "car_park", "suitability": 0.8, "traffic_volume": 0.0, "traffic_count_pts": 0, "traffic_demand_score": 0.0 }, "geometry": { "type": "Point", "coordinates": [ 316141.227363334677648, 182749.786982399295084 ] } },
{ "type": "Feature", "properties": { "name": "", "site_type": "car_park", "suitability": 0.8, "traffic_volume": 0.0, "traffic_count_pts": 0, "traffic_demand_score": 0.0 }, "geometry": { "type": "Point", "coordinates": [ 316774.954842263250612, 182997.059792341839056 ] } },
{ "type": "Feature", "properties": { "name": "", "site_type": "car_park", "suitability": 0.8, "traffic_volume": 0.0, "traffic_count_pts": 0, "traffic_demand_score": 0.0 }, "geometry": { "type": "Point", "coordinates": [ 317423.556095523934346, 183189.742288967536297 ] } },
{ "type": "Feature", "properties": { "name": "", "site_type": "car_park", "suitability": 0.8, "traffic_volume": 0.0, "traffic_count_pts": 0, "traffic_demand_score": 0.0 }, "geometry": { "type": "Point", "coordinates": [ 317786.755114453961141, 183654.907456336368341 ] } },
{ "type": "Feature", "properties": { "name": "", "site_type": "car_park", "suitability": 0.8, "traffic_volume": 0.0, "traffic_count_pts": 0, "traffic_demand_score": 0.0 }, "geometry": { "type": "Point", "coordinates": [ 317182.522415773302782, 182802.870028610399459 ] } },
{ "type": "Feature", "properties": { "name": "", "site_type": "car_park", "suitability": 0.8, "traffic_volume": 0.0, "traffic_count_pts": 0, "traffic_demand_score": 0.0 }, "geometry": { "type": "Point", "coordinates": [ 317235.489439510158263, 182787.847649895644281 ] } },
{ "type": "Feature", "properties": { "name": "", "site_type": "car_park", "suitability": 0.8, "traffic_volume": 0.0, "traffic_count_pts": 0, "traffic_demand_score": 0.0 }, "geometry": { "type": "Point", "coordinates": [ 317511.554976116225589, 182815.02301016059937 ] } },
{ "type": "Feature", "properties": { "name": "", "site_type": "car_park", "suitability": 0.8, "traffic_volume": 0.0, "traffic_count_pts": 0, "traffic_demand_score": 0.0 }, "geometry": { "type": "Point", "coordinates": [ 319441.859107491211034, 179578.202148322481662 ] } },
{ "type": "Feature", "properties": { "name": "", "site_type": "car_park", "suitability": 0.8, "traffic_volume": 64619.0, "traffic_count_pts": 2, "traffic_demand_score": 0.5813 }, "geometry": { "type": "Point", "coordinates": [ 319520.657400426687673, 175011.765352031448856 ] } },
{ "type": "Feature", "properties": { "name": "", "site_type": "car_park", "suitability": 0.8, "traffic_volume": 0.0, "traffic_count_pts": 0, "traffic_demand_score": 0.0 }, "geometry": { "type": "Point", "coordinates": [ 316595.987208517617546, 181759.650104437256232 ] } },
{ "type": "Feature", "properties": { "name": "", "site_type": "car_park", "suitability": 0.8, "traffic_volume": 0.0, "traffic_count_pts": 0, "traffic_demand_score": 0.0 }, "geometry": { "type": "Point", "coordinates": [ 316222.213451996969525, 181386.088383678812534 ] } },
{ "type": "Feature", "properties": { "name": "", "site_type": "car_park", "suitability": 0.8, "traffic_volume": 50351.0, "traffic_count_pts": 5, "traffic_demand_score": 0.4529 }, "geometry": { "type": "Point", "coordinates": [ 318515.538334275304805, 175883.117193945567124 ] } },
{ "type": "Feature", "properties": { "name": "", "site_type": "car_park", "suitability": 0.8, "traffic_volume": 0.0, "traffic_count_pts": 0, "traffic_demand_score": 0.0 }, "geometry": { "type": "Point", "coordinates": [ 316181.909293406584766, 181886.337265970185399 ] } },
{ "type": "Feature", "properties": { "name": "", "site_type": "car_park", "suitability": 0.8, "traffic_volume": 27000.0, "traffic_count_pts": 3, "traffic_demand_score": 0.2429 }, "geometry": { "type": "Point", "coordinates": [ 318116.231266355258413, 175419.783215960196685 ] } },
{ "type": "Feature", "properties": { "name": "", "site_type": "car_park", "suitability": 0.8, "traffic_volume": 33977.0, "traffic_count_pts": 3, "traffic_demand_score": 0.3056 }, "geometry": { "type": "Point", "coordinates": [ 318296.882833143521566, 175414.837703080789652 ] } },
{ "type": "Feature", "properties": { "name": "", "site_type": "car_park", "suitability": 0.8, "traffic_volume": 33977.0, "traffic_count_pts": 3, "traffic_demand_score": 0.3056 }, "geometry": { "type": "Point", "coordinates": [ 318341.085359559510835, 175442.396792422223371 ] } },
{ "type": "Feature", "properties": { "name": "", "site_type": "car_park", "suitability": 0.8, "traffic_volume": 0.0, "traffic_count_pts": 0, "traffic_demand_score": 0.0 }, "geometry": { "type": "Point", "coordinates": [ 321029.668264342180919, 181945.813099181978032 ] } },
{ "type": "Feature", "properties": { "name": "", "site_type": "car_park", "suitability": 0.8, "traffic_volume": 0.0, "traffic_count_pts": 0, "traffic_demand_score": 0.0 }, "geometry": { "type": "Point", "coordinates": [ 323988.667104011692572, 180366.902281779504847 ] } },
{ "type": "Feature", "properties": { "name": "", "site_type": "car_park", "suitability": 0.8, "traffic_volume": 0.0, "traffic_count_pts": 0, "traffic_demand_score": 0.0 }, "geometry": { "type": "Point", "coordinates": [ 315842.092518960125744, 184318.859394899336621 ] } },
{ "type": "Feature", "properties": { "name": "", "site_type": "car_park", "suitability": 0.8, "traffic_volume": 0.0, "traffic_count_pts": 0, "traffic_demand_score": 0.0 }, "geometry": { "type": "Point", "coordinates": [ 313456.448098417604342, 178530.1915673125186 ] } },
{ "type": "Feature", "properties": { "name": "", "site_type": "car_park", "suitability": 0.8, "traffic_volume": 12767.0, "traffic_count_pts": 1, "traffic_demand_score": 0.1148 }, "geometry": { "type": "Point", "coordinates": [ 317436.907087584026158, 176124.127421041892376 ] } },
{ "type": "Feature", "properties": { "name": "", "site_type": "car_park", "suitability": 0.8, "traffic_volume": 32914.0, "traffic_count_pts": 2, "traffic_demand_score": 0.2961 }, "geometry": { "type": "Point", "coordinates": [ 317993.201187440019567, 176859.502973185968585 ] } },
{ "type": "Feature", "properties": { "name": "Roath Lock Studios West Car Park", "site_type": "car_park", "suitability": 0.8, "traffic_volume": 0.0, "traffic_count_pts": 0, "traffic_demand_score": 0.0 }, "geometry": { "type": "Point", "coordinates": [ 319627.600386612641159, 174108.388431068859063 ] } },
{ "type": "Feature", "properties": { "name": "", "site_type": "car_park", "suitability": 0.8, "traffic_volume": 0.0, "traffic_count_pts": 0, "traffic_demand_score": 0.0 }, "geometry": { "type": "Point", "coordinates": [ 319444.940991690382361, 173402.566484981507529 ] } },
{ "type": "Feature", "properties": { "name": "", "site_type": "car_park", "suitability": 0.8, "traffic_volume": 32812.0, "traffic_count_pts": 2, "traffic_demand_score": 0.2952 }, "geometry": { "type": "Point", "coordinates": [ 315153.160173414507881, 178368.172987100551836 ] } },
{ "type": "Feature", "properties": { "name": "", "site_type": "car_park", "suitability": 0.8, "traffic_volume": 0.0, "traffic_count_pts": 0, "traffic_demand_score": 0.0 }, "geometry": { "type": "Point", "coordinates": [ 318134.390231526223943, 173511.095401527010836 ] } },
{ "type": "Feature", "properties": { "name": "", "site_type": "car_park", "suitability": 0.8, "traffic_volume": 19614.0, "traffic_count_pts": 1, "traffic_demand_score": 0.1764 }, "geometry": { "type": "Point", "coordinates": [ 314768.432688187051099, 176632.781308772682678 ] } },
{ "type": "Feature", "properties": { "name": "", "site_type": "car_park", "suitability": 0.8, "traffic_volume": 0.0, "traffic_count_pts": 0, "traffic_demand_score": 0.0 }, "geometry": { "type": "Point", "coordinates": [ 314205.85641126538394, 176013.045404980308376 ] } },
{ "type": "Feature", "properties": { "name": "McDonalds Customer Car Park", "site_type": "car_park", "suitability": 0.8, "traffic_volume": 11467.0, "traffic_count_pts": 1, "traffic_demand_score": 0.1032 }, "geometry": { "type": "Point", "coordinates": [ 316310.293728092394304, 175586.325413177139126 ] } },
{ "type": "Feature", "properties": { "name": "", "site_type": "car_park", "suitability": 0.8, "traffic_volume": 0.0, "traffic_count_pts": 0, "traffic_demand_score": 0.0 }, "geometry": { "type": "Point", "coordinates": [ 316156.985198998590931, 175612.875913938740268 ] } },
{ "type": "Feature", "properties": { "name": "", "site_type": "car_park", "suitability": 0.8, "traffic_volume": 0.0, "traffic_count_pts": 0, "traffic_demand_score": 0.0 }, "geometry": { "type": "Point", "coordinates": [ 319924.222998874436598, 181150.723618031246588 ] } },
{ "type": "Feature", "properties": { "name": "Pontcanna Fields Pay and Display Car Park", "site_type": "car_park", "suitability": 0.8, "traffic_volume": 0.0, "traffic_count_pts": 0, "traffic_demand_score": 0.0 }, "geometry": { "type": "Point", "coordinates": [ 316687.858620668179356, 177573.74680587061448 ] } },
{ "type": "Feature", "properties": { "name": "", "site_type": "car_park", "suitability": 0.8, "traffic_volume": 0.0, "traffic_count_pts": 0, "traffic_demand_score": 0.0 }, "geometry": { "type": "Point", "coordinates": [ 317524.282250707561616, 177637.132105370052159 ] } },
{ "type": "Feature", "properties": { "name": "Cardiff East Park & Ride", "site_type": "car_park", "suitability": 0.8, "traffic_volume": 0.0, "traffic_count_pts": 0, "traffic_demand_score": 0.0 }, "geometry": { "type": "Point", "coordinates": [ 321270.264083414454944, 180946.005150196433533 ] } },
{ "type": "Feature", "properties": { "name": "", "site_type": "car_park", "suitability": 0.8, "traffic_volume": 0.0, "traffic_count_pts": 0, "traffic_demand_score": 0.0 }, "geometry": { "type": "Point", "coordinates": [ 317364.302943583694287, 176968.569129387848079 ] } },
{ "type": "Feature", "properties": { "name": "", "site_type": "car_park", "suitability": 0.8, "traffic_volume": 1662.0, "traffic_count_pts": 1, "traffic_demand_score": 0.015 }, "geometry": { "type": "Point", "coordinates": [ 323352.125104772334453, 181933.776947148493491 ] } },
{ "type": "Feature", "properties": { "name": "", "site_type": "car_park", "suitability": 0.8, "traffic_volume": 18217.0, "traffic_count_pts": 1, "traffic_demand_score": 0.1639 }, "geometry": { "type": "Point", "coordinates": [ 318545.022390722238924, 176732.155940442462452 ] } },
{ "type": "Feature", "properties": { "name": "", "site_type": "car_park", "suitability": 0.8, "traffic_volume": 0.0, "traffic_count_pts": 0, "traffic_demand_score": 0.0 }, "geometry": { "type": "Point", "coordinates": [ 312982.773382882820442, 176236.392480872222222 ] } },
{ "type": "Feature", "properties": { "name": "", "site_type": "car_park", "suitability": 0.8, "traffic_volume": 0.0, "traffic_count_pts": 0, "traffic_demand_score": 0.0 }, "geometry": { "type": "Point", "coordinates": [ 316564.944083627662621, 176116.992368824197911 ] } },
{ "type": "Feature", "properties": { "name": "", "site_type": "car_park", "suitability": 0.8, "traffic_volume": 9443.0, "traffic_count_pts": 1, "traffic_demand_score": 0.0849 }, "geometry": { "type": "Point", "coordinates": [ 316418.975558966048993, 176626.505738029431086 ] } },
{ "type": "Feature", "properties": { "name": "", "site_type": "car_park", "suitability": 0.8, "traffic_volume": 7090.0, "traffic_count_pts": 1, "traffic_demand_score": 0.0638 }, "geometry": { "type": "Point", "coordinates": [ 317433.401224197645206, 175562.583390624553431 ] } },
{ "type": "Feature", "properties": { "name": "", "site_type": "car_park", "suitability": 0.8, "traffic_volume": 0.0, "traffic_count_pts": 0, "traffic_demand_score": 0.0 }, "geometry": { "type": "Point", "coordinates": [ 320281.779243532277178, 179679.945839685329702 ] } },
{ "type": "Feature", "properties": { "name": "", "site_type": "car_park", "suitability": 0.8, "traffic_volume": 0.0, "traffic_count_pts": 0, "traffic_demand_score": 0.0 }, "geometry": { "type": "Point", "coordinates": [ 320351.212396744580474, 179666.520860391960014 ] } },
{ "type": "Feature", "properties": { "name": "", "site_type": "car_park", "suitability": 0.8, "traffic_volume": 0.0, "traffic_count_pts": 0, "traffic_demand_score": 0.0 }, "geometry": { "type": "Point", "coordinates": [ 320362.296038474072702, 179730.210835108591709 ] } },
{ "type": "Feature", "properties": { "name": "", "site_type": "car_park", "suitability": 0.8, "traffic_volume": 0.0, "traffic_count_pts": 0, "traffic_demand_score": 0.0 }, "geometry": { "type": "Point", "coordinates": [ 320214.170598053489812, 179631.180086195818149 ] } },
{ "type": "Feature", "properties": { "name": "", "site_type": "car_park", "suitability": 0.8, "traffic_volume": 0.0, "traffic_count_pts": 0, "traffic_demand_score": 0.0 }, "geometry": { "type": "Point", "coordinates": [ 320301.206070462299976, 179759.994436449313071 ] } },
{ "type": "Feature", "properties": { "name": "", "site_type": "car_park", "suitability": 0.8, "traffic_volume": 0.0, "traffic_count_pts": 0, "traffic_demand_score": 0.0 }, "geometry": { "type": "Point", "coordinates": [ 320250.904631660552695, 179791.266490288486239 ] } },
{ "type": "Feature", "properties": { "name": "", "site_type": "car_park", "suitability": 0.8, "traffic_volume": 0.0, "traffic_count_pts": 0, "traffic_demand_score": 0.0 }, "geometry": { "type": "Point", "coordinates": [ 320414.228212713089306, 179805.444351335638203 ] } },
{ "type": "Feature", "properties": { "name": "", "site_type": "car_park", "suitability": 0.8, "traffic_volume": 0.0, "traffic_count_pts": 0, "traffic_demand_score": 0.0 }, "geometry": { "type": "Point", "coordinates": [ 320422.291727612027898, 179714.510275656182785 ] } },
{ "type": "Feature", "properties": { "name": "", "site_type": "car_park", "suitability": 0.8, "traffic_volume": 0.0, "traffic_count_pts": 0, "traffic_demand_score": 0.0 }, "geometry": { "type": "Point", "coordinates": [ 320343.188415943295695, 179812.976032077742275 ] } },
{ "type": "Feature", "properties": { "name": "", "site_type": "car_park", "suitability": 0.8, "traffic_volume": 0.0, "traffic_count_pts": 0, "traffic_demand_score": 0.0 }, "geometry": { "type": "Point", "coordinates": [ 320210.000787933124229, 179703.034906149841845 ] } },
{ "type": "Feature", "properties": { "name": "", "site_type": "car_park", "suitability": 0.8, "traffic_volume": 0.0, "traffic_count_pts": 0, "traffic_demand_score": 0.0 }, "geometry": { "type": "Point", "coordinates": [ 320139.737721022451296, 179662.259961853618734 ] } },
{ "type": "Feature", "properties": { "name": "", "site_type": "car_park", "suitability": 0.8, "traffic_volume": 0.0, "traffic_count_pts": 0, "traffic_demand_score": 0.0 }, "geometry": { "type": "Point", "coordinates": [ 320102.978575091401581, 179725.863897816976532 ] } },
{ "type": "Feature", "properties": { "name": "", "site_type": "car_park", "suitability": 0.8, "traffic_volume": 0.0, "traffic_count_pts": 0, "traffic_demand_score": 0.0 }, "geometry": { "type": "Point", "coordinates": [ 320142.337537626503035, 179812.936072761076503 ] } },
{ "type": "Feature", "properties": { "name": "", "site_type": "car_park", "suitability": 0.8, "traffic_volume": 0.0, "traffic_count_pts": 0, "traffic_demand_score": 0.0 }, "geometry": { "type": "Point", "coordinates": [ 320082.809744642407168, 179889.402086263289675 ] } },
{ "type": "Feature", "properties": { "name": "", "site_type": "car_park", "suitability": 0.8, "traffic_volume": 0.0, "traffic_count_pts": 0, "traffic_demand_score": 0.0 }, "geometry": { "type": "Point", "coordinates": [ 320098.244690883497242, 180047.386948311468586 ] } },
{ "type": "Feature", "properties": { "name": "", "site_type": "car_park", "suitability": 0.8, "traffic_volume": 0.0, "traffic_count_pts": 0, "traffic_demand_score": 0.0 }, "geometry": { "type": "Point", "coordinates": [ 320205.664778760750778, 180064.553356239164714 ] } },
{ "type": "Feature", "properties": { "name": "", "site_type": "car_park", "suitability": 0.8, "traffic_volume": 78648.0, "traffic_count_pts": 1, "traffic_demand_score": 0.7075 }, "geometry": { "type": "Point", "coordinates": [ 320479.173276921676006, 179976.552667706273496 ] } },
{ "type": "Feature", "properties": { "name": "", "site_type": "car_park", "suitability": 0.8, "traffic_volume": 78648.0, "traffic_count_pts": 1, "traffic_demand_score": 0.7075 }, "geometry": { "type": "Point", "coordinates": [ 320299.353178310208023, 180096.953015185368713 ] } },
{ "type": "Feature", "properties": { "name": "", "site_type": "car_park", "suitability": 0.8, "traffic_volume": 78648.0, "traffic_count_pts": 1, "traffic_demand_score": 0.7075 }, "geometry": { "type": "Point", "coordinates": [ 320412.052688543801196, 180060.620971907337662 ] } },
{ "type": "Feature", "properties": { "name": "", "site_type": "car_park", "suitability": 0.8, "traffic_volume": 0.0, "traffic_count_pts": 0, "traffic_demand_score": 0.0 }, "geometry": { "type": "Point", "coordinates": [ 320173.974956011865288, 179753.011516767146531 ] } },
{ "type": "Feature", "properties": { "name": "", "site_type": "car_park", "suitability": 0.8, "traffic_volume": 78648.0, "traffic_count_pts": 1, "traffic_demand_score": 0.7075 }, "geometry": { "type": "Point", "coordinates": [ 320527.853765187610406, 180017.794772929337341 ] } },
{ "type": "Feature", "properties": { "name": "", "site_type": "car_park", "suitability": 0.8, "traffic_volume": 78648.0, "traffic_count_pts": 1, "traffic_demand_score": 0.7075 }, "geometry": { "type": "Point", "coordinates": [ 320560.514822839933913, 180121.131608587922528 ] } },
{ "type": "Feature", "properties": { "name": "", "site_type": "car_park", "suitability": 0.8, "traffic_volume": 0.0, "traffic_count_pts": 0, "traffic_demand_score": 0.0 }, "geometry": { "type": "Point", "coordinates": [ 320252.073887608246878, 180011.771119687531609 ] } },
{ "type": "Feature", "properties": { "name": "", "site_type": "car_park", "suitability": 0.8, "traffic_volume": 78648.0, "traffic_count_pts": 1, "traffic_demand_score": 0.7075 }, "geometry": { "type": "Point", "coordinates": [ 320578.408891007362399, 180257.428076765150763 ] } },
{ "type": "Feature", "properties": { "name": "", "site_type": "car_park", "suitability": 0.8, "traffic_volume": 78648.0, "traffic_count_pts": 1, "traffic_demand_score": 0.7075 }, "geometry": { "type": "Point", "coordinates": [ 320564.952114015934058, 180195.190193716611248 ] } },
{ "type": "Feature", "properties": { "name": "", "site_type": "car_park", "suitability": 0.8, "traffic_volume": 78648.0, "traffic_count_pts": 1, "traffic_demand_score": 0.7075 }, "geometry": { "type": "Point", "coordinates": [ 320349.255443939066026, 180231.964969313936308 ] } },
{ "type": "Feature", "properties": { "name": "", "site_type": "car_park", "suitability": 0.8, "traffic_volume": 78648.0, "traffic_count_pts": 1, "traffic_demand_score": 0.7075 }, "geometry": { "type": "Point", "coordinates": [ 320418.345200682932045, 180277.505464391957503 ] } },
{ "type": "Feature", "properties": { "name": "", "site_type": "car_park", "suitability": 0.8, "traffic_volume": 78648.0, "traffic_count_pts": 1, "traffic_demand_score": 0.7075 }, "geometry": { "type": "Point", "coordinates": [ 320536.123220859386493, 180368.642427742655855 ] } },
{ "type": "Feature", "properties": { "name": "", "site_type": "car_park", "suitability": 0.8, "traffic_volume": 78648.0, "traffic_count_pts": 1, "traffic_demand_score": 0.7075 }, "geometry": { "type": "Point", "coordinates": [ 320476.99573206709465, 180330.884109724429436 ] } },
{ "type": "Feature", "properties": { "name": "", "site_type": "car_park", "suitability": 0.8, "traffic_volume": 78648.0, "traffic_count_pts": 1, "traffic_demand_score": 0.7075 }, "geometry": { "type": "Point", "coordinates": [ 320306.877022453467362, 180300.098028700391296 ] } },
{ "type": "Feature", "properties": { "name": "", "site_type": "car_park", "suitability": 0.8, "traffic_volume": 0.0, "traffic_count_pts": 0, "traffic_demand_score": 0.0 }, "geometry": { "type": "Point", "coordinates": [ 320259.516739355633035, 180249.465772257128265 ] } },
{ "type": "Feature", "properties": { "name": "", "site_type": "car_park", "suitability": 0.8, "traffic_volume": 78648.0, "traffic_count_pts": 1, "traffic_demand_score": 0.7075 }, "geometry": { "type": "Point", "coordinates": [ 320364.853532779845409, 180339.459191661444493 ] } },
{ "type": "Feature", "properties": { "name": "", "site_type": "car_park", "suitability": 0.8, "traffic_volume": 0.0, "traffic_count_pts": 0, "traffic_demand_score": 0.0 }, "geometry": { "type": "Point", "coordinates": [ 320235.727791577694006, 180503.869520245061722 ] } },
{ "type": "Feature", "properties": { "name": "", "site_type": "car_park", "suitability": 0.8, "traffic_volume": 0.0, "traffic_count_pts": 0, "traffic_demand_score": 0.0 }, "geometry": { "type": "Point", "coordinates": [ 320222.94626442581648, 180369.055086967011448 ] } },
{ "type": "Feature", "properties": { "name": "", "site_type": "car_park", "suitability": 0.8, "traffic_volume": 0.0, "traffic_count_pts": 0, "traffic_demand_score": 0.0 }, "geometry": { "type": "Point", "coordinates": [ 320251.905809529707767, 180312.54204451473197 ] } },
{ "type": "Feature", "properties": { "name": "", "site_type": "car_park", "suitability": 0.8, "traffic_volume": 78648.0, "traffic_count_pts": 1, "traffic_demand_score": 0.7075 }, "geometry": { "type": "Point", "coordinates": [ 320429.267622502113227, 180385.798218618088868 ] } },
{ "type": "Feature", "properties": { "name": "", "site_type": "car_park", "suitability": 0.8, "traffic_volume": 78648.0, "traffic_count_pts": 1, "traffic_demand_score": 0.7075 }, "geometry": { "type": "Point", "coordinates": [ 320491.307721911405679, 180438.517984530073591 ] } },
{ "type": "Feature", "properties": { "name": "", "site_type": "car_park", "suitability": 0.8, "traffic_volume": 78648.0, "traffic_count_pts": 1, "traffic_demand_score": 0.7075 }, "geometry": { "type": "Point", "coordinates": [ 320404.872229546366725, 180476.123122058634181 ] } },
{ "type": "Feature", "properties": { "name": "", "site_type": "car_park", "suitability": 0.8, "traffic_volume": 0.0, "traffic_count_pts": 0, "traffic_demand_score": 0.0 }, "geometry": { "type": "Point", "coordinates": [ 320434.440808482584544, 180554.317710752307903 ] } },
{ "type": "Feature", "properties": { "name": "", "site_type": "car_park", "suitability": 0.8, "traffic_volume": 0.0, "traffic_count_pts": 0, "traffic_demand_score": 0.0 }, "geometry": { "type": "Point", "coordinates": [ 320341.656474202987738, 180576.466629661910702 ] } },
{ "type": "Feature", "properties": { "name": "", "site_type": "car_park", "suitability": 0.8, "traffic_volume": 0.0, "traffic_count_pts": 0, "traffic_demand_score": 0.0 }, "geometry": { "type": "Point", "coordinates": [ 320272.778821251238696, 180566.599686589092016 ] } },
{ "type": "Feature", "properties": { "name": "", "site_type": "car_park", "suitability": 0.8, "traffic_volume": 78648.0, "traffic_count_pts": 1, "traffic_demand_score": 0.7075 }, "geometry": { "type": "Point", "coordinates": [ 320489.958218526211567, 180504.606431004649494 ] } },
{ "type": "Feature", "properties": { "name": "", "site_type": "car_park", "suitability": 0.8, "traffic_volume": 78648.0, "traffic_count_pts": 1, "traffic_demand_score": 0.7075 }, "geometry": { "type": "Point", "coordinates": [ 320542.201896591228433, 180471.437140561814886 ] } },
{ "type": "Feature", "properties": { "name": "", "site_type": "car_park", "suitability": 0.8, "traffic_volume": 78648.0, "traffic_count_pts": 1, "traffic_demand_score": 0.7075 }, "geometry": { "type": "Point", "coordinates": [ 320614.780075697752181, 180510.043207045411691 ] } },
{ "type": "Feature", "properties": { "name": "", "site_type": "car_park", "suitability": 0.8, "traffic_volume": 0.0, "traffic_count_pts": 0, "traffic_demand_score": 0.0 }, "geometry": { "type": "Point", "coordinates": [ 320256.942595747881569, 180432.641665234463289 ] } },
{ "type": "Feature", "properties": { "name": "", "site_type": "car_park", "suitability": 0.8, "traffic_volume": 0.0, "traffic_count_pts": 0, "traffic_demand_score": 0.0 }, "geometry": { "type": "Point", "coordinates": [ 320350.212299815553706, 180474.174820325744804 ] } },
{ "type": "Feature", "properties": { "name": "", "site_type": "car_park", "suitability": 0.8, "traffic_volume": 78648.0, "traffic_count_pts": 1, "traffic_demand_score": 0.7075 }, "geometry": { "type": "Point", "coordinates": [ 320638.666874144983012, 180432.705091930227354 ] } },
{ "type": "Feature", "properties": { "name": "", "site_type": "car_park", "suitability": 0.8, "traffic_volume": 756.0, "traffic_count_pts": 1, "traffic_demand_score": 0.0068 }, "geometry": { "type": "Point", "coordinates": [ 320051.617828633810859, 180431.885421046928968 ] } },
{ "type": "Feature", "properties": { "name": "", "site_type": "car_park", "suitability": 0.8, "traffic_volume": 756.0, "traffic_count_pts": 1, "traffic_demand_score": 0.0068 }, "geometry": { "type": "Point", "coordinates": [ 320090.621597716293763, 180463.40606577770086 ] } },
{ "type": "Feature", "properties": { "name": "", "site_type": "car_park", "suitability": 0.8, "traffic_volume": 756.0, "traffic_count_pts": 1, "traffic_demand_score": 0.0068 }, "geometry": { "type": "Point", "coordinates": [ 320119.478026327269617, 180543.994138151872903 ] } },
{ "type": "Feature", "properties": { "name": "", "site_type": "car_park", "suitability": 0.8, "traffic_volume": 756.0, "traffic_count_pts": 1, "traffic_demand_score": 0.0068 }, "geometry": { "type": "Point", "coordinates": [ 320033.322268912103027, 180495.071631670522038 ] } },
{ "type": "Feature", "properties": { "name": "", "site_type": "car_park", "suitability": 0.8, "traffic_volume": 756.0, "traffic_count_pts": 1, "traffic_demand_score": 0.0068 }, "geometry": { "type": "Point", "coordinates": [ 319977.137486446532421, 180568.597576600441243 ] } },
{ "type": "Feature", "properties": { "name": "", "site_type": "car_park", "suitability": 0.8, "traffic_volume": 756.0, "traffic_count_pts": 1, "traffic_demand_score": 0.0068 }, "geometry": { "type": "Point", "coordinates": [ 319865.235879209067207, 180521.840448465838563 ] } },
{ "type": "Feature", "properties": { "name": "", "site_type": "car_park", "suitability": 0.8, "traffic_volume": 756.0, "traffic_count_pts": 1, "traffic_demand_score": 0.0068 }, "geometry": { "type": "Point", "coordinates": [ 319945.124820059689227, 180515.361936038301792 ] } },
{ "type": "Feature", "properties": { "name": "", "site_type": "car_park", "suitability": 0.8, "traffic_volume": 0.0, "traffic_count_pts": 0, "traffic_demand_score": 0.0 }, "geometry": { "type": "Point", "coordinates": [ 320163.621057198673952, 180397.790866581373848 ] } },
{ "type": "Feature", "properties": { "name": "", "site_type": "car_park", "suitability": 0.8, "traffic_volume": 0.0, "traffic_count_pts": 0, "traffic_demand_score": 0.0 }, "geometry": { "type": "Point", "coordinates": [ 320026.901667724421714, 180130.352182581904344 ] } },
{ "type": "Feature", "properties": { "name": "", "site_type": "car_park", "suitability": 0.8, "traffic_volume": 0.0, "traffic_count_pts": 0, "traffic_demand_score": 0.0 }, "geometry": { "type": "Point", "coordinates": [ 320002.225899221899454, 179985.894695526454598 ] } },
{ "type": "Feature", "properties": { "name": "", "site_type": "car_park", "suitability": 0.8, "traffic_volume": 0.0, "traffic_count_pts": 0, "traffic_demand_score": 0.0 }, "geometry": { "type": "Point", "coordinates": [ 320084.48161144007463, 180258.431345965131186 ] } },
{ "type": "Feature", "properties": { "name": "", "site_type": "car_park", "suitability": 0.8, "traffic_volume": 756.0, "traffic_count_pts": 1, "traffic_demand_score": 0.0068 }, "geometry": { "type": "Point", "coordinates": [ 320071.298916746629402, 180309.672647111641709 ] } },
{ "type": "Feature", "properties": { "name": "", "site_type": "car_park", "suitability": 0.8, "traffic_volume": 756.0, "traffic_count_pts": 1, "traffic_demand_score": 0.0068 }, "geometry": { "type": "Point", "coordinates": [ 320063.391634947620332, 180368.111932120111305 ] } },
{ "type": "Feature", "properties": { "name": "", "site_type": "car_park", "suitability": 0.8, "traffic_volume": 0.0, "traffic_count_pts": 0, "traffic_demand_score": 0.0 }, "geometry": { "type": "Point", "coordinates": [ 319873.750617401557975, 180045.071196689270437 ] } },
{ "type": "Feature", "properties": { "name": "", "site_type": "car_park", "suitability": 0.8, "traffic_volume": 0.0, "traffic_count_pts": 0, "traffic_demand_score": 0.0 }, "geometry": { "type": "Point", "coordinates": [ 319836.16452318750089, 180078.996982537209988 ] } },
{ "type": "Feature", "properties": { "name": "", "site_type": "car_park", "suitability": 0.8, "traffic_volume": 756.0, "traffic_count_pts": 1, "traffic_demand_score": 0.0068 }, "geometry": { "type": "Point", "coordinates": [ 319874.516202558064833, 180245.943583034677431 ] } },
{ "type": "Feature", "properties": { "name": "", "site_type": "car_park", "suitability": 0.8, "traffic_volume": 0.0, "traffic_count_pts": 0, "traffic_demand_score": 0.0 }, "geometry": { "type": "Point", "coordinates": [ 319987.497020875045564, 180071.946696411992889 ] } },
{ "type": "Feature", "properties": { "name": "", "site_type": "car_park", "suitability": 0.8, "traffic_volume": 756.0, "traffic_count_pts": 1, "traffic_demand_score": 0.0068 }, "geometry": { "type": "Point", "coordinates": [ 319942.025274156301748, 180200.10419854632346 ] } },
{ "type": "Feature", "properties": { "name": "", "site_type": "car_park", "suitability": 0.8, "traffic_volume": 756.0, "traffic_count_pts": 1, "traffic_demand_score": 0.0068 }, "geometry": { "type": "Point", "coordinates": [ 319954.200663821189664, 180278.814676090085413 ] } },
{ "type": "Feature", "properties": { "name": "", "site_type": "car_park", "suitability": 0.8, "traffic_volume": 756.0, "traffic_count_pts": 1, "traffic_demand_score": 0.0068 }, "geometry": { "type": "Point", "coordinates": [ 319924.458196743624285, 180324.842725106747821 ] } },
{ "type": "Feature", "properties": { "name": "", "site_type": "car_park", "suitability": 0.8, "traffic_volume": 756.0, "traffic_count_pts": 1, "traffic_demand_score": 0.0068 }, "geometry": { "type": "Point", "coordinates": [ 319863.948153680248652, 180340.06560462404741 ] } },
{ "type": "Feature", "properties": { "name": "", "site_type": "car_park", "suitability": 0.8, "traffic_volume": 756.0, "traffic_count_pts": 1, "traffic_demand_score": 0.0068 }, "geometry": { "type": "Point", "coordinates": [ 319799.702671055449173, 180343.334829063562211 ] } },
{ "type": "Feature", "properties": { "name": "", "site_type": "car_park", "suitability": 0.8, "traffic_volume": 756.0, "traffic_count_pts": 1, "traffic_demand_score": 0.0068 }, "geometry": { "type": "Point", "coordinates": [ 319735.40308886411367, 180149.097038891282864 ] } },
{ "type": "Feature", "properties": { "name": "", "site_type": "car_park", "suitability": 0.8, "traffic_volume": 0.0, "traffic_count_pts": 0, "traffic_demand_score": 0.0 }, "geometry": { "type": "Point", "coordinates": [ 319618.280492430843879, 179721.183482077205554 ] } },
{ "type": "Feature", "properties": { "name": "", "site_type": "car_park", "suitability": 0.8, "traffic_volume": 0.0, "traffic_count_pts": 0, "traffic_demand_score": 0.0 }, "geometry": { "type": "Point", "coordinates": [ 319742.063418713572901, 179512.413922122272197 ] } },
{ "type": "Feature", "properties": { "name": "", "site_type": "car_park", "suitability": 0.8, "traffic_volume": 0.0, "traffic_count_pts": 0, "traffic_demand_score": 0.0 }, "geometry": { "type": "Point", "coordinates": [ 319749.843656417680904, 179593.455620739609003 ] } },
{ "type": "Feature", "properties": { "name": "", "site_type": "car_park", "suitability": 0.8, "traffic_volume": 0.0, "traffic_count_pts": 0, "traffic_demand_score": 0.0 }, "geometry": { "type": "Point", "coordinates": [ 319845.289845224586315, 179715.399117556633428 ] } },
{ "type": "Feature", "properties": { "name": "", "site_type": "car_park", "suitability": 0.8, "traffic_volume": 0.0, "traffic_count_pts": 0, "traffic_demand_score": 0.0 }, "geometry": { "type": "Point", "coordinates": [ 319802.261895852978341, 179508.567974494304508 ] } },
{ "type": "Feature", "properties": { "name": "", "site_type": "car_park", "suitability": 0.8, "traffic_volume": 0.0, "traffic_count_pts": 0, "traffic_demand_score": 0.0 }, "geometry": { "type": "Point", "coordinates": [ 319828.400259395129979, 179630.978223668818828 ] } },
{ "type": "Feature", "properties": { "name": "", "site_type": "car_park", "suitability": 0.8, "traffic_volume": 0.0, "traffic_count_pts": 0, "traffic_demand_score": 0.0 }, "geometry": { "type": "Point", "coordinates": [ 319890.337394501955714, 179674.677913162799086 ] } },
{ "type": "Feature", "properties": { "name": "", "site_type": "car_park", "suitability": 0.8, "traffic_volume": 6345.0, "traffic_count_pts": 1, "traffic_demand_score": 0.0571 }, "geometry": { "type": "Point", "coordinates": [ 318493.826341118430719, 174994.898969658243004 ] } },
{ "type": "Feature", "properties": { "name": "", "site_type": "car_park", "suitability": 0.8, "traffic_volume": 0.0, "traffic_count_pts": 0, "traffic_demand_score": 0.0 }, "geometry": { "type": "Point", "coordinates": [ 324365.047356554016005, 181204.344265065330546 ] } },
{ "type": "Feature", "properties": { "name": "", "site_type": "car_park", "suitability": 0.8, "traffic_volume": 0.0, "traffic_count_pts": 0, "traffic_demand_score": 0.0 }, "geometry": { "type": "Point", "coordinates": [ 319782.031708783353679, 179998.764175438613165 ] } },
{ "type": "Feature", "properties": { "name": "", "site_type": "car_park", "suitability": 0.8, "traffic_volume": 0.0, "traffic_count_pts": 0, "traffic_demand_score": 0.0 }, "geometry": { "type": "Point", "coordinates": [ 319910.330693031311966, 179968.115282113372814 ] } },
{ "type": "Feature", "properties": { "name": "", "site_type": "car_park", "suitability": 0.8, "traffic_volume": 0.0, "traffic_count_pts": 0, "traffic_demand_score": 0.0 }, "geometry": { "type": "Point", "coordinates": [ 319842.924957710318267, 179955.862803554802667 ] } },
{ "type": "Feature", "properties": { "name": "", "site_type": "car_park", "suitability": 0.8, "traffic_volume": 12882.0, "traffic_count_pts": 1, "traffic_demand_score": 0.1159 }, "geometry": { "type": "Point", "coordinates": [ 320154.620403559762053, 179516.57243636448402 ] } },
{ "type": "Feature", "properties": { "name": "", "site_type": "car_park", "suitability": 0.8, "traffic_volume": 12882.0, "traffic_count_pts": 1, "traffic_demand_score": 0.1159 }, "geometry": { "type": "Point", "coordinates": [ 320455.311068696260918, 179558.11740105971694 ] } },
{ "type": "Feature", "properties": { "name": "", "site_type": "car_park", "suitability": 0.8, "traffic_volume": 12882.0, "traffic_count_pts": 1, "traffic_demand_score": 0.1159 }, "geometry": { "type": "Point", "coordinates": [ 320398.630662529962137, 179532.887511003122199 ] } },
{ "type": "Feature", "properties": { "name": "", "site_type": "car_park", "suitability": 0.8, "traffic_volume": 12882.0, "traffic_count_pts": 1, "traffic_demand_score": 0.1159 }, "geometry": { "type": "Point", "coordinates": [ 320004.407249552721623, 179381.091723391320556 ] } },
{ "type": "Feature", "properties": { "name": "", "site_type": "car_park", "suitability": 0.8, "traffic_volume": 12882.0, "traffic_count_pts": 1, "traffic_demand_score": 0.1159 }, "geometry": { "type": "Point", "coordinates": [ 320090.797503752401099, 179376.546280306007247 ] } },
{ "type": "Feature", "properties": { "name": "", "site_type": "car_park", "suitability": 0.8, "traffic_volume": 12882.0, "traffic_count_pts": 1, "traffic_demand_score": 0.1159 }, "geometry": { "type": "Point", "coordinates": [ 320066.62438959616702, 179454.448091081518214 ] } },
{ "type": "Feature", "properties": { "name": "", "site_type": "car_park", "suitability": 0.8, "traffic_volume": 12882.0, "traffic_count_pts": 1, "traffic_demand_score": 0.1159 }, "geometry": { "type": "Point", "coordinates": [ 319999.033331826503854, 179475.750402873381972 ] } },
{ "type": "Feature", "properties": { "name": "", "site_type": "car_park", "suitability": 0.8, "traffic_volume": 12882.0, "traffic_count_pts": 1, "traffic_demand_score": 0.1159 }, "geometry": { "type": "Point", "coordinates": [ 319935.615154043480288, 179455.025096671481151 ] } },
{ "type": "Feature", "properties": { "name": "", "site_type": "car_park", "suitability": 0.8, "traffic_volume": 12882.0, "traffic_count_pts": 1, "traffic_demand_score": 0.1159 }, "geometry": { "type": "Point", "coordinates": [ 319878.115251340670511, 179408.188746976258699 ] } },
{ "type": "Feature", "properties": { "name": "", "site_type": "car_park", "suitability": 0.8, "traffic_volume": 0.0, "traffic_count_pts": 0, "traffic_demand_score": 0.0 }, "geometry": { "type": "Point", "coordinates": [ 319942.250750906125177, 179625.379608592076693 ] } },
{ "type": "Feature", "properties": { "name": "", "site_type": "car_park", "suitability": 0.8, "traffic_volume": 0.0, "traffic_count_pts": 0, "traffic_demand_score": 0.0 }, "geometry": { "type": "Point", "coordinates": [ 320026.86207527841907, 179708.033886047895066 ] } },
{ "type": "Feature", "properties": { "name": "", "site_type": "car_park", "suitability": 0.8, "traffic_volume": 0.0, "traffic_count_pts": 0, "traffic_demand_score": 0.0 }, "geometry": { "type": "Point", "coordinates": [ 319950.87607328069862, 179720.514475430420134 ] } },
{ "type": "Feature", "properties": { "name": "", "site_type": "car_park", "suitability": 0.8, "traffic_volume": 0.0, "traffic_count_pts": 0, "traffic_demand_score": 0.0 }, "geometry": { "type": "Point", "coordinates": [ 319962.672552081465255, 179771.660786134016234 ] } },
{ "type": "Feature", "properties": { "name": "", "site_type": "car_park", "suitability": 0.8, "traffic_volume": 0.0, "traffic_count_pts": 0, "traffic_demand_score": 0.0 }, "geometry": { "type": "Point", "coordinates": [ 319989.589007148460951, 179829.845765584905166 ] } },
{ "type": "Feature", "properties": { "name": "", "site_type": "car_park", "suitability": 0.8, "traffic_volume": 0.0, "traffic_count_pts": 0, "traffic_demand_score": 0.0 }, "geometry": { "type": "Point", "coordinates": [ 320016.285176164412405, 179772.935858993441798 ] } },
{ "type": "Feature", "properties": { "name": "", "site_type": "car_park", "suitability": 0.8, "traffic_volume": 0.0, "traffic_count_pts": 0, "traffic_demand_score": 0.0 }, "geometry": { "type": "Point", "coordinates": [ 319920.004206472309306, 179825.243472712638322 ] } },
{ "type": "Feature", "properties": { "name": "", "site_type": "car_park", "suitability": 0.8, "traffic_volume": 0.0, "traffic_count_pts": 0, "traffic_demand_score": 0.0 }, "geometry": { "type": "Point", "coordinates": [ 319853.328908752184361, 179792.848679641960189 ] } },
{ "type": "Feature", "properties": { "name": "", "site_type": "car_park", "suitability": 0.8, "traffic_volume": 0.0, "traffic_count_pts": 0, "traffic_demand_score": 0.0 }, "geometry": { "type": "Point", "coordinates": [ 319874.53751572285546, 179548.913954002666287 ] } },
{ "type": "Feature", "properties": { "name": "", "site_type": "car_park", "suitability": 0.8, "traffic_volume": 0.0, "traffic_count_pts": 0, "traffic_demand_score": 0.0 }, "geometry": { "type": "Point", "coordinates": [ 320030.575397664622869, 179589.733906128851231 ] } },
{ "type": "Feature", "properties": { "name": "", "site_type": "car_park", "suitability": 0.8, "traffic_volume": 12882.0, "traffic_count_pts": 1, "traffic_demand_score": 0.1159 }, "geometry": { "type": "Point", "coordinates": [ 320092.926814407110214, 179564.444762031780556 ] } },
{ "type": "Feature", "properties": { "name": "", "site_type": "car_park", "suitability": 0.8, "traffic_volume": 756.0, "traffic_count_pts": 1, "traffic_demand_score": 0.0068 }, "geometry": { "type": "Point", "coordinates": [ 320001.453239644295536, 180719.651964984310325 ] } },
{ "type": "Feature", "properties": { "name": "", "site_type": "car_park", "suitability": 0.8, "traffic_volume": 0.0, "traffic_count_pts": 0, "traffic_demand_score": 0.0 }, "geometry": { "type": "Point", "coordinates": [ 320523.190456048527267, 179526.413542448310181 ] } },
{ "type": "Feature", "properties": { "name": "", "site_type": "car_park", "suitability": 0.8, "traffic_volume": 78648.0, "traffic_count_pts": 1, "traffic_demand_score": 0.7075 }, "geometry": { "type": "Point", "coordinates": [ 320724.658299558912404, 180231.695573368284386 ] } },
{ "type": "Feature", "properties": { "name": "", "site_type": "car_park", "suitability": 0.8, "traffic_volume": 78648.0, "traffic_count_pts": 1, "traffic_demand_score": 0.7075 }, "geometry": { "type": "Point", "coordinates": [ 320709.608070282905828, 180176.897039832663722 ] } },
{ "type": "Feature", "properties": { "name": "", "site_type": "car_park", "suitability": 0.8, "traffic_volume": 756.0, "traffic_count_pts": 1, "traffic_demand_score": 0.0068 }, "geometry": { "type": "Point", "coordinates": [ 319856.168774095422123, 180600.856424009834882 ] } },
{ "type": "Feature", "properties": { "name": "", "site_type": "car_park", "suitability": 0.8, "traffic_volume": 756.0, "traffic_count_pts": 1, "traffic_demand_score": 0.0068 }, "geometry": { "type": "Point", "coordinates": [ 319764.141295053414069, 180498.801976337097585 ] } },
{ "type": "Feature", "properties": { "name": "", "site_type": "car_park", "suitability": 0.8, "traffic_volume": 756.0, "traffic_count_pts": 1, "traffic_demand_score": 0.0068 }, "geometry": { "type": "Point", "coordinates": [ 319885.632012169342488, 180665.70361469098134 ] } },
{ "type": "Feature", "properties": { "name": "", "site_type": "car_park", "suitability": 0.8, "traffic_volume": 756.0, "traffic_count_pts": 1, "traffic_demand_score": 0.0068 }, "geometry": { "type": "Point", "coordinates": [ 319850.115230014023837, 180732.329721143352799 ] } },
{ "type": "Feature", "properties": { "name": "", "site_type": "car_park", "suitability": 0.8, "traffic_volume": 756.0, "traffic_count_pts": 1, "traffic_demand_score": 0.0068 }, "geometry": { "type": "Point", "coordinates": [ 319911.337592578143813, 180720.624991964083165 ] } },
{ "type": "Feature", "properties": { "name": "", "site_type": "car_park", "suitability": 0.8, "traffic_volume": 756.0, "traffic_count_pts": 1, "traffic_demand_score": 0.0068 }, "geometry": { "type": "Point", "coordinates": [ 319647.546154440729879, 180563.438105693552643 ] } },
{ "type": "Feature", "properties": { "name": "", "site_type": "car_park", "suitability": 0.8, "traffic_volume": 0.0, "traffic_count_pts": 0, "traffic_demand_score": 0.0 }, "geometry": { "type": "Point", "coordinates": [ 319421.025504821212962, 179531.283045489166398 ] } },
{ "type": "Feature", "properties": { "name": "", "site_type": "car_park", "suitability": 0.8, "traffic_volume": 0.0, "traffic_count_pts": 0, "traffic_demand_score": 0.0 }, "geometry": { "type": "Point", "coordinates": [ 319411.499700880143791, 179725.433154764119536 ] } },
{ "type": "Feature", "properties": { "name": "", "site_type": "car_park", "suitability": 0.8, "traffic_volume": 0.0, "traffic_count_pts": 0, "traffic_demand_score": 0.0 }, "geometry": { "type": "Point", "coordinates": [ 319414.052063834562432, 179836.805726725200657 ] } },
{ "type": "Feature", "properties": { "name": "", "site_type": "car_park", "suitability": 0.8, "traffic_volume": 0.0, "traffic_count_pts": 0, "traffic_demand_score": 0.0 }, "geometry": { "type": "Point", "coordinates": [ 319558.785697689047083, 180036.107664543786086 ] } },
{ "type": "Feature", "properties": { "name": "", "site_type": "car_park", "suitability": 0.8, "traffic_volume": 756.0, "traffic_count_pts": 1, "traffic_demand_score": 0.0068 }, "geometry": { "type": "Point", "coordinates": [ 319651.887527296901681, 180124.957775073358789 ] } },
{ "type": "Feature", "properties": { "name": "", "site_type": "car_park", "suitability": 0.8, "traffic_volume": 756.0, "traffic_count_pts": 1, "traffic_demand_score": 0.0068 }, "geometry": { "type": "Point", "coordinates": [ 319675.871877718134783, 180209.166063258016948 ] } },
{ "type": "Feature", "properties": { "name": "", "site_type": "car_park", "suitability": 0.8, "traffic_volume": 756.0, "traffic_count_pts": 1, "traffic_demand_score": 0.0068 }, "geometry": { "type": "Point", "coordinates": [ 319528.998552391130943, 180196.574129259155598 ] } },
{ "type": "Feature", "properties": { "name": "", "site_type": "car_park", "suitability": 0.8, "traffic_volume": 756.0, "traffic_count_pts": 1, "traffic_demand_score": 0.0068 }, "geometry": { "type": "Point", "coordinates": [ 319615.427990001277067, 180194.026566249784082 ] } },
{ "type": "Feature", "properties": { "name": "", "site_type": "car_park", "suitability": 0.8, "traffic_volume": 78648.0, "traffic_count_pts": 1, "traffic_demand_score": 0.7075 }, "geometry": { "type": "Point", "coordinates": [ 320389.601679758401588, 180003.20141467731446 ] } },
{ "type": "Feature", "properties": { "name": "", "site_type": "car_park", "suitability": 0.8, "traffic_volume": 756.0, "traffic_count_pts": 1, "traffic_demand_score": 0.0068 }, "geometry": { "type": "Point", "coordinates": [ 319658.395080070127733, 180325.433776214893442 ] } },
{ "type": "Feature", "properties": { "name": "", "site_type": "car_park", "suitability": 0.8, "traffic_volume": 756.0, "traffic_count_pts": 1, "traffic_demand_score": 0.0068 }, "geometry": { "type": "Point", "coordinates": [ 319587.27177958766697, 180397.233750940300524 ] } },
{ "type": "Feature", "properties": { "name": "", "site_type": "car_park", "suitability": 0.8, "traffic_volume": 756.0, "traffic_count_pts": 1, "traffic_demand_score": 0.0068 }, "geometry": { "type": "Point", "coordinates": [ 319614.485656442528125, 180266.509707734105177 ] } },
{ "type": "Feature", "properties": { "name": "", "site_type": "car_park", "suitability": 0.8, "traffic_volume": 756.0, "traffic_count_pts": 1, "traffic_demand_score": 0.0068 }, "geometry": { "type": "Point", "coordinates": [ 319638.372002423624508, 180402.033780453901272 ] } },
{ "type": "Feature", "properties": { "name": "", "site_type": "car_park", "suitability": 0.8, "traffic_volume": 756.0, "traffic_count_pts": 1, "traffic_demand_score": 0.0068 }, "geometry": { "type": "Point", "coordinates": [ 319724.429694140329957, 180402.769261217268649 ] } },
{ "type": "Feature", "properties": { "name": "", "site_type": "car_park", "suitability": 0.8, "traffic_volume": 756.0, "traffic_count_pts": 1, "traffic_demand_score": 0.0068 }, "geometry": { "type": "Point", "coordinates": [ 319606.522105312615167, 180449.6138350230176 ] } },
{ "type": "Feature", "properties": { "name": "", "site_type": "car_park", "suitability": 0.8, "traffic_volume": 756.0, "traffic_count_pts": 1, "traffic_demand_score": 0.0068 }, "geometry": { "type": "Point", "coordinates": [ 319708.51656842243392, 180350.863592056673951 ] } },
{ "type": "Feature", "properties": { "name": "", "site_type": "car_park", "suitability": 0.8, "traffic_volume": 756.0, "traffic_count_pts": 1, "traffic_demand_score": 0.0068 }, "geometry": { "type": "Point", "coordinates": [ 319567.449717148672789, 180500.897788197151385 ] } },
{ "type": "Feature", "properties": { "name": "", "site_type": "car_park", "suitability": 0.8, "traffic_volume": 756.0, "traffic_count_pts": 1, "traffic_demand_score": 0.0068 }, "geometry": { "type": "Point", "coordinates": [ 319715.992391061561648, 180466.009027033869643 ] } },
{ "type": "Feature", "properties": { "name": "", "site_type": "car_park", "suitability": 0.8, "traffic_volume": 756.0, "traffic_count_pts": 1, "traffic_demand_score": 0.0068 }, "geometry": { "type": "Point", "coordinates": [ 319543.112331518554129, 180268.606118987605441 ] } },
{ "type": "Feature", "properties": { "name": "", "site_type": "car_park", "suitability": 0.8, "traffic_volume": 0.0, "traffic_count_pts": 0, "traffic_demand_score": 0.0 }, "geometry": { "type": "Point", "coordinates": [ 319430.874865438789129, 180102.617870393150952 ] } },
{ "type": "Feature", "properties": { "name": "", "site_type": "car_park", "suitability": 0.8, "traffic_volume": 756.0, "traffic_count_pts": 1, "traffic_demand_score": 0.0068 }, "geometry": { "type": "Point", "coordinates": [ 319433.101163415703923, 180233.270295068912674 ] } },
{ "type": "Feature", "properties": { "name": "", "site_type": "car_park", "suitability": 0.8, "traffic_volume": 0.0, "traffic_count_pts": 0, "traffic_demand_score": 0.0 }, "geometry": { "type": "Point", "coordinates": [ 319431.936769984953571, 180163.188268776691984 ] } },
{ "type": "Feature", "properties": { "name": "", "site_type": "car_park", "suitability": 0.8, "traffic_volume": 756.0, "traffic_count_pts": 1, "traffic_demand_score": 0.0068 }, "geometry": { "type": "Point", "coordinates": [ 319402.941043532162439, 180314.985612121294253 ] } },
{ "type": "Feature", "properties": { "name": "", "site_type": "car_park", "suitability": 0.8, "traffic_volume": 756.0, "traffic_count_pts": 1, "traffic_demand_score": 0.0068 }, "geometry": { "type": "Point", "coordinates": [ 319523.536046164517757, 180434.157438077032566 ] } },
{ "type": "Feature", "properties": { "name": "", "site_type": "car_park", "suitability": 0.8, "traffic_volume": 756.0, "traffic_count_pts": 1, "traffic_demand_score": 0.0068 }, "geometry": { "type": "Point", "coordinates": [ 319407.771558209671639, 180387.631778567447327 ] } },
{ "type": "Feature", "properties": { "name": "", "site_type": "car_park", "suitability": 0.8, "traffic_volume": 756.0, "traffic_count_pts": 1, "traffic_demand_score": 0.0068 }, "geometry": { "type": "Point", "coordinates": [ 319478.48880416440079, 180269.965243158396333 ] } },
{ "type": "Feature", "properties": { "name": "", "site_type": "car_park", "suitability": 0.8, "traffic_volume": 756.0, "traffic_count_pts": 1, "traffic_demand_score": 0.0068 }, "geometry": { "type": "Point", "coordinates": [ 319415.954083329881541, 180460.067094810889103 ] } },
{ "type": "Feature", "properties": { "name": "", "site_type": "car_park", "suitability": 0.8, "traffic_volume": 31214.0, "traffic_count_pts": 2, "traffic_demand_score": 0.2808 }, "geometry": { "type": "Point", "coordinates": [ 319205.440513133478817, 175377.25632676994428 ] } },
{ "type": "Feature", "properties": { "name": "Harbour Drive Pay and Display Car Park", "site_type": "car_park", "suitability": 0.8, "traffic_volume": 0.0, "traffic_count_pts": 0, "traffic_demand_score": 0.0 }, "geometry": { "type": "Point", "coordinates": [ 319389.586334776016884, 174296.431585003563669 ] } },
{ "type": "Feature", "properties": { "name": "", "site_type": "car_park", "suitability": 0.8, "traffic_volume": 7754.0, "traffic_count_pts": 1, "traffic_demand_score": 0.0698 }, "geometry": { "type": "Point", "coordinates": [ 312863.441902900813147, 175739.525333796511404 ] } },
{ "type": "Feature", "properties": { "name": "", "site_type": "car_park", "suitability": 0.8, "traffic_volume": 0.0, "traffic_count_pts": 0, "traffic_demand_score": 0.0 }, "geometry": { "type": "Point", "coordinates": [ 313550.351620313711464, 175989.011440403643064 ] } },
{ "type": "Feature", "properties": { "name": "Heath Park Main Car Park Pay & Display", "site_type": "car_park", "suitability": 0.8, "traffic_volume": 0.0, "traffic_count_pts": 0, "traffic_demand_score": 0.0 }, "geometry": { "type": "Point", "coordinates": [ 317705.739662418258376, 179661.450335401226766 ] } },
{ "type": "Feature", "properties": { "name": "", "site_type": "car_park", "suitability": 0.8, "traffic_volume": 50351.0, "traffic_count_pts": 5, "traffic_demand_score": 0.4529 }, "geometry": { "type": "Point", "coordinates": [ 318431.297581171384081, 175967.273623413697351 ] } },
{ "type": "Feature", "properties": { "name": "Castell Heights Golf Club", "site_type": "car_park", "suitability": 0.8, "traffic_volume": 0.0, "traffic_count_pts": 0, "traffic_demand_score": 0.0 }, "geometry": { "type": "Point", "coordinates": [ 314231.32601905107731, 184466.450236829463392 ] } },
{ "type": "Feature", "properties": { "name": "", "site_type": "car_park", "suitability": 0.8, "traffic_volume": 53298.0, "traffic_count_pts": 2, "traffic_demand_score": 0.4794 }, "geometry": { "type": "Point", "coordinates": [ 321683.017858340812381, 182490.741231412743218 ] } },
{ "type": "Feature", "properties": { "name": "", "site_type": "car_park", "suitability": 0.8, "traffic_volume": 91788.0, "traffic_count_pts": 2, "traffic_demand_score": 0.8257 }, "geometry": { "type": "Point", "coordinates": [ 317582.577960360853467, 172963.016634637548123 ] } },
{ "type": "Feature", "properties": { "name": "", "site_type": "car_park", "suitability": 0.8, "traffic_volume": 91788.0, "traffic_count_pts": 2, "traffic_demand_score": 0.8257 }, "geometry": { "type": "Point", "coordinates": [ 317673.05316637159558, 173164.167513157124631 ] } },
{ "type": "Feature", "properties": { "name": "", "site_type": "car_park", "suitability": 0.8, "traffic_volume": 55583.0, "traffic_count_pts": 1, "traffic_demand_score": 0.5 }, "geometry": { "type": "Point", "coordinates": [ 317293.738730866112746, 173489.363897848816123 ] } },
{ "type": "Feature", "properties": { "name": "Tŷ Nant", "site_type": "car_park", "suitability": 0.8, "traffic_volume": 0.0, "traffic_count_pts": 0, "traffic_demand_score": 0.0 }, "geometry": { "type": "Point", "coordinates": [ 312704.670640483556781, 181949.933933883381542 ] } },
{ "type": "Feature", "properties": { "name": "Conference Centre Car Park", "site_type": "car_park", "suitability": 0.8, "traffic_volume": 0.0, "traffic_count_pts": 0, "traffic_demand_score": 0.0 }, "geometry": { "type": "Point", "coordinates": [ 319179.592191659030505, 179000.076698101358488 ] } },
{ "type": "Feature", "properties": { "name": "Birchwood House Car Park", "site_type": "car_park", "suitability": 0.8, "traffic_volume": 0.0, "traffic_count_pts": 0, "traffic_demand_score": 0.0 }, "geometry": { "type": "Point", "coordinates": [ 319069.15529073093785, 179116.252563058107626 ] } },
{ "type": "Feature", "properties": { "name": "", "site_type": "car_park", "suitability": 0.8, "traffic_volume": 0.0, "traffic_count_pts": 0, "traffic_demand_score": 0.0 }, "geometry": { "type": "Point", "coordinates": [ 311143.279197312949691, 180560.773942805652041 ] } },
{ "type": "Feature", "properties": { "name": "", "site_type": "car_park", "suitability": 0.8, "traffic_volume": 0.0, "traffic_count_pts": 0, "traffic_demand_score": 0.0 }, "geometry": { "type": "Point", "coordinates": [ 319342.007799703336786, 173503.608770630613435 ] } },
{ "type": "Feature", "properties": { "name": "", "site_type": "car_park", "suitability": 0.8, "traffic_volume": 0.0, "traffic_count_pts": 0, "traffic_demand_score": 0.0 }, "geometry": { "type": "Point", "coordinates": [ 319499.54048417462036, 173438.121210235054605 ] } },
{ "type": "Feature", "properties": { "name": "", "site_type": "car_park", "suitability": 0.8, "traffic_volume": 46857.0, "traffic_count_pts": 1, "traffic_demand_score": 0.4215 }, "geometry": { "type": "Point", "coordinates": [ 318145.843652571958955, 174379.959524825157132 ] } },
{ "type": "Feature", "properties": { "name": "", "site_type": "car_park", "suitability": 0.8, "traffic_volume": 46857.0, "traffic_count_pts": 1, "traffic_demand_score": 0.4215 }, "geometry": { "type": "Point", "coordinates": [ 318144.684337157872505, 174318.540227535180748 ] } },
{ "type": "Feature", "properties": { "name": "", "site_type": "car_park", "suitability": 0.8, "traffic_volume": 0.0, "traffic_count_pts": 0, "traffic_demand_score": 0.0 }, "geometry": { "type": "Point", "coordinates": [ 318082.14871037111152, 174422.399423630733509 ] } },
{ "type": "Feature", "properties": { "name": "", "site_type": "car_park", "suitability": 0.8, "traffic_volume": 0.0, "traffic_count_pts": 0, "traffic_demand_score": 0.0 }, "geometry": { "type": "Point", "coordinates": [ 319571.625007917231414, 173310.855108786898199 ] } },
{ "type": "Feature", "properties": { "name": "", "site_type": "car_park", "suitability": 0.8, "traffic_volume": 0.0, "traffic_count_pts": 0, "traffic_demand_score": 0.0 }, "geometry": { "type": "Point", "coordinates": [ 319701.828136136173271, 173452.410610910097603 ] } },
{ "type": "Feature", "properties": { "name": "", "site_type": "car_park", "suitability": 0.8, "traffic_volume": 46857.0, "traffic_count_pts": 1, "traffic_demand_score": 0.4215 }, "geometry": { "type": "Point", "coordinates": [ 318591.142716361791827, 174017.907555849116761 ] } },
{ "type": "Feature", "properties": { "name": "B&M Customer Car Park", "site_type": "car_park", "suitability": 0.8, "traffic_volume": 0.0, "traffic_count_pts": 0, "traffic_demand_score": 0.0 }, "geometry": { "type": "Point", "coordinates": [ 316859.47763184766518, 181516.457829972088803 ] } },
{ "type": "Feature", "properties": { "name": "Selco Customer Car Park", "site_type": "car_park", "suitability": 0.8, "traffic_volume": 0.0, "traffic_count_pts": 0, "traffic_demand_score": 0.0 }, "geometry": { "type": "Point", "coordinates": [ 317234.154800498741679, 181417.30932877631858 ] } },
{ "type": "Feature", "properties": { "name": "", "site_type": "car_park", "suitability": 0.8, "traffic_volume": 0.0, "traffic_count_pts": 0, "traffic_demand_score": 0.0 }, "geometry": { "type": "Point", "coordinates": [ 319879.122606971941423, 173594.745209829765372 ] } },
{ "type": "Feature", "properties": { "name": "Cardiff Sailing Centre Car Park", "site_type": "car_park", "suitability": 0.8, "traffic_volume": 0.0, "traffic_count_pts": 0, "traffic_demand_score": 0.0 }, "geometry": { "type": "Point", "coordinates": [ 319355.833336358424276, 173389.331018611206673 ] } },
{ "type": "Feature", "properties": { "name": "", "site_type": "car_park", "suitability": 0.8, "traffic_volume": 0.0, "traffic_count_pts": 0, "traffic_demand_score": 0.0 }, "geometry": { "type": "Point", "coordinates": [ 319873.849509337393101, 173452.846699435904156 ] } },
{ "type": "Feature", "properties": { "name": "", "site_type": "car_park", "suitability": 0.8, "traffic_volume": 0.0, "traffic_count_pts": 0, "traffic_demand_score": 0.0 }, "geometry": { "type": "Point", "coordinates": [ 320929.855880184099078, 174634.607216401200276 ] } },
{ "type": "Feature", "properties": { "name": "", "site_type": "car_park", "suitability": 0.8, "traffic_volume": 0.0, "traffic_count_pts": 0, "traffic_demand_score": 0.0 }, "geometry": { "type": "Point", "coordinates": [ 320901.335524312511552, 174691.346656755078584 ] } },
{ "type": "Feature", "properties": { "name": "", "site_type": "car_park", "suitability": 0.8, "traffic_volume": 0.0, "traffic_count_pts": 0, "traffic_demand_score": 0.0 }, "geometry": { "type": "Point", "coordinates": [ 317039.473974803637248, 174500.273843574221246 ] } },
{ "type": "Feature", "properties": { "name": "", "site_type": "car_park", "suitability": 0.8, "traffic_volume": 46857.0, "traffic_count_pts": 1, "traffic_demand_score": 0.4215 }, "geometry": { "type": "Point", "coordinates": [ 318608.958602993167005, 174158.24885652482044 ] } },
{ "type": "Feature", "properties": { "name": "", "site_type": "car_park", "suitability": 0.8, "traffic_volume": 36205.0, "traffic_count_pts": 1, "traffic_demand_score": 0.3257 }, "geometry": { "type": "Point", "coordinates": [ 318103.571429172996432, 173343.169206280494109 ] } },
{ "type": "Feature", "properties": { "name": "", "site_type": "car_park", "suitability": 0.8, "traffic_volume": 0.0, "traffic_count_pts": 0, "traffic_demand_score": 0.0 }, "geometry": { "type": "Point", "coordinates": [ 318159.306325093493797, 173367.878816590993665 ] } },
{ "type": "Feature", "properties": { "name": "", "site_type": "car_park", "suitability": 0.8, "traffic_volume": 0.0, "traffic_count_pts": 0, "traffic_demand_score": 0.0 }, "geometry": { "type": "Point", "coordinates": [ 318920.631461107172072, 174403.90476758411387 ] } },
{ "type": "Feature", "properties": { "name": "", "site_type": "car_park", "suitability": 0.8, "traffic_volume": 64619.0, "traffic_count_pts": 2, "traffic_demand_score": 0.5813 }, "geometry": { "type": "Point", "coordinates": [ 319685.519327264104504, 175100.223810045339633 ] } },
{ "type": "Feature", "properties": { "name": "Merthyr Road Pay and Display Car Park", "site_type": "car_park", "suitability": 0.8, "traffic_volume": 26555.0, "traffic_count_pts": 1, "traffic_demand_score": 0.2389 }, "geometry": { "type": "Point", "coordinates": [ 315529.794157905387692, 180029.494139458285645 ] } },
{ "type": "Feature", "properties": { "name": "UHW Visitor Car Park (CP1)", "site_type": "car_park", "suitability": 0.8, "traffic_volume": 0.0, "traffic_count_pts": 0, "traffic_demand_score": 0.0 }, "geometry": { "type": "Point", "coordinates": [ 317364.338455031160265, 179471.245336158550344 ] } },
{ "type": "Feature", "properties": { "name": "UHW Staff Car Park", "site_type": "car_park", "suitability": 0.8, "traffic_volume": 0.0, "traffic_count_pts": 0, "traffic_demand_score": 0.0 }, "geometry": { "type": "Point", "coordinates": [ 317806.657745173783042, 179166.864877573621925 ] } },
{ "type": "Feature", "properties": { "name": "", "site_type": "car_park", "suitability": 0.8, "traffic_volume": 35701.0, "traffic_count_pts": 2, "traffic_demand_score": 0.3212 }, "geometry": { "type": "Point", "coordinates": [ 318244.688777418457903, 177194.481974364200141 ] } },
{ "type": "Feature", "properties": { "name": "", "site_type": "car_park", "suitability": 0.8, "traffic_volume": 0.0, "traffic_count_pts": 0, "traffic_demand_score": 0.0 }, "geometry": { "type": "Point", "coordinates": [ 321018.093361160368659, 175010.421763255784754 ] } },
{ "type": "Feature", "properties": { "name": "", "site_type": "car_park", "suitability": 0.8, "traffic_volume": 0.0, "traffic_count_pts": 0, "traffic_demand_score": 0.0 }, "geometry": { "type": "Point", "coordinates": [ 317240.014259925985243, 181832.703011592209805 ] } },
{ "type": "Feature", "properties": { "name": "UHW Visitor Car Park (CP5)", "site_type": "car_park", "suitability": 0.8, "traffic_volume": 0.0, "traffic_count_pts": 0, "traffic_demand_score": 0.0 }, "geometry": { "type": "Point", "coordinates": [ 317307.652905168477446, 179350.060588632593863 ] } },
{ "type": "Feature", "properties": { "name": "", "site_type": "car_park", "suitability": 0.8, "traffic_volume": 0.0, "traffic_count_pts": 0, "traffic_demand_score": 0.0 }, "geometry": { "type": "Point", "coordinates": [ 312153.091331665753387, 183099.453333053505048 ] } },
{ "type": "Feature", "properties": { "name": "", "site_type": "car_park", "suitability": 0.8, "traffic_volume": 0.0, "traffic_count_pts": 0, "traffic_demand_score": 0.0 }, "geometry": { "type": "Point", "coordinates": [ 312091.015426063910127, 183185.768761941464618 ] } },
{ "type": "Feature", "properties": { "name": "", "site_type": "car_park", "suitability": 0.8, "traffic_volume": 0.0, "traffic_count_pts": 0, "traffic_demand_score": 0.0 }, "geometry": { "type": "Point", "coordinates": [ 312169.167031863820739, 183165.158918181085028 ] } },
{ "type": "Feature", "properties": { "name": "", "site_type": "car_park", "suitability": 0.8, "traffic_volume": 19129.0, "traffic_count_pts": 1, "traffic_demand_score": 0.1721 }, "geometry": { "type": "Point", "coordinates": [ 317822.326708795328159, 181621.925891607184894 ] } },
{ "type": "Feature", "properties": { "name": "", "site_type": "car_park", "suitability": 0.8, "traffic_volume": 0.0, "traffic_count_pts": 0, "traffic_demand_score": 0.0 }, "geometry": { "type": "Point", "coordinates": [ 311542.597798993927427, 183948.533533559413627 ] } },
{ "type": "Feature", "properties": { "name": "", "site_type": "car_park", "suitability": 0.8, "traffic_volume": 0.0, "traffic_count_pts": 0, "traffic_demand_score": 0.0 }, "geometry": { "type": "Point", "coordinates": [ 312222.107145349960774, 183017.880903015378863 ] } },
{ "type": "Feature", "properties": { "name": "", "site_type": "car_park", "suitability": 0.8, "traffic_volume": 0.0, "traffic_count_pts": 0, "traffic_demand_score": 0.0 }, "geometry": { "type": "Point", "coordinates": [ 317867.340167176502291, 179131.462889894435648 ] } },
{ "type": "Feature", "properties": { "name": "UHW Visitor Car Park (CP8)", "site_type": "car_park", "suitability": 0.8, "traffic_volume": 0.0, "traffic_count_pts": 0, "traffic_demand_score": 0.0 }, "geometry": { "type": "Point", "coordinates": [ 317481.599231950123794, 179208.496514861588366 ] } },
{ "type": "Feature", "properties": { "name": "UHW Staff Car Park", "site_type": "car_park", "suitability": 0.8, "traffic_volume": 0.0, "traffic_count_pts": 0, "traffic_demand_score": 0.0 }, "geometry": { "type": "Point", "coordinates": [ 317344.224045856273733, 179270.980218558339402 ] } },
{ "type": "Feature", "properties": { "name": "", "site_type": "car_park", "suitability": 0.8, "traffic_volume": 27184.0, "traffic_count_pts": 1, "traffic_demand_score": 0.2445 }, "geometry": { "type": "Point", "coordinates": [ 317016.577528278052341, 179260.13975985016441 ] } },
{ "type": "Feature", "properties": { "name": "", "site_type": "car_park", "suitability": 0.8, "traffic_volume": 27184.0, "traffic_count_pts": 1, "traffic_demand_score": 0.2445 }, "geometry": { "type": "Point", "coordinates": [ 317030.155138785543386, 179337.902559430163819 ] } },
{ "type": "Feature", "properties": { "name": "", "site_type": "car_park", "suitability": 0.8, "traffic_volume": 27184.0, "traffic_count_pts": 1, "traffic_demand_score": 0.2445 }, "geometry": { "type": "Point", "coordinates": [ 317131.432516347907949, 179322.879934288619552 ] } },
{ "type": "Feature", "properties": { "name": "", "site_type": "car_park", "suitability": 0.8, "traffic_volume": 0.0, "traffic_count_pts": 0, "traffic_demand_score": 0.0 }, "geometry": { "type": "Point", "coordinates": [ 317514.097267664270476, 179131.252641370752826 ] } },
{ "type": "Feature", "properties": { "name": "Alexander House Parking", "site_type": "car_park", "suitability": 0.8, "traffic_volume": 0.0, "traffic_count_pts": 0, "traffic_demand_score": 0.0 }, "geometry": { "type": "Point", "coordinates": [ 316373.816998014692217, 178555.339981896977406 ] } },
{ "type": "Feature", "properties": { "name": "", "site_type": "car_park", "suitability": 0.8, "traffic_volume": 0.0, "traffic_count_pts": 0, "traffic_demand_score": 0.0 }, "geometry": { "type": "Point", "coordinates": [ 311909.369573207979556, 183335.090248181426432 ] } },
{ "type": "Feature", "properties": { "name": "", "site_type": "car_park", "suitability": 0.8, "traffic_volume": 0.0, "traffic_count_pts": 0, "traffic_demand_score": 0.0 }, "geometry": { "type": "Point", "coordinates": [ 317769.347982885607053, 179602.226752808724996 ] } },
{ "type": "Feature", "properties": { "name": "", "site_type": "car_park", "suitability": 0.8, "traffic_volume": 0.0, "traffic_count_pts": 0, "traffic_demand_score": 0.0 }, "geometry": { "type": "Point", "coordinates": [ 320751.177136856480502, 178276.464673636306543 ] } },
{ "type": "Feature", "properties": { "name": "", "site_type": "car_park", "suitability": 0.8, "traffic_volume": 32809.0, "traffic_count_pts": 1, "traffic_demand_score": 0.2951 }, "geometry": { "type": "Point", "coordinates": [ 320735.931410395423882, 178078.651646730839275 ] } },
{ "type": "Feature", "properties": { "name": "", "site_type": "car_park", "suitability": 0.8, "traffic_volume": 32809.0, "traffic_count_pts": 1, "traffic_demand_score": 0.2951 }, "geometry": { "type": "Point", "coordinates": [ 320668.613290609268006, 177939.209399482409935 ] } },
{ "type": "Feature", "properties": { "name": "", "site_type": "car_park", "suitability": 0.8, "traffic_volume": 0.0, "traffic_count_pts": 0, "traffic_demand_score": 0.0 }, "geometry": { "type": "Point", "coordinates": [ 320793.312063707911875, 178210.115197703067679 ] } },
{ "type": "Feature", "properties": { "name": "", "site_type": "car_park", "suitability": 0.8, "traffic_volume": 0.0, "traffic_count_pts": 0, "traffic_demand_score": 0.0 }, "geometry": { "type": "Point", "coordinates": [ 317775.597581035224721, 179864.416179744468536 ] } },
{ "type": "Feature", "properties": { "name": "", "site_type": "car_park", "suitability": 0.8, "traffic_volume": 77888.0, "traffic_count_pts": 2, "traffic_demand_score": 0.7006 }, "geometry": { "type": "Point", "coordinates": [ 313367.732731644297019, 181752.479965756938327 ] } },
{ "type": "Feature", "properties": { "name": "", "site_type": "car_park", "suitability": 0.8, "traffic_volume": 0.0, "traffic_count_pts": 0, "traffic_demand_score": 0.0 }, "geometry": { "type": "Point", "coordinates": [ 313978.94787768565584, 180494.759673529828433 ] } },
{ "type": "Feature", "properties": { "name": "", "site_type": "car_park", "suitability": 0.8, "traffic_volume": 52483.0, "traffic_count_pts": 2, "traffic_demand_score": 0.4721 }, "geometry": { "type": "Point", "coordinates": [ 319084.292310080956668, 176745.341968886321411 ] } },
{ "type": "Feature", "properties": { "name": "", "site_type": "car_park", "suitability": 0.8, "traffic_volume": 0.0, "traffic_count_pts": 0, "traffic_demand_score": 0.0 }, "geometry": { "type": "Point", "coordinates": [ 314334.907492904807441, 178410.202872569963802 ] } },
{ "type": "Feature", "properties": { "name": "", "site_type": "car_park", "suitability": 0.8, "traffic_volume": 0.0, "traffic_count_pts": 0, "traffic_demand_score": 0.0 }, "geometry": { "type": "Point", "coordinates": [ 313901.185734789934941, 176875.228265927580651 ] } },
{ "type": "Feature", "properties": { "name": "", "site_type": "car_park", "suitability": 0.8, "traffic_volume": 0.0, "traffic_count_pts": 0, "traffic_demand_score": 0.0 }, "geometry": { "type": "Point", "coordinates": [ 322634.218352721305564, 181088.144162160984706 ] } },
{ "type": "Feature", "properties": { "name": "Adam Street Car Park", "site_type": "car_park", "suitability": 0.8, "traffic_volume": 75795.0, "traffic_count_pts": 5, "traffic_demand_score": 0.6818 }, "geometry": { "type": "Point", "coordinates": [ 318920.587104695849121, 176140.388980784220621 ] } },
{ "type": "Feature", "properties": { "name": "", "site_type": "car_park", "suitability": 0.8, "traffic_volume": 0.0, "traffic_count_pts": 0, "traffic_demand_score": 0.0 }, "geometry": { "type": "Point", "coordinates": [ 323709.516522970981896, 181102.590695067483466 ] } },
{ "type": "Feature", "properties": { "name": "", "site_type": "car_park", "suitability": 0.8, "traffic_volume": 1662.0, "traffic_count_pts": 1, "traffic_demand_score": 0.015 }, "geometry": { "type": "Point", "coordinates": [ 323294.822840018838178, 181841.478229585976806 ] } },
{ "type": "Feature", "properties": { "name": "", "site_type": "car_park", "suitability": 0.8, "traffic_volume": 48719.0, "traffic_count_pts": 1, "traffic_demand_score": 0.4383 }, "geometry": { "type": "Point", "coordinates": [ 323504.239328999421559, 181825.176409510080703 ] } },
{ "type": "Feature", "properties": { "name": "", "site_type": "car_park", "suitability": 0.8, "traffic_volume": 1662.0, "traffic_count_pts": 1, "traffic_demand_score": 0.015 }, "geometry": { "type": "Point", "coordinates": [ 323395.252759927534498, 181778.245285314333159 ] } },
{ "type": "Feature", "properties": { "name": "", "site_type": "car_park", "suitability": 0.8, "traffic_volume": 0.0, "traffic_count_pts": 0, "traffic_demand_score": 0.0 }, "geometry": { "type": "Point", "coordinates": [ 313592.822931485949084, 177917.091684220416937 ] } },
{ "type": "Feature", "properties": { "name": "", "site_type": "car_park", "suitability": 0.8, "traffic_volume": 0.0, "traffic_count_pts": 0, "traffic_demand_score": 0.0 }, "geometry": { "type": "Point", "coordinates": [ 313538.793182859604713, 177977.467268513573799 ] } },
{ "type": "Feature", "properties": { "name": "", "site_type": "car_park", "suitability": 0.8, "traffic_volume": 0.0, "traffic_count_pts": 0, "traffic_demand_score": 0.0 }, "geometry": { "type": "Point", "coordinates": [ 313538.736038133967668, 178059.857352700317279 ] } },
{ "type": "Feature", "properties": { "name": "", "site_type": "car_park", "suitability": 0.8, "traffic_volume": 0.0, "traffic_count_pts": 0, "traffic_demand_score": 0.0 }, "geometry": { "type": "Point", "coordinates": [ 317642.709712985204533, 177580.638845538021997 ] } },
{ "type": "Feature", "properties": { "name": "Sceptre House", "site_type": "car_park", "suitability": 0.8, "traffic_volume": 0.0, "traffic_count_pts": 0, "traffic_demand_score": 0.0 }, "geometry": { "type": "Point", "coordinates": [ 316857.228114839002956, 175082.463919137022458 ] } },
{ "type": "Feature", "properties": { "name": "", "site_type": "car_park", "suitability": 0.8, "traffic_volume": 36205.0, "traffic_count_pts": 1, "traffic_demand_score": 0.3257 }, "geometry": { "type": "Point", "coordinates": [ 318114.569557318929583, 172878.656962359207682 ] } },
{ "type": "Feature", "properties": { "name": "", "site_type": "car_park", "suitability": 0.8, "traffic_volume": 36205.0, "traffic_count_pts": 1, "traffic_demand_score": 0.3257 }, "geometry": { "type": "Point", "coordinates": [ 318190.178484387695789, 172855.886535272817127 ] } },
{ "type": "Feature", "properties": { "name": "", "site_type": "car_park", "suitability": 0.8, "traffic_volume": 36205.0, "traffic_count_pts": 1, "traffic_demand_score": 0.3257 }, "geometry": { "type": "Point", "coordinates": [ 318156.403494667320047, 172934.319710075855255 ] } },
{ "type": "Feature", "properties": { "name": "Pugh's Garden Centre Car Park", "site_type": "car_park", "suitability": 0.8, "traffic_volume": 74985.0, "traffic_count_pts": 1, "traffic_demand_score": 0.6745 }, "geometry": { "type": "Point", "coordinates": [ 312846.808250431146007, 182018.901976184104569 ] } },
{ "type": "Feature", "properties": { "name": "Village Hall Car Park", "site_type": "car_park", "suitability": 0.8, "traffic_volume": 0.0, "traffic_count_pts": 0, "traffic_demand_score": 0.0 }, "geometry": { "type": "Point", "coordinates": [ 312676.989092726144008, 181720.932273414509837 ] } },
{ "type": "Feature", "properties": { "name": "", "site_type": "car_park", "suitability": 0.8, "traffic_volume": 0.0, "traffic_count_pts": 0, "traffic_demand_score": 0.0 }, "geometry": { "type": "Point", "coordinates": [ 314804.523078658385202, 179284.454997882945463 ] } },
{ "type": "Feature", "properties": { "name": "", "site_type": "car_park", "suitability": 0.8, "traffic_volume": 0.0, "traffic_count_pts": 0, "traffic_demand_score": 0.0 }, "geometry": { "type": "Point", "coordinates": [ 314871.958067208703142, 179392.468292938661762 ] } },
{ "type": "Feature", "properties": { "name": "", "site_type": "car_park", "suitability": 0.8, "traffic_volume": 0.0, "traffic_count_pts": 0, "traffic_demand_score": 0.0 }, "geometry": { "type": "Point", "coordinates": [ 318167.901512173993979, 180723.541743072506506 ] } },
{ "type": "Feature", "properties": { "name": "", "site_type": "car_park", "suitability": 0.8, "traffic_volume": 0.0, "traffic_count_pts": 0, "traffic_demand_score": 0.0 }, "geometry": { "type": "Point", "coordinates": [ 314713.176756692409981, 179353.066633112262934 ] } },
{ "type": "Feature", "properties": { "name": "", "site_type": "car_park", "suitability": 0.8, "traffic_volume": 0.0, "traffic_count_pts": 0, "traffic_demand_score": 0.0 }, "geometry": { "type": "Point", "coordinates": [ 325063.80142697703559, 181792.428227779979352 ] } },
{ "type": "Feature", "properties": { "name": "", "site_type": "car_park", "suitability": 0.8, "traffic_volume": 0.0, "traffic_count_pts": 0, "traffic_demand_score": 0.0 }, "geometry": { "type": "Point", "coordinates": [ 319009.877789650810882, 177605.180402664816938 ] } },
{ "type": "Feature", "properties": { "name": "", "site_type": "car_park", "suitability": 0.8, "traffic_volume": 27193.0, "traffic_count_pts": 1, "traffic_demand_score": 0.2446 }, "geometry": { "type": "Point", "coordinates": [ 321776.470433236856479, 182577.023394105432089 ] } },
{ "type": "Feature", "properties": { "name": "", "site_type": "car_park", "suitability": 0.8, "traffic_volume": 0.0, "traffic_count_pts": 0, "traffic_demand_score": 0.0 }, "geometry": { "type": "Point", "coordinates": [ 323657.15165490162326, 179274.358262154273689 ] } },
{ "type": "Feature", "properties": { "name": "Parc Tredelerch Car Park", "site_type": "car_park", "suitability": 0.8, "traffic_volume": 0.0, "traffic_count_pts": 0, "traffic_demand_score": 0.0 }, "geometry": { "type": "Point", "coordinates": [ 321917.386457611748483, 178373.37162703066133 ] } },
{ "type": "Feature", "properties": { "name": "", "site_type": "car_park", "suitability": 0.8, "traffic_volume": 0.0, "traffic_count_pts": 0, "traffic_demand_score": 0.0 }, "geometry": { "type": "Point", "coordinates": [ 320669.622043352224864, 176812.090084356139414 ] } },
{ "type": "Feature", "properties": { "name": "", "site_type": "car_park", "suitability": 0.8, "traffic_volume": 15222.0, "traffic_count_pts": 1, "traffic_demand_score": 0.1369 }, "geometry": { "type": "Point", "coordinates": [ 318346.236141312750988, 178080.985339236445725 ] } },
{ "type": "Feature", "properties": { "name": "Heathwood Lane Short stay carpark", "site_type": "car_park", "suitability": 0.8, "traffic_volume": 0.0, "traffic_count_pts": 0, "traffic_demand_score": 0.0 }, "geometry": { "type": "Point", "coordinates": [ 317723.207830630126409, 180081.834691385622136 ] } },
{ "type": "Feature", "properties": { "name": "Crwys Medical Centre Car Park", "site_type": "car_park", "suitability": 0.8, "traffic_volume": 0.0, "traffic_count_pts": 0, "traffic_demand_score": 0.0 }, "geometry": { "type": "Point", "coordinates": [ 318045.614570936188102, 179022.728322478709742 ] } },
{ "type": "Feature", "properties": { "name": "Radyr Station South Car Park", "site_type": "car_park", "suitability": 0.8, "traffic_volume": 0.0, "traffic_count_pts": 0, "traffic_demand_score": 0.0 }, "geometry": { "type": "Point", "coordinates": [ 313558.90298722346779, 180316.156438176287338 ] } },
{ "type": "Feature", "properties": { "name": "", "site_type": "car_park", "suitability": 0.8, "traffic_volume": 26555.0, "traffic_count_pts": 1, "traffic_demand_score": 0.2389 }, "geometry": { "type": "Point", "coordinates": [ 315580.747273520450108, 180357.992125216231216 ] } },
{ "type": "Feature", "properties": { "name": "", "site_type": "car_park", "suitability": 0.8, "traffic_volume": 74985.0, "traffic_count_pts": 1, "traffic_demand_score": 0.6745 }, "geometry": { "type": "Point", "coordinates": [ 312825.417610221193172, 182232.640307048452087 ] } },
{ "type": "Feature", "properties": { "name": "", "site_type": "car_park", "suitability": 0.8, "traffic_volume": 74985.0, "traffic_count_pts": 1, "traffic_demand_score": 0.6745 }, "geometry": { "type": "Point", "coordinates": [ 312841.654719599406235, 182146.289235885022208 ] } },
{ "type": "Feature", "properties": { "name": "", "site_type": "car_park", "suitability": 0.8, "traffic_volume": 74985.0, "traffic_count_pts": 1, "traffic_demand_score": 0.6745 }, "geometry": { "type": "Point", "coordinates": [ 312788.527525838464499, 182168.180722103046719 ] } },
{ "type": "Feature", "properties": { "name": "", "site_type": "car_park", "suitability": 0.8, "traffic_volume": 14565.0, "traffic_count_pts": 1, "traffic_demand_score": 0.131 }, "geometry": { "type": "Point", "coordinates": [ 317495.094072835752741, 174563.618326689349487 ] } },
{ "type": "Feature", "properties": { "name": "", "site_type": "car_park", "suitability": 0.8, "traffic_volume": 0.0, "traffic_count_pts": 0, "traffic_demand_score": 0.0 }, "geometry": { "type": "Point", "coordinates": [ 317042.215754429751541, 178289.511191557277925 ] } },
{ "type": "Feature", "properties": { "name": "", "site_type": "car_park", "suitability": 0.8, "traffic_volume": 51281.0, "traffic_count_pts": 1, "traffic_demand_score": 0.4613 }, "geometry": { "type": "Point", "coordinates": [ 316004.803267765266355, 178140.604332396644168 ] } },
{ "type": "Feature", "properties": { "name": "", "site_type": "car_park", "suitability": 0.8, "traffic_volume": 0.0, "traffic_count_pts": 0, "traffic_demand_score": 0.0 }, "geometry": { "type": "Point", "coordinates": [ 318422.437050771724898, 178858.942199812852778 ] } },
{ "type": "Feature", "properties": { "name": "", "site_type": "car_park", "suitability": 0.8, "traffic_volume": 32809.0, "traffic_count_pts": 1, "traffic_demand_score": 0.2951 }, "geometry": { "type": "Point", "coordinates": [ 320580.790480274066795, 177842.828040164138656 ] } },
{ "type": "Feature", "properties": { "name": "", "site_type": "car_park", "suitability": 0.8, "traffic_volume": 0.0, "traffic_count_pts": 0, "traffic_demand_score": 0.0 }, "geometry": { "type": "Point", "coordinates": [ 310402.900708845816553, 182105.671551248291507 ] } },
{ "type": "Feature", "properties": { "name": "", "site_type": "car_park", "suitability": 0.8, "traffic_volume": 0.0, "traffic_count_pts": 0, "traffic_demand_score": 0.0 }, "geometry": { "type": "Point", "coordinates": [ 319224.417646846442949, 179808.235782402392942 ] } },
{ "type": "Feature", "properties": { "name": "", "site_type": "car_park", "suitability": 0.8, "traffic_volume": 17484.0, "traffic_count_pts": 1, "traffic_demand_score": 0.1573 }, "geometry": { "type": "Point", "coordinates": [ 318165.497771812370047, 177412.352141116571147 ] } },
{ "type": "Feature", "properties": { "name": "", "site_type": "car_park", "suitability": 0.8, "traffic_volume": 0.0, "traffic_count_pts": 0, "traffic_demand_score": 0.0 }, "geometry": { "type": "Point", "coordinates": [ 318551.552351626101881, 178315.381685534841381 ] } },
{ "type": "Feature", "properties": { "name": "", "site_type": "car_park", "suitability": 0.8, "traffic_volume": 0.0, "traffic_count_pts": 0, "traffic_demand_score": 0.0 }, "geometry": { "type": "Point", "coordinates": [ 318520.62425439467188, 178381.613055268186145 ] } },
{ "type": "Feature", "properties": { "name": "", "site_type": "car_park", "suitability": 0.8, "traffic_volume": 32809.0, "traffic_count_pts": 1, "traffic_demand_score": 0.2951 }, "geometry": { "type": "Point", "coordinates": [ 320540.576495114015415, 178054.304349629033823 ] } },
{ "type": "Feature", "properties": { "name": "", "site_type": "car_park", "suitability": 0.8, "traffic_volume": 32809.0, "traffic_count_pts": 1, "traffic_demand_score": 0.2951 }, "geometry": { "type": "Point", "coordinates": [ 320722.973081345204264, 178159.689320044766646 ] } },
{ "type": "Feature", "properties": { "name": "", "site_type": "car_park", "suitability": 0.8, "traffic_volume": 32809.0, "traffic_count_pts": 1, "traffic_demand_score": 0.2951 }, "geometry": { "type": "Point", "coordinates": [ 320633.262617638683878, 177872.537463043699972 ] } },
{ "type": "Feature", "properties": { "name": "", "site_type": "car_park", "suitability": 0.8, "traffic_volume": 0.0, "traffic_count_pts": 0, "traffic_demand_score": 0.0 }, "geometry": { "type": "Point", "coordinates": [ 320946.224176855990663, 178316.056358511094004 ] } },
{ "type": "Feature", "properties": { "name": "", "site_type": "car_park", "suitability": 0.8, "traffic_volume": 0.0, "traffic_count_pts": 0, "traffic_demand_score": 0.0 }, "geometry": { "type": "Point", "coordinates": [ 320874.930139888485428, 178221.651218858314678 ] } },
{ "type": "Feature", "properties": { "name": "", "site_type": "car_park", "suitability": 0.8, "traffic_volume": 0.0, "traffic_count_pts": 0, "traffic_demand_score": 0.0 }, "geometry": { "type": "Point", "coordinates": [ 320896.07458726229379, 178286.146114119095728 ] } },
{ "type": "Feature", "properties": { "name": "Go Outdoors Customer Car Park", "site_type": "car_park", "suitability": 0.8, "traffic_volume": 28923.0, "traffic_count_pts": 1, "traffic_demand_score": 0.2602 }, "geometry": { "type": "Point", "coordinates": [ 320965.085958780604415, 178171.005307240178809 ] } },
{ "type": "Feature", "properties": { "name": "", "site_type": "car_park", "suitability": 0.8, "traffic_volume": 0.0, "traffic_count_pts": 0, "traffic_demand_score": 0.0 }, "geometry": { "type": "Point", "coordinates": [ 320875.493650862015784, 178165.525000492227264 ] } },
{ "type": "Feature", "properties": { "name": "", "site_type": "car_park", "suitability": 0.8, "traffic_volume": 32809.0, "traffic_count_pts": 1, "traffic_demand_score": 0.2951 }, "geometry": { "type": "Point", "coordinates": [ 320870.147351739055011, 178049.259506140544545 ] } },
{ "type": "Feature", "properties": { "name": "", "site_type": "car_park", "suitability": 0.8, "traffic_volume": 0.0, "traffic_count_pts": 0, "traffic_demand_score": 0.0 }, "geometry": { "type": "Point", "coordinates": [ 320911.719996056577656, 178081.319170125178061 ] } },
{ "type": "Feature", "properties": { "name": "", "site_type": "car_park", "suitability": 0.8, "traffic_volume": 0.0, "traffic_count_pts": 0, "traffic_demand_score": 0.0 }, "geometry": { "type": "Point", "coordinates": [ 320783.613458963460289, 178330.267320591257885 ] } },
{ "type": "Feature", "properties": { "name": "", "site_type": "car_park", "suitability": 0.8, "traffic_volume": 32809.0, "traffic_count_pts": 1, "traffic_demand_score": 0.2951 }, "geometry": { "type": "Point", "coordinates": [ 320702.776182743546087, 177995.885618391330354 ] } },
{ "type": "Feature", "properties": { "name": "", "site_type": "car_park", "suitability": 0.8, "traffic_volume": 51131.0, "traffic_count_pts": 3, "traffic_demand_score": 0.46 }, "geometry": { "type": "Point", "coordinates": [ 318279.663472062093206, 176859.914817915705498 ] } },
{ "type": "Feature", "properties": { "name": "2 Kingsway Car Park", "site_type": "car_park", "suitability": 0.8, "traffic_volume": 33647.0, "traffic_count_pts": 2, "traffic_demand_score": 0.3027 }, "geometry": { "type": "Point", "coordinates": [ 318248.570307031972334, 176601.516705701418687 ] } },
{ "type": "Feature", "properties": { "name": "", "site_type": "car_park", "suitability": 0.8, "traffic_volume": 23143.0, "traffic_count_pts": 1, "traffic_demand_score": 0.2082 }, "geometry": { "type": "Point", "coordinates": [ 319218.064093363005668, 177261.746304796426557 ] } },
{ "type": "Feature", "properties": { "name": "", "site_type": "car_park", "suitability": 0.8, "traffic_volume": 23143.0, "traffic_count_pts": 1, "traffic_demand_score": 0.2082 }, "geometry": { "type": "Point", "coordinates": [ 319160.300123375258408, 177273.801836966711562 ] } },
{ "type": "Feature", "properties": { "name": "Porth Teigr Car Park", "site_type": "car_park", "suitability": 0.8, "traffic_volume": 0.0, "traffic_count_pts": 0, "traffic_demand_score": 0.0 }, "geometry": { "type": "Point", "coordinates": [ 319493.637704126478638, 174231.74652580084512 ] } },
{ "type": "Feature", "properties": { "name": "", "site_type": "car_park", "suitability": 0.8, "traffic_volume": 44744.0, "traffic_count_pts": 1, "traffic_demand_score": 0.4025 }, "geometry": { "type": "Point", "coordinates": [ 319339.430937146302313, 174629.121313069714233 ] } },
{ "type": "Feature", "properties": { "name": "", "site_type": "car_park", "suitability": 0.8, "traffic_volume": 79691.0, "traffic_count_pts": 6, "traffic_demand_score": 0.7169 }, "geometry": { "type": "Point", "coordinates": [ 318610.958888073277194, 176086.413395038689487 ] } },
{ "type": "Feature", "properties": { "name": "Angel Hotel Car Park", "site_type": "car_park", "suitability": 0.8, "traffic_volume": 28197.0, "traffic_count_pts": 2, "traffic_demand_score": 0.2536 }, "geometry": { "type": "Point", "coordinates": [ 318005.506189839739818, 176403.375080869300291 ] } },
{ "type": "Feature", "properties": { "name": "", "site_type": "car_park", "suitability": 0.8, "traffic_volume": 57845.0, "traffic_count_pts": 1, "traffic_demand_score": 0.5203 }, "geometry": { "type": "Point", "coordinates": [ 320641.531094953883439, 178801.42173442087369 ] } },
{ "type": "Feature", "properties": { "name": "", "site_type": "car_park", "suitability": 0.8, "traffic_volume": 11467.0, "traffic_count_pts": 1, "traffic_demand_score": 0.1032 }, "geometry": { "type": "Point", "coordinates": [ 316729.493092501186766, 175848.579098974820226 ] } },
{ "type": "Feature", "properties": { "name": "", "site_type": "car_park", "suitability": 0.8, "traffic_volume": 11467.0, "traffic_count_pts": 1, "traffic_demand_score": 0.1032 }, "geometry": { "type": "Point", "coordinates": [ 316785.836265568505041, 175850.435997878201306 ] } },
{ "type": "Feature", "properties": { "name": "", "site_type": "car_park", "suitability": 0.8, "traffic_volume": 11467.0, "traffic_count_pts": 1, "traffic_demand_score": 0.1032 }, "geometry": { "type": "Point", "coordinates": [ 316680.876883907534648, 175814.293407314748038 ] } },
{ "type": "Feature", "properties": { "name": "", "site_type": "car_park", "suitability": 0.8, "traffic_volume": 11467.0, "traffic_count_pts": 1, "traffic_demand_score": 0.1032 }, "geometry": { "type": "Point", "coordinates": [ 316739.20543992461171, 175795.491109559719916 ] } },
{ "type": "Feature", "properties": { "name": "", "site_type": "car_park", "suitability": 0.8, "traffic_volume": 11467.0, "traffic_count_pts": 1, "traffic_demand_score": 0.1032 }, "geometry": { "type": "Point", "coordinates": [ 316733.922752956103068, 175704.452928717306349 ] } },
{ "type": "Feature", "properties": { "name": "", "site_type": "car_park", "suitability": 0.8, "traffic_volume": 11467.0, "traffic_count_pts": 1, "traffic_demand_score": 0.1032 }, "geometry": { "type": "Point", "coordinates": [ 316835.260193247522693, 175711.33935714524705 ] } },
{ "type": "Feature", "properties": { "name": "", "site_type": "car_park", "suitability": 0.8, "traffic_volume": 11467.0, "traffic_count_pts": 1, "traffic_demand_score": 0.1032 }, "geometry": { "type": "Point", "coordinates": [ 316781.357905670185573, 175729.373858973325696 ] } },
{ "type": "Feature", "properties": { "name": "", "site_type": "car_park", "suitability": 0.8, "traffic_volume": 11467.0, "traffic_count_pts": 1, "traffic_demand_score": 0.1032 }, "geometry": { "type": "Point", "coordinates": [ 316846.078476428287104, 175794.397905332152732 ] } },
{ "type": "Feature", "properties": { "name": "", "site_type": "car_park", "suitability": 0.8, "traffic_volume": 79691.0, "traffic_count_pts": 6, "traffic_demand_score": 0.7169 }, "geometry": { "type": "Point", "coordinates": [ 318777.78463023918448, 175994.875322016479913 ] } },
{ "type": "Feature", "properties": { "name": "", "site_type": "car_park", "suitability": 0.8, "traffic_volume": 79691.0, "traffic_count_pts": 6, "traffic_demand_score": 0.7169 }, "geometry": { "type": "Point", "coordinates": [ 318833.272374417632818, 176015.702519959770143 ] } },
{ "type": "Feature", "properties": { "name": "", "site_type": "car_park", "suitability": 0.8, "traffic_volume": 55583.0, "traffic_count_pts": 1, "traffic_demand_score": 0.5 }, "geometry": { "type": "Point", "coordinates": [ 317655.195340443053283, 173773.263827624497935 ] } },
{ "type": "Feature", "properties": { "name": "", "site_type": "car_park", "suitability": 0.8, "traffic_volume": 55583.0, "traffic_count_pts": 1, "traffic_demand_score": 0.5 }, "geometry": { "type": "Point", "coordinates": [ 317664.121315467171371, 173834.138295528013259 ] } },
{ "type": "Feature", "properties": { "name": "", "site_type": "car_park", "suitability": 0.8, "traffic_volume": 0.0, "traffic_count_pts": 0, "traffic_demand_score": 0.0 }, "geometry": { "type": "Point", "coordinates": [ 317625.447964566992596, 174000.008086018031463 ] } },
{ "type": "Feature", "properties": { "name": "", "site_type": "car_park", "suitability": 0.8, "traffic_volume": 27184.0, "traffic_count_pts": 1, "traffic_demand_score": 0.2445 }, "geometry": { "type": "Point", "coordinates": [ 317302.593577207357157, 178932.494558029924519 ] } },
{ "type": "Feature", "properties": { "name": "", "site_type": "car_park", "suitability": 0.8, "traffic_volume": 0.0, "traffic_count_pts": 0, "traffic_demand_score": 0.0 }, "geometry": { "type": "Point", "coordinates": [ 318205.880769828218035, 173402.099129986192565 ] } },
{ "type": "Feature", "properties": { "name": "", "site_type": "car_park", "suitability": 0.8, "traffic_volume": 36205.0, "traffic_count_pts": 1, "traffic_demand_score": 0.3257 }, "geometry": { "type": "Point", "coordinates": [ 317709.469558088923804, 172952.537639337242581 ] } },
{ "type": "Feature", "properties": { "name": "", "site_type": "car_park", "suitability": 0.8, "traffic_volume": 11467.0, "traffic_count_pts": 1, "traffic_demand_score": 0.1032 }, "geometry": { "type": "Point", "coordinates": [ 316558.680819467408583, 175989.825608099694364 ] } },
{ "type": "Feature", "properties": { "name": "", "site_type": "car_park", "suitability": 0.8, "traffic_volume": 0.0, "traffic_count_pts": 0, "traffic_demand_score": 0.0 }, "geometry": { "type": "Point", "coordinates": [ 316686.952675835986156, 176138.028503530367743 ] } },
{ "type": "Feature", "properties": { "name": "", "site_type": "car_park", "suitability": 0.8, "traffic_volume": 36205.0, "traffic_count_pts": 1, "traffic_demand_score": 0.3257 }, "geometry": { "type": "Point", "coordinates": [ 318016.143850380496588, 173287.885544711200055 ] } },
{ "type": "Feature", "properties": { "name": "", "site_type": "car_park", "suitability": 0.8, "traffic_volume": 329.0, "traffic_count_pts": 1, "traffic_demand_score": 0.003 }, "geometry": { "type": "Point", "coordinates": [ 315814.46675345429685, 176256.24941593746189 ] } },
{ "type": "Feature", "properties": { "name": "", "site_type": "car_park", "suitability": 0.8, "traffic_volume": 329.0, "traffic_count_pts": 1, "traffic_demand_score": 0.003 }, "geometry": { "type": "Point", "coordinates": [ 315887.944970108044799, 176287.203284383693244 ] } },
{ "type": "Feature", "properties": { "name": "", "site_type": "car_park", "suitability": 0.8, "traffic_volume": 36205.0, "traffic_count_pts": 1, "traffic_demand_score": 0.3257 }, "geometry": { "type": "Point", "coordinates": [ 317701.000723023607861, 172826.136245873232838 ] } },
{ "type": "Feature", "properties": { "name": "", "site_type": "car_park", "suitability": 0.8, "traffic_volume": 91788.0, "traffic_count_pts": 2, "traffic_demand_score": 0.8257 }, "geometry": { "type": "Point", "coordinates": [ 317522.990783471497707, 173223.965297307295259 ] } },
{ "type": "Feature", "properties": { "name": "", "site_type": "car_park", "suitability": 0.8, "traffic_volume": 91788.0, "traffic_count_pts": 2, "traffic_demand_score": 0.8257 }, "geometry": { "type": "Point", "coordinates": [ 317571.389310370024759, 173185.166957762616221 ] } },
{ "type": "Feature", "properties": { "name": "", "site_type": "car_park", "suitability": 0.8, "traffic_volume": 91788.0, "traffic_count_pts": 2, "traffic_demand_score": 0.8257 }, "geometry": { "type": "Point", "coordinates": [ 317573.670443940092809, 173254.390076925745234 ] } },
{ "type": "Feature", "properties": { "name": "", "site_type": "car_park", "suitability": 0.8, "traffic_volume": 91788.0, "traffic_count_pts": 2, "traffic_demand_score": 0.8257 }, "geometry": { "type": "Point", "coordinates": [ 317463.844824885192793, 173346.286488161131274 ] } },
{ "type": "Feature", "properties": { "name": "", "site_type": "car_park", "suitability": 0.8, "traffic_volume": 0.0, "traffic_count_pts": 0, "traffic_demand_score": 0.0 }, "geometry": { "type": "Point", "coordinates": [ 317437.819561647891533, 174419.684725879167672 ] } },
{ "type": "Feature", "properties": { "name": "", "site_type": "car_park", "suitability": 0.8, "traffic_volume": 0.0, "traffic_count_pts": 0, "traffic_demand_score": 0.0 }, "geometry": { "type": "Point", "coordinates": [ 317503.813336684019305, 174422.706194028316531 ] } },
{ "type": "Feature", "properties": { "name": "", "site_type": "car_park", "suitability": 0.8, "traffic_volume": 14565.0, "traffic_count_pts": 1, "traffic_demand_score": 0.131 }, "geometry": { "type": "Point", "coordinates": [ 317420.639526623592246, 175018.566272563009989 ] } },
{ "type": "Feature", "properties": { "name": "", "site_type": "car_park", "suitability": 0.8, "traffic_volume": 14565.0, "traffic_count_pts": 1, "traffic_demand_score": 0.131 }, "geometry": { "type": "Point", "coordinates": [ 317421.331780440290459, 174954.91805819759611 ] } },
{ "type": "Feature", "properties": { "name": "", "site_type": "car_park", "suitability": 0.8, "traffic_volume": 14565.0, "traffic_count_pts": 1, "traffic_demand_score": 0.131 }, "geometry": { "type": "Point", "coordinates": [ 317361.109255496354308, 174957.033963225956541 ] } },
{ "type": "Feature", "properties": { "name": "", "site_type": "car_park", "suitability": 0.8, "traffic_volume": 14565.0, "traffic_count_pts": 1, "traffic_demand_score": 0.131 }, "geometry": { "type": "Point", "coordinates": [ 317325.157209295779467, 174914.359233328374103 ] } },
{ "type": "Feature", "properties": { "name": "", "site_type": "car_park", "suitability": 0.8, "traffic_volume": 14565.0, "traffic_count_pts": 1, "traffic_demand_score": 0.131 }, "geometry": { "type": "Point", "coordinates": [ 317263.941477997170296, 175017.769860619679093 ] } },
{ "type": "Feature", "properties": { "name": "", "site_type": "car_park", "suitability": 0.8, "traffic_volume": 14565.0, "traffic_count_pts": 1, "traffic_demand_score": 0.131 }, "geometry": { "type": "Point", "coordinates": [ 317265.713355586864054, 174966.873927566397469 ] } },
{ "type": "Feature", "properties": { "name": "", "site_type": "car_park", "suitability": 0.8, "traffic_volume": 91788.0, "traffic_count_pts": 2, "traffic_demand_score": 0.8257 }, "geometry": { "type": "Point", "coordinates": [ 317642.893088997574523, 173311.424927907704841 ] } },
{ "type": "Feature", "properties": { "name": "", "site_type": "car_park", "suitability": 0.8, "traffic_volume": 55583.0, "traffic_count_pts": 1, "traffic_demand_score": 0.5 }, "geometry": { "type": "Point", "coordinates": [ 317948.562749841832556, 173621.060966786521021 ] } },
{ "type": "Feature", "properties": { "name": "", "site_type": "car_park", "suitability": 0.8, "traffic_volume": 55583.0, "traffic_count_pts": 1, "traffic_demand_score": 0.5 }, "geometry": { "type": "Point", "coordinates": [ 317887.54489045223454, 173691.863264442479704 ] } },
{ "type": "Feature", "properties": { "name": "", "site_type": "car_park", "suitability": 0.8, "traffic_volume": 0.0, "traffic_count_pts": 0, "traffic_demand_score": 0.0 }, "geometry": { "type": "Point", "coordinates": [ 317907.022189150680788, 173749.501473501964938 ] } },
{ "type": "Feature", "properties": { "name": "", "site_type": "car_park", "suitability": 0.8, "traffic_volume": 55583.0, "traffic_count_pts": 1, "traffic_demand_score": 0.5 }, "geometry": { "type": "Point", "coordinates": [ 317981.706122515141033, 173546.856290540075861 ] } },
{ "type": "Feature", "properties": { "name": "", "site_type": "car_park", "suitability": 0.8, "traffic_volume": 17484.0, "traffic_count_pts": 1, "traffic_demand_score": 0.1573 }, "geometry": { "type": "Point", "coordinates": [ 318015.146724788588472, 176987.450787818641402 ] } },
{ "type": "Feature", "properties": { "name": "", "site_type": "car_park", "suitability": 0.8, "traffic_volume": 17484.0, "traffic_count_pts": 1, "traffic_demand_score": 0.1573 }, "geometry": { "type": "Point", "coordinates": [ 317915.4519096314325, 177141.147518339625094 ] } },
{ "type": "Feature", "properties": { "name": "", "site_type": "car_park", "suitability": 0.8, "traffic_volume": 17484.0, "traffic_count_pts": 1, "traffic_demand_score": 0.1573 }, "geometry": { "type": "Point", "coordinates": [ 317961.491016968910117, 177396.546826075005811 ] } },
{ "type": "Feature", "properties": { "name": "", "site_type": "car_park", "suitability": 0.8, "traffic_volume": 17484.0, "traffic_count_pts": 1, "traffic_demand_score": 0.1573 }, "geometry": { "type": "Point", "coordinates": [ 317850.68200062320102, 177249.751664315350354 ] } },
{ "type": "Feature", "properties": { "name": "RWCMD Car Park", "site_type": "car_park", "suitability": 0.8, "traffic_volume": 32914.0, "traffic_count_pts": 2, "traffic_demand_score": 0.2961 }, "geometry": { "type": "Point", "coordinates": [ 317954.23900149250403, 176944.227545489266049 ] } },
{ "type": "Feature", "properties": { "name": "", "site_type": "car_park", "suitability": 0.8, "traffic_volume": 15430.0, "traffic_count_pts": 1, "traffic_demand_score": 0.1388 }, "geometry": { "type": "Point", "coordinates": [ 317987.570546795555856, 176500.128762809152249 ] } },
{ "type": "Feature", "properties": { "name": "", "site_type": "car_park", "suitability": 0.8, "traffic_volume": 32914.0, "traffic_count_pts": 2, "traffic_demand_score": 0.2961 }, "geometry": { "type": "Point", "coordinates": [ 318069.638461682596244, 176891.601839733601082 ] } },
{ "type": "Feature", "properties": { "name": "", "site_type": "car_park", "suitability": 0.8, "traffic_volume": 51131.0, "traffic_count_pts": 3, "traffic_demand_score": 0.46 }, "geometry": { "type": "Point", "coordinates": [ 318112.255483327549882, 176820.360972895286977 ] } },
{ "type": "Feature", "properties": { "name": "", "site_type": "car_park", "suitability": 0.8, "traffic_volume": 35701.0, "traffic_count_pts": 2, "traffic_demand_score": 0.3212 }, "geometry": { "type": "Point", "coordinates": [ 318222.144028257927857, 176926.110414827242494 ] } },
{ "type": "Feature", "properties": { "name": "", "site_type": "car_park", "suitability": 0.8, "traffic_volume": 35701.0, "traffic_count_pts": 2, "traffic_demand_score": 0.3212 }, "geometry": { "type": "Point", "coordinates": [ 318413.536652874317952, 177138.594500468228944 ] } },
{ "type": "Feature", "properties": { "name": "", "site_type": "car_park", "suitability": 0.8, "traffic_volume": 18217.0, "traffic_count_pts": 1, "traffic_demand_score": 0.1639 }, "geometry": { "type": "Point", "coordinates": [ 318463.041773736593314, 177102.649667186546139 ] } },
{ "type": "Feature", "properties": { "name": "", "site_type": "car_park", "suitability": 0.8, "traffic_volume": 35701.0, "traffic_count_pts": 2, "traffic_demand_score": 0.3212 }, "geometry": { "type": "Point", "coordinates": [ 318419.264224708313122, 177070.017138966417406 ] } },
{ "type": "Feature", "properties": { "name": "", "site_type": "car_park", "suitability": 0.8, "traffic_volume": 18217.0, "traffic_count_pts": 1, "traffic_demand_score": 0.1639 }, "geometry": { "type": "Point", "coordinates": [ 318491.227067902800627, 177033.215393102087546 ] } },
{ "type": "Feature", "properties": { "name": "", "site_type": "car_park", "suitability": 0.8, "traffic_volume": 18217.0, "traffic_count_pts": 1, "traffic_demand_score": 0.1639 }, "geometry": { "type": "Point", "coordinates": [ 318445.05004337336868, 177012.241380853170995 ] } },
{ "type": "Feature", "properties": { "name": "", "site_type": "car_park", "suitability": 0.8, "traffic_volume": 329.0, "traffic_count_pts": 1, "traffic_demand_score": 0.003 }, "geometry": { "type": "Point", "coordinates": [ 316025.214095116651151, 175847.710133835091256 ] } },
{ "type": "Feature", "properties": { "name": "", "site_type": "car_park", "suitability": 0.8, "traffic_volume": 111166.0, "traffic_count_pts": 2, "traffic_demand_score": 1.0 }, "geometry": { "type": "Point", "coordinates": [ 316843.606913923460525, 173807.610117878532037 ] } },
{ "type": "Feature", "properties": { "name": "", "site_type": "car_park", "suitability": 0.8, "traffic_volume": 111166.0, "traffic_count_pts": 2, "traffic_demand_score": 1.0 }, "geometry": { "type": "Point", "coordinates": [ 316872.907412676606327, 173898.146759394614492 ] } },
{ "type": "Feature", "properties": { "name": "", "site_type": "car_park", "suitability": 0.8, "traffic_volume": 9443.0, "traffic_count_pts": 1, "traffic_demand_score": 0.0849 }, "geometry": { "type": "Point", "coordinates": [ 316504.179115901526529, 176742.929127218318172 ] } },
{ "type": "Feature", "properties": { "name": "", "site_type": "car_park", "suitability": 0.8, "traffic_volume": 329.0, "traffic_count_pts": 1, "traffic_demand_score": 0.003 }, "geometry": { "type": "Point", "coordinates": [ 315461.377499043592252, 176406.486503373016603 ] } },
{ "type": "Feature", "properties": { "name": "", "site_type": "car_park", "suitability": 0.8, "traffic_volume": 329.0, "traffic_count_pts": 1, "traffic_demand_score": 0.003 }, "geometry": { "type": "Point", "coordinates": [ 315511.242881997080985, 176385.497484204010107 ] } },
{ "type": "Feature", "properties": { "name": "", "site_type": "car_park", "suitability": 0.8, "traffic_volume": 0.0, "traffic_count_pts": 0, "traffic_demand_score": 0.0 }, "geometry": { "type": "Point", "coordinates": [ 315400.350250844843686, 176518.873784728290047 ] } },
{ "type": "Feature", "properties": { "name": "", "site_type": "car_park", "suitability": 0.8, "traffic_volume": 0.0, "traffic_count_pts": 0, "traffic_demand_score": 0.0 }, "geometry": { "type": "Point", "coordinates": [ 312836.070048831519671, 175508.644127543375362 ] } },
{ "type": "Feature", "properties": { "name": "", "site_type": "car_park", "suitability": 0.8, "traffic_volume": 0.0, "traffic_count_pts": 0, "traffic_demand_score": 0.0 }, "geometry": { "type": "Point", "coordinates": [ 314423.344594697700813, 175921.12079286982771 ] } },
{ "type": "Feature", "properties": { "name": "", "site_type": "car_park", "suitability": 0.8, "traffic_volume": 0.0, "traffic_count_pts": 0, "traffic_demand_score": 0.0 }, "geometry": { "type": "Point", "coordinates": [ 311863.711251936561894, 175608.39164166507544 ] } },
{ "type": "Feature", "properties": { "name": "", "site_type": "car_park", "suitability": 0.8, "traffic_volume": 0.0, "traffic_count_pts": 0, "traffic_demand_score": 0.0 }, "geometry": { "type": "Point", "coordinates": [ 307905.359029805054888, 181534.999271789216436 ] } },
{ "type": "Feature", "properties": { "name": "", "site_type": "car_park", "suitability": 0.8, "traffic_volume": 0.0, "traffic_count_pts": 0, "traffic_demand_score": 0.0 }, "geometry": { "type": "Point", "coordinates": [ 313924.125219788984396, 179094.001017713453621 ] } },
{ "type": "Feature", "properties": { "name": "", "site_type": "car_park", "suitability": 0.8, "traffic_volume": 19614.0, "traffic_count_pts": 1, "traffic_demand_score": 0.1764 }, "geometry": { "type": "Point", "coordinates": [ 315127.667686787957791, 176825.649832145660184 ] } },
{ "type": "Feature", "properties": { "name": "", "site_type": "car_park", "suitability": 0.8, "traffic_volume": 329.0, "traffic_count_pts": 1, "traffic_demand_score": 0.003 }, "geometry": { "type": "Point", "coordinates": [ 316035.953261738584843, 176630.492633806483354 ] } },
{ "type": "Feature", "properties": { "name": "", "site_type": "car_park", "suitability": 0.8, "traffic_volume": 0.0, "traffic_count_pts": 0, "traffic_demand_score": 0.0 }, "geometry": { "type": "Point", "coordinates": [ 317435.697643353836611, 180795.980071552970912 ] } },
{ "type": "Feature", "properties": { "name": "", "site_type": "car_park", "suitability": 0.8, "traffic_volume": 0.0, "traffic_count_pts": 0, "traffic_demand_score": 0.0 }, "geometry": { "type": "Point", "coordinates": [ 318363.872997397731524, 184221.214026822184678 ] } },
{ "type": "Feature", "properties": { "name": "", "site_type": "car_park", "suitability": 0.8, "traffic_volume": 0.0, "traffic_count_pts": 0, "traffic_demand_score": 0.0 }, "geometry": { "type": "Point", "coordinates": [ 321580.28844374010805, 179563.313783789519221 ] } },
{ "type": "Feature", "properties": { "name": "", "site_type": "car_park", "suitability": 0.8, "traffic_volume": 27184.0, "traffic_count_pts": 1, "traffic_demand_score": 0.2445 }, "geometry": { "type": "Point", "coordinates": [ 317031.086751504568383, 178699.830494651629124 ] } },
{ "type": "Feature", "properties": { "name": "", "site_type": "car_park", "suitability": 0.8, "traffic_volume": 0.0, "traffic_count_pts": 0, "traffic_demand_score": 0.0 }, "geometry": { "type": "Point", "coordinates": [ 317288.488377767265774, 178298.322709570464212 ] } },
{ "type": "Feature", "properties": { "name": "Pay & Display", "site_type": "car_park", "suitability": 0.8, "traffic_volume": 51281.0, "traffic_count_pts": 1, "traffic_demand_score": 0.4613 }, "geometry": { "type": "Point", "coordinates": [ 315924.534099607961252, 178038.113188844057731 ] } },
{ "type": "Feature", "properties": { "name": "", "site_type": "car_park", "suitability": 0.8, "traffic_volume": 51281.0, "traffic_count_pts": 1, "traffic_demand_score": 0.4613 }, "geometry": { "type": "Point", "coordinates": [ 316013.498201274487656, 177967.878549771674443 ] } },
{ "type": "Feature", "properties": { "name": "Clinic Car Park", "site_type": "car_park", "suitability": 0.8, "traffic_volume": 51281.0, "traffic_count_pts": 1, "traffic_demand_score": 0.4613 }, "geometry": { "type": "Point", "coordinates": [ 315923.867876811767928, 178120.104512828751467 ] } },
{ "type": "Feature", "properties": { "name": "", "site_type": "car_park", "suitability": 0.8, "traffic_volume": 70491.0, "traffic_count_pts": 2, "traffic_demand_score": 0.6341 }, "geometry": { "type": "Point", "coordinates": [ 315760.951418525422923, 178179.573151653225068 ] } },
{ "type": "Feature", "properties": { "name": "", "site_type": "car_park", "suitability": 0.8, "traffic_volume": 0.0, "traffic_count_pts": 0, "traffic_demand_score": 0.0 }, "geometry": { "type": "Point", "coordinates": [ 323444.712011649855413, 180111.024047859304119 ] } },
{ "type": "Feature", "properties": { "name": "", "site_type": "car_park", "suitability": 0.8, "traffic_volume": 0.0, "traffic_count_pts": 0, "traffic_demand_score": 0.0 }, "geometry": { "type": "Point", "coordinates": [ 323493.782671743596438, 180074.998183452582452 ] } },
{ "type": "Feature", "properties": { "name": "", "site_type": "car_park", "suitability": 0.8, "traffic_volume": 784.0, "traffic_count_pts": 1, "traffic_demand_score": 0.0071 }, "geometry": { "type": "Point", "coordinates": [ 322662.720973279327154, 179767.291578542382922 ] } },
{ "type": "Feature", "properties": { "name": "", "site_type": "car_park", "suitability": 0.8, "traffic_volume": 105371.0, "traffic_count_pts": 6, "traffic_demand_score": 0.9479 }, "geometry": { "type": "Point", "coordinates": [ 318956.362907239235938, 176035.451041214168072 ] } },
{ "type": "Feature", "properties": { "name": "", "site_type": "car_park", "suitability": 0.8, "traffic_volume": 105371.0, "traffic_count_pts": 6, "traffic_demand_score": 0.9479 }, "geometry": { "type": "Point", "coordinates": [ 318956.212665185099468, 175977.549042610393371 ] } },
{ "type": "Feature", "properties": { "name": "", "site_type": "car_park", "suitability": 0.8, "traffic_volume": 55230.0, "traffic_count_pts": 5, "traffic_demand_score": 0.4968 }, "geometry": { "type": "Point", "coordinates": [ 318217.539172590419184, 176113.594407840282656 ] } },
{ "type": "Feature", "properties": { "name": "", "site_type": "car_park", "suitability": 0.8, "traffic_volume": 0.0, "traffic_count_pts": 0, "traffic_demand_score": 0.0 }, "geometry": { "type": "Point", "coordinates": [ 309949.308831283007748, 181613.598535189346876 ] } },
{ "type": "Feature", "properties": { "name": "", "site_type": "car_park", "suitability": 0.8, "traffic_volume": 0.0, "traffic_count_pts": 0, "traffic_demand_score": 0.0 }, "geometry": { "type": "Point", "coordinates": [ 310116.554351172759198, 182138.655984860553872 ] } },
{ "type": "Feature", "properties": { "name": "", "site_type": "car_park", "suitability": 0.8, "traffic_volume": 0.0, "traffic_count_pts": 0, "traffic_demand_score": 0.0 }, "geometry": { "type": "Point", "coordinates": [ 310459.306145208131056, 181828.720958281075582 ] } },
{ "type": "Feature", "properties": { "name": "", "site_type": "car_park", "suitability": 0.8, "traffic_volume": 0.0, "traffic_count_pts": 0, "traffic_demand_score": 0.0 }, "geometry": { "type": "Point", "coordinates": [ 309891.143472996249329, 182144.39994527696399 ] } },
{ "type": "Feature", "properties": { "name": "", "site_type": "car_park", "suitability": 0.8, "traffic_volume": 329.0, "traffic_count_pts": 1, "traffic_demand_score": 0.003 }, "geometry": { "type": "Point", "coordinates": [ 315724.226289663929492, 175878.703011656645685 ] } },
{ "type": "Feature", "properties": { "name": "", "site_type": "car_park", "suitability": 0.8, "traffic_volume": 19614.0, "traffic_count_pts": 1, "traffic_demand_score": 0.1764 }, "geometry": { "type": "Point", "coordinates": [ 315120.548692158830818, 176523.4001565099461 ] } },
{ "type": "Feature", "properties": { "name": "", "site_type": "car_park", "suitability": 0.8, "traffic_volume": 0.0, "traffic_count_pts": 0, "traffic_demand_score": 0.0 }, "geometry": { "type": "Point", "coordinates": [ 308500.610533928091172, 181432.349907522846479 ] } },
{ "type": "Feature", "properties": { "name": "", "site_type": "car_park", "suitability": 0.8, "traffic_volume": 0.0, "traffic_count_pts": 0, "traffic_demand_score": 0.0 }, "geometry": { "type": "Point", "coordinates": [ 308506.705239673960023, 181591.175770269706845 ] } },
{ "type": "Feature", "properties": { "name": "", "site_type": "car_park", "suitability": 0.8, "traffic_volume": 0.0, "traffic_count_pts": 0, "traffic_demand_score": 0.0 }, "geometry": { "type": "Point", "coordinates": [ 308469.300337376771495, 181666.537061510432977 ] } },
{ "type": "Feature", "properties": { "name": "", "site_type": "car_park", "suitability": 0.8, "traffic_volume": 9443.0, "traffic_count_pts": 1, "traffic_demand_score": 0.0849 }, "geometry": { "type": "Point", "coordinates": [ 316557.614579043991398, 176832.930151197011583 ] } },
{ "type": "Feature", "properties": { "name": "", "site_type": "car_park", "suitability": 0.8, "traffic_volume": 9443.0, "traffic_count_pts": 1, "traffic_demand_score": 0.0849 }, "geometry": { "type": "Point", "coordinates": [ 316533.716097710188478, 176907.610306245973334 ] } },
{ "type": "Feature", "properties": { "name": "", "site_type": "car_park", "suitability": 0.8, "traffic_volume": 0.0, "traffic_count_pts": 0, "traffic_demand_score": 0.0 }, "geometry": { "type": "Point", "coordinates": [ 312872.490915843402036, 180758.599091449868865 ] } },
{ "type": "Feature", "properties": { "name": "", "site_type": "car_park", "suitability": 0.8, "traffic_volume": 6501.0, "traffic_count_pts": 1, "traffic_demand_score": 0.0585 }, "geometry": { "type": "Point", "coordinates": [ 314274.155152048915625, 180984.496291234216187 ] } },
{ "type": "Feature", "properties": { "name": "Bridge House Car Park", "site_type": "car_park", "suitability": 0.8, "traffic_volume": 5633.0, "traffic_count_pts": 1, "traffic_demand_score": 0.0507 }, "geometry": { "type": "Point", "coordinates": [ 318094.447389993409161, 182300.51179073198 ] } },
{ "type": "Feature", "properties": { "name": "", "site_type": "car_park", "suitability": 0.8, "traffic_volume": 52483.0, "traffic_count_pts": 2, "traffic_demand_score": 0.4721 }, "geometry": { "type": "Point", "coordinates": [ 319174.99945883807959, 176772.131581664900295 ] } },
{ "type": "Feature", "properties": { "name": "", "site_type": "car_park", "suitability": 0.8, "traffic_volume": 23143.0, "traffic_count_pts": 1, "traffic_demand_score": 0.2082 }, "geometry": { "type": "Point", "coordinates": [ 319161.93314316670876, 176820.441883926221635 ] } },
{ "type": "Feature", "properties": { "name": "", "site_type": "car_park", "suitability": 0.8, "traffic_volume": 52483.0, "traffic_count_pts": 2, "traffic_demand_score": 0.4721 }, "geometry": { "type": "Point", "coordinates": [ 319118.416370873339474, 176794.415958932659123 ] } },
{ "type": "Feature", "properties": { "name": "", "site_type": "car_park", "suitability": 0.8, "traffic_volume": 0.0, "traffic_count_pts": 0, "traffic_demand_score": 0.0 }, "geometry": { "type": "Point", "coordinates": [ 315231.927232629677746, 183690.990105161967222 ] } },
{ "type": "Feature", "properties": { "name": "", "site_type": "car_park", "suitability": 0.8, "traffic_volume": 0.0, "traffic_count_pts": 0, "traffic_demand_score": 0.0 }, "geometry": { "type": "Point", "coordinates": [ 314649.366093947144691, 180668.933471184282098 ] } },
{ "type": "Feature", "properties": { "name": "", "site_type": "car_park", "suitability": 0.8, "traffic_volume": 0.0, "traffic_count_pts": 0, "traffic_demand_score": 0.0 }, "geometry": { "type": "Point", "coordinates": [ 320960.388452669023536, 182004.830565598153044 ] } },
{ "type": "Feature", "properties": { "name": "", "site_type": "car_park", "suitability": 0.8, "traffic_volume": 0.0, "traffic_count_pts": 0, "traffic_demand_score": 0.0 }, "geometry": { "type": "Point", "coordinates": [ 314414.346363813732751, 176238.402891753183212 ] } },
{ "type": "Feature", "properties": { "name": "", "site_type": "car_park", "suitability": 0.8, "traffic_volume": 23143.0, "traffic_count_pts": 1, "traffic_demand_score": 0.2082 }, "geometry": { "type": "Point", "coordinates": [ 319579.598214919213206, 176657.168433809303679 ] } },
{ "type": "Feature", "properties": { "name": "", "site_type": "car_park", "suitability": 0.8, "traffic_volume": 18217.0, "traffic_count_pts": 1, "traffic_demand_score": 0.1639 }, "geometry": { "type": "Point", "coordinates": [ 318929.611624356708489, 177010.044247419631574 ] } },
{ "type": "Feature", "properties": { "name": "", "site_type": "car_park", "suitability": 0.8, "traffic_volume": 48359.0, "traffic_count_pts": 1, "traffic_demand_score": 0.435 }, "geometry": { "type": "Point", "coordinates": [ 320243.638439756177831, 178481.265893194475211 ] } },
{ "type": "Feature", "properties": { "name": "", "site_type": "car_park", "suitability": 0.8, "traffic_volume": 0.0, "traffic_count_pts": 0, "traffic_demand_score": 0.0 }, "geometry": { "type": "Point", "coordinates": [ 315294.376610004692338, 176395.310667512821965 ] } },
{ "type": "Feature", "properties": { "name": "", "site_type": "car_park", "suitability": 0.8, "traffic_volume": 0.0, "traffic_count_pts": 0, "traffic_demand_score": 0.0 }, "geometry": { "type": "Point", "coordinates": [ 315363.123031280294526, 176433.375969428918324 ] } },
{ "type": "Feature", "properties": { "name": "", "site_type": "car_park", "suitability": 0.8, "traffic_volume": 11467.0, "traffic_count_pts": 1, "traffic_demand_score": 0.1032 }, "geometry": { "type": "Point", "coordinates": [ 316904.287909783306532, 175389.248394462803844 ] } },
{ "type": "Feature", "properties": { "name": "", "site_type": "car_park", "suitability": 0.8, "traffic_volume": 11467.0, "traffic_count_pts": 1, "traffic_demand_score": 0.1032 }, "geometry": { "type": "Point", "coordinates": [ 316767.449753383174539, 175542.710428841412067 ] } },
{ "type": "Feature", "properties": { "name": "", "site_type": "car_park", "suitability": 0.8, "traffic_volume": 0.0, "traffic_count_pts": 0, "traffic_demand_score": 0.0 }, "geometry": { "type": "Point", "coordinates": [ 315537.488912813249044, 178570.260175266768783 ] } },
{ "type": "Feature", "properties": { "name": "", "site_type": "car_park", "suitability": 0.8, "traffic_volume": 9772.0, "traffic_count_pts": 2, "traffic_demand_score": 0.0879 }, "geometry": { "type": "Point", "coordinates": [ 316241.73325201543048, 176665.322583084984217 ] } },
{ "type": "Feature", "properties": { "name": "", "site_type": "car_park", "suitability": 0.8, "traffic_volume": 0.0, "traffic_count_pts": 0, "traffic_demand_score": 0.0 }, "geometry": { "type": "Point", "coordinates": [ 320765.319650406425353, 178492.459364392561838 ] } },
{ "type": "Feature", "properties": { "name": "", "site_type": "car_park", "suitability": 0.8, "traffic_volume": 0.0, "traffic_count_pts": 0, "traffic_demand_score": 0.0 }, "geometry": { "type": "Point", "coordinates": [ 319414.117324919672683, 177862.162592668668367 ] } },
{ "type": "Feature", "properties": { "name": "", "site_type": "car_park", "suitability": 0.8, "traffic_volume": 0.0, "traffic_count_pts": 0, "traffic_demand_score": 0.0 }, "geometry": { "type": "Point", "coordinates": [ 319435.00534739944851, 177982.92111298837699 ] } },
{ "type": "Feature", "properties": { "name": "", "site_type": "car_park", "suitability": 0.8, "traffic_volume": 0.0, "traffic_count_pts": 0, "traffic_demand_score": 0.0 }, "geometry": { "type": "Point", "coordinates": [ 321309.48925234307535, 179290.967665387608577 ] } },
{ "type": "Feature", "properties": { "name": "", "site_type": "car_park", "suitability": 0.8, "traffic_volume": 0.0, "traffic_count_pts": 0, "traffic_demand_score": 0.0 }, "geometry": { "type": "Point", "coordinates": [ 320014.98328236292582, 176684.426181951828767 ] } },
{ "type": "Feature", "properties": { "name": "", "site_type": "car_park", "suitability": 0.8, "traffic_volume": 0.0, "traffic_count_pts": 0, "traffic_demand_score": 0.0 }, "geometry": { "type": "Point", "coordinates": [ 319536.621751794591546, 176307.559420035628136 ] } },
{ "type": "Feature", "properties": { "name": "", "site_type": "car_park", "suitability": 0.8, "traffic_volume": 0.0, "traffic_count_pts": 0, "traffic_demand_score": 0.0 }, "geometry": { "type": "Point", "coordinates": [ 321014.253242752456572, 178346.100893586815801 ] } },
{ "type": "Feature", "properties": { "name": "Vaughans Customer Car Park", "site_type": "car_park", "suitability": 0.8, "traffic_volume": 0.0, "traffic_count_pts": 0, "traffic_demand_score": 0.0 }, "geometry": { "type": "Point", "coordinates": [ 320965.120415893092286, 178371.740674131142441 ] } },
{ "type": "Feature", "properties": { "name": "", "site_type": "car_park", "suitability": 0.8, "traffic_volume": 0.0, "traffic_count_pts": 0, "traffic_demand_score": 0.0 }, "geometry": { "type": "Point", "coordinates": [ 322053.091381514735986, 178137.098397749476135 ] } },
{ "type": "Feature", "properties": { "name": "", "site_type": "car_park", "suitability": 0.8, "traffic_volume": 0.0, "traffic_count_pts": 0, "traffic_demand_score": 0.0 }, "geometry": { "type": "Point", "coordinates": [ 321519.727052687085234, 177449.126440289255697 ] } },
{ "type": "Feature", "properties": { "name": "", "site_type": "car_park", "suitability": 0.8, "traffic_volume": 28923.0, "traffic_count_pts": 1, "traffic_demand_score": 0.2602 }, "geometry": { "type": "Point", "coordinates": [ 321224.266701587592252, 177649.536311140633188 ] } },
{ "type": "Feature", "properties": { "name": "", "site_type": "car_park", "suitability": 0.8, "traffic_volume": 95510.0, "traffic_count_pts": 5, "traffic_demand_score": 0.8592 }, "geometry": { "type": "Point", "coordinates": [ 319049.111570876906626, 175920.086335191561375 ] } },
{ "type": "Feature", "properties": { "name": "Novotel Customer Car Park", "site_type": "car_park", "suitability": 0.8, "traffic_volume": 105371.0, "traffic_count_pts": 6, "traffic_demand_score": 0.9479 }, "geometry": { "type": "Point", "coordinates": [ 318971.668512717238627, 175884.687371139065363 ] } },
{ "type": "Feature", "properties": { "name": "Ibis Customer Car Park", "site_type": "car_park", "suitability": 0.8, "traffic_volume": 105371.0, "traffic_count_pts": 6, "traffic_demand_score": 0.9479 }, "geometry": { "type": "Point", "coordinates": [ 318905.315606120740995, 175871.652641601045616 ] } },
{ "type": "Feature", "properties": { "name": "", "site_type": "car_park", "suitability": 0.8, "traffic_volume": 0.0, "traffic_count_pts": 0, "traffic_demand_score": 0.0 }, "geometry": { "type": "Point", "coordinates": [ 321002.394444127858151, 182622.629683802544605 ] } },
{ "type": "Feature", "properties": { "name": "HMP Cardiff Rear Car Park", "site_type": "car_park", "suitability": 0.8, "traffic_volume": 62526.0, "traffic_count_pts": 3, "traffic_demand_score": 0.5625 }, "geometry": { "type": "Point", "coordinates": [ 318882.473588255874347, 176473.748174158215988 ] } },
{ "type": "Feature", "properties": { "name": "", "site_type": "car_park", "suitability": 0.8, "traffic_volume": 29576.0, "traffic_count_pts": 1, "traffic_demand_score": 0.2661 }, "geometry": { "type": "Point", "coordinates": [ 319128.025084881810471, 175736.311747525003739 ] } },
{ "type": "Feature", "properties": { "name": "", "site_type": "car_park", "suitability": 0.8, "traffic_volume": 31214.0, "traffic_count_pts": 2, "traffic_demand_score": 0.2808 }, "geometry": { "type": "Point", "coordinates": [ 319099.901483912719414, 175426.445815531304106 ] } },
{ "type": "Feature", "properties": { "name": "", "site_type": "car_park", "suitability": 0.8, "traffic_volume": 31214.0, "traffic_count_pts": 2, "traffic_demand_score": 0.2808 }, "geometry": { "type": "Point", "coordinates": [ 319039.128883934114128, 175435.30279948952375 ] } },
{ "type": "Feature", "properties": { "name": "", "site_type": "car_park", "suitability": 0.8, "traffic_volume": 31214.0, "traffic_count_pts": 2, "traffic_demand_score": 0.2808 }, "geometry": { "type": "Point", "coordinates": [ 319074.644624306878541, 175482.77286300441483 ] } },
{ "type": "Feature", "properties": { "name": "", "site_type": "car_park", "suitability": 0.8, "traffic_volume": 31214.0, "traffic_count_pts": 2, "traffic_demand_score": 0.2808 }, "geometry": { "type": "Point", "coordinates": [ 319129.013397586764768, 175367.382890617358498 ] } },
{ "type": "Feature", "properties": { "name": "", "site_type": "car_park", "suitability": 0.8, "traffic_volume": 31214.0, "traffic_count_pts": 2, "traffic_demand_score": 0.2808 }, "geometry": { "type": "Point", "coordinates": [ 319071.014292835781816, 175340.465601320785936 ] } },
{ "type": "Feature", "properties": { "name": "", "site_type": "car_park", "suitability": 0.8, "traffic_volume": 1638.0, "traffic_count_pts": 1, "traffic_demand_score": 0.0147 }, "geometry": { "type": "Point", "coordinates": [ 319163.176729281258304, 175268.656431023671757 ] } },
{ "type": "Feature", "properties": { "name": "", "site_type": "car_park", "suitability": 0.8, "traffic_volume": 1638.0, "traffic_count_pts": 1, "traffic_demand_score": 0.0147 }, "geometry": { "type": "Point", "coordinates": [ 319114.39744331210386, 175246.876198959827889 ] } },
{ "type": "Feature", "properties": { "name": "", "site_type": "car_park", "suitability": 0.8, "traffic_volume": 1638.0, "traffic_count_pts": 1, "traffic_demand_score": 0.0147 }, "geometry": { "type": "Point", "coordinates": [ 319146.560077174101025, 175176.867438440211117 ] } },
{ "type": "Feature", "properties": { "name": "", "site_type": "car_park", "suitability": 0.8, "traffic_volume": 62700.0, "traffic_count_pts": 5, "traffic_demand_score": 0.564 }, "geometry": { "type": "Point", "coordinates": [ 318880.969998425687663, 175529.389904048119206 ] } },
{ "type": "Feature", "properties": { "name": "", "site_type": "car_park", "suitability": 0.8, "traffic_volume": 76031.0, "traffic_count_pts": 5, "traffic_demand_score": 0.6839 }, "geometry": { "type": "Point", "coordinates": [ 318802.247476390970405, 175699.924490833538584 ] } },
{ "type": "Feature", "properties": { "name": "", "site_type": "car_park", "suitability": 0.8, "traffic_volume": 1638.0, "traffic_count_pts": 1, "traffic_demand_score": 0.0147 }, "geometry": { "type": "Point", "coordinates": [ 318960.268263899895828, 175369.318495999905281 ] } },
{ "type": "Feature", "properties": { "name": "", "site_type": "car_park", "suitability": 0.8, "traffic_volume": 1638.0, "traffic_count_pts": 1, "traffic_demand_score": 0.0147 }, "geometry": { "type": "Point", "coordinates": [ 319126.039003198733553, 175003.668277871678583 ] } },
{ "type": "Feature", "properties": { "name": "", "site_type": "car_park", "suitability": 0.8, "traffic_volume": 48947.0, "traffic_count_pts": 5, "traffic_demand_score": 0.4403 }, "geometry": { "type": "Point", "coordinates": [ 318315.566793827631045, 175667.437559055048041 ] } },
{ "type": "Feature", "properties": { "name": "", "site_type": "car_park", "suitability": 0.8, "traffic_volume": 109267.0, "traffic_count_pts": 7, "traffic_demand_score": 0.9829 }, "geometry": { "type": "Point", "coordinates": [ 318835.426667065243237, 175848.439639413962141 ] } },
{ "type": "Feature", "properties": { "name": "Haywood House Parking", "site_type": "car_park", "suitability": 0.8, "traffic_volume": 18217.0, "traffic_count_pts": 1, "traffic_demand_score": 0.1639 }, "geometry": { "type": "Point", "coordinates": [ 318675.455700507387519, 176783.678678584459703 ] } },
{ "type": "Feature", "properties": { "name": "", "site_type": "car_park", "suitability": 0.8, "traffic_volume": 18217.0, "traffic_count_pts": 1, "traffic_demand_score": 0.1639 }, "geometry": { "type": "Point", "coordinates": [ 318554.678309116221499, 176789.725571379065514 ] } },
{ "type": "Feature", "properties": { "name": "", "site_type": "car_park", "suitability": 0.8, "traffic_volume": 18217.0, "traffic_count_pts": 1, "traffic_demand_score": 0.1639 }, "geometry": { "type": "Point", "coordinates": [ 318656.753804064821452, 176902.168210405507125 ] } },
{ "type": "Feature", "properties": { "name": "", "site_type": "car_park", "suitability": 0.8, "traffic_volume": 18217.0, "traffic_count_pts": 1, "traffic_demand_score": 0.1639 }, "geometry": { "type": "Point", "coordinates": [ 318739.887171479756944, 176914.717801913619041 ] } },
{ "type": "Feature", "properties": { "name": "", "site_type": "car_park", "suitability": 0.8, "traffic_volume": 18217.0, "traffic_count_pts": 1, "traffic_demand_score": 0.1639 }, "geometry": { "type": "Point", "coordinates": [ 318713.591854990459979, 177050.726563622534741 ] } },
{ "type": "Feature", "properties": { "name": "", "site_type": "car_park", "suitability": 0.8, "traffic_volume": 18217.0, "traffic_count_pts": 1, "traffic_demand_score": 0.1639 }, "geometry": { "type": "Point", "coordinates": [ 318688.269517042732332, 177193.091497840767261 ] } },
{ "type": "Feature", "properties": { "name": "", "site_type": "car_park", "suitability": 0.8, "traffic_volume": 0.0, "traffic_count_pts": 0, "traffic_demand_score": 0.0 }, "geometry": { "type": "Point", "coordinates": [ 319585.979431033832952, 174216.835058505705092 ] } },
{ "type": "Feature", "properties": { "name": "Fforest Fawr", "site_type": "car_park", "suitability": 0.8, "traffic_volume": 0.0, "traffic_count_pts": 0, "traffic_demand_score": 0.0 }, "geometry": { "type": "Point", "coordinates": [ 314170.638091456610709, 183870.860946120112203 ] } },
{ "type": "Feature", "properties": { "name": "", "site_type": "car_park", "suitability": 0.8, "traffic_volume": 46857.0, "traffic_count_pts": 1, "traffic_demand_score": 0.4215 }, "geometry": { "type": "Point", "coordinates": [ 318154.110861932043917, 174437.028747376811225 ] } },
{ "type": "Feature", "properties": { "name": "", "site_type": "car_park", "suitability": 0.8, "traffic_volume": 0.0, "traffic_count_pts": 0, "traffic_demand_score": 0.0 }, "geometry": { "type": "Point", "coordinates": [ 318184.161787277611438, 174486.858883004577365 ] } },
{ "type": "Feature", "properties": { "name": "", "site_type": "car_park", "suitability": 0.8, "traffic_volume": 0.0, "traffic_count_pts": 0, "traffic_demand_score": 0.0 }, "geometry": { "type": "Point", "coordinates": [ 318490.715103805821855, 180483.514042075141333 ] } },
{ "type": "Feature", "properties": { "name": "", "site_type": "car_park", "suitability": 0.8, "traffic_volume": 0.0, "traffic_count_pts": 0, "traffic_demand_score": 0.0 }, "geometry": { "type": "Point", "coordinates": [ 315257.532572422933299, 183188.068118397612125 ] } },
{ "type": "Feature", "properties": { "name": "", "site_type": "car_park", "suitability": 0.8, "traffic_volume": 0.0, "traffic_count_pts": 0, "traffic_demand_score": 0.0 }, "geometry": { "type": "Point", "coordinates": [ 317998.184573337028269, 178962.396678283344954 ] } },
{ "type": "Feature", "properties": { "name": "", "site_type": "car_park", "suitability": 0.8, "traffic_volume": 0.0, "traffic_count_pts": 0, "traffic_demand_score": 0.0 }, "geometry": { "type": "Point", "coordinates": [ 318718.002893546887208, 179488.983022780681495 ] } },
{ "type": "Feature", "properties": { "name": "", "site_type": "car_park", "suitability": 0.8, "traffic_volume": 0.0, "traffic_count_pts": 0, "traffic_demand_score": 0.0 }, "geometry": { "type": "Point", "coordinates": [ 318735.200488949019928, 179575.695800643530674 ] } },
{ "type": "Feature", "properties": { "name": "", "site_type": "car_park", "suitability": 0.8, "traffic_volume": 0.0, "traffic_count_pts": 0, "traffic_demand_score": 0.0 }, "geometry": { "type": "Point", "coordinates": [ 319268.850543349341024, 178788.509030400717165 ] } },
{ "type": "Feature", "properties": { "name": "", "site_type": "car_park", "suitability": 0.8, "traffic_volume": 0.0, "traffic_count_pts": 0, "traffic_demand_score": 0.0 }, "geometry": { "type": "Point", "coordinates": [ 319320.188681002822705, 178811.639972018485423 ] } },
{ "type": "Feature", "properties": { "name": "", "site_type": "car_park", "suitability": 0.8, "traffic_volume": 0.0, "traffic_count_pts": 0, "traffic_demand_score": 0.0 }, "geometry": { "type": "Point", "coordinates": [ 319419.554948544828221, 178507.584847483667545 ] } },
{ "type": "Feature", "properties": { "name": "", "site_type": "car_park", "suitability": 0.8, "traffic_volume": 32809.0, "traffic_count_pts": 1, "traffic_demand_score": 0.2951 }, "geometry": { "type": "Point", "coordinates": [ 320145.907716084737331, 177708.39432851690799 ] } },
{ "type": "Feature", "properties": { "name": "", "site_type": "car_park", "suitability": 0.8, "traffic_volume": 32809.0, "traffic_count_pts": 1, "traffic_demand_score": 0.2951 }, "geometry": { "type": "Point", "coordinates": [ 320139.396764433302451, 177770.254270525474567 ] } },
{ "type": "Feature", "properties": { "name": "", "site_type": "car_park", "suitability": 0.8, "traffic_volume": 32809.0, "traffic_count_pts": 1, "traffic_demand_score": 0.2951 }, "geometry": { "type": "Point", "coordinates": [ 320129.171070600568783, 177635.220174565154593 ] } },
{ "type": "Feature", "properties": { "name": "", "site_type": "car_park", "suitability": 0.8, "traffic_volume": 0.0, "traffic_count_pts": 0, "traffic_demand_score": 0.0 }, "geometry": { "type": "Point", "coordinates": [ 318606.029412304575089, 177763.318104629113805 ] } },
{ "type": "Feature", "properties": { "name": "", "site_type": "car_park", "suitability": 0.8, "traffic_volume": 18217.0, "traffic_count_pts": 1, "traffic_demand_score": 0.1639 }, "geometry": { "type": "Point", "coordinates": [ 318719.946005174249876, 177243.41196078795474 ] } },
{ "type": "Feature", "properties": { "name": "", "site_type": "car_park", "suitability": 0.8, "traffic_volume": 0.0, "traffic_count_pts": 0, "traffic_demand_score": 0.0 }, "geometry": { "type": "Point", "coordinates": [ 311318.239807781646959, 180664.593302219756879 ] } },
{ "type": "Feature", "properties": { "name": "", "site_type": "car_park", "suitability": 0.8, "traffic_volume": 0.0, "traffic_count_pts": 0, "traffic_demand_score": 0.0 }, "geometry": { "type": "Point", "coordinates": [ 310972.898489433340728, 181027.1446067825309 ] } },
{ "type": "Feature", "properties": { "name": "", "site_type": "car_park", "suitability": 0.8, "traffic_volume": 0.0, "traffic_count_pts": 0, "traffic_demand_score": 0.0 }, "geometry": { "type": "Point", "coordinates": [ 318582.377074443502352, 177925.968725583923515 ] } },
{ "type": "Feature", "properties": { "name": "", "site_type": "car_park", "suitability": 0.8, "traffic_volume": 0.0, "traffic_count_pts": 0, "traffic_demand_score": 0.0 }, "geometry": { "type": "Point", "coordinates": [ 318586.128936761058867, 178032.821320362971164 ] } },
{ "type": "Feature", "properties": { "name": "", "site_type": "car_park", "suitability": 0.8, "traffic_volume": 0.0, "traffic_count_pts": 0, "traffic_demand_score": 0.0 }, "geometry": { "type": "Point", "coordinates": [ 319015.638985296187457, 178238.946095964405686 ] } },
{ "type": "Feature", "properties": { "name": "", "site_type": "car_park", "suitability": 0.8, "traffic_volume": 23143.0, "traffic_count_pts": 1, "traffic_demand_score": 0.2082 }, "geometry": { "type": "Point", "coordinates": [ 319877.826094474410638, 177274.114566180040129 ] } },
{ "type": "Feature", "properties": { "name": "", "site_type": "car_park", "suitability": 0.8, "traffic_volume": 23143.0, "traffic_count_pts": 1, "traffic_demand_score": 0.2082 }, "geometry": { "type": "Point", "coordinates": [ 319749.867880453588441, 177310.29391423164634 ] } },
{ "type": "Feature", "properties": { "name": "", "site_type": "car_park", "suitability": 0.8, "traffic_volume": 0.0, "traffic_count_pts": 0, "traffic_demand_score": 0.0 }, "geometry": { "type": "Point", "coordinates": [ 319827.919124667998403, 177438.063397358171642 ] } },
{ "type": "Feature", "properties": { "name": "", "site_type": "car_park", "suitability": 0.8, "traffic_volume": 23143.0, "traffic_count_pts": 1, "traffic_demand_score": 0.2082 }, "geometry": { "type": "Point", "coordinates": [ 319272.703423162223771, 177013.174749642203096 ] } },
{ "type": "Feature", "properties": { "name": "", "site_type": "car_park", "suitability": 0.8, "traffic_volume": 23143.0, "traffic_count_pts": 1, "traffic_demand_score": 0.2082 }, "geometry": { "type": "Point", "coordinates": [ 319123.609086502518039, 177203.246717224770691 ] } },
{ "type": "Feature", "properties": { "name": "", "site_type": "car_park", "suitability": 0.8, "traffic_volume": 0.0, "traffic_count_pts": 0, "traffic_demand_score": 0.0 }, "geometry": { "type": "Point", "coordinates": [ 319196.403770078672096, 177922.756539388501551 ] } },
{ "type": "Feature", "properties": { "name": "", "site_type": "car_park", "suitability": 0.8, "traffic_volume": 0.0, "traffic_count_pts": 0, "traffic_demand_score": 0.0 }, "geometry": { "type": "Point", "coordinates": [ 319083.191371063468978, 178014.985221900453325 ] } },
{ "type": "Feature", "properties": { "name": "Llandaff Fields Pay & Display Car Park", "site_type": "car_park", "suitability": 0.8, "traffic_volume": 22346.0, "traffic_count_pts": 1, "traffic_demand_score": 0.201 }, "geometry": { "type": "Point", "coordinates": [ 316518.061158654221799, 177504.878929407510441 ] } },
{ "type": "Feature", "properties": { "name": "", "site_type": "car_park", "suitability": 0.8, "traffic_volume": 27184.0, "traffic_count_pts": 1, "traffic_demand_score": 0.2445 }, "geometry": { "type": "Point", "coordinates": [ 317319.421182511141524, 179164.326183920260519 ] } },
{ "type": "Feature", "properties": { "name": "", "site_type": "car_park", "suitability": 0.8, "traffic_volume": 0.0, "traffic_count_pts": 0, "traffic_demand_score": 0.0 }, "geometry": { "type": "Point", "coordinates": [ 317434.192546730278991, 179137.339834954822436 ] } },
{ "type": "Feature", "properties": { "name": "UHW Staff Car Park", "site_type": "car_park", "suitability": 0.8, "traffic_volume": 0.0, "traffic_count_pts": 0, "traffic_demand_score": 0.0 }, "geometry": { "type": "Point", "coordinates": [ 317345.307425919338129, 179394.581685717159417 ] } },
{ "type": "Feature", "properties": { "name": "UHW Staff Car Park", "site_type": "car_park", "suitability": 0.8, "traffic_volume": 27184.0, "traffic_count_pts": 1, "traffic_demand_score": 0.2445 }, "geometry": { "type": "Point", "coordinates": [ 317265.582246745820157, 179255.526314892049413 ] } },
{ "type": "Feature", "properties": { "name": "General Staff Parking 2b", "site_type": "car_park", "suitability": 0.8, "traffic_volume": 0.0, "traffic_count_pts": 0, "traffic_demand_score": 0.0 }, "geometry": { "type": "Point", "coordinates": [ 317411.79558628948871, 179538.507704410178121 ] } },
{ "type": "Feature", "properties": { "name": "", "site_type": "car_park", "suitability": 0.8, "traffic_volume": 0.0, "traffic_count_pts": 0, "traffic_demand_score": 0.0 }, "geometry": { "type": "Point", "coordinates": [ 317734.08298561826814, 179440.39800640323665 ] } },
{ "type": "Feature", "properties": { "name": "", "site_type": "car_park", "suitability": 0.8, "traffic_volume": 0.0, "traffic_count_pts": 0, "traffic_demand_score": 0.0 }, "geometry": { "type": "Point", "coordinates": [ 317791.407413273642305, 179427.92979297117563 ] } },
{ "type": "Feature", "properties": { "name": "", "site_type": "car_park", "suitability": 0.8, "traffic_volume": 0.0, "traffic_count_pts": 0, "traffic_demand_score": 0.0 }, "geometry": { "type": "Point", "coordinates": [ 317850.220846067939419, 179260.821000471769366 ] } },
{ "type": "Feature", "properties": { "name": "", "site_type": "car_park", "suitability": 0.8, "traffic_volume": 0.0, "traffic_count_pts": 0, "traffic_demand_score": 0.0 }, "geometry": { "type": "Point", "coordinates": [ 317865.899167640833184, 179405.74509010562906 ] } },
{ "type": "Feature", "properties": { "name": "", "site_type": "car_park", "suitability": 0.8, "traffic_volume": 47557.0, "traffic_count_pts": 2, "traffic_demand_score": 0.4278 }, "geometry": { "type": "Point", "coordinates": [ 318988.105984316032846, 176799.589487422199454 ] } },
{ "type": "Feature", "properties": { "name": "", "site_type": "car_park", "suitability": 0.8, "traffic_volume": 23143.0, "traffic_count_pts": 1, "traffic_demand_score": 0.2082 }, "geometry": { "type": "Point", "coordinates": [ 319126.560783924884163, 176884.201108885928988 ] } },
{ "type": "Feature", "properties": { "name": "", "site_type": "car_park", "suitability": 0.8, "traffic_volume": 41360.0, "traffic_count_pts": 2, "traffic_demand_score": 0.3721 }, "geometry": { "type": "Point", "coordinates": [ 319038.845015362254344, 176859.027799156552646 ] } },
{ "type": "Feature", "properties": { "name": "", "site_type": "car_park", "suitability": 0.8, "traffic_volume": 23143.0, "traffic_count_pts": 1, "traffic_demand_score": 0.2082 }, "geometry": { "type": "Point", "coordinates": [ 319207.917803092161193, 176985.376541688281577 ] } },
{ "type": "Feature", "properties": { "name": "", "site_type": "car_park", "suitability": 0.8, "traffic_volume": 23143.0, "traffic_count_pts": 1, "traffic_demand_score": 0.2082 }, "geometry": { "type": "Point", "coordinates": [ 319182.537517246673815, 177113.232570873689838 ] } },
{ "type": "Feature", "properties": { "name": "", "site_type": "car_park", "suitability": 0.8, "traffic_volume": 23143.0, "traffic_count_pts": 1, "traffic_demand_score": 0.2082 }, "geometry": { "type": "Point", "coordinates": [ 319520.324452996312175, 177117.161729442712385 ] } },
{ "type": "Feature", "properties": { "name": "", "site_type": "car_park", "suitability": 0.8, "traffic_volume": 23143.0, "traffic_count_pts": 1, "traffic_demand_score": 0.2082 }, "geometry": { "type": "Point", "coordinates": [ 319463.431465715053491, 177153.815907203825191 ] } },
{ "type": "Feature", "properties": { "name": "", "site_type": "car_park", "suitability": 0.8, "traffic_volume": 0.0, "traffic_count_pts": 0, "traffic_demand_score": 0.0 }, "geometry": { "type": "Point", "coordinates": [ 317417.116235356661491, 176980.920488615462091 ] } },
{ "type": "Feature", "properties": { "name": "", "site_type": "car_park", "suitability": 0.8, "traffic_volume": 0.0, "traffic_count_pts": 0, "traffic_demand_score": 0.0 }, "geometry": { "type": "Point", "coordinates": [ 317333.187930511601735, 176924.56293048558291 ] } },
{ "type": "Feature", "properties": { "name": "", "site_type": "car_park", "suitability": 0.8, "traffic_volume": 17484.0, "traffic_count_pts": 1, "traffic_demand_score": 0.1573 }, "geometry": { "type": "Point", "coordinates": [ 317503.961548352381214, 176877.454934833163861 ] } },
{ "type": "Feature", "properties": { "name": "", "site_type": "car_park", "suitability": 0.8, "traffic_volume": 17484.0, "traffic_count_pts": 1, "traffic_demand_score": 0.1573 }, "geometry": { "type": "Point", "coordinates": [ 317480.985710702603683, 177017.411190951534081 ] } },
{ "type": "Feature", "properties": { "name": "Gray Street Car Park", "site_type": "car_park", "suitability": 0.8, "traffic_volume": 9443.0, "traffic_count_pts": 1, "traffic_demand_score": 0.0849 }, "geometry": { "type": "Point", "coordinates": [ 316684.38057968794601, 176611.232281433069147 ] } },
{ "type": "Feature", "properties": { "name": "", "site_type": "car_park", "suitability": 0.8, "traffic_volume": 0.0, "traffic_count_pts": 0, "traffic_demand_score": 0.0 }, "geometry": { "type": "Point", "coordinates": [ 317433.063180219847709, 177061.754184506309684 ] } },
{ "type": "Feature", "properties": { "name": "", "site_type": "car_park", "suitability": 0.8, "traffic_volume": 51281.0, "traffic_count_pts": 1, "traffic_demand_score": 0.4613 }, "geometry": { "type": "Point", "coordinates": [ 316351.04512578016147, 177971.3290042221779 ] } },
{ "type": "Feature", "properties": { "name": "", "site_type": "car_park", "suitability": 0.8, "traffic_volume": 0.0, "traffic_count_pts": 0, "traffic_demand_score": 0.0 }, "geometry": { "type": "Point", "coordinates": [ 316745.561341660679318, 177369.533120424079243 ] } },
{ "type": "Feature", "properties": { "name": "", "site_type": "car_park", "suitability": 0.8, "traffic_volume": 9443.0, "traffic_count_pts": 1, "traffic_demand_score": 0.0849 }, "geometry": { "type": "Point", "coordinates": [ 316564.166872204456013, 177011.432262982358225 ] } },
{ "type": "Feature", "properties": { "name": "", "site_type": "car_park", "suitability": 0.8, "traffic_volume": 31789.0, "traffic_count_pts": 2, "traffic_demand_score": 0.286 }, "geometry": { "type": "Point", "coordinates": [ 316479.002952602691948, 177039.029495644907001 ] } },
{ "type": "Feature", "properties": { "name": "", "site_type": "car_park", "suitability": 0.8, "traffic_volume": 0.0, "traffic_count_pts": 0, "traffic_demand_score": 0.0 }, "geometry": { "type": "Point", "coordinates": [ 312152.824773890257347, 177194.895261507248506 ] } },
{ "type": "Feature", "properties": { "name": "", "site_type": "car_park", "suitability": 0.8, "traffic_volume": 9443.0, "traffic_count_pts": 1, "traffic_demand_score": 0.0849 }, "geometry": { "type": "Point", "coordinates": [ 316639.605848977225833, 176989.237507844169158 ] } },
{ "type": "Feature", "properties": { "name": "Staff & Blue Badge Holder Parking", "site_type": "car_park", "suitability": 0.8, "traffic_volume": 12767.0, "traffic_count_pts": 1, "traffic_demand_score": 0.1148 }, "geometry": { "type": "Point", "coordinates": [ 317288.270713310455903, 176590.404672434553504 ] } },
{ "type": "Feature", "properties": { "name": "Patient & Visitor Parking", "site_type": "car_park", "suitability": 0.8, "traffic_volume": 12767.0, "traffic_count_pts": 1, "traffic_demand_score": 0.1148 }, "geometry": { "type": "Point", "coordinates": [ 317190.439661335374694, 176504.9100660548429 ] } },
{ "type": "Feature", "properties": { "name": "", "site_type": "car_park", "suitability": 0.8, "traffic_volume": 12767.0, "traffic_count_pts": 1, "traffic_demand_score": 0.1148 }, "geometry": { "type": "Point", "coordinates": [ 317243.13571074756328, 176481.591937209886964 ] } },
{ "type": "Feature", "properties": { "name": "", "site_type": "car_park", "suitability": 0.8, "traffic_volume": 12767.0, "traffic_count_pts": 1, "traffic_demand_score": 0.1148 }, "geometry": { "type": "Point", "coordinates": [ 317450.172970061539672, 176556.774756920873187 ] } },
{ "type": "Feature", "properties": { "name": "", "site_type": "car_park", "suitability": 0.8, "traffic_volume": 12767.0, "traffic_count_pts": 1, "traffic_demand_score": 0.1148 }, "geometry": { "type": "Point", "coordinates": [ 317346.825675721571315, 176617.554677994980011 ] } },
{ "type": "Feature", "properties": { "name": "", "site_type": "car_park", "suitability": 0.8, "traffic_volume": 12767.0, "traffic_count_pts": 1, "traffic_demand_score": 0.1148 }, "geometry": { "type": "Point", "coordinates": [ 317157.898583304719068, 176448.398186887730844 ] } },
{ "type": "Feature", "properties": { "name": "", "site_type": "car_park", "suitability": 0.8, "traffic_volume": 21655.0, "traffic_count_pts": 2, "traffic_demand_score": 0.1948 }, "geometry": { "type": "Point", "coordinates": [ 317552.076256201195065, 175300.583305890613701 ] } },
{ "type": "Feature", "properties": { "name": "", "site_type": "car_park", "suitability": 0.8, "traffic_volume": 28000.0, "traffic_count_pts": 3, "traffic_demand_score": 0.2519 }, "geometry": { "type": "Point", "coordinates": [ 317588.534178602450993, 175243.964410937507637 ] } },
{ "type": "Feature", "properties": { "name": "", "site_type": "car_park", "suitability": 0.8, "traffic_volume": 27000.0, "traffic_count_pts": 3, "traffic_demand_score": 0.2429 }, "geometry": { "type": "Point", "coordinates": [ 317920.548885289637838, 175486.98059721844038 ] } },
{ "type": "Feature", "properties": { "name": "", "site_type": "car_park", "suitability": 0.8, "traffic_volume": 28000.0, "traffic_count_pts": 3, "traffic_demand_score": 0.2519 }, "geometry": { "type": "Point", "coordinates": [ 317723.461620094603859, 175181.509657279180828 ] } },
{ "type": "Feature", "properties": { "name": "", "site_type": "car_park", "suitability": 0.8, "traffic_volume": 28000.0, "traffic_count_pts": 3, "traffic_demand_score": 0.2519 }, "geometry": { "type": "Point", "coordinates": [ 317644.040438115480356, 175274.387172747170553 ] } },
{ "type": "Feature", "properties": { "name": "", "site_type": "car_park", "suitability": 0.8, "traffic_volume": 19326.0, "traffic_count_pts": 2, "traffic_demand_score": 0.1738 }, "geometry": { "type": "Point", "coordinates": [ 318121.314544033957645, 176362.608884810411837 ] } },
{ "type": "Feature", "properties": { "name": "", "site_type": "car_park", "suitability": 0.8, "traffic_volume": 23143.0, "traffic_count_pts": 1, "traffic_demand_score": 0.2082 }, "geometry": { "type": "Point", "coordinates": [ 319553.663890610390808, 176740.549834795703646 ] } },
{ "type": "Feature", "properties": { "name": "", "site_type": "car_park", "suitability": 0.8, "traffic_volume": 0.0, "traffic_count_pts": 0, "traffic_demand_score": 0.0 }, "geometry": { "type": "Point", "coordinates": [ 318449.279662966553587, 177898.704729106859304 ] } },
{ "type": "Feature", "properties": { "name": "", "site_type": "car_park", "suitability": 0.8, "traffic_volume": 0.0, "traffic_count_pts": 0, "traffic_demand_score": 0.0 }, "geometry": { "type": "Point", "coordinates": [ 317930.511746077041607, 178997.114297570369672 ] } },
{ "type": "Feature", "properties": { "name": "", "site_type": "car_park", "suitability": 0.8, "traffic_volume": 0.0, "traffic_count_pts": 0, "traffic_demand_score": 0.0 }, "geometry": { "type": "Point", "coordinates": [ 317881.649491513264365, 179048.009029884706251 ] } },
{ "type": "Feature", "properties": { "name": "", "site_type": "car_park", "suitability": 0.8, "traffic_volume": 329.0, "traffic_count_pts": 1, "traffic_demand_score": 0.003 }, "geometry": { "type": "Point", "coordinates": [ 316028.481076638796367, 176467.138630184403155 ] } },
{ "type": "Feature", "properties": { "name": "", "site_type": "car_park", "suitability": 0.8, "traffic_volume": 57845.0, "traffic_count_pts": 1, "traffic_demand_score": 0.5203 }, "geometry": { "type": "Point", "coordinates": [ 321046.523257548105903, 178927.491376054938883 ] } },
{ "type": "Feature", "properties": { "name": "", "site_type": "car_park", "suitability": 0.8, "traffic_volume": 57845.0, "traffic_count_pts": 1, "traffic_demand_score": 0.5203 }, "geometry": { "type": "Point", "coordinates": [ 321039.194330285245087, 178867.959677943494171 ] } },
{ "type": "Feature", "properties": { "name": "", "site_type": "car_park", "suitability": 0.8, "traffic_volume": 64619.0, "traffic_count_pts": 2, "traffic_demand_score": 0.5813 }, "geometry": { "type": "Point", "coordinates": [ 319548.29783109552227, 174649.663793949992396 ] } },
{ "type": "Feature", "properties": { "name": "", "site_type": "car_park", "suitability": 0.8, "traffic_volume": 0.0, "traffic_count_pts": 0, "traffic_demand_score": 0.0 }, "geometry": { "type": "Point", "coordinates": [ 318854.82050196925411, 174631.402798058348708 ] } },
{ "type": "Feature", "properties": { "name": "", "site_type": "car_park", "suitability": 0.8, "traffic_volume": 0.0, "traffic_count_pts": 0, "traffic_demand_score": 0.0 }, "geometry": { "type": "Point", "coordinates": [ 318858.011749854893424, 174519.754875257785898 ] } },
{ "type": "Feature", "properties": { "name": "", "site_type": "car_park", "suitability": 0.8, "traffic_volume": 1638.0, "traffic_count_pts": 1, "traffic_demand_score": 0.0147 }, "geometry": { "type": "Point", "coordinates": [ 318803.22606099024415, 174699.631557526183315 ] } },
{ "type": "Feature", "properties": { "name": "", "site_type": "car_park", "suitability": 0.8, "traffic_volume": 1638.0, "traffic_count_pts": 1, "traffic_demand_score": 0.0147 }, "geometry": { "type": "Point", "coordinates": [ 318826.557109254179522, 174760.86472917458741 ] } },
{ "type": "Feature", "properties": { "name": "", "site_type": "car_park", "suitability": 0.8, "traffic_volume": 1638.0, "traffic_count_pts": 1, "traffic_demand_score": 0.0147 }, "geometry": { "type": "Point", "coordinates": [ 318725.837567832553759, 175043.062048166058958 ] } },
{ "type": "Feature", "properties": { "name": "", "site_type": "car_park", "suitability": 0.8, "traffic_volume": 1638.0, "traffic_count_pts": 1, "traffic_demand_score": 0.0147 }, "geometry": { "type": "Point", "coordinates": [ 318955.726168106659316, 174914.538692005444318 ] } },
{ "type": "Feature", "properties": { "name": "", "site_type": "car_park", "suitability": 0.8, "traffic_volume": 1638.0, "traffic_count_pts": 1, "traffic_demand_score": 0.0147 }, "geometry": { "type": "Point", "coordinates": [ 318920.572191178391222, 174990.691967443039175 ] } },
{ "type": "Feature", "properties": { "name": "", "site_type": "car_park", "suitability": 0.8, "traffic_volume": 1638.0, "traffic_count_pts": 1, "traffic_demand_score": 0.0147 }, "geometry": { "type": "Point", "coordinates": [ 319013.923417244455777, 174779.483525094867218 ] } },
{ "type": "Feature", "properties": { "name": "", "site_type": "car_park", "suitability": 0.8, "traffic_volume": 0.0, "traffic_count_pts": 0, "traffic_demand_score": 0.0 }, "geometry": { "type": "Point", "coordinates": [ 317506.807073041796684, 177806.653859463753179 ] } },
{ "type": "Feature", "properties": { "name": "", "site_type": "car_park", "suitability": 0.8, "traffic_volume": 1638.0, "traffic_count_pts": 1, "traffic_demand_score": 0.0147 }, "geometry": { "type": "Point", "coordinates": [ 319028.447972732479684, 174851.76857868040679 ] } },
{ "type": "Feature", "properties": { "name": "", "site_type": "car_park", "suitability": 0.8, "traffic_volume": 0.0, "traffic_count_pts": 0, "traffic_demand_score": 0.0 }, "geometry": { "type": "Point", "coordinates": [ 319139.285414659883827, 174562.785698575375136 ] } },
{ "type": "Feature", "properties": { "name": "", "site_type": "car_park", "suitability": 0.8, "traffic_volume": 55583.0, "traffic_count_pts": 1, "traffic_demand_score": 0.5 }, "geometry": { "type": "Point", "coordinates": [ 316661.917871045006905, 174805.744456911168527 ] } },
{ "type": "Feature", "properties": { "name": "", "site_type": "car_park", "suitability": 0.8, "traffic_volume": 111166.0, "traffic_count_pts": 2, "traffic_demand_score": 1.0 }, "geometry": { "type": "Point", "coordinates": [ 316668.729294323129579, 174620.055707309104037 ] } },
{ "type": "Feature", "properties": { "name": "", "site_type": "car_park", "suitability": 0.8, "traffic_volume": 55583.0, "traffic_count_pts": 1, "traffic_demand_score": 0.5 }, "geometry": { "type": "Point", "coordinates": [ 316649.628868384403177, 174866.478176639240701 ] } },
{ "type": "Feature", "properties": { "name": "", "site_type": "car_park", "suitability": 0.8, "traffic_volume": 55583.0, "traffic_count_pts": 1, "traffic_demand_score": 0.5 }, "geometry": { "type": "Point", "coordinates": [ 316508.002289227559231, 174903.870620892150328 ] } },
{ "type": "Feature", "properties": { "name": "", "site_type": "car_park", "suitability": 0.8, "traffic_volume": 55583.0, "traffic_count_pts": 1, "traffic_demand_score": 0.5 }, "geometry": { "type": "Point", "coordinates": [ 316577.422561899875291, 174849.053901808627415 ] } },
{ "type": "Feature", "properties": { "name": "Ibis Hotel Parking", "site_type": "car_park", "suitability": 0.8, "traffic_volume": 0.0, "traffic_count_pts": 0, "traffic_demand_score": 0.0 }, "geometry": { "type": "Point", "coordinates": [ 321719.193038914643694, 182928.783663965470623 ] } },
{ "type": "Feature", "properties": { "name": "Welcome Break Services HGV Parking", "site_type": "car_park", "suitability": 0.8, "traffic_volume": 0.0, "traffic_count_pts": 0, "traffic_demand_score": 0.0 }, "geometry": { "type": "Point", "coordinates": [ 321760.375481867173221, 182790.816421499068383 ] } },
{ "type": "Feature", "properties": { "name": "", "site_type": "car_park", "suitability": 0.8, "traffic_volume": 0.0, "traffic_count_pts": 0, "traffic_demand_score": 0.0 }, "geometry": { "type": "Point", "coordinates": [ 309340.9706627058913, 179700.682292041834444 ] } },
{ "type": "Feature", "properties": { "name": "", "site_type": "car_park", "suitability": 0.8, "traffic_volume": 0.0, "traffic_count_pts": 0, "traffic_demand_score": 0.0 }, "geometry": { "type": "Point", "coordinates": [ 309325.061127276858315, 179646.234235398937017 ] } },
{ "type": "Feature", "properties": { "name": "", "site_type": "car_park", "suitability": 0.8, "traffic_volume": 0.0, "traffic_count_pts": 0, "traffic_demand_score": 0.0 }, "geometry": { "type": "Point", "coordinates": [ 321574.827032847329974, 182817.272944806900341 ] } },
{ "type": "Feature", "properties": { "name": "", "site_type": "car_park", "suitability": 0.8, "traffic_volume": 0.0, "traffic_count_pts": 0, "traffic_demand_score": 0.0 }, "geometry": { "type": "Point", "coordinates": [ 321655.425467672699597, 182768.288272706849966 ] } },
{ "type": "Feature", "properties": { "name": "", "site_type": "car_park", "suitability": 0.8, "traffic_volume": 0.0, "traffic_count_pts": 0, "traffic_demand_score": 0.0 }, "geometry": { "type": "Point", "coordinates": [ 321319.619640276301652, 181600.184729750966653 ] } },
{ "type": "Feature", "properties": { "name": "", "site_type": "car_park", "suitability": 0.8, "traffic_volume": 0.0, "traffic_count_pts": 0, "traffic_demand_score": 0.0 }, "geometry": { "type": "Point", "coordinates": [ 321279.872922090115026, 181691.540992332505994 ] } },
{ "type": "Feature", "properties": { "name": "", "site_type": "car_park", "suitability": 0.8, "traffic_volume": 0.0, "traffic_count_pts": 0, "traffic_demand_score": 0.0 }, "geometry": { "type": "Point", "coordinates": [ 321313.855982829234563, 181654.295764794340357 ] } },
{ "type": "Feature", "properties": { "name": "", "site_type": "car_park", "suitability": 0.8, "traffic_volume": 26105.0, "traffic_count_pts": 1, "traffic_demand_score": 0.2348 }, "geometry": { "type": "Point", "coordinates": [ 321575.603292856714688, 181712.246141201816499 ] } },
{ "type": "Feature", "properties": { "name": "", "site_type": "car_park", "suitability": 0.8, "traffic_volume": 0.0, "traffic_count_pts": 0, "traffic_demand_score": 0.0 }, "geometry": { "type": "Point", "coordinates": [ 318340.913377116434276, 180771.243297311360948 ] } },
{ "type": "Feature", "properties": { "name": "", "site_type": "car_park", "suitability": 0.8, "traffic_volume": 0.0, "traffic_count_pts": 0, "traffic_demand_score": 0.0 }, "geometry": { "type": "Point", "coordinates": [ 321020.908178908110131, 181060.276380304247141 ] } },
{ "type": "Feature", "properties": { "name": "", "site_type": "car_park", "suitability": 0.8, "traffic_volume": 0.0, "traffic_count_pts": 0, "traffic_demand_score": 0.0 }, "geometry": { "type": "Point", "coordinates": [ 321377.780046756379306, 181621.944776773278136 ] } },
{ "type": "Feature", "properties": { "name": "", "site_type": "car_park", "suitability": 0.8, "traffic_volume": 329.0, "traffic_count_pts": 1, "traffic_demand_score": 0.003 }, "geometry": { "type": "Point", "coordinates": [ 316281.566426311735995, 176304.468063354492188 ] } },
{ "type": "Feature", "properties": { "name": "", "site_type": "car_park", "suitability": 0.8, "traffic_volume": 77425.0, "traffic_count_pts": 2, "traffic_demand_score": 0.6965 }, "geometry": { "type": "Point", "coordinates": [ 312551.856466963887215, 182526.452172490360681 ] } },
{ "type": "Feature", "properties": { "name": "", "site_type": "car_park", "suitability": 0.8, "traffic_volume": 77425.0, "traffic_count_pts": 2, "traffic_demand_score": 0.6965 }, "geometry": { "type": "Point", "coordinates": [ 312750.06809863820672, 182553.322823368303943 ] } },
{ "type": "Feature", "properties": { "name": "", "site_type": "car_park", "suitability": 0.8, "traffic_volume": 25492.0, "traffic_count_pts": 1, "traffic_demand_score": 0.2293 }, "geometry": { "type": "Point", "coordinates": [ 314819.227943107951432, 181361.973630019638222 ] } },
{ "type": "Feature", "properties": { "name": "", "site_type": "car_park", "suitability": 0.8, "traffic_volume": 0.0, "traffic_count_pts": 0, "traffic_demand_score": 0.0 }, "geometry": { "type": "Point", "coordinates": [ 313590.362019313964993, 182951.166409941215534 ] } },
{ "type": "Feature", "properties": { "name": "", "site_type": "car_park", "suitability": 0.8, "traffic_volume": 0.0, "traffic_count_pts": 0, "traffic_demand_score": 0.0 }, "geometry": { "type": "Point", "coordinates": [ 314114.697667838423513, 181819.185940200753976 ] } },
{ "type": "Feature", "properties": { "name": "", "site_type": "car_park", "suitability": 0.8, "traffic_volume": 2903.0, "traffic_count_pts": 1, "traffic_demand_score": 0.0261 }, "geometry": { "type": "Point", "coordinates": [ 314083.935243132407777, 181883.000106695515569 ] } },
{ "type": "Feature", "properties": { "name": "", "site_type": "car_park", "suitability": 0.8, "traffic_volume": 2903.0, "traffic_count_pts": 1, "traffic_demand_score": 0.0261 }, "geometry": { "type": "Point", "coordinates": [ 314051.496662053803448, 181925.401067586557474 ] } },
{ "type": "Feature", "properties": { "name": "", "site_type": "car_park", "suitability": 0.8, "traffic_volume": 0.0, "traffic_count_pts": 0, "traffic_demand_score": 0.0 }, "geometry": { "type": "Point", "coordinates": [ 314232.213741266692523, 181857.842500053346157 ] } },
{ "type": "Feature", "properties": { "name": "", "site_type": "car_park", "suitability": 0.8, "traffic_volume": 0.0, "traffic_count_pts": 0, "traffic_demand_score": 0.0 }, "geometry": { "type": "Point", "coordinates": [ 314153.00859887333354, 181900.471390701888595 ] } },
{ "type": "Feature", "properties": { "name": "", "site_type": "car_park", "suitability": 0.8, "traffic_volume": 2903.0, "traffic_count_pts": 1, "traffic_demand_score": 0.0261 }, "geometry": { "type": "Point", "coordinates": [ 313993.914435790444259, 181887.447279920394067 ] } },
{ "type": "Feature", "properties": { "name": "", "site_type": "car_park", "suitability": 0.8, "traffic_volume": 0.0, "traffic_count_pts": 0, "traffic_demand_score": 0.0 }, "geometry": { "type": "Point", "coordinates": [ 312013.385048564581666, 183298.538769803068135 ] } },
{ "type": "Feature", "properties": { "name": "", "site_type": "car_park", "suitability": 0.8, "traffic_volume": 77425.0, "traffic_count_pts": 2, "traffic_demand_score": 0.6965 }, "geometry": { "type": "Point", "coordinates": [ 312561.459990071947686, 182766.432705226179678 ] } },
{ "type": "Feature", "properties": { "name": "", "site_type": "car_park", "suitability": 0.8, "traffic_volume": 77425.0, "traffic_count_pts": 2, "traffic_demand_score": 0.6965 }, "geometry": { "type": "Point", "coordinates": [ 312513.211469956615474, 182850.887076268321835 ] } },
{ "type": "Feature", "properties": { "name": "", "site_type": "car_park", "suitability": 0.8, "traffic_volume": 77425.0, "traffic_count_pts": 2, "traffic_demand_score": 0.6965 }, "geometry": { "type": "Point", "coordinates": [ 312603.127549175696913, 182671.744847036083229 ] } },
{ "type": "Feature", "properties": { "name": "", "site_type": "car_park", "suitability": 0.8, "traffic_volume": 77425.0, "traffic_count_pts": 2, "traffic_demand_score": 0.6965 }, "geometry": { "type": "Point", "coordinates": [ 312320.047159479989205, 182978.988007561245468 ] } },
{ "type": "Feature", "properties": { "name": "", "site_type": "car_park", "suitability": 0.8, "traffic_volume": 77425.0, "traffic_count_pts": 2, "traffic_demand_score": 0.6965 }, "geometry": { "type": "Point", "coordinates": [ 312361.791836386313662, 183025.309345855319407 ] } },
{ "type": "Feature", "properties": { "name": "", "site_type": "car_park", "suitability": 0.8, "traffic_volume": 77425.0, "traffic_count_pts": 2, "traffic_demand_score": 0.6965 }, "geometry": { "type": "Point", "coordinates": [ 312361.83341555116931, 182939.920326474006288 ] } },
{ "type": "Feature", "properties": { "name": "", "site_type": "car_park", "suitability": 0.8, "traffic_volume": 77425.0, "traffic_count_pts": 2, "traffic_demand_score": 0.6965 }, "geometry": { "type": "Point", "coordinates": [ 312605.264015608059708, 182508.494909551925957 ] } },
{ "type": "Feature", "properties": { "name": "", "site_type": "car_park", "suitability": 0.8, "traffic_volume": 77425.0, "traffic_count_pts": 2, "traffic_demand_score": 0.6965 }, "geometry": { "type": "Point", "coordinates": [ 312618.990895655471832, 182454.142978970718104 ] } },
{ "type": "Feature", "properties": { "name": "", "site_type": "car_park", "suitability": 0.8, "traffic_volume": 77425.0, "traffic_count_pts": 2, "traffic_demand_score": 0.6965 }, "geometry": { "type": "Point", "coordinates": [ 312641.6347045408329, 182385.856385549472179 ] } },
{ "type": "Feature", "properties": { "name": "", "site_type": "car_park", "suitability": 0.8, "traffic_volume": 0.0, "traffic_count_pts": 0, "traffic_demand_score": 0.0 }, "geometry": { "type": "Point", "coordinates": [ 309323.37438543519238, 183163.983429601590615 ] } },
{ "type": "Feature", "properties": { "name": "", "site_type": "car_park", "suitability": 0.8, "traffic_volume": 18217.0, "traffic_count_pts": 1, "traffic_demand_score": 0.1639 }, "geometry": { "type": "Point", "coordinates": [ 318561.030774946033489, 177060.386613111477345 ] } },
{ "type": "Feature", "properties": { "name": "", "site_type": "car_park", "suitability": 0.8, "traffic_volume": 0.0, "traffic_count_pts": 0, "traffic_demand_score": 0.0 }, "geometry": { "type": "Point", "coordinates": [ 314293.346626907936297, 181910.554199610138312 ] } },
{ "type": "Feature", "properties": { "name": "", "site_type": "car_park", "suitability": 0.8, "traffic_volume": 74985.0, "traffic_count_pts": 1, "traffic_demand_score": 0.6745 }, "geometry": { "type": "Point", "coordinates": [ 312897.337661385419779, 181824.169471228320617 ] } },
{ "type": "Feature", "properties": { "name": "", "site_type": "car_park", "suitability": 0.8, "traffic_volume": 0.0, "traffic_count_pts": 0, "traffic_demand_score": 0.0 }, "geometry": { "type": "Point", "coordinates": [ 317569.107125458773226, 184352.731997078924906 ] } },
{ "type": "Feature", "properties": { "name": "", "site_type": "car_park", "suitability": 0.8, "traffic_volume": 0.0, "traffic_count_pts": 0, "traffic_demand_score": 0.0 }, "geometry": { "type": "Point", "coordinates": [ 317663.98006697720848, 181472.191708124009892 ] } },
{ "type": "Feature", "properties": { "name": "", "site_type": "car_park", "suitability": 0.8, "traffic_volume": 0.0, "traffic_count_pts": 0, "traffic_demand_score": 0.0 }, "geometry": { "type": "Point", "coordinates": [ 316625.404077702143695, 176200.794886913034134 ] } },
{ "type": "Feature", "properties": { "name": "", "site_type": "car_park", "suitability": 0.8, "traffic_volume": 27184.0, "traffic_count_pts": 1, "traffic_demand_score": 0.2445 }, "geometry": { "type": "Point", "coordinates": [ 317224.175169284280855, 178404.88347848772537 ] } },
{ "type": "Feature", "properties": { "name": "", "site_type": "car_park", "suitability": 0.8, "traffic_volume": 66257.0, "traffic_count_pts": 3, "traffic_demand_score": 0.596 }, "geometry": { "type": "Point", "coordinates": [ 319414.694073218910489, 174979.887485348852351 ] } },
{ "type": "Feature", "properties": { "name": "", "site_type": "car_park", "suitability": 0.8, "traffic_volume": 12767.0, "traffic_count_pts": 1, "traffic_demand_score": 0.1148 }, "geometry": { "type": "Point", "coordinates": [ 317262.590856702357996, 176412.800467371125706 ] } },
{ "type": "Feature", "properties": { "name": "", "site_type": "car_park", "suitability": 0.8, "traffic_volume": 0.0, "traffic_count_pts": 0, "traffic_demand_score": 0.0 }, "geometry": { "type": "Point", "coordinates": [ 317400.675691492098849, 178125.630130494537298 ] } },
{ "type": "Feature", "properties": { "name": "", "site_type": "car_park", "suitability": 0.8, "traffic_volume": 15222.0, "traffic_count_pts": 1, "traffic_demand_score": 0.1369 }, "geometry": { "type": "Point", "coordinates": [ 317826.891563495795708, 177947.071418916922994 ] } },
{ "type": "Feature", "properties": { "name": "", "site_type": "car_park", "suitability": 0.8, "traffic_volume": 19875.0, "traffic_count_pts": 1, "traffic_demand_score": 0.1788 }, "geometry": { "type": "Point", "coordinates": [ 319866.028813150012866, 175468.237672196701169 ] } },
{ "type": "Feature", "properties": { "name": "", "site_type": "car_park", "suitability": 0.8, "traffic_volume": 2903.0, "traffic_count_pts": 1, "traffic_demand_score": 0.0261 }, "geometry": { "type": "Point", "coordinates": [ 313949.01937615883071, 181804.325538470351603 ] } },
{ "type": "Feature", "properties": { "name": "", "site_type": "car_park", "suitability": 0.8, "traffic_volume": 0.0, "traffic_count_pts": 0, "traffic_demand_score": 0.0 }, "geometry": { "type": "Point", "coordinates": [ 320386.228116108570248, 177174.348310223198496 ] } },
{ "type": "Feature", "properties": { "name": "", "site_type": "car_park", "suitability": 0.8, "traffic_volume": 19614.0, "traffic_count_pts": 1, "traffic_demand_score": 0.1764 }, "geometry": { "type": "Point", "coordinates": [ 315190.746418087393977, 176702.265841398620978 ] } },
{ "type": "Feature", "properties": { "name": "", "site_type": "car_park", "suitability": 0.8, "traffic_volume": 0.0, "traffic_count_pts": 0, "traffic_demand_score": 0.0 }, "geometry": { "type": "Point", "coordinates": [ 316667.387688298185822, 176279.522845056315418 ] } },
{ "type": "Feature", "properties": { "name": "", "site_type": "car_park", "suitability": 0.8, "traffic_volume": 9443.0, "traffic_count_pts": 1, "traffic_demand_score": 0.0849 }, "geometry": { "type": "Point", "coordinates": [ 316610.454452422156464, 176502.912503954314161 ] } },
{ "type": "Feature", "properties": { "name": "", "site_type": "car_park", "suitability": 0.8, "traffic_volume": 0.0, "traffic_count_pts": 0, "traffic_demand_score": 0.0 }, "geometry": { "type": "Point", "coordinates": [ 317130.577361674339045, 176919.302054188912734 ] } },
{ "type": "Feature", "properties": { "name": "", "site_type": "car_park", "suitability": 0.8, "traffic_volume": 28197.0, "traffic_count_pts": 2, "traffic_demand_score": 0.2536 }, "geometry": { "type": "Point", "coordinates": [ 317741.399570262699854, 176250.980853657412808 ] } },
{ "type": "Feature", "properties": { "name": "", "site_type": "car_park", "suitability": 0.8, "traffic_volume": 12767.0, "traffic_count_pts": 1, "traffic_demand_score": 0.1148 }, "geometry": { "type": "Point", "coordinates": [ 317201.29373223730363, 175995.960826493974309 ] } },
{ "type": "Feature", "properties": { "name": "", "site_type": "car_park", "suitability": 0.8, "traffic_volume": 0.0, "traffic_count_pts": 0, "traffic_demand_score": 0.0 }, "geometry": { "type": "Point", "coordinates": [ 318127.133688045258168, 177539.846057578106411 ] } },
{ "type": "Feature", "properties": { "name": "", "site_type": "car_park", "suitability": 0.8, "traffic_volume": 0.0, "traffic_count_pts": 0, "traffic_demand_score": 0.0 }, "geometry": { "type": "Point", "coordinates": [ 317337.542235326196533, 181155.225147798773833 ] } },
{ "type": "Feature", "properties": { "name": "", "site_type": "car_park", "suitability": 0.8, "traffic_volume": 0.0, "traffic_count_pts": 0, "traffic_demand_score": 0.0 }, "geometry": { "type": "Point", "coordinates": [ 317252.174937894451432, 181160.627894912438933 ] } },
{ "type": "Feature", "properties": { "name": "", "site_type": "car_park", "suitability": 0.8, "traffic_volume": 0.0, "traffic_count_pts": 0, "traffic_demand_score": 0.0 }, "geometry": { "type": "Point", "coordinates": [ 317410.681972490740009, 181077.752724287216552 ] } },
{ "type": "Feature", "properties": { "name": "Llanishen Court Surgery Car Park", "site_type": "car_park", "suitability": 0.8, "traffic_volume": 0.0, "traffic_count_pts": 0, "traffic_demand_score": 0.0 }, "geometry": { "type": "Point", "coordinates": [ 317674.944101608241908, 181755.783799672266468 ] } },
{ "type": "Feature", "properties": { "name": "Church Inn Customer Car Park", "site_type": "car_park", "suitability": 0.8, "traffic_volume": 0.0, "traffic_count_pts": 0, "traffic_demand_score": 0.0 }, "geometry": { "type": "Point", "coordinates": [ 317572.983079037454445, 181766.98331770679215 ] } },
{ "type": "Feature", "properties": { "name": "St Isan Church Hall Car Park", "site_type": "car_park", "suitability": 0.8, "traffic_volume": 0.0, "traffic_count_pts": 0, "traffic_demand_score": 0.0 }, "geometry": { "type": "Point", "coordinates": [ 317624.3282266468741, 181885.552878193906508 ] } },
{ "type": "Feature", "properties": { "name": "Heol Hir Car Park", "site_type": "car_park", "suitability": 0.8, "traffic_volume": 0.0, "traffic_count_pts": 0, "traffic_demand_score": 0.0 }, "geometry": { "type": "Point", "coordinates": [ 317648.580362505221274, 181929.818028915673494 ] } },
{ "type": "Feature", "properties": { "name": "", "site_type": "car_park", "suitability": 0.8, "traffic_volume": 19129.0, "traffic_count_pts": 1, "traffic_demand_score": 0.1721 }, "geometry": { "type": "Point", "coordinates": [ 317874.239255442575086, 181719.261980897921603 ] } },
{ "type": "Feature", "properties": { "name": "", "site_type": "car_park", "suitability": 0.8, "traffic_volume": 19129.0, "traffic_count_pts": 1, "traffic_demand_score": 0.1721 }, "geometry": { "type": "Point", "coordinates": [ 317912.128166643553413, 181668.723257775243837 ] } },
{ "type": "Feature", "properties": { "name": "", "site_type": "car_park", "suitability": 0.8, "traffic_volume": 19129.0, "traffic_count_pts": 1, "traffic_demand_score": 0.1721 }, "geometry": { "type": "Point", "coordinates": [ 317722.302725117420778, 181730.850088283070363 ] } },
{ "type": "Feature", "properties": { "name": "McDonalds Customer Car Park", "site_type": "car_park", "suitability": 0.8, "traffic_volume": 0.0, "traffic_count_pts": 0, "traffic_demand_score": 0.0 }, "geometry": { "type": "Point", "coordinates": [ 317564.245504348713439, 181531.445162892574444 ] } },
{ "type": "Feature", "properties": { "name": "", "site_type": "car_park", "suitability": 0.8, "traffic_volume": 27184.0, "traffic_count_pts": 1, "traffic_demand_score": 0.2445 }, "geometry": { "type": "Point", "coordinates": [ 316978.959792814275716, 178837.416164825961459 ] } },
{ "type": "Feature", "properties": { "name": "", "site_type": "car_park", "suitability": 0.8, "traffic_volume": 0.0, "traffic_count_pts": 0, "traffic_demand_score": 0.0 }, "geometry": { "type": "Point", "coordinates": [ 319116.777187205036171, 183067.316290765884332 ] } },
{ "type": "Feature", "properties": { "name": "", "site_type": "car_park", "suitability": 0.8, "traffic_volume": 0.0, "traffic_count_pts": 0, "traffic_demand_score": 0.0 }, "geometry": { "type": "Point", "coordinates": [ 318951.734375234460458, 180151.421124609943945 ] } },
{ "type": "Feature", "properties": { "name": "", "site_type": "car_park", "suitability": 0.8, "traffic_volume": 0.0, "traffic_count_pts": 0, "traffic_demand_score": 0.0 }, "geometry": { "type": "Point", "coordinates": [ 322975.850286931963637, 180344.254538793931715 ] } },
{ "type": "Feature", "properties": { "name": "", "site_type": "car_park", "suitability": 0.8, "traffic_volume": 31993.0, "traffic_count_pts": 2, "traffic_demand_score": 0.2878 }, "geometry": { "type": "Point", "coordinates": [ 314506.765981949516572, 181043.85619928559754 ] } },
{ "type": "Feature", "properties": { "name": "", "site_type": "car_park", "suitability": 0.8, "traffic_volume": 77888.0, "traffic_count_pts": 2, "traffic_demand_score": 0.7006 }, "geometry": { "type": "Point", "coordinates": [ 313272.725453145918436, 182250.472050139389466 ] } },
{ "type": "Feature", "properties": { "name": "", "site_type": "car_park", "suitability": 0.8, "traffic_volume": 0.0, "traffic_count_pts": 0, "traffic_demand_score": 0.0 }, "geometry": { "type": "Point", "coordinates": [ 322306.320834746351466, 179428.635863410774618 ] } },
{ "type": "Feature", "properties": { "name": "", "site_type": "car_park", "suitability": 0.8, "traffic_volume": 0.0, "traffic_count_pts": 0, "traffic_demand_score": 0.0 }, "geometry": { "type": "Point", "coordinates": [ 314035.690355120226741, 176288.724143971398007 ] } },
{ "type": "Feature", "properties": { "name": "", "site_type": "car_park", "suitability": 0.8, "traffic_volume": 0.0, "traffic_count_pts": 0, "traffic_demand_score": 0.0 }, "geometry": { "type": "Point", "coordinates": [ 314117.993856970395427, 176397.699228457000572 ] } },
{ "type": "Feature", "properties": { "name": "", "site_type": "car_park", "suitability": 0.8, "traffic_volume": 0.0, "traffic_count_pts": 0, "traffic_demand_score": 0.0 }, "geometry": { "type": "Point", "coordinates": [ 322453.606611624360085, 180950.577125140058342 ] } },
{ "type": "Feature", "properties": { "name": "", "site_type": "car_park", "suitability": 0.8, "traffic_volume": 6771.0, "traffic_count_pts": 1, "traffic_demand_score": 0.0609 }, "geometry": { "type": "Point", "coordinates": [ 314412.595546263852157, 180181.702346815087367 ] } },
{ "type": "Feature", "properties": { "name": "", "site_type": "car_park", "suitability": 0.8, "traffic_volume": 0.0, "traffic_count_pts": 0, "traffic_demand_score": 0.0 }, "geometry": { "type": "Point", "coordinates": [ 313981.572314011864364, 179875.35548066109186 ] } },
{ "type": "Feature", "properties": { "name": "", "site_type": "car_park", "suitability": 0.8, "traffic_volume": 0.0, "traffic_count_pts": 0, "traffic_demand_score": 0.0 }, "geometry": { "type": "Point", "coordinates": [ 313822.99241255299421, 179797.922252678719815 ] } },
{ "type": "Feature", "properties": { "name": "", "site_type": "car_park", "suitability": 0.8, "traffic_volume": 0.0, "traffic_count_pts": 0, "traffic_demand_score": 0.0 }, "geometry": { "type": "Point", "coordinates": [ 313763.42620804393664, 179779.617340038123075 ] } },
{ "type": "Feature", "properties": { "name": "", "site_type": "car_park", "suitability": 0.8, "traffic_volume": 0.0, "traffic_count_pts": 0, "traffic_demand_score": 0.0 }, "geometry": { "type": "Point", "coordinates": [ 313785.960938276082743, 179846.885383134882431 ] } },
{ "type": "Feature", "properties": { "name": "", "site_type": "car_park", "suitability": 0.8, "traffic_volume": 0.0, "traffic_count_pts": 0, "traffic_demand_score": 0.0 }, "geometry": { "type": "Point", "coordinates": [ 313768.390574837336317, 179912.777814644854516 ] } },
{ "type": "Feature", "properties": { "name": "", "site_type": "car_park", "suitability": 0.8, "traffic_volume": 0.0, "traffic_count_pts": 0, "traffic_demand_score": 0.0 }, "geometry": { "type": "Point", "coordinates": [ 313824.239329236268532, 179938.863328097329941 ] } },
{ "type": "Feature", "properties": { "name": "", "site_type": "car_park", "suitability": 0.8, "traffic_volume": 0.0, "traffic_count_pts": 0, "traffic_demand_score": 0.0 }, "geometry": { "type": "Point", "coordinates": [ 313873.306788883870468, 179906.115985123906285 ] } },
{ "type": "Feature", "properties": { "name": "", "site_type": "car_park", "suitability": 0.8, "traffic_volume": 0.0, "traffic_count_pts": 0, "traffic_demand_score": 0.0 }, "geometry": { "type": "Point", "coordinates": [ 313917.994682072487194, 179850.969512839510571 ] } },
{ "type": "Feature", "properties": { "name": "", "site_type": "car_park", "suitability": 0.8, "traffic_volume": 0.0, "traffic_count_pts": 0, "traffic_demand_score": 0.0 }, "geometry": { "type": "Point", "coordinates": [ 313664.338579942530487, 180014.123896552599035 ] } },
{ "type": "Feature", "properties": { "name": "", "site_type": "car_park", "suitability": 0.8, "traffic_volume": 0.0, "traffic_count_pts": 0, "traffic_demand_score": 0.0 }, "geometry": { "type": "Point", "coordinates": [ 313662.215866381593514, 180119.640237815154251 ] } },
{ "type": "Feature", "properties": { "name": "", "site_type": "car_park", "suitability": 0.8, "traffic_volume": 0.0, "traffic_count_pts": 0, "traffic_demand_score": 0.0 }, "geometry": { "type": "Point", "coordinates": [ 323638.270838681142777, 181096.450818970566615 ] } },
{ "type": "Feature", "properties": { "name": "", "site_type": "car_park", "suitability": 0.8, "traffic_volume": 0.0, "traffic_count_pts": 0, "traffic_demand_score": 0.0 }, "geometry": { "type": "Point", "coordinates": [ 313013.74705960508436, 178098.775818936526775 ] } },
{ "type": "Feature", "properties": { "name": "", "site_type": "car_park", "suitability": 0.8, "traffic_volume": 15222.0, "traffic_count_pts": 1, "traffic_demand_score": 0.1369 }, "geometry": { "type": "Point", "coordinates": [ 317777.972797108232044, 177844.956764258793555 ] } },
{ "type": "Feature", "properties": { "name": "", "site_type": "car_park", "suitability": 0.8, "traffic_volume": 55583.0, "traffic_count_pts": 1, "traffic_demand_score": 0.5 }, "geometry": { "type": "Point", "coordinates": [ 316689.629523514071479, 174726.21317648771219 ] } },
{ "type": "Feature", "properties": { "name": "", "site_type": "car_park", "suitability": 0.8, "traffic_volume": 0.0, "traffic_count_pts": 0, "traffic_demand_score": 0.0 }, "geometry": { "type": "Point", "coordinates": [ 316909.022773647797294, 174698.232123322261032 ] } },
{ "type": "Feature", "properties": { "name": "", "site_type": "car_park", "suitability": 0.8, "traffic_volume": 0.0, "traffic_count_pts": 0, "traffic_demand_score": 0.0 }, "geometry": { "type": "Point", "coordinates": [ 319148.946134356199764, 178699.74636475922307 ] } },
{ "type": "Feature", "properties": { "name": "", "site_type": "car_park", "suitability": 0.8, "traffic_volume": 0.0, "traffic_count_pts": 0, "traffic_demand_score": 0.0 }, "geometry": { "type": "Point", "coordinates": [ 320645.742348398256581, 176509.615741201734636 ] } },
{ "type": "Feature", "properties": { "name": "", "site_type": "car_park", "suitability": 0.8, "traffic_volume": 29576.0, "traffic_count_pts": 1, "traffic_demand_score": 0.2661 }, "geometry": { "type": "Point", "coordinates": [ 319574.701041980762966, 176110.572801759815775 ] } },
{ "type": "Feature", "properties": { "name": "", "site_type": "car_park", "suitability": 0.8, "traffic_volume": 0.0, "traffic_count_pts": 0, "traffic_demand_score": 0.0 }, "geometry": { "type": "Point", "coordinates": [ 316211.527840427763294, 182709.008131205744576 ] } },
{ "type": "Feature", "properties": { "name": "", "site_type": "car_park", "suitability": 0.8, "traffic_volume": 0.0, "traffic_count_pts": 0, "traffic_demand_score": 0.0 }, "geometry": { "type": "Point", "coordinates": [ 316119.763988611171953, 182828.821714978141245 ] } },
{ "type": "Feature", "properties": { "name": "Clarence Mews Resident Parking", "site_type": "car_park", "suitability": 0.8, "traffic_volume": 46857.0, "traffic_count_pts": 1, "traffic_demand_score": 0.4215 }, "geometry": { "type": "Point", "coordinates": [ 318469.306499860074837, 174399.38874482101528 ] } },
{ "type": "Feature", "properties": { "name": "", "site_type": "car_park", "suitability": 0.8, "traffic_volume": 46857.0, "traffic_count_pts": 1, "traffic_demand_score": 0.4215 }, "geometry": { "type": "Point", "coordinates": [ 318552.671711250266526, 174370.46092553291237 ] } },
{ "type": "Feature", "properties": { "name": "St Cuthberts Court Resident Parking", "site_type": "car_park", "suitability": 0.8, "traffic_volume": 0.0, "traffic_count_pts": 0, "traffic_demand_score": 0.0 }, "geometry": { "type": "Point", "coordinates": [ 318612.190382848028094, 174544.315091199940071 ] } },
{ "type": "Feature", "properties": { "name": "", "site_type": "car_park", "suitability": 0.8, "traffic_volume": 46857.0, "traffic_count_pts": 1, "traffic_demand_score": 0.4215 }, "geometry": { "type": "Point", "coordinates": [ 318726.199533206177875, 174466.004487035330385 ] } },
{ "type": "Feature", "properties": { "name": "", "site_type": "car_park", "suitability": 0.8, "traffic_volume": 46857.0, "traffic_count_pts": 1, "traffic_demand_score": 0.4215 }, "geometry": { "type": "Point", "coordinates": [ 318742.321006682235748, 174396.089160448347684 ] } },
{ "type": "Feature", "properties": { "name": "", "site_type": "car_park", "suitability": 0.8, "traffic_volume": 46857.0, "traffic_count_pts": 1, "traffic_demand_score": 0.4215 }, "geometry": { "type": "Point", "coordinates": [ 318672.795012329588644, 174371.429404461756349 ] } },
{ "type": "Feature", "properties": { "name": "", "site_type": "car_park", "suitability": 0.8, "traffic_volume": 0.0, "traffic_count_pts": 0, "traffic_demand_score": 0.0 }, "geometry": { "type": "Point", "coordinates": [ 318753.917850292869844, 174560.894525162118953 ] } },
{ "type": "Feature", "properties": { "name": "", "site_type": "car_park", "suitability": 0.8, "traffic_volume": 0.0, "traffic_count_pts": 0, "traffic_demand_score": 0.0 }, "geometry": { "type": "Point", "coordinates": [ 318719.945322666317225, 174610.489464445097838 ] } },
{ "type": "Feature", "properties": { "name": "", "site_type": "car_park", "suitability": 0.8, "traffic_volume": 1638.0, "traffic_count_pts": 1, "traffic_demand_score": 0.0147 }, "geometry": { "type": "Point", "coordinates": [ 318629.753937944886275, 175035.508985266613308 ] } },
{ "type": "Feature", "properties": { "name": "", "site_type": "car_park", "suitability": 0.8, "traffic_volume": 45051.0, "traffic_count_pts": 4, "traffic_demand_score": 0.4053 }, "geometry": { "type": "Point", "coordinates": [ 318609.333238513965625, 175470.624235804774798 ] } },
{ "type": "Feature", "properties": { "name": "", "site_type": "car_park", "suitability": 0.8, "traffic_volume": 12189.0, "traffic_count_pts": 2, "traffic_demand_score": 0.1096 }, "geometry": { "type": "Point", "coordinates": [ 318772.702042522607371, 175339.94730643928051 ] } },
{ "type": "Feature", "properties": { "name": "", "site_type": "car_park", "suitability": 0.8, "traffic_volume": 1638.0, "traffic_count_pts": 1, "traffic_demand_score": 0.0147 }, "geometry": { "type": "Point", "coordinates": [ 318824.021986671083141, 175272.294563485949766 ] } },
{ "type": "Feature", "properties": { "name": "", "site_type": "car_park", "suitability": 0.8, "traffic_volume": 1638.0, "traffic_count_pts": 1, "traffic_demand_score": 0.0147 }, "geometry": { "type": "Point", "coordinates": [ 318789.887373040604871, 175192.735089506604709 ] } },
{ "type": "Feature", "properties": { "name": "", "site_type": "car_park", "suitability": 0.8, "traffic_volume": 1638.0, "traffic_count_pts": 1, "traffic_demand_score": 0.0147 }, "geometry": { "type": "Point", "coordinates": [ 318764.593155215494335, 175241.54929788899608 ] } },
{ "type": "Feature", "properties": { "name": "", "site_type": "car_park", "suitability": 0.8, "traffic_volume": 35615.0, "traffic_count_pts": 4, "traffic_demand_score": 0.3204 }, "geometry": { "type": "Point", "coordinates": [ 318572.823757803533226, 175339.813419652287848 ] } },
{ "type": "Feature", "properties": { "name": "", "site_type": "car_park", "suitability": 0.8, "traffic_volume": 50351.0, "traffic_count_pts": 5, "traffic_demand_score": 0.4529 }, "geometry": { "type": "Point", "coordinates": [ 318654.436291659367271, 175690.42949092737399 ] } },
{ "type": "Feature", "properties": { "name": "", "site_type": "car_park", "suitability": 0.8, "traffic_volume": 63916.0, "traffic_count_pts": 6, "traffic_demand_score": 0.575 }, "geometry": { "type": "Point", "coordinates": [ 318649.437979370646644, 175615.423619363515172 ] } },
{ "type": "Feature", "properties": { "name": "", "site_type": "car_park", "suitability": 0.8, "traffic_volume": 1638.0, "traffic_count_pts": 1, "traffic_demand_score": 0.0147 }, "geometry": { "type": "Point", "coordinates": [ 318840.963098225940485, 175097.104560514329933 ] } },
{ "type": "Feature", "properties": { "name": "", "site_type": "car_park", "suitability": 0.8, "traffic_volume": 1638.0, "traffic_count_pts": 1, "traffic_demand_score": 0.0147 }, "geometry": { "type": "Point", "coordinates": [ 318890.649721455061808, 175073.729638123710174 ] } },
{ "type": "Feature", "properties": { "name": "", "site_type": "car_park", "suitability": 0.8, "traffic_volume": 1638.0, "traffic_count_pts": 1, "traffic_demand_score": 0.0147 }, "geometry": { "type": "Point", "coordinates": [ 318930.358246266259812, 175104.798846797435544 ] } },
{ "type": "Feature", "properties": { "name": "", "site_type": "car_park", "suitability": 0.8, "traffic_volume": 1638.0, "traffic_count_pts": 1, "traffic_demand_score": 0.0147 }, "geometry": { "type": "Point", "coordinates": [ 318713.038208385114558, 175234.400059572944883 ] } },
{ "type": "Feature", "properties": { "name": "", "site_type": "car_park", "suitability": 0.8, "traffic_volume": 1638.0, "traffic_count_pts": 1, "traffic_demand_score": 0.0147 }, "geometry": { "type": "Point", "coordinates": [ 319053.777387703768909, 175160.574391973321326 ] } },
{ "type": "Feature", "properties": { "name": "PDSA Cardiff Visitor Parking", "site_type": "car_park", "suitability": 0.8, "traffic_volume": 19875.0, "traffic_count_pts": 1, "traffic_demand_score": 0.1788 }, "geometry": { "type": "Point", "coordinates": [ 319920.658393265563063, 175430.288603893131949 ] } },
{ "type": "Feature", "properties": { "name": "", "site_type": "car_park", "suitability": 0.8, "traffic_volume": 31789.0, "traffic_count_pts": 2, "traffic_demand_score": 0.286 }, "geometry": { "type": "Point", "coordinates": [ 316284.475739364977926, 176943.144673382572364 ] } },
{ "type": "Feature", "properties": { "name": "", "site_type": "car_park", "suitability": 0.8, "traffic_volume": 9443.0, "traffic_count_pts": 1, "traffic_demand_score": 0.0849 }, "geometry": { "type": "Point", "coordinates": [ 316339.818895743577741, 176928.609392839251086 ] } },
{ "type": "Feature", "properties": { "name": "Peak Physique Customer Parking", "site_type": "car_park", "suitability": 0.8, "traffic_volume": 28923.0, "traffic_count_pts": 1, "traffic_demand_score": 0.2602 }, "geometry": { "type": "Point", "coordinates": [ 321067.921669946052134, 178333.272503235959448 ] } },
{ "type": "Feature", "properties": { "name": "", "site_type": "car_park", "suitability": 0.8, "traffic_volume": 19614.0, "traffic_count_pts": 1, "traffic_demand_score": 0.1764 }, "geometry": { "type": "Point", "coordinates": [ 314865.501637075445615, 176899.830868167744484 ] } },
{ "type": "Feature", "properties": { "name": "", "site_type": "car_park", "suitability": 0.8, "traffic_volume": 19614.0, "traffic_count_pts": 1, "traffic_demand_score": 0.1764 }, "geometry": { "type": "Point", "coordinates": [ 315146.659295739023946, 176576.692244710342493 ] } },
{ "type": "Feature", "properties": { "name": "", "site_type": "car_park", "suitability": 0.8, "traffic_volume": 19614.0, "traffic_count_pts": 1, "traffic_demand_score": 0.1764 }, "geometry": { "type": "Point", "coordinates": [ 315029.013785453746095, 176637.794609368313104 ] } },
{ "type": "Feature", "properties": { "name": "", "site_type": "car_park", "suitability": 0.8, "traffic_volume": 19614.0, "traffic_count_pts": 1, "traffic_demand_score": 0.1764 }, "geometry": { "type": "Point", "coordinates": [ 315086.019327799847815, 176584.744763347203843 ] } },
{ "type": "Feature", "properties": { "name": "", "site_type": "car_park", "suitability": 0.8, "traffic_volume": 19614.0, "traffic_count_pts": 1, "traffic_demand_score": 0.1764 }, "geometry": { "type": "Point", "coordinates": [ 315065.878427995310631, 176532.546117738587782 ] } },
{ "type": "Feature", "properties": { "name": "", "site_type": "car_park", "suitability": 0.8, "traffic_volume": 19614.0, "traffic_count_pts": 1, "traffic_demand_score": 0.1764 }, "geometry": { "type": "Point", "coordinates": [ 315018.924279811151791, 176577.141836949624121 ] } },
{ "type": "Feature", "properties": { "name": "", "site_type": "car_park", "suitability": 0.8, "traffic_volume": 19614.0, "traffic_count_pts": 1, "traffic_demand_score": 0.1764 }, "geometry": { "type": "Point", "coordinates": [ 315092.053606447123457, 176653.047047988744453 ] } },
{ "type": "Feature", "properties": { "name": "", "site_type": "car_park", "suitability": 0.8, "traffic_volume": 19614.0, "traffic_count_pts": 1, "traffic_demand_score": 0.1764 }, "geometry": { "type": "Point", "coordinates": [ 315218.557802202587482, 176576.923787025152706 ] } },
{ "type": "Feature", "properties": { "name": "", "site_type": "car_park", "suitability": 0.8, "traffic_volume": 19614.0, "traffic_count_pts": 1, "traffic_demand_score": 0.1764 }, "geometry": { "type": "Point", "coordinates": [ 315264.073847896710504, 176493.84717531100614 ] } },
{ "type": "Feature", "properties": { "name": "", "site_type": "car_park", "suitability": 0.8, "traffic_volume": 0.0, "traffic_count_pts": 0, "traffic_demand_score": 0.0 }, "geometry": { "type": "Point", "coordinates": [ 315216.622196515789255, 176429.450650424289051 ] } },
{ "type": "Feature", "properties": { "name": "", "site_type": "car_park", "suitability": 0.8, "traffic_volume": 19614.0, "traffic_count_pts": 1, "traffic_demand_score": 0.1764 }, "geometry": { "type": "Point", "coordinates": [ 315213.123221332556568, 176511.789408277254552 ] } },
{ "type": "Feature", "properties": { "name": "", "site_type": "car_park", "suitability": 0.8, "traffic_volume": 19614.0, "traffic_count_pts": 1, "traffic_demand_score": 0.1764 }, "geometry": { "type": "Point", "coordinates": [ 315165.241145683161449, 176462.165360499464441 ] } },
{ "type": "Feature", "properties": { "name": "", "site_type": "car_park", "suitability": 0.8, "traffic_volume": 0.0, "traffic_count_pts": 0, "traffic_demand_score": 0.0 }, "geometry": { "type": "Point", "coordinates": [ 315290.470771992695518, 176448.025868125725538 ] } },
{ "type": "Feature", "properties": { "name": "", "site_type": "car_park", "suitability": 0.8, "traffic_volume": 19614.0, "traffic_count_pts": 1, "traffic_demand_score": 0.1764 }, "geometry": { "type": "Point", "coordinates": [ 315279.124751753173769, 176544.832387371978257 ] } },
{ "type": "Feature", "properties": { "name": "", "site_type": "car_park", "suitability": 0.8, "traffic_volume": 19614.0, "traffic_count_pts": 1, "traffic_demand_score": 0.1764 }, "geometry": { "type": "Point", "coordinates": [ 314993.508512979198713, 176748.853902102797292 ] } },
{ "type": "Feature", "properties": { "name": "", "site_type": "car_park", "suitability": 0.8, "traffic_volume": 19614.0, "traffic_count_pts": 1, "traffic_demand_score": 0.1764 }, "geometry": { "type": "Point", "coordinates": [ 314932.499732964613941, 176772.102702195115853 ] } },
{ "type": "Feature", "properties": { "name": "", "site_type": "car_park", "suitability": 0.8, "traffic_volume": 111166.0, "traffic_count_pts": 2, "traffic_demand_score": 1.0 }, "geometry": { "type": "Point", "coordinates": [ 316687.791272241738625, 174264.731073493079748 ] } },
{ "type": "Feature", "properties": { "name": "", "site_type": "car_park", "suitability": 0.8, "traffic_volume": 111166.0, "traffic_count_pts": 2, "traffic_demand_score": 1.0 }, "geometry": { "type": "Point", "coordinates": [ 316839.00211875140667, 174349.326037565129809 ] } },
{ "type": "Feature", "properties": { "name": "", "site_type": "car_park", "suitability": 0.8, "traffic_volume": 0.0, "traffic_count_pts": 0, "traffic_demand_score": 0.0 }, "geometry": { "type": "Point", "coordinates": [ 316050.52557950274786, 175656.307241152680945 ] } },
{ "type": "Feature", "properties": { "name": "", "site_type": "car_park", "suitability": 0.8, "traffic_volume": 0.0, "traffic_count_pts": 0, "traffic_demand_score": 0.0 }, "geometry": { "type": "Point", "coordinates": [ 315873.919584667892195, 175728.372441462590359 ] } },
{ "type": "Feature", "properties": { "name": "", "site_type": "car_park", "suitability": 0.8, "traffic_volume": 29576.0, "traffic_count_pts": 1, "traffic_demand_score": 0.2661 }, "geometry": { "type": "Point", "coordinates": [ 319702.37493316893233, 175916.830048943811562 ] } },
{ "type": "Feature", "properties": { "name": "", "site_type": "car_park", "suitability": 0.8, "traffic_volume": 19614.0, "traffic_count_pts": 1, "traffic_demand_score": 0.1764 }, "geometry": { "type": "Point", "coordinates": [ 315171.363006977830082, 176638.349769100605045 ] } },
{ "type": "Feature", "properties": { "name": "", "site_type": "car_park", "suitability": 0.8, "traffic_volume": 9772.0, "traffic_count_pts": 2, "traffic_demand_score": 0.0879 }, "geometry": { "type": "Point", "coordinates": [ 316176.397070250706747, 176559.002356610726565 ] } },
{ "type": "Feature", "properties": { "name": "", "site_type": "car_park", "suitability": 0.8, "traffic_volume": 0.0, "traffic_count_pts": 0, "traffic_demand_score": 0.0 }, "geometry": { "type": "Point", "coordinates": [ 316817.635369817144237, 176413.999885551515035 ] } },
{ "type": "Feature", "properties": { "name": "", "site_type": "car_park", "suitability": 0.8, "traffic_volume": 12767.0, "traffic_count_pts": 1, "traffic_demand_score": 0.1148 }, "geometry": { "type": "Point", "coordinates": [ 317310.531420913641341, 176501.755182908498682 ] } },
{ "type": "Feature", "properties": { "name": "", "site_type": "car_park", "suitability": 0.8, "traffic_volume": 12767.0, "traffic_count_pts": 1, "traffic_demand_score": 0.1148 }, "geometry": { "type": "Point", "coordinates": [ 317149.161568891839124, 176351.528409633378033 ] } },
{ "type": "Feature", "properties": { "name": "", "site_type": "car_park", "suitability": 0.8, "traffic_volume": 12767.0, "traffic_count_pts": 1, "traffic_demand_score": 0.1148 }, "geometry": { "type": "Point", "coordinates": [ 317125.034626109234523, 176268.865925864607561 ] } },
{ "type": "Feature", "properties": { "name": "", "site_type": "car_park", "suitability": 0.8, "traffic_volume": 0.0, "traffic_count_pts": 0, "traffic_demand_score": 0.0 }, "geometry": { "type": "Point", "coordinates": [ 317892.149913260131143, 177571.464452377869748 ] } },
{ "type": "Feature", "properties": { "name": "", "site_type": "car_park", "suitability": 0.8, "traffic_volume": 0.0, "traffic_count_pts": 0, "traffic_demand_score": 0.0 }, "geometry": { "type": "Point", "coordinates": [ 317712.597367439884692, 177763.287454583100043 ] } },
{ "type": "Feature", "properties": { "name": "", "site_type": "car_park", "suitability": 0.8, "traffic_volume": 0.0, "traffic_count_pts": 0, "traffic_demand_score": 0.0 }, "geometry": { "type": "Point", "coordinates": [ 309860.112797103531193, 182687.074315127159934 ] } },
{ "type": "Feature", "properties": { "name": "", "site_type": "car_park", "suitability": 0.8, "traffic_volume": 0.0, "traffic_count_pts": 0, "traffic_demand_score": 0.0 }, "geometry": { "type": "Point", "coordinates": [ 313559.093147127074189, 178374.104851703858003 ] } },
{ "type": "Feature", "properties": { "name": "", "site_type": "car_park", "suitability": 0.8, "traffic_volume": 329.0, "traffic_count_pts": 1, "traffic_demand_score": 0.003 }, "geometry": { "type": "Point", "coordinates": [ 315622.477720053284429, 176348.473158207198139 ] } },
{ "type": "Feature", "properties": { "name": "", "site_type": "car_park", "suitability": 0.8, "traffic_volume": 9443.0, "traffic_count_pts": 1, "traffic_demand_score": 0.0849 }, "geometry": { "type": "Point", "coordinates": [ 316520.874632909079082, 176791.058645001088735 ] } },
{ "type": "Feature", "properties": { "name": "", "site_type": "car_park", "suitability": 0.8, "traffic_volume": 0.0, "traffic_count_pts": 0, "traffic_demand_score": 0.0 }, "geometry": { "type": "Point", "coordinates": [ 321253.684885682247113, 179828.158980095584411 ] } },
{ "type": "Feature", "properties": { "name": "", "site_type": "car_park", "suitability": 0.8, "traffic_volume": 784.0, "traffic_count_pts": 1, "traffic_demand_score": 0.0071 }, "geometry": { "type": "Point", "coordinates": [ 322955.695654252020177, 179948.127518151944969 ] } },
{ "type": "Feature", "properties": { "name": "Lisvane & Llanishen Reservoirs Visitor Parking", "site_type": "car_park", "suitability": 0.8, "traffic_volume": 5633.0, "traffic_count_pts": 1, "traffic_demand_score": 0.0507 }, "geometry": { "type": "Point", "coordinates": [ 318699.803382708341815, 182166.350338370597456 ] } },
{ "type": "Feature", "properties": { "name": "", "site_type": "car_park", "suitability": 0.8, "traffic_volume": 0.0, "traffic_count_pts": 0, "traffic_demand_score": 0.0 }, "geometry": { "type": "Point", "coordinates": [ 321959.703553320723586, 178958.180522519920487 ] } },
{ "type": "Feature", "properties": { "name": "", "site_type": "car_park", "suitability": 0.8, "traffic_volume": 0.0, "traffic_count_pts": 0, "traffic_demand_score": 0.0 }, "geometry": { "type": "Point", "coordinates": [ 321740.203542608360294, 179152.299385348393116 ] } },
{ "type": "Feature", "properties": { "name": "", "site_type": "car_park", "suitability": 0.8, "traffic_volume": 0.0, "traffic_count_pts": 0, "traffic_demand_score": 0.0 }, "geometry": { "type": "Point", "coordinates": [ 321844.826414306764491, 179212.531754865834955 ] } },
{ "type": "Feature", "properties": { "name": "", "site_type": "car_park", "suitability": 0.8, "traffic_volume": 0.0, "traffic_count_pts": 0, "traffic_demand_score": 0.0 }, "geometry": { "type": "Point", "coordinates": [ 321949.141978416475467, 179844.558273139467929 ] } },
{ "type": "Feature", "properties": { "name": "", "site_type": "car_park", "suitability": 0.8, "traffic_volume": 0.0, "traffic_count_pts": 0, "traffic_demand_score": 0.0 }, "geometry": { "type": "Point", "coordinates": [ 322446.664848780084867, 179691.649982733710203 ] } },
{ "type": "Feature", "properties": { "name": "", "site_type": "car_park", "suitability": 0.8, "traffic_volume": 0.0, "traffic_count_pts": 0, "traffic_demand_score": 0.0 }, "geometry": { "type": "Point", "coordinates": [ 323200.837513170263264, 180452.402347200142685 ] } },
{ "type": "Feature", "properties": { "name": "", "site_type": "car_park", "suitability": 0.8, "traffic_volume": 0.0, "traffic_count_pts": 0, "traffic_demand_score": 0.0 }, "geometry": { "type": "Point", "coordinates": [ 317511.043003102124203, 174204.869065944454633 ] } },
{ "type": "Feature", "properties": { "name": "", "site_type": "car_park", "suitability": 0.8, "traffic_volume": 0.0, "traffic_count_pts": 0, "traffic_demand_score": 0.0 }, "geometry": { "type": "Point", "coordinates": [ 311988.105000180541538, 176077.711529609747231 ] } },
{ "type": "Feature", "properties": { "name": "", "site_type": "car_park", "suitability": 0.8, "traffic_volume": 0.0, "traffic_count_pts": 0, "traffic_demand_score": 0.0 }, "geometry": { "type": "Point", "coordinates": [ 313936.226493634749204, 177606.109537499665748 ] } },
{ "type": "Feature", "properties": { "name": "", "site_type": "car_park", "suitability": 0.8, "traffic_volume": 27184.0, "traffic_count_pts": 1, "traffic_demand_score": 0.2445 }, "geometry": { "type": "Point", "coordinates": [ 316707.3925583435921, 178448.704895728325937 ] } },
{ "type": "Feature", "properties": { "name": "", "site_type": "car_park", "suitability": 0.8, "traffic_volume": 0.0, "traffic_count_pts": 0, "traffic_demand_score": 0.0 }, "geometry": { "type": "Point", "coordinates": [ 321076.385064330359455, 182006.669155817711726 ] } },
{ "type": "Feature", "properties": { "name": "", "site_type": "car_park", "suitability": 0.8, "traffic_volume": 0.0, "traffic_count_pts": 0, "traffic_demand_score": 0.0 }, "geometry": { "type": "Point", "coordinates": [ 313370.654135606600903, 180395.170437156921253 ] } },
{ "type": "Feature", "properties": { "name": "", "site_type": "car_park", "suitability": 0.8, "traffic_volume": 0.0, "traffic_count_pts": 0, "traffic_demand_score": 0.0 }, "geometry": { "type": "Point", "coordinates": [ 313428.865527227811981, 179672.801624527201056 ] } },
{ "type": "Feature", "properties": { "name": "", "site_type": "car_park", "suitability": 0.8, "traffic_volume": 0.0, "traffic_count_pts": 0, "traffic_demand_score": 0.0 }, "geometry": { "type": "Point", "coordinates": [ 321776.452679647482, 182966.545585060899612 ] } },
{ "type": "Feature", "properties": { "name": "Alexander House Parking", "site_type": "car_park", "suitability": 0.8, "traffic_volume": 0.0, "traffic_count_pts": 0, "traffic_demand_score": 0.0 }, "geometry": { "type": "Point", "coordinates": [ 316455.502743467339315, 178545.625756749999709 ] } },
{ "type": "Feature", "properties": { "name": "", "site_type": "car_park", "suitability": 0.8, "traffic_volume": 27184.0, "traffic_count_pts": 1, "traffic_demand_score": 0.2445 }, "geometry": { "type": "Point", "coordinates": [ 316621.62813993456075, 178803.263102709199302 ] } },
{ "type": "Feature", "properties": { "name": "", "site_type": "car_park", "suitability": 0.8, "traffic_volume": 28197.0, "traffic_count_pts": 2, "traffic_demand_score": 0.2536 }, "geometry": { "type": "Point", "coordinates": [ 317589.086795342154801, 176467.808873576752376 ] } },
{ "type": "Feature", "properties": { "name": "", "site_type": "car_park", "suitability": 0.8, "traffic_volume": 28197.0, "traffic_count_pts": 2, "traffic_demand_score": 0.2536 }, "geometry": { "type": "Point", "coordinates": [ 317669.888411146937869, 176418.831537364574615 ] } },
{ "type": "Feature", "properties": { "name": "", "site_type": "car_park", "suitability": 0.8, "traffic_volume": 0.0, "traffic_count_pts": 0, "traffic_demand_score": 0.0 }, "geometry": { "type": "Point", "coordinates": [ 317329.847975112847053, 176718.070952473150101 ] } },
{ "type": "Feature", "properties": { "name": "North Road Pay & Display Car Park", "site_type": "car_park", "suitability": 0.8, "traffic_volume": 0.0, "traffic_count_pts": 0, "traffic_demand_score": 0.0 }, "geometry": { "type": "Point", "coordinates": [ 317642.137730765505694, 177470.767855698999483 ] } },
{ "type": "Feature", "properties": { "name": "", "site_type": "car_park", "suitability": 0.8, "traffic_volume": 33422.0, "traffic_count_pts": 3, "traffic_demand_score": 0.3006 }, "geometry": { "type": "Point", "coordinates": [ 317865.81477216782514, 175880.4089787194971 ] } },
{ "type": "Feature", "properties": { "name": "", "site_type": "car_park", "suitability": 0.8, "traffic_volume": 32809.0, "traffic_count_pts": 1, "traffic_demand_score": 0.2951 }, "geometry": { "type": "Point", "coordinates": [ 320568.268398800166324, 177787.258222895208746 ] } },
{ "type": "Feature", "properties": { "name": "", "site_type": "car_park", "suitability": 0.8, "traffic_volume": 32809.0, "traffic_count_pts": 1, "traffic_demand_score": 0.2951 }, "geometry": { "type": "Point", "coordinates": [ 320439.281429145485163, 178197.001524218765553 ] } },
{ "type": "Feature", "properties": { "name": "", "site_type": "car_park", "suitability": 0.8, "traffic_volume": 32809.0, "traffic_count_pts": 1, "traffic_demand_score": 0.2951 }, "geometry": { "type": "Point", "coordinates": [ 320487.269654125790112, 178169.02846600569319 ] } },
{ "type": "Feature", "properties": { "name": "", "site_type": "car_park", "suitability": 0.8, "traffic_volume": 48359.0, "traffic_count_pts": 1, "traffic_demand_score": 0.435 }, "geometry": { "type": "Point", "coordinates": [ 320025.68679861020064, 178278.752741632226389 ] } },
{ "type": "Feature", "properties": { "name": "", "site_type": "car_park", "suitability": 0.8, "traffic_volume": 0.0, "traffic_count_pts": 0, "traffic_demand_score": 0.0 }, "geometry": { "type": "Point", "coordinates": [ 317487.258850343991071, 178358.783734153781552 ] } },
{ "type": "Feature", "properties": { "name": "", "site_type": "car_park", "suitability": 0.8, "traffic_volume": 27184.0, "traffic_count_pts": 1, "traffic_demand_score": 0.2445 }, "geometry": { "type": "Point", "coordinates": [ 316967.984720162115991, 178999.119917114556301 ] } },
{ "type": "Feature", "properties": { "name": "", "site_type": "car_park", "suitability": 0.8, "traffic_volume": 27184.0, "traffic_count_pts": 1, "traffic_demand_score": 0.2445 }, "geometry": { "type": "Point", "coordinates": [ 316986.374105622875504, 178938.921478208445478 ] } },
{ "type": "Feature", "properties": { "name": "", "site_type": "car_park", "suitability": 0.8, "traffic_volume": 27184.0, "traffic_count_pts": 1, "traffic_demand_score": 0.2445 }, "geometry": { "type": "Point", "coordinates": [ 317047.324424733116757, 178852.808491132920608 ] } },
{ "type": "Feature", "properties": { "name": "", "site_type": "car_park", "suitability": 0.8, "traffic_volume": 27184.0, "traffic_count_pts": 1, "traffic_demand_score": 0.2445 }, "geometry": { "type": "Point", "coordinates": [ 317039.100733811501414, 178969.481757851026487 ] } },
{ "type": "Feature", "properties": { "name": "", "site_type": "car_park", "suitability": 0.8, "traffic_volume": 27184.0, "traffic_count_pts": 1, "traffic_demand_score": 0.2445 }, "geometry": { "type": "Point", "coordinates": [ 317093.916018964024261, 178942.435576683317777 ] } },
{ "type": "Feature", "properties": { "name": "", "site_type": "car_park", "suitability": 0.8, "traffic_volume": 27184.0, "traffic_count_pts": 1, "traffic_demand_score": 0.2445 }, "geometry": { "type": "Point", "coordinates": [ 317239.817252446082421, 178666.708832675649319 ] } },
{ "type": "Feature", "properties": { "name": "", "site_type": "car_park", "suitability": 0.8, "traffic_volume": 27184.0, "traffic_count_pts": 1, "traffic_demand_score": 0.2445 }, "geometry": { "type": "Point", "coordinates": [ 317191.737200746894814, 178573.330044918810017 ] } },
{ "type": "Feature", "properties": { "name": "", "site_type": "car_park", "suitability": 0.8, "traffic_volume": 15222.0, "traffic_count_pts": 1, "traffic_demand_score": 0.1369 }, "geometry": { "type": "Point", "coordinates": [ 317915.259807989466935, 178314.328612416458782 ] } },
{ "type": "Feature", "properties": { "name": "", "site_type": "car_park", "suitability": 0.8, "traffic_volume": 27184.0, "traffic_count_pts": 1, "traffic_demand_score": 0.2445 }, "geometry": { "type": "Point", "coordinates": [ 317195.036991543776821, 178859.010668710921891 ] } },
{ "type": "Feature", "properties": { "name": "", "site_type": "car_park", "suitability": 0.8, "traffic_volume": 0.0, "traffic_count_pts": 0, "traffic_demand_score": 0.0 }, "geometry": { "type": "Point", "coordinates": [ 317564.252094384399243, 178670.548600114125293 ] } },
{ "type": "Feature", "properties": { "name": "", "site_type": "car_park", "suitability": 0.8, "traffic_volume": 15222.0, "traffic_count_pts": 1, "traffic_demand_score": 0.1369 }, "geometry": { "type": "Point", "coordinates": [ 317686.30203608534066, 178635.801565471803769 ] } },
{ "type": "Feature", "properties": { "name": "", "site_type": "car_park", "suitability": 0.8, "traffic_volume": 0.0, "traffic_count_pts": 0, "traffic_demand_score": 0.0 }, "geometry": { "type": "Point", "coordinates": [ 317640.93179888650775, 178681.426279271487147 ] } },
{ "type": "Feature", "properties": { "name": "", "site_type": "car_park", "suitability": 0.8, "traffic_volume": 0.0, "traffic_count_pts": 0, "traffic_demand_score": 0.0 }, "geometry": { "type": "Point", "coordinates": [ 317527.036437979550101, 178799.975134170905221 ] } },
{ "type": "Feature", "properties": { "name": "", "site_type": "car_park", "suitability": 0.8, "traffic_volume": 0.0, "traffic_count_pts": 0, "traffic_demand_score": 0.0 }, "geometry": { "type": "Point", "coordinates": [ 317600.363078212889377, 178722.597238750080578 ] } },
{ "type": "Feature", "properties": { "name": "", "site_type": "car_park", "suitability": 0.8, "traffic_volume": 27184.0, "traffic_count_pts": 1, "traffic_demand_score": 0.2445 }, "geometry": { "type": "Point", "coordinates": [ 316912.436642358195968, 179285.942746467480902 ] } },
{ "type": "Feature", "properties": { "name": "", "site_type": "car_park", "suitability": 0.8, "traffic_volume": 0.0, "traffic_count_pts": 0, "traffic_demand_score": 0.0 }, "geometry": { "type": "Point", "coordinates": [ 316979.399387420038693, 179347.230362642440014 ] } },
{ "type": "Feature", "properties": { "name": "", "site_type": "car_park", "suitability": 0.8, "traffic_volume": 0.0, "traffic_count_pts": 0, "traffic_demand_score": 0.0 }, "geometry": { "type": "Point", "coordinates": [ 317043.709773874958046, 179390.283109523530584 ] } },
{ "type": "Feature", "properties": { "name": "", "site_type": "car_park", "suitability": 0.8, "traffic_volume": 0.0, "traffic_count_pts": 0, "traffic_demand_score": 0.0 }, "geometry": { "type": "Point", "coordinates": [ 316754.992981436953414, 179405.363110338337719 ] } },
{ "type": "Feature", "properties": { "name": "", "site_type": "car_park", "suitability": 0.8, "traffic_volume": 14625.0, "traffic_count_pts": 2, "traffic_demand_score": 0.1316 }, "geometry": { "type": "Point", "coordinates": [ 316833.08355871157255, 179736.068413357075769 ] } },
{ "type": "Feature", "properties": { "name": "", "site_type": "car_park", "suitability": 0.8, "traffic_volume": 78648.0, "traffic_count_pts": 1, "traffic_demand_score": 0.7075 }, "geometry": { "type": "Point", "coordinates": [ 320558.917195600224659, 179969.615007304470055 ] } },
{ "type": "Feature", "properties": { "name": "", "site_type": "car_park", "suitability": 0.8, "traffic_volume": 78648.0, "traffic_count_pts": 1, "traffic_demand_score": 0.7075 }, "geometry": { "type": "Point", "coordinates": [ 320630.604936943913344, 180008.445727463637013 ] } },
{ "type": "Feature", "properties": { "name": "", "site_type": "car_park", "suitability": 0.8, "traffic_volume": 28000.0, "traffic_count_pts": 3, "traffic_demand_score": 0.2519 }, "geometry": { "type": "Point", "coordinates": [ 317564.687626052473206, 175179.64481676305877 ] } },
{ "type": "Feature", "properties": { "name": "", "site_type": "car_park", "suitability": 0.8, "traffic_volume": 18217.0, "traffic_count_pts": 1, "traffic_demand_score": 0.1639 }, "geometry": { "type": "Point", "coordinates": [ 318641.959628467215225, 176700.573303203156684 ] } },
{ "type": "Feature", "properties": { "name": "", "site_type": "car_park", "suitability": 0.8, "traffic_volume": 18217.0, "traffic_count_pts": 1, "traffic_demand_score": 0.1639 }, "geometry": { "type": "Point", "coordinates": [ 318569.482543362653814, 176682.339826016977895 ] } },
{ "type": "Feature", "properties": { "name": "", "site_type": "car_park", "suitability": 0.8, "traffic_volume": 18217.0, "traffic_count_pts": 1, "traffic_demand_score": 0.1639 }, "geometry": { "type": "Point", "coordinates": [ 318495.517591540119611, 176867.979426113190129 ] } },
{ "type": "Feature", "properties": { "name": "", "site_type": "car_park", "suitability": 0.8, "traffic_volume": 18217.0, "traffic_count_pts": 1, "traffic_demand_score": 0.1639 }, "geometry": { "type": "Point", "coordinates": [ 318645.909294092445634, 176830.750469689024612 ] } },
{ "type": "Feature", "properties": { "name": "", "site_type": "car_park", "suitability": 0.8, "traffic_volume": 18217.0, "traffic_count_pts": 1, "traffic_demand_score": 0.1639 }, "geometry": { "type": "Point", "coordinates": [ 318606.260467689018697, 176937.659095933311619 ] } },
{ "type": "Feature", "properties": { "name": "", "site_type": "car_park", "suitability": 0.8, "traffic_volume": 48359.0, "traffic_count_pts": 1, "traffic_demand_score": 0.435 }, "geometry": { "type": "Point", "coordinates": [ 319563.268644901691005, 178691.604891093680635 ] } },
{ "type": "Feature", "properties": { "name": "", "site_type": "car_park", "suitability": 0.8, "traffic_volume": 48359.0, "traffic_count_pts": 1, "traffic_demand_score": 0.435 }, "geometry": { "type": "Point", "coordinates": [ 319716.050903272815049, 178686.693373337562662 ] } },
{ "type": "Feature", "properties": { "name": "", "site_type": "car_park", "suitability": 0.8, "traffic_volume": 0.0, "traffic_count_pts": 0, "traffic_demand_score": 0.0 }, "geometry": { "type": "Point", "coordinates": [ 318381.141383887210395, 177852.874766133842058 ] } },
{ "type": "Feature", "properties": { "name": "", "site_type": "car_park", "suitability": 0.8, "traffic_volume": 15222.0, "traffic_count_pts": 1, "traffic_demand_score": 0.1369 }, "geometry": { "type": "Point", "coordinates": [ 318176.635803296172526, 178127.918538625061046 ] } },
{ "type": "Feature", "properties": { "name": "", "site_type": "car_park", "suitability": 0.8, "traffic_volume": 15222.0, "traffic_count_pts": 1, "traffic_demand_score": 0.1369 }, "geometry": { "type": "Point", "coordinates": [ 318130.688030990888365, 178161.170378854265437 ] } },
{ "type": "Feature", "properties": { "name": "", "site_type": "car_park", "suitability": 0.8, "traffic_volume": 15222.0, "traffic_count_pts": 1, "traffic_demand_score": 0.1369 }, "geometry": { "type": "Point", "coordinates": [ 318263.884249443828594, 178064.733855461003259 ] } },
{ "type": "Feature", "properties": { "name": "", "site_type": "car_park", "suitability": 0.8, "traffic_volume": 15222.0, "traffic_count_pts": 1, "traffic_demand_score": 0.1369 }, "geometry": { "type": "Point", "coordinates": [ 318313.940411632880569, 178028.584304657997563 ] } },
{ "type": "Feature", "properties": { "name": "", "site_type": "car_park", "suitability": 0.8, "traffic_volume": 15222.0, "traffic_count_pts": 1, "traffic_demand_score": 0.1369 }, "geometry": { "type": "Point", "coordinates": [ 318074.170132061000913, 178122.958284201216884 ] } },
{ "type": "Feature", "properties": { "name": "", "site_type": "car_park", "suitability": 0.8, "traffic_volume": 15222.0, "traffic_count_pts": 1, "traffic_demand_score": 0.1369 }, "geometry": { "type": "Point", "coordinates": [ 318369.994918901356868, 177988.222284628951456 ] } },
{ "type": "Feature", "properties": { "name": "", "site_type": "car_park", "suitability": 0.8, "traffic_volume": 0.0, "traffic_count_pts": 0, "traffic_demand_score": 0.0 }, "geometry": { "type": "Point", "coordinates": [ 318501.362699401914142, 178099.212527612282429 ] } },
{ "type": "Feature", "properties": { "name": "", "site_type": "car_park", "suitability": 0.8, "traffic_volume": 27854.0, "traffic_count_pts": 2, "traffic_demand_score": 0.2506 }, "geometry": { "type": "Point", "coordinates": [ 315858.532304132881109, 177551.896558230509982 ] } },
{ "type": "Feature", "properties": { "name": "", "site_type": "car_park", "suitability": 0.8, "traffic_volume": 51131.0, "traffic_count_pts": 3, "traffic_demand_score": 0.46 }, "geometry": { "type": "Point", "coordinates": [ 318204.161892635631375, 176844.034637046221178 ] } },
{ "type": "Feature", "properties": { "name": "", "site_type": "car_park", "suitability": 0.8, "traffic_volume": 51131.0, "traffic_count_pts": 3, "traffic_demand_score": 0.46 }, "geometry": { "type": "Point", "coordinates": [ 318166.727907300693914, 176897.150170956796501 ] } },
{ "type": "Feature", "properties": { "name": "", "site_type": "car_park", "suitability": 0.8, "traffic_volume": 17484.0, "traffic_count_pts": 1, "traffic_demand_score": 0.1573 }, "geometry": { "type": "Point", "coordinates": [ 318091.417431014007889, 177021.17436642665416 ] } },
{ "type": "Feature", "properties": { "name": "", "site_type": "car_park", "suitability": 0.8, "traffic_volume": 35701.0, "traffic_count_pts": 2, "traffic_demand_score": 0.3212 }, "geometry": { "type": "Point", "coordinates": [ 318120.698124373564497, 176959.097185712773353 ] } },
{ "type": "Feature", "properties": { "name": "", "site_type": "car_park", "suitability": 0.8, "traffic_volume": 17484.0, "traffic_count_pts": 1, "traffic_demand_score": 0.1573 }, "geometry": { "type": "Point", "coordinates": [ 318049.613577578507829, 177057.587291466246825 ] } },
{ "type": "Feature", "properties": { "name": "", "site_type": "car_park", "suitability": 0.8, "traffic_volume": 17484.0, "traffic_count_pts": 1, "traffic_demand_score": 0.1573 }, "geometry": { "type": "Point", "coordinates": [ 317968.75846207072027, 177167.252393926668447 ] } },
{ "type": "Feature", "properties": { "name": "", "site_type": "car_park", "suitability": 0.8, "traffic_volume": 17484.0, "traffic_count_pts": 1, "traffic_demand_score": 0.1573 }, "geometry": { "type": "Point", "coordinates": [ 317913.782679377763998, 177241.29930076940218 ] } },
{ "type": "Feature", "properties": { "name": "", "site_type": "car_park", "suitability": 0.8, "traffic_volume": 17484.0, "traffic_count_pts": 1, "traffic_demand_score": 0.1573 }, "geometry": { "type": "Point", "coordinates": [ 317953.265036016586237, 177086.380606233258732 ] } },
{ "type": "Feature", "properties": { "name": "", "site_type": "car_park", "suitability": 0.8, "traffic_volume": 17484.0, "traffic_count_pts": 1, "traffic_demand_score": 0.1573 }, "geometry": { "type": "Point", "coordinates": [ 318026.657123734359629, 177156.510999471240211 ] } },
{ "type": "Feature", "properties": { "name": "", "site_type": "car_park", "suitability": 0.8, "traffic_volume": 17484.0, "traffic_count_pts": 1, "traffic_demand_score": 0.1573 }, "geometry": { "type": "Point", "coordinates": [ 318079.205508415296208, 177195.540031859069131 ] } },
{ "type": "Feature", "properties": { "name": "", "site_type": "car_park", "suitability": 0.8, "traffic_volume": 19326.0, "traffic_count_pts": 2, "traffic_demand_score": 0.1738 }, "geometry": { "type": "Point", "coordinates": [ 318099.991576499654911, 176214.25768378470093 ] } },
{ "type": "Feature", "properties": { "name": "", "site_type": "car_park", "suitability": 0.8, "traffic_volume": 45369.0, "traffic_count_pts": 4, "traffic_demand_score": 0.4081 }, "geometry": { "type": "Point", "coordinates": [ 318230.01837430667365, 176261.136117128247861 ] } },
{ "type": "Feature", "properties": { "name": "", "site_type": "car_park", "suitability": 0.8, "traffic_volume": 19326.0, "traffic_count_pts": 2, "traffic_demand_score": 0.1738 }, "geometry": { "type": "Point", "coordinates": [ 318179.730773372924887, 176255.67240150750149 ] } },
{ "type": "Feature", "properties": { "name": "", "site_type": "car_park", "suitability": 0.8, "traffic_volume": 35701.0, "traffic_count_pts": 2, "traffic_demand_score": 0.3212 }, "geometry": { "type": "Point", "coordinates": [ 318353.269239979155827, 176920.576555950741749 ] } },
{ "type": "Feature", "properties": { "name": "", "site_type": "car_park", "suitability": 0.8, "traffic_volume": 35701.0, "traffic_count_pts": 2, "traffic_demand_score": 0.3212 }, "geometry": { "type": "Point", "coordinates": [ 318289.947835663915612, 176962.748448980331887 ] } },
{ "type": "Feature", "properties": { "name": "", "site_type": "car_park", "suitability": 0.8, "traffic_volume": 35701.0, "traffic_count_pts": 2, "traffic_demand_score": 0.3212 }, "geometry": { "type": "Point", "coordinates": [ 318178.328931553871371, 177098.20834174141055 ] } },
{ "type": "Feature", "properties": { "name": "", "site_type": "car_park", "suitability": 0.8, "traffic_volume": 17484.0, "traffic_count_pts": 1, "traffic_demand_score": 0.1573 }, "geometry": { "type": "Point", "coordinates": [ 318130.16099766275147, 177181.103141758125275 ] } },
{ "type": "Feature", "properties": { "name": "", "site_type": "car_park", "suitability": 0.8, "traffic_volume": 17484.0, "traffic_count_pts": 1, "traffic_demand_score": 0.1573 }, "geometry": { "type": "Point", "coordinates": [ 318055.229549197014421, 177285.584690237010363 ] } },
{ "type": "Feature", "properties": { "name": "", "site_type": "car_park", "suitability": 0.8, "traffic_volume": 63916.0, "traffic_count_pts": 6, "traffic_demand_score": 0.575 }, "geometry": { "type": "Point", "coordinates": [ 318260.791123782284558, 175974.255192776676267 ] } },
{ "type": "Feature", "properties": { "name": "", "site_type": "car_park", "suitability": 0.8, "traffic_volume": 0.0, "traffic_count_pts": 0, "traffic_demand_score": 0.0 }, "geometry": { "type": "Point", "coordinates": [ 319091.380466989765409, 172620.450773883669171 ] } },
{ "type": "Feature", "properties": { "name": "", "site_type": "car_park", "suitability": 0.8, "traffic_volume": 19614.0, "traffic_count_pts": 1, "traffic_demand_score": 0.1764 }, "geometry": { "type": "Point", "coordinates": [ 315399.546737627475522, 176712.148728929285426 ] } },
{ "type": "Feature", "properties": { "name": "", "site_type": "car_park", "suitability": 0.8, "traffic_volume": 19614.0, "traffic_count_pts": 1, "traffic_demand_score": 0.1764 }, "geometry": { "type": "Point", "coordinates": [ 315344.467239631223492, 176729.484430848329794 ] } },
{ "type": "Feature", "properties": { "name": "", "site_type": "car_park", "suitability": 0.8, "traffic_volume": 0.0, "traffic_count_pts": 0, "traffic_demand_score": 0.0 }, "geometry": { "type": "Point", "coordinates": [ 317900.611427174881101, 179595.987205100071151 ] } },
{ "type": "Feature", "properties": { "name": "", "site_type": "car_park", "suitability": 0.8, "traffic_volume": 0.0, "traffic_count_pts": 0, "traffic_demand_score": 0.0 }, "geometry": { "type": "Point", "coordinates": [ 318087.065872128179763, 177729.545891582558397 ] } },
{ "type": "Feature", "properties": { "name": "", "site_type": "car_park", "suitability": 0.8, "traffic_volume": 15222.0, "traffic_count_pts": 1, "traffic_demand_score": 0.1369 }, "geometry": { "type": "Point", "coordinates": [ 318076.818059805897065, 177796.302291567495558 ] } },
{ "type": "Feature", "properties": { "name": "", "site_type": "car_park", "suitability": 0.8, "traffic_volume": 15222.0, "traffic_count_pts": 1, "traffic_demand_score": 0.1369 }, "geometry": { "type": "Point", "coordinates": [ 318067.627918155514635, 177855.442248831677716 ] } },
{ "type": "Feature", "properties": { "name": "", "site_type": "car_park", "suitability": 0.8, "traffic_volume": 0.0, "traffic_count_pts": 0, "traffic_demand_score": 0.0 }, "geometry": { "type": "Point", "coordinates": [ 318088.405727231642231, 177655.535281714634039 ] } },
{ "type": "Feature", "properties": { "name": "", "site_type": "car_park", "suitability": 0.8, "traffic_volume": 52483.0, "traffic_count_pts": 2, "traffic_demand_score": 0.4721 }, "geometry": { "type": "Point", "coordinates": [ 319224.823127206997015, 176721.373708365426864 ] } },
{ "type": "Feature", "properties": { "name": "", "site_type": "car_park", "suitability": 0.8, "traffic_volume": 52483.0, "traffic_count_pts": 2, "traffic_demand_score": 0.4721 }, "geometry": { "type": "Point", "coordinates": [ 319167.764652532350738, 176715.972192172892392 ] } },
{ "type": "Feature", "properties": { "name": "", "site_type": "car_park", "suitability": 0.8, "traffic_volume": 52483.0, "traffic_count_pts": 2, "traffic_demand_score": 0.4721 }, "geometry": { "type": "Point", "coordinates": [ 319263.811436053132638, 176673.627237302542198 ] } },
{ "type": "Feature", "properties": { "name": "", "site_type": "car_park", "suitability": 0.8, "traffic_volume": 0.0, "traffic_count_pts": 0, "traffic_demand_score": 0.0 }, "geometry": { "type": "Point", "coordinates": [ 319640.423969332594424, 176524.549938731011935 ] } },
{ "type": "Feature", "properties": { "name": "", "site_type": "car_park", "suitability": 0.8, "traffic_volume": 23143.0, "traffic_count_pts": 1, "traffic_demand_score": 0.2082 }, "geometry": { "type": "Point", "coordinates": [ 319587.285678710672073, 176523.963974476326257 ] } },
{ "type": "Feature", "properties": { "name": "", "site_type": "car_park", "suitability": 0.8, "traffic_volume": 20910.0, "traffic_count_pts": 2, "traffic_demand_score": 0.1881 }, "geometry": { "type": "Point", "coordinates": [ 317747.985192918451503, 174667.784694895613939 ] } },
{ "type": "Feature", "properties": { "name": "", "site_type": "car_park", "suitability": 0.8, "traffic_volume": 0.0, "traffic_count_pts": 0, "traffic_demand_score": 0.0 }, "geometry": { "type": "Point", "coordinates": [ 314496.707127595145721, 177668.629722574842162 ] } },
{ "type": "Feature", "properties": { "name": "", "site_type": "car_park", "suitability": 0.8, "traffic_volume": 0.0, "traffic_count_pts": 0, "traffic_demand_score": 0.0 }, "geometry": { "type": "Point", "coordinates": [ 314358.255641611409374, 177695.490226212015841 ] } },
{ "type": "Feature", "properties": { "name": "", "site_type": "car_park", "suitability": 0.8, "traffic_volume": 0.0, "traffic_count_pts": 0, "traffic_demand_score": 0.0 }, "geometry": { "type": "Point", "coordinates": [ 314291.850121021852829, 177664.033349426055793 ] } },
{ "type": "Feature", "properties": { "name": "", "site_type": "car_park", "suitability": 0.8, "traffic_volume": 0.0, "traffic_count_pts": 0, "traffic_demand_score": 0.0 }, "geometry": { "type": "Point", "coordinates": [ 314463.790916731930338, 177736.923700341663789 ] } },
{ "type": "Feature", "properties": { "name": "", "site_type": "car_park", "suitability": 0.8, "traffic_volume": 38841.0, "traffic_count_pts": 2, "traffic_demand_score": 0.3494 }, "geometry": { "type": "Point", "coordinates": [ 315033.397886282997206, 177810.952827459957916 ] } },
{ "type": "Feature", "properties": { "name": "", "site_type": "car_park", "suitability": 0.8, "traffic_volume": 52443.0, "traffic_count_pts": 3, "traffic_demand_score": 0.4718 }, "geometry": { "type": "Point", "coordinates": [ 314998.95527942397166, 177852.131109765730798 ] } },
{ "type": "Feature", "properties": { "name": "", "site_type": "car_park", "suitability": 0.8, "traffic_volume": 0.0, "traffic_count_pts": 0, "traffic_demand_score": 0.0 }, "geometry": { "type": "Point", "coordinates": [ 322166.234838331933133, 178076.883371592732146 ] } },
{ "type": "Feature", "properties": { "name": "", "site_type": "car_park", "suitability": 0.8, "traffic_volume": 0.0, "traffic_count_pts": 0, "traffic_demand_score": 0.0 }, "geometry": { "type": "Point", "coordinates": [ 322028.535544465528801, 178271.073574173962697 ] } },
{ "type": "Feature", "properties": { "name": "", "site_type": "car_park", "suitability": 0.8, "traffic_volume": 0.0, "traffic_count_pts": 0, "traffic_demand_score": 0.0 }, "geometry": { "type": "Point", "coordinates": [ 314012.202748145675287, 177710.413767314283177 ] } },
{ "type": "Feature", "properties": { "name": "", "site_type": "car_park", "suitability": 0.8, "traffic_volume": 0.0, "traffic_count_pts": 0, "traffic_demand_score": 0.0 }, "geometry": { "type": "Point", "coordinates": [ 322210.62650044017937, 178223.672878759622108 ] } },
{ "type": "Feature", "properties": { "name": "", "site_type": "car_park", "suitability": 0.8, "traffic_volume": 0.0, "traffic_count_pts": 0, "traffic_demand_score": 0.0 }, "geometry": { "type": "Point", "coordinates": [ 317682.762295592052396, 179487.359088107361458 ] } },
{ "type": "Feature", "properties": { "name": "", "site_type": "car_park", "suitability": 0.8, "traffic_volume": 0.0, "traffic_count_pts": 0, "traffic_demand_score": 0.0 }, "geometry": { "type": "Point", "coordinates": [ 317782.723931501153857, 179297.783249261439778 ] } },
{ "type": "Feature", "properties": { "name": "", "site_type": "car_park", "suitability": 0.8, "traffic_volume": 0.0, "traffic_count_pts": 0, "traffic_demand_score": 0.0 }, "geometry": { "type": "Point", "coordinates": [ 321677.455592905171216, 179228.452493200718891 ] } },
{ "type": "Feature", "properties": { "name": "", "site_type": "car_park", "suitability": 0.8, "traffic_volume": 0.0, "traffic_count_pts": 0, "traffic_demand_score": 0.0 }, "geometry": { "type": "Point", "coordinates": [ 309262.470691066700965, 179828.186479092400987 ] } },
{ "type": "Feature", "properties": { "name": "Court Field Car Park", "site_type": "car_park", "suitability": 0.8, "traffic_volume": 24762.0, "traffic_count_pts": 2, "traffic_demand_score": 0.2227 }, "geometry": { "type": "Point", "coordinates": [ 318101.077844581275713, 181950.298474267532583 ] } },
{ "type": "Feature", "properties": { "name": "", "site_type": "car_park", "suitability": 0.8, "traffic_volume": 0.0, "traffic_count_pts": 0, "traffic_demand_score": 0.0 }, "geometry": { "type": "Point", "coordinates": [ 316498.034058715915307, 182633.148938773665577 ] } },
{ "type": "Feature", "properties": { "name": "", "site_type": "car_park", "suitability": 0.8, "traffic_volume": 0.0, "traffic_count_pts": 0, "traffic_demand_score": 0.0 }, "geometry": { "type": "Point", "coordinates": [ 316454.365737396408804, 183268.450487152382266 ] } },
{ "type": "Feature", "properties": { "name": "", "site_type": "car_park", "suitability": 0.8, "traffic_volume": 0.0, "traffic_count_pts": 0, "traffic_demand_score": 0.0 }, "geometry": { "type": "Point", "coordinates": [ 317409.502843600756023, 182272.054073568899184 ] } },
{ "type": "Feature", "properties": { "name": "", "site_type": "car_park", "suitability": 0.8, "traffic_volume": 19129.0, "traffic_count_pts": 1, "traffic_demand_score": 0.1721 }, "geometry": { "type": "Point", "coordinates": [ 317905.153237132239155, 181823.361168529023416 ] } },
{ "type": "Feature", "properties": { "name": "", "site_type": "car_park", "suitability": 0.8, "traffic_volume": 0.0, "traffic_count_pts": 0, "traffic_demand_score": 0.0 }, "geometry": { "type": "Point", "coordinates": [ 317628.283520825672895, 181791.075988427037373 ] } },
{ "type": "Feature", "properties": { "name": "", "site_type": "car_park", "suitability": 0.8, "traffic_volume": 0.0, "traffic_count_pts": 0, "traffic_demand_score": 0.0 }, "geometry": { "type": "Point", "coordinates": [ 317695.027619934990071, 181818.77654370944947 ] } },
{ "type": "Feature", "properties": { "name": "", "site_type": "car_park", "suitability": 0.8, "traffic_volume": 0.0, "traffic_count_pts": 0, "traffic_demand_score": 0.0 }, "geometry": { "type": "Point", "coordinates": [ 317820.501054686843418, 180960.575925198849291 ] } },
{ "type": "Feature", "properties": { "name": "", "site_type": "car_park", "suitability": 0.8, "traffic_volume": 0.0, "traffic_count_pts": 0, "traffic_demand_score": 0.0 }, "geometry": { "type": "Point", "coordinates": [ 317847.536676969670225, 180844.177149275899865 ] } },
{ "type": "Feature", "properties": { "name": "", "site_type": "car_park", "suitability": 0.8, "traffic_volume": 0.0, "traffic_count_pts": 0, "traffic_demand_score": 0.0 }, "geometry": { "type": "Point", "coordinates": [ 317805.781502505065873, 180892.284138592367526 ] } },
{ "type": "Feature", "properties": { "name": "", "site_type": "car_park", "suitability": 0.8, "traffic_volume": 0.0, "traffic_count_pts": 0, "traffic_demand_score": 0.0 }, "geometry": { "type": "Point", "coordinates": [ 317672.371239564497955, 180976.74401186167961 ] } },
{ "type": "Feature", "properties": { "name": "", "site_type": "car_park", "suitability": 0.8, "traffic_volume": 0.0, "traffic_count_pts": 0, "traffic_demand_score": 0.0 }, "geometry": { "type": "Point", "coordinates": [ 317993.905476253421512, 180947.810109900485259 ] } },
{ "type": "Feature", "properties": { "name": "", "site_type": "car_park", "suitability": 0.8, "traffic_volume": 0.0, "traffic_count_pts": 0, "traffic_demand_score": 0.0 }, "geometry": { "type": "Point", "coordinates": [ 317166.166403472889215, 180797.707410068251193 ] } },
{ "type": "Feature", "properties": { "name": "", "site_type": "car_park", "suitability": 0.8, "traffic_volume": 0.0, "traffic_count_pts": 0, "traffic_demand_score": 0.0 }, "geometry": { "type": "Point", "coordinates": [ 317054.721552728849929, 180720.378118861350231 ] } },
{ "type": "Feature", "properties": { "name": "", "site_type": "car_park", "suitability": 0.8, "traffic_volume": 14625.0, "traffic_count_pts": 2, "traffic_demand_score": 0.1316 }, "geometry": { "type": "Point", "coordinates": [ 316836.642537325853482, 180187.977671314205509 ] } },
{ "type": "Feature", "properties": { "name": "", "site_type": "car_park", "suitability": 0.8, "traffic_volume": 14625.0, "traffic_count_pts": 2, "traffic_demand_score": 0.1316 }, "geometry": { "type": "Point", "coordinates": [ 316822.738209841016214, 180110.490688462625258 ] } },
{ "type": "Feature", "properties": { "name": "", "site_type": "car_park", "suitability": 0.8, "traffic_volume": 14625.0, "traffic_count_pts": 2, "traffic_demand_score": 0.1316 }, "geometry": { "type": "Point", "coordinates": [ 316795.342895717360079, 180038.035174147342332 ] } },
{ "type": "Feature", "properties": { "name": "", "site_type": "car_park", "suitability": 0.8, "traffic_volume": 14625.0, "traffic_count_pts": 2, "traffic_demand_score": 0.1316 }, "geometry": { "type": "Point", "coordinates": [ 316805.699318046332337, 180272.209473786409944 ] } },
{ "type": "Feature", "properties": { "name": "", "site_type": "car_park", "suitability": 0.8, "traffic_volume": 14625.0, "traffic_count_pts": 2, "traffic_demand_score": 0.1316 }, "geometry": { "type": "Point", "coordinates": [ 316797.933645018609241, 180345.158763504296076 ] } },
{ "type": "Feature", "properties": { "name": "", "site_type": "car_park", "suitability": 0.8, "traffic_volume": 14625.0, "traffic_count_pts": 2, "traffic_demand_score": 0.1316 }, "geometry": { "type": "Point", "coordinates": [ 316780.19529934367165, 180419.109062109957449 ] } },
{ "type": "Feature", "properties": { "name": "", "site_type": "car_park", "suitability": 0.8, "traffic_volume": 14625.0, "traffic_count_pts": 2, "traffic_demand_score": 0.1316 }, "geometry": { "type": "Point", "coordinates": [ 316712.926730779523496, 180452.287903984310105 ] } },
{ "type": "Feature", "properties": { "name": "", "site_type": "car_park", "suitability": 0.8, "traffic_volume": 14625.0, "traffic_count_pts": 2, "traffic_demand_score": 0.1316 }, "geometry": { "type": "Point", "coordinates": [ 316784.578440384531859, 180472.424708754057065 ] } },
{ "type": "Feature", "properties": { "name": "", "site_type": "car_park", "suitability": 0.8, "traffic_volume": 171.0, "traffic_count_pts": 1, "traffic_demand_score": 0.0015 }, "geometry": { "type": "Point", "coordinates": [ 316776.191638424294069, 180552.482267953804694 ] } },
{ "type": "Feature", "properties": { "name": "", "site_type": "car_park", "suitability": 0.8, "traffic_volume": 0.0, "traffic_count_pts": 0, "traffic_demand_score": 0.0 }, "geometry": { "type": "Point", "coordinates": [ 316756.366908873431385, 180633.021467976970598 ] } },
{ "type": "Feature", "properties": { "name": "", "site_type": "car_park", "suitability": 0.8, "traffic_volume": 0.0, "traffic_count_pts": 0, "traffic_demand_score": 0.0 }, "geometry": { "type": "Point", "coordinates": [ 316761.722488416009583, 180692.533917003544047 ] } },
{ "type": "Feature", "properties": { "name": "", "site_type": "car_park", "suitability": 0.8, "traffic_volume": 14625.0, "traffic_count_pts": 2, "traffic_demand_score": 0.1316 }, "geometry": { "type": "Point", "coordinates": [ 316729.59229729505023, 180380.837507630465552 ] } },
{ "type": "Feature", "properties": { "name": "", "site_type": "car_park", "suitability": 0.8, "traffic_volume": 26555.0, "traffic_count_pts": 1, "traffic_demand_score": 0.2389 }, "geometry": { "type": "Point", "coordinates": [ 315506.45017833111342, 180693.523625259695109 ] } },
{ "type": "Feature", "properties": { "name": "", "site_type": "car_park", "suitability": 0.8, "traffic_volume": 26555.0, "traffic_count_pts": 1, "traffic_demand_score": 0.2389 }, "geometry": { "type": "Point", "coordinates": [ 315716.233268707874231, 180474.89650068921037 ] } },
{ "type": "Feature", "properties": { "name": "", "site_type": "car_park", "suitability": 0.8, "traffic_volume": 26555.0, "traffic_count_pts": 1, "traffic_demand_score": 0.2389 }, "geometry": { "type": "Point", "coordinates": [ 315788.225952710781712, 180489.928304860251956 ] } },
{ "type": "Feature", "properties": { "name": "", "site_type": "car_park", "suitability": 0.8, "traffic_volume": 0.0, "traffic_count_pts": 0, "traffic_demand_score": 0.0 }, "geometry": { "type": "Point", "coordinates": [ 316512.204751394107006, 180712.876083934039343 ] } },
{ "type": "Feature", "properties": { "name": "", "site_type": "car_park", "suitability": 0.8, "traffic_volume": 0.0, "traffic_count_pts": 0, "traffic_demand_score": 0.0 }, "geometry": { "type": "Point", "coordinates": [ 316033.251132249890361, 181028.394130531931296 ] } },
{ "type": "Feature", "properties": { "name": "", "site_type": "car_park", "suitability": 0.8, "traffic_volume": 0.0, "traffic_count_pts": 0, "traffic_demand_score": 0.0 }, "geometry": { "type": "Point", "coordinates": [ 315661.694491549627855, 181240.131194974237587 ] } },
{ "type": "Feature", "properties": { "name": "", "site_type": "car_park", "suitability": 0.8, "traffic_volume": 0.0, "traffic_count_pts": 0, "traffic_demand_score": 0.0 }, "geometry": { "type": "Point", "coordinates": [ 315744.043992958264425, 181293.028491860546637 ] } },
{ "type": "Feature", "properties": { "name": "", "site_type": "car_park", "suitability": 0.8, "traffic_volume": 0.0, "traffic_count_pts": 0, "traffic_demand_score": 0.0 }, "geometry": { "type": "Point", "coordinates": [ 316319.740359863848425, 180628.703089622955304 ] } },
{ "type": "Feature", "properties": { "name": "", "site_type": "car_park", "suitability": 0.8, "traffic_volume": 26555.0, "traffic_count_pts": 1, "traffic_demand_score": 0.2389 }, "geometry": { "type": "Point", "coordinates": [ 315755.941241689200979, 180380.45707491732901 ] } },
{ "type": "Feature", "properties": { "name": "", "site_type": "car_park", "suitability": 0.8, "traffic_volume": 26555.0, "traffic_count_pts": 1, "traffic_demand_score": 0.2389 }, "geometry": { "type": "Point", "coordinates": [ 315608.294116692384705, 180066.156057856685948 ] } },
{ "type": "Feature", "properties": { "name": "", "site_type": "car_park", "suitability": 0.8, "traffic_volume": 0.0, "traffic_count_pts": 0, "traffic_demand_score": 0.0 }, "geometry": { "type": "Point", "coordinates": [ 315543.390252558747306, 179898.466981530771591 ] } },
{ "type": "Feature", "properties": { "name": "", "site_type": "car_park", "suitability": 0.8, "traffic_volume": 0.0, "traffic_count_pts": 0, "traffic_demand_score": 0.0 }, "geometry": { "type": "Point", "coordinates": [ 315620.529261952382512, 179912.245404226530809 ] } },
{ "type": "Feature", "properties": { "name": "", "site_type": "car_park", "suitability": 0.8, "traffic_volume": 6771.0, "traffic_count_pts": 1, "traffic_demand_score": 0.0609 }, "geometry": { "type": "Point", "coordinates": [ 315152.588479773956351, 180248.791896084148902 ] } },
{ "type": "Feature", "properties": { "name": "", "site_type": "car_park", "suitability": 0.8, "traffic_volume": 0.0, "traffic_count_pts": 0, "traffic_demand_score": 0.0 }, "geometry": { "type": "Point", "coordinates": [ 316805.990377306356095, 179469.776334070251323 ] } },
{ "type": "Feature", "properties": { "name": "", "site_type": "car_park", "suitability": 0.8, "traffic_volume": 14625.0, "traffic_count_pts": 2, "traffic_demand_score": 0.1316 }, "geometry": { "type": "Point", "coordinates": [ 316833.044548675999977, 179893.292940251005348 ] } },
{ "type": "Feature", "properties": { "name": "", "site_type": "car_park", "suitability": 0.8, "traffic_volume": 0.0, "traffic_count_pts": 0, "traffic_demand_score": 0.0 }, "geometry": { "type": "Point", "coordinates": [ 315817.933009880711325, 179727.574973955575842 ] } },
{ "type": "Feature", "properties": { "name": "", "site_type": "car_park", "suitability": 0.8, "traffic_volume": 0.0, "traffic_count_pts": 0, "traffic_demand_score": 0.0 }, "geometry": { "type": "Point", "coordinates": [ 315712.551302633364685, 179719.456735916668549 ] } },
{ "type": "Feature", "properties": { "name": "", "site_type": "car_park", "suitability": 0.8, "traffic_volume": 29576.0, "traffic_count_pts": 1, "traffic_demand_score": 0.2661 }, "geometry": { "type": "Point", "coordinates": [ 319482.222144769504666, 176030.424599070043769 ] } },
{ "type": "Feature", "properties": { "name": "", "site_type": "car_park", "suitability": 0.8, "traffic_volume": 63916.0, "traffic_count_pts": 6, "traffic_demand_score": 0.575 }, "geometry": { "type": "Point", "coordinates": [ 318591.721212279633619, 175770.790376633813139 ] } },
{ "type": "Feature", "properties": { "name": "", "site_type": "car_park", "suitability": 0.8, "traffic_volume": 0.0, "traffic_count_pts": 0, "traffic_demand_score": 0.0 }, "geometry": { "type": "Point", "coordinates": [ 316639.900113182375208, 181428.77753740735352 ] } },
{ "type": "Feature", "properties": { "name": "", "site_type": "car_park", "suitability": 0.8, "traffic_volume": 0.0, "traffic_count_pts": 0, "traffic_demand_score": 0.0 }, "geometry": { "type": "Point", "coordinates": [ 317344.99318269896321, 181090.288539311964996 ] } },
{ "type": "Feature", "properties": { "name": "", "site_type": "car_park", "suitability": 0.8, "traffic_volume": 0.0, "traffic_count_pts": 0, "traffic_demand_score": 0.0 }, "geometry": { "type": "Point", "coordinates": [ 317442.672846109664533, 181038.970513797248714 ] } },
{ "type": "Feature", "properties": { "name": "", "site_type": "car_park", "suitability": 0.8, "traffic_volume": 0.0, "traffic_count_pts": 0, "traffic_demand_score": 0.0 }, "geometry": { "type": "Point", "coordinates": [ 317520.285083245893475, 181048.021788102807477 ] } },
{ "type": "Feature", "properties": { "name": "", "site_type": "car_park", "suitability": 0.8, "traffic_volume": 0.0, "traffic_count_pts": 0, "traffic_demand_score": 0.0 }, "geometry": { "type": "Point", "coordinates": [ 317388.261699041235261, 181383.420489711337723 ] } },
{ "type": "Feature", "properties": { "name": "", "site_type": "car_park", "suitability": 0.8, "traffic_volume": 0.0, "traffic_count_pts": 0, "traffic_demand_score": 0.0 }, "geometry": { "type": "Point", "coordinates": [ 317560.59269528533332, 181428.175865331431851 ] } },
{ "type": "Feature", "properties": { "name": "", "site_type": "car_park", "suitability": 0.8, "traffic_volume": 0.0, "traffic_count_pts": 0, "traffic_demand_score": 0.0 }, "geometry": { "type": "Point", "coordinates": [ 317581.287621580122504, 181360.979539454099722 ] } },
{ "type": "Feature", "properties": { "name": "", "site_type": "car_park", "suitability": 0.8, "traffic_volume": 0.0, "traffic_count_pts": 0, "traffic_demand_score": 0.0 }, "geometry": { "type": "Point", "coordinates": [ 317514.436483921599574, 181373.033638910623267 ] } },
{ "type": "Feature", "properties": { "name": "", "site_type": "car_park", "suitability": 0.8, "traffic_volume": 0.0, "traffic_count_pts": 0, "traffic_demand_score": 0.0 }, "geometry": { "type": "Point", "coordinates": [ 316964.405792854609899, 181052.511298137833364 ] } },
{ "type": "Feature", "properties": { "name": "", "site_type": "car_park", "suitability": 0.8, "traffic_volume": 0.0, "traffic_count_pts": 0, "traffic_demand_score": 0.0 }, "geometry": { "type": "Point", "coordinates": [ 317056.417559708992485, 181082.577059168368578 ] } },
{ "type": "Feature", "properties": { "name": "", "site_type": "car_park", "suitability": 0.8, "traffic_volume": 0.0, "traffic_count_pts": 0, "traffic_demand_score": 0.0 }, "geometry": { "type": "Point", "coordinates": [ 316981.720174358226359, 181162.463710553245619 ] } },
{ "type": "Feature", "properties": { "name": "", "site_type": "car_park", "suitability": 0.8, "traffic_volume": 0.0, "traffic_count_pts": 0, "traffic_demand_score": 0.0 }, "geometry": { "type": "Point", "coordinates": [ 317151.775518203445245, 181119.866327411320526 ] } },
{ "type": "Feature", "properties": { "name": "", "site_type": "car_park", "suitability": 0.8, "traffic_volume": 0.0, "traffic_count_pts": 0, "traffic_demand_score": 0.0 }, "geometry": { "type": "Point", "coordinates": [ 317165.701706984546036, 181171.746637004485819 ] } },
{ "type": "Feature", "properties": { "name": "", "site_type": "car_park", "suitability": 0.8, "traffic_volume": 0.0, "traffic_count_pts": 0, "traffic_demand_score": 0.0 }, "geometry": { "type": "Point", "coordinates": [ 317378.993738161749206, 181237.279679990722798 ] } },
{ "type": "Feature", "properties": { "name": "", "site_type": "car_park", "suitability": 0.8, "traffic_volume": 0.0, "traffic_count_pts": 0, "traffic_demand_score": 0.0 }, "geometry": { "type": "Point", "coordinates": [ 316893.977095843292773, 181081.70810260809958 ] } },
{ "type": "Feature", "properties": { "name": "", "site_type": "car_park", "suitability": 0.8, "traffic_volume": 0.0, "traffic_count_pts": 0, "traffic_demand_score": 0.0 }, "geometry": { "type": "Point", "coordinates": [ 316858.435392142448109, 181009.544292682025116 ] } },
{ "type": "Feature", "properties": { "name": "", "site_type": "car_park", "suitability": 0.8, "traffic_volume": 0.0, "traffic_count_pts": 0, "traffic_demand_score": 0.0 }, "geometry": { "type": "Point", "coordinates": [ 316845.535650122212246, 181247.198074393323623 ] } },
{ "type": "Feature", "properties": { "name": "", "site_type": "car_park", "suitability": 0.8, "traffic_volume": 0.0, "traffic_count_pts": 0, "traffic_demand_score": 0.0 }, "geometry": { "type": "Point", "coordinates": [ 316916.77341876400169, 181276.347511711763218 ] } },
{ "type": "Feature", "properties": { "name": "", "site_type": "car_park", "suitability": 0.8, "traffic_volume": 0.0, "traffic_count_pts": 0, "traffic_demand_score": 0.0 }, "geometry": { "type": "Point", "coordinates": [ 316995.622335056890734, 181286.903263647691347 ] } },
{ "type": "Feature", "properties": { "name": "", "site_type": "car_park", "suitability": 0.8, "traffic_volume": 0.0, "traffic_count_pts": 0, "traffic_demand_score": 0.0 }, "geometry": { "type": "Point", "coordinates": [ 316849.017853238736279, 181115.783973240701016 ] } },
{ "type": "Feature", "properties": { "name": "", "site_type": "car_park", "suitability": 0.8, "traffic_volume": 0.0, "traffic_count_pts": 0, "traffic_demand_score": 0.0 }, "geometry": { "type": "Point", "coordinates": [ 316860.058165105816443, 181358.966269531636499 ] } },
{ "type": "Feature", "properties": { "name": "", "site_type": "car_park", "suitability": 0.8, "traffic_volume": 0.0, "traffic_count_pts": 0, "traffic_demand_score": 0.0 }, "geometry": { "type": "Point", "coordinates": [ 316969.357853474852163, 181413.058373808977194 ] } },
{ "type": "Feature", "properties": { "name": "", "site_type": "car_park", "suitability": 0.8, "traffic_volume": 0.0, "traffic_count_pts": 0, "traffic_demand_score": 0.0 }, "geometry": { "type": "Point", "coordinates": [ 317023.652188473963179, 181432.854352614318486 ] } },
{ "type": "Feature", "properties": { "name": "", "site_type": "car_park", "suitability": 0.8, "traffic_volume": 0.0, "traffic_count_pts": 0, "traffic_demand_score": 0.0 }, "geometry": { "type": "Point", "coordinates": [ 316525.697814880637452, 182061.961330791935325 ] } },
{ "type": "Feature", "properties": { "name": "", "site_type": "car_park", "suitability": 0.8, "traffic_volume": 0.0, "traffic_count_pts": 0, "traffic_demand_score": 0.0 }, "geometry": { "type": "Point", "coordinates": [ 317014.317539842100814, 182099.260761439334601 ] } },
{ "type": "Feature", "properties": { "name": "", "site_type": "car_park", "suitability": 0.8, "traffic_volume": 0.0, "traffic_count_pts": 0, "traffic_demand_score": 0.0 }, "geometry": { "type": "Point", "coordinates": [ 316949.196327629615553, 182089.673394920595456 ] } },
{ "type": "Feature", "properties": { "name": "", "site_type": "car_park", "suitability": 0.8, "traffic_volume": 0.0, "traffic_count_pts": 0, "traffic_demand_score": 0.0 }, "geometry": { "type": "Point", "coordinates": [ 317611.215299083036371, 181731.022042175696697 ] } },
{ "type": "Feature", "properties": { "name": "", "site_type": "car_park", "suitability": 0.8, "traffic_volume": 0.0, "traffic_count_pts": 0, "traffic_demand_score": 0.0 }, "geometry": { "type": "Point", "coordinates": [ 314185.466378984274343, 178967.19264450162882 ] } },
{ "type": "Feature", "properties": { "name": "", "site_type": "car_park", "suitability": 0.8, "traffic_volume": 0.0, "traffic_count_pts": 0, "traffic_demand_score": 0.0 }, "geometry": { "type": "Point", "coordinates": [ 314127.723945649224333, 179023.665233852516394 ] } },
{ "type": "Feature", "properties": { "name": "", "site_type": "car_park", "suitability": 0.8, "traffic_volume": 0.0, "traffic_count_pts": 0, "traffic_demand_score": 0.0 }, "geometry": { "type": "Point", "coordinates": [ 316721.045232488657348, 181204.056031193351373 ] } },
{ "type": "Feature", "properties": { "name": "", "site_type": "car_park", "suitability": 0.8, "traffic_volume": 0.0, "traffic_count_pts": 0, "traffic_demand_score": 0.0 }, "geometry": { "type": "Point", "coordinates": [ 317789.935479229548946, 177777.291719536180608 ] } },
{ "type": "Feature", "properties": { "name": "", "site_type": "car_park", "suitability": 0.8, "traffic_volume": 0.0, "traffic_count_pts": 0, "traffic_demand_score": 0.0 }, "geometry": { "type": "Point", "coordinates": [ 317628.73041727358941, 177653.833088726270944 ] } },
{ "type": "Feature", "properties": { "name": "", "site_type": "car_park", "suitability": 0.8, "traffic_volume": 0.0, "traffic_count_pts": 0, "traffic_demand_score": 0.0 }, "geometry": { "type": "Point", "coordinates": [ 318182.901939567411318, 177495.298076075036079 ] } },
{ "type": "Feature", "properties": { "name": "", "site_type": "car_park", "suitability": 0.8, "traffic_volume": 0.0, "traffic_count_pts": 0, "traffic_demand_score": 0.0 }, "geometry": { "type": "Point", "coordinates": [ 318284.355436020181514, 177548.539745168352965 ] } },
{ "type": "Feature", "properties": { "name": "", "site_type": "car_park", "suitability": 0.8, "traffic_volume": 0.0, "traffic_count_pts": 0, "traffic_demand_score": 0.0 }, "geometry": { "type": "Point", "coordinates": [ 316712.704006637388375, 181285.308478713093791 ] } },
{ "type": "Feature", "properties": { "name": "", "site_type": "car_park", "suitability": 0.8, "traffic_volume": 0.0, "traffic_count_pts": 0, "traffic_demand_score": 0.0 }, "geometry": { "type": "Point", "coordinates": [ 316776.894621604820713, 181238.536881702719256 ] } },
{ "type": "Feature", "properties": { "name": "", "site_type": "car_park", "suitability": 0.8, "traffic_volume": 0.0, "traffic_count_pts": 0, "traffic_demand_score": 0.0 }, "geometry": { "type": "Point", "coordinates": [ 316467.100836591154803, 183576.890658501069993 ] } },
{ "type": "Feature", "properties": { "name": "", "site_type": "car_park", "suitability": 0.8, "traffic_volume": 0.0, "traffic_count_pts": 0, "traffic_demand_score": 0.0 }, "geometry": { "type": "Point", "coordinates": [ 319696.745690921787173, 182348.217536661424674 ] } },
{ "type": "Feature", "properties": { "name": "", "site_type": "car_park", "suitability": 0.8, "traffic_volume": 0.0, "traffic_count_pts": 0, "traffic_demand_score": 0.0 }, "geometry": { "type": "Point", "coordinates": [ 319779.156231004511937, 182151.050277490692679 ] } },
{ "type": "Feature", "properties": { "name": "", "site_type": "car_park", "suitability": 0.8, "traffic_volume": 0.0, "traffic_count_pts": 0, "traffic_demand_score": 0.0 }, "geometry": { "type": "Point", "coordinates": [ 320643.898643263732083, 181849.510244907112792 ] } },
{ "type": "Feature", "properties": { "name": "", "site_type": "car_park", "suitability": 0.8, "traffic_volume": 0.0, "traffic_count_pts": 0, "traffic_demand_score": 0.0 }, "geometry": { "type": "Point", "coordinates": [ 320882.117402078059968, 181843.705721365229692 ] } },
{ "type": "Feature", "properties": { "name": "", "site_type": "car_park", "suitability": 0.8, "traffic_volume": 0.0, "traffic_count_pts": 0, "traffic_demand_score": 0.0 }, "geometry": { "type": "Point", "coordinates": [ 320838.489852334139869, 181773.312483485147823 ] } },
{ "type": "Feature", "properties": { "name": "", "site_type": "car_park", "suitability": 0.8, "traffic_volume": 0.0, "traffic_count_pts": 0, "traffic_demand_score": 0.0 }, "geometry": { "type": "Point", "coordinates": [ 320864.390013107971754, 181718.143565119768027 ] } },
{ "type": "Feature", "properties": { "name": "", "site_type": "car_park", "suitability": 0.8, "traffic_volume": 0.0, "traffic_count_pts": 0, "traffic_demand_score": 0.0 }, "geometry": { "type": "Point", "coordinates": [ 320607.140891223330982, 180993.904173624236137 ] } },
{ "type": "Feature", "properties": { "name": "", "site_type": "car_park", "suitability": 0.8, "traffic_volume": 0.0, "traffic_count_pts": 0, "traffic_demand_score": 0.0 }, "geometry": { "type": "Point", "coordinates": [ 321113.587771633232478, 182577.672188463446219 ] } },
{ "type": "Feature", "properties": { "name": "", "site_type": "car_park", "suitability": 0.8, "traffic_volume": 0.0, "traffic_count_pts": 0, "traffic_demand_score": 0.0 }, "geometry": { "type": "Point", "coordinates": [ 320940.524696812441107, 181255.830592040030751 ] } },
{ "type": "Feature", "properties": { "name": "", "site_type": "car_park", "suitability": 0.8, "traffic_volume": 0.0, "traffic_count_pts": 0, "traffic_demand_score": 0.0 }, "geometry": { "type": "Point", "coordinates": [ 320781.337762706680223, 181381.879249438236002 ] } },
{ "type": "Feature", "properties": { "name": "", "site_type": "car_park", "suitability": 0.8, "traffic_volume": 0.0, "traffic_count_pts": 0, "traffic_demand_score": 0.0 }, "geometry": { "type": "Point", "coordinates": [ 320951.393905986100435, 181625.866454823408276 ] } },
{ "type": "Feature", "properties": { "name": "", "site_type": "car_park", "suitability": 0.8, "traffic_volume": 0.0, "traffic_count_pts": 0, "traffic_demand_score": 0.0 }, "geometry": { "type": "Point", "coordinates": [ 321078.347050929674879, 181733.972819694085047 ] } },
{ "type": "Feature", "properties": { "name": "", "site_type": "car_park", "suitability": 0.8, "traffic_volume": 171.0, "traffic_count_pts": 1, "traffic_demand_score": 0.0015 }, "geometry": { "type": "Point", "coordinates": [ 316649.729025626380462, 180495.267669093853328 ] } },
{ "type": "Feature", "properties": { "name": "", "site_type": "car_park", "suitability": 0.8, "traffic_volume": 29576.0, "traffic_count_pts": 1, "traffic_demand_score": 0.2661 }, "geometry": { "type": "Point", "coordinates": [ 319618.543346551829018, 175882.20855105726514 ] } },
{ "type": "Feature", "properties": { "name": "", "site_type": "car_park", "suitability": 0.8, "traffic_volume": 0.0, "traffic_count_pts": 0, "traffic_demand_score": 0.0 }, "geometry": { "type": "Point", "coordinates": [ 318201.206457403372042, 179581.861957908782642 ] } },
{ "type": "Feature", "properties": { "name": "", "site_type": "car_park", "suitability": 0.8, "traffic_volume": 0.0, "traffic_count_pts": 0, "traffic_demand_score": 0.0 }, "geometry": { "type": "Point", "coordinates": [ 318175.766771700698882, 179634.835439661808778 ] } },
{ "type": "Feature", "properties": { "name": "", "site_type": "car_park", "suitability": 0.8, "traffic_volume": 0.0, "traffic_count_pts": 0, "traffic_demand_score": 0.0 }, "geometry": { "type": "Point", "coordinates": [ 318133.865815340308473, 179710.172872190363705 ] } },
{ "type": "Feature", "properties": { "name": "", "site_type": "car_park", "suitability": 0.8, "traffic_volume": 0.0, "traffic_count_pts": 0, "traffic_demand_score": 0.0 }, "geometry": { "type": "Point", "coordinates": [ 318086.441366101615131, 179608.97315352660371 ] } },
{ "type": "Feature", "properties": { "name": "", "site_type": "car_park", "suitability": 0.8, "traffic_volume": 15222.0, "traffic_count_pts": 1, "traffic_demand_score": 0.1369 }, "geometry": { "type": "Point", "coordinates": [ 317617.583214743819553, 178539.108014655241277 ] } },
{ "type": "Feature", "properties": { "name": "", "site_type": "car_park", "suitability": 0.8, "traffic_volume": 0.0, "traffic_count_pts": 0, "traffic_demand_score": 0.0 }, "geometry": { "type": "Point", "coordinates": [ 317476.183475710742641, 178505.079706263320986 ] } },
{ "type": "Feature", "properties": { "name": "", "site_type": "car_park", "suitability": 0.8, "traffic_volume": 0.0, "traffic_count_pts": 0, "traffic_demand_score": 0.0 }, "geometry": { "type": "Point", "coordinates": [ 317605.158870298066176, 178626.610191987536382 ] } },
{ "type": "Feature", "properties": { "name": "", "site_type": "car_park", "suitability": 0.8, "traffic_volume": 27854.0, "traffic_count_pts": 2, "traffic_demand_score": 0.2506 }, "geometry": { "type": "Point", "coordinates": [ 315929.386757953790948, 177062.749626494187396 ] } },
{ "type": "Feature", "properties": { "name": "", "site_type": "car_park", "suitability": 0.8, "traffic_volume": 0.0, "traffic_count_pts": 0, "traffic_demand_score": 0.0 }, "geometry": { "type": "Point", "coordinates": [ 316032.247506830317434, 175291.397192305594217 ] } },
{ "type": "Feature", "properties": { "name": "", "site_type": "car_park", "suitability": 0.8, "traffic_volume": 0.0, "traffic_count_pts": 0, "traffic_demand_score": 0.0 }, "geometry": { "type": "Point", "coordinates": [ 316046.050381653942168, 175420.027924698719289 ] } },
{ "type": "Feature", "properties": { "name": "", "site_type": "car_park", "suitability": 0.8, "traffic_volume": 0.0, "traffic_count_pts": 0, "traffic_demand_score": 0.0 }, "geometry": { "type": "Point", "coordinates": [ 315981.699046531808563, 175406.077347770624328 ] } },
{ "type": "Feature", "properties": { "name": "", "site_type": "car_park", "suitability": 0.8, "traffic_volume": 11467.0, "traffic_count_pts": 1, "traffic_demand_score": 0.1032 }, "geometry": { "type": "Point", "coordinates": [ 316294.032835515099578, 175638.092328183352947 ] } },
{ "type": "Feature", "properties": { "name": "", "site_type": "car_park", "suitability": 0.8, "traffic_volume": 0.0, "traffic_count_pts": 0, "traffic_demand_score": 0.0 }, "geometry": { "type": "Point", "coordinates": [ 314979.218890885415021, 178815.512783037265763 ] } },
{ "type": "Feature", "properties": { "name": "", "site_type": "car_park", "suitability": 0.8, "traffic_volume": 0.0, "traffic_count_pts": 0, "traffic_demand_score": 0.0 }, "geometry": { "type": "Point", "coordinates": [ 313472.072230185614899, 178277.490202362532727 ] } },
{ "type": "Feature", "properties": { "name": "", "site_type": "car_park", "suitability": 0.8, "traffic_volume": 0.0, "traffic_count_pts": 0, "traffic_demand_score": 0.0 }, "geometry": { "type": "Point", "coordinates": [ 318196.738752883858979, 179826.154953741526697 ] } },
{ "type": "Feature", "properties": { "name": "", "site_type": "car_park", "suitability": 0.8, "traffic_volume": 0.0, "traffic_count_pts": 0, "traffic_demand_score": 0.0 }, "geometry": { "type": "Point", "coordinates": [ 319014.974070513737388, 179107.994991125480738 ] } },
{ "type": "Feature", "properties": { "name": "", "site_type": "car_park", "suitability": 0.8, "traffic_volume": 0.0, "traffic_count_pts": 0, "traffic_demand_score": 0.0 }, "geometry": { "type": "Point", "coordinates": [ 319501.614016542444006, 179581.189511152799241 ] } },
{ "type": "Feature", "properties": { "name": "", "site_type": "car_park", "suitability": 0.8, "traffic_volume": 0.0, "traffic_count_pts": 0, "traffic_demand_score": 0.0 }, "geometry": { "type": "Point", "coordinates": [ 319555.649130118719768, 179685.996046310174279 ] } },
{ "type": "Feature", "properties": { "name": "", "site_type": "car_park", "suitability": 0.8, "traffic_volume": 0.0, "traffic_count_pts": 0, "traffic_demand_score": 0.0 }, "geometry": { "type": "Point", "coordinates": [ 319354.740844543324783, 179712.429008383187465 ] } },
{ "type": "Feature", "properties": { "name": "", "site_type": "car_park", "suitability": 0.8, "traffic_volume": 0.0, "traffic_count_pts": 0, "traffic_demand_score": 0.0 }, "geometry": { "type": "Point", "coordinates": [ 319350.878147006733343, 179767.873677537485491 ] } },
{ "type": "Feature", "properties": { "name": "", "site_type": "car_park", "suitability": 0.8, "traffic_volume": 0.0, "traffic_count_pts": 0, "traffic_demand_score": 0.0 }, "geometry": { "type": "Point", "coordinates": [ 319422.484503922052681, 179889.804883707896806 ] } },
{ "type": "Feature", "properties": { "name": "", "site_type": "car_park", "suitability": 0.8, "traffic_volume": 0.0, "traffic_count_pts": 0, "traffic_demand_score": 0.0 }, "geometry": { "type": "Point", "coordinates": [ 319536.749386524432339, 179502.448973570601083 ] } },
{ "type": "Feature", "properties": { "name": "", "site_type": "car_park", "suitability": 0.8, "traffic_volume": 0.0, "traffic_count_pts": 0, "traffic_demand_score": 0.0 }, "geometry": { "type": "Point", "coordinates": [ 319487.366941858723294, 179517.4913245360367 ] } },
{ "type": "Feature", "properties": { "name": "", "site_type": "car_park", "suitability": 0.8, "traffic_volume": 0.0, "traffic_count_pts": 0, "traffic_demand_score": 0.0 }, "geometry": { "type": "Point", "coordinates": [ 319250.103253937209956, 181407.229257541708648 ] } },
{ "type": "Feature", "properties": { "name": "", "site_type": "car_park", "suitability": 0.8, "traffic_volume": 41565.0, "traffic_count_pts": 4, "traffic_demand_score": 0.3739 }, "geometry": { "type": "Point", "coordinates": [ 317813.378421535540838, 175243.463916183682159 ] } },
{ "type": "Feature", "properties": { "name": "", "site_type": "car_park", "suitability": 0.8, "traffic_volume": 27000.0, "traffic_count_pts": 3, "traffic_demand_score": 0.2429 }, "geometry": { "type": "Point", "coordinates": [ 317854.222380904830061, 175284.297061041987035 ] } },
{ "type": "Feature", "properties": { "name": "", "site_type": "car_park", "suitability": 0.8, "traffic_volume": 27000.0, "traffic_count_pts": 3, "traffic_demand_score": 0.2429 }, "geometry": { "type": "Point", "coordinates": [ 317926.443081973760854, 175287.557967719796579 ] } },
{ "type": "Feature", "properties": { "name": "", "site_type": "car_park", "suitability": 0.8, "traffic_volume": 27000.0, "traffic_count_pts": 3, "traffic_demand_score": 0.2429 }, "geometry": { "type": "Point", "coordinates": [ 317955.550158253754489, 175240.725209884170908 ] } },
{ "type": "Feature", "properties": { "name": "", "site_type": "car_park", "suitability": 0.8, "traffic_volume": 27000.0, "traffic_count_pts": 3, "traffic_demand_score": 0.2429 }, "geometry": { "type": "Point", "coordinates": [ 317903.73497336829314, 175337.783659126842394 ] } },
{ "type": "Feature", "properties": { "name": "", "site_type": "car_park", "suitability": 0.8, "traffic_volume": 58916.0, "traffic_count_pts": 2, "traffic_demand_score": 0.53 }, "geometry": { "type": "Point", "coordinates": [ 319271.473366592195816, 175988.053742839605547 ] } },
{ "type": "Feature", "properties": { "name": "", "site_type": "car_park", "suitability": 0.8, "traffic_volume": 6345.0, "traffic_count_pts": 1, "traffic_demand_score": 0.0571 }, "geometry": { "type": "Point", "coordinates": [ 317916.245744760206435, 174711.805782291397918 ] } },
{ "type": "Feature", "properties": { "name": "", "site_type": "car_park", "suitability": 0.8, "traffic_volume": 7090.0, "traffic_count_pts": 1, "traffic_demand_score": 0.0638 }, "geometry": { "type": "Point", "coordinates": [ 317624.437997205299325, 175690.656100598105695 ] } },
{ "type": "Feature", "properties": { "name": "", "site_type": "car_park", "suitability": 0.8, "traffic_volume": 46857.0, "traffic_count_pts": 1, "traffic_demand_score": 0.4215 }, "geometry": { "type": "Point", "coordinates": [ 318101.424531927681528, 173790.589856627397239 ] } },
{ "type": "Feature", "properties": { "name": "", "site_type": "car_park", "suitability": 0.8, "traffic_volume": 0.0, "traffic_count_pts": 0, "traffic_demand_score": 0.0 }, "geometry": { "type": "Point", "coordinates": [ 318063.462665804894641, 173745.52894673141418 ] } },
{ "type": "Feature", "properties": { "name": "", "site_type": "car_park", "suitability": 0.8, "traffic_volume": 21655.0, "traffic_count_pts": 2, "traffic_demand_score": 0.1948 }, "geometry": { "type": "Point", "coordinates": [ 317433.819649346522056, 175437.181859775446355 ] } },
{ "type": "Feature", "properties": { "name": "", "site_type": "car_park", "suitability": 0.8, "traffic_volume": 21655.0, "traffic_count_pts": 2, "traffic_demand_score": 0.1948 }, "geometry": { "type": "Point", "coordinates": [ 317498.54956378263887, 175251.264166746346746 ] } },
{ "type": "Feature", "properties": { "name": "", "site_type": "car_park", "suitability": 0.8, "traffic_volume": 0.0, "traffic_count_pts": 0, "traffic_demand_score": 0.0 }, "geometry": { "type": "Point", "coordinates": [ 317396.717767148977146, 177929.019474345317576 ] } },
{ "type": "Feature", "properties": { "name": "", "site_type": "car_park", "suitability": 0.8, "traffic_volume": 0.0, "traffic_count_pts": 0, "traffic_demand_score": 0.0 }, "geometry": { "type": "Point", "coordinates": [ 317405.45738489436917, 177985.90062788897194 ] } },
{ "type": "Feature", "properties": { "name": "", "site_type": "car_park", "suitability": 0.8, "traffic_volume": 0.0, "traffic_count_pts": 0, "traffic_demand_score": 0.0 }, "geometry": { "type": "Point", "coordinates": [ 319303.095367632457055, 178143.112758822157048 ] } },
{ "type": "Feature", "properties": { "name": "", "site_type": "car_park", "suitability": 0.8, "traffic_volume": 0.0, "traffic_count_pts": 0, "traffic_demand_score": 0.0 }, "geometry": { "type": "Point", "coordinates": [ 321165.680506880860776, 183086.931693577847909 ] } },
{ "type": "Feature", "properties": { "name": "", "site_type": "car_park", "suitability": 0.8, "traffic_volume": 0.0, "traffic_count_pts": 0, "traffic_demand_score": 0.0 }, "geometry": { "type": "Point", "coordinates": [ 321412.454172945115715, 183165.888720402494073 ] } },
{ "type": "Feature", "properties": { "name": "", "site_type": "car_park", "suitability": 0.8, "traffic_volume": 0.0, "traffic_count_pts": 0, "traffic_demand_score": 0.0 }, "geometry": { "type": "Point", "coordinates": [ 321517.551019241800532, 183125.395050779450685 ] } },
{ "type": "Feature", "properties": { "name": "", "site_type": "car_park", "suitability": 0.8, "traffic_volume": 0.0, "traffic_count_pts": 0, "traffic_demand_score": 0.0 }, "geometry": { "type": "Point", "coordinates": [ 321670.605404891306534, 183033.38758303259965 ] } },
{ "type": "Feature", "properties": { "name": "", "site_type": "car_park", "suitability": 0.8, "traffic_volume": 0.0, "traffic_count_pts": 0, "traffic_demand_score": 0.0 }, "geometry": { "type": "Point", "coordinates": [ 321165.721058948314749, 182971.486273392394651 ] } },
{ "type": "Feature", "properties": { "name": "", "site_type": "car_park", "suitability": 0.8, "traffic_volume": 0.0, "traffic_count_pts": 0, "traffic_demand_score": 0.0 }, "geometry": { "type": "Point", "coordinates": [ 321298.385392524825875, 182977.617738629400264 ] } },
{ "type": "Feature", "properties": { "name": "", "site_type": "car_park", "suitability": 0.8, "traffic_volume": 0.0, "traffic_count_pts": 0, "traffic_demand_score": 0.0 }, "geometry": { "type": "Point", "coordinates": [ 321275.1931333039538, 183042.927622749935836 ] } },
{ "type": "Feature", "properties": { "name": "", "site_type": "car_park", "suitability": 0.8, "traffic_volume": 0.0, "traffic_count_pts": 0, "traffic_demand_score": 0.0 }, "geometry": { "type": "Point", "coordinates": [ 321402.718850696750451, 183020.142019584192894 ] } },
{ "type": "Feature", "properties": { "name": "", "site_type": "car_park", "suitability": 0.8, "traffic_volume": 0.0, "traffic_count_pts": 0, "traffic_demand_score": 0.0 }, "geometry": { "type": "Point", "coordinates": [ 321227.395701828063466, 182886.676100193697494 ] } },
{ "type": "Feature", "properties": { "name": "", "site_type": "car_park", "suitability": 0.8, "traffic_volume": 19875.0, "traffic_count_pts": 1, "traffic_demand_score": 0.1788 }, "geometry": { "type": "Point", "coordinates": [ 319928.500415321381297, 174520.20451103587402 ] } },
{ "type": "Feature", "properties": { "name": "", "site_type": "car_park", "suitability": 0.8, "traffic_volume": 0.0, "traffic_count_pts": 0, "traffic_demand_score": 0.0 }, "geometry": { "type": "Point", "coordinates": [ 319448.876628702622838, 173350.908896364388056 ] } },
{ "type": "Feature", "properties": { "name": "", "site_type": "car_park", "suitability": 0.8, "traffic_volume": 64619.0, "traffic_count_pts": 2, "traffic_demand_score": 0.5813 }, "geometry": { "type": "Point", "coordinates": [ 319745.026899217511527, 174626.61619675863767 ] } },
{ "type": "Feature", "properties": { "name": "", "site_type": "car_park", "suitability": 0.8, "traffic_volume": 64619.0, "traffic_count_pts": 2, "traffic_demand_score": 0.5813 }, "geometry": { "type": "Point", "coordinates": [ 319708.410368529497646, 174680.642561884305906 ] } },
{ "type": "Feature", "properties": { "name": "", "site_type": "car_park", "suitability": 0.8, "traffic_volume": 64619.0, "traffic_count_pts": 2, "traffic_demand_score": 0.5813 }, "geometry": { "type": "Point", "coordinates": [ 319724.99133362818975, 174732.662960055167787 ] } },
{ "type": "Feature", "properties": { "name": "", "site_type": "car_park", "suitability": 0.8, "traffic_volume": 0.0, "traffic_count_pts": 0, "traffic_demand_score": 0.0 }, "geometry": { "type": "Point", "coordinates": [ 319645.564081541087944, 174217.353244394005742 ] } },
{ "type": "Feature", "properties": { "name": "Roath Lock Studios East Car Park", "site_type": "car_park", "suitability": 0.8, "traffic_volume": 0.0, "traffic_count_pts": 0, "traffic_demand_score": 0.0 }, "geometry": { "type": "Point", "coordinates": [ 319838.349044375936501, 174393.182825372030493 ] } },
{ "type": "Feature", "properties": { "name": "", "site_type": "car_park", "suitability": 0.8, "traffic_volume": 46857.0, "traffic_count_pts": 1, "traffic_demand_score": 0.4215 }, "geometry": { "type": "Point", "coordinates": [ 318879.253346012614202, 174284.821640054928139 ] } },
{ "type": "Feature", "properties": { "name": "", "site_type": "car_park", "suitability": 0.8, "traffic_volume": 46857.0, "traffic_count_pts": 1, "traffic_demand_score": 0.4215 }, "geometry": { "type": "Point", "coordinates": [ 318794.366211364394985, 174198.693476752028801 ] } },
{ "type": "Feature", "properties": { "name": "", "site_type": "car_park", "suitability": 0.8, "traffic_volume": 46857.0, "traffic_count_pts": 1, "traffic_demand_score": 0.4215 }, "geometry": { "type": "Point", "coordinates": [ 318740.302746849192772, 174173.486153041827492 ] } },
{ "type": "Feature", "properties": { "name": "", "site_type": "car_park", "suitability": 0.8, "traffic_volume": 0.0, "traffic_count_pts": 0, "traffic_demand_score": 0.0 }, "geometry": { "type": "Point", "coordinates": [ 319065.087530124699697, 174594.703097780235112 ] } },
{ "type": "Feature", "properties": { "name": "", "site_type": "car_park", "suitability": 0.8, "traffic_volume": 0.0, "traffic_count_pts": 0, "traffic_demand_score": 0.0 }, "geometry": { "type": "Point", "coordinates": [ 319015.90653247165028, 174542.860569445881993 ] } },
{ "type": "Feature", "properties": { "name": "", "site_type": "car_park", "suitability": 0.8, "traffic_volume": 0.0, "traffic_count_pts": 0, "traffic_demand_score": 0.0 }, "geometry": { "type": "Point", "coordinates": [ 318962.186332238721661, 174515.578589138458483 ] } },
{ "type": "Feature", "properties": { "name": "", "site_type": "car_park", "suitability": 0.8, "traffic_volume": 0.0, "traffic_count_pts": 0, "traffic_demand_score": 0.0 }, "geometry": { "type": "Point", "coordinates": [ 319063.032404223748017, 174495.8750853597885 ] } },
{ "type": "Feature", "properties": { "name": "", "site_type": "car_park", "suitability": 0.8, "traffic_volume": 0.0, "traffic_count_pts": 0, "traffic_demand_score": 0.0 }, "geometry": { "type": "Point", "coordinates": [ 318936.540458066621795, 174620.201753944973461 ] } },
{ "type": "Feature", "properties": { "name": "", "site_type": "car_park", "suitability": 0.8, "traffic_volume": 1638.0, "traffic_count_pts": 1, "traffic_demand_score": 0.0147 }, "geometry": { "type": "Point", "coordinates": [ 318905.873616104363464, 174683.618647316296119 ] } },
{ "type": "Feature", "properties": { "name": "", "site_type": "car_park", "suitability": 0.8, "traffic_volume": 0.0, "traffic_count_pts": 0, "traffic_demand_score": 0.0 }, "geometry": { "type": "Point", "coordinates": [ 319002.677911920938641, 174611.403229765070137 ] } },
{ "type": "Feature", "properties": { "name": "", "site_type": "car_park", "suitability": 0.8, "traffic_volume": 1638.0, "traffic_count_pts": 1, "traffic_demand_score": 0.0147 }, "geometry": { "type": "Point", "coordinates": [ 319043.52496813738253, 174659.590035048138816 ] } },
{ "type": "Feature", "properties": { "name": "", "site_type": "car_park", "suitability": 0.8, "traffic_volume": 64619.0, "traffic_count_pts": 2, "traffic_demand_score": 0.5813 }, "geometry": { "type": "Point", "coordinates": [ 319942.37148226192221, 175070.832166983222123 ] } },
{ "type": "Feature", "properties": { "name": "", "site_type": "car_park", "suitability": 0.8, "traffic_volume": 64619.0, "traffic_count_pts": 2, "traffic_demand_score": 0.5813 }, "geometry": { "type": "Point", "coordinates": [ 319885.699144172249362, 175229.364446369116195 ] } },
{ "type": "Feature", "properties": { "name": "", "site_type": "car_park", "suitability": 0.8, "traffic_volume": 64619.0, "traffic_count_pts": 2, "traffic_demand_score": 0.5813 }, "geometry": { "type": "Point", "coordinates": [ 319815.231083711783867, 175315.464825042814482 ] } },
{ "type": "Feature", "properties": { "name": "", "site_type": "car_park", "suitability": 0.8, "traffic_volume": 64619.0, "traffic_count_pts": 2, "traffic_demand_score": 0.5813 }, "geometry": { "type": "Point", "coordinates": [ 319806.091484211501665, 175226.328701589431148 ] } },
{ "type": "Feature", "properties": { "name": "", "site_type": "car_park", "suitability": 0.8, "traffic_volume": 64619.0, "traffic_count_pts": 2, "traffic_demand_score": 0.5813 }, "geometry": { "type": "Point", "coordinates": [ 319726.626006908190902, 175345.458295236399863 ] } },
{ "type": "Feature", "properties": { "name": "", "site_type": "car_park", "suitability": 0.8, "traffic_volume": 19875.0, "traffic_count_pts": 1, "traffic_demand_score": 0.1788 }, "geometry": { "type": "Point", "coordinates": [ 319977.702023048186675, 175442.065163194260094 ] } },
{ "type": "Feature", "properties": { "name": "", "site_type": "car_park", "suitability": 0.8, "traffic_volume": 19875.0, "traffic_count_pts": 1, "traffic_demand_score": 0.1788 }, "geometry": { "type": "Point", "coordinates": [ 320188.951213943131734, 175244.56822633498814 ] } },
{ "type": "Feature", "properties": { "name": "", "site_type": "car_park", "suitability": 0.8, "traffic_volume": 0.0, "traffic_count_pts": 0, "traffic_demand_score": 0.0 }, "geometry": { "type": "Point", "coordinates": [ 320242.392735741101205, 175548.247580366092734 ] } },
{ "type": "Feature", "properties": { "name": "", "site_type": "car_park", "suitability": 0.8, "traffic_volume": 0.0, "traffic_count_pts": 0, "traffic_demand_score": 0.0 }, "geometry": { "type": "Point", "coordinates": [ 320078.420190216391347, 175524.708355727838352 ] } },
{ "type": "Feature", "properties": { "name": "", "site_type": "car_park", "suitability": 0.8, "traffic_volume": 0.0, "traffic_count_pts": 0, "traffic_demand_score": 0.0 }, "geometry": { "type": "Point", "coordinates": [ 320305.081032607587986, 175558.241093562275637 ] } },
{ "type": "Feature", "properties": { "name": "", "site_type": "car_park", "suitability": 0.8, "traffic_volume": 19875.0, "traffic_count_pts": 1, "traffic_demand_score": 0.1788 }, "geometry": { "type": "Point", "coordinates": [ 320082.954259849153459, 175240.731424405006692 ] } },
{ "type": "Feature", "properties": { "name": "", "site_type": "car_park", "suitability": 0.8, "traffic_volume": 29576.0, "traffic_count_pts": 1, "traffic_demand_score": 0.2661 }, "geometry": { "type": "Point", "coordinates": [ 319319.296632483834401, 175837.495701616455335 ] } },
{ "type": "Feature", "properties": { "name": "", "site_type": "car_park", "suitability": 0.8, "traffic_volume": 29576.0, "traffic_count_pts": 1, "traffic_demand_score": 0.2661 }, "geometry": { "type": "Point", "coordinates": [ 319492.017963357968256, 175898.195782863360364 ] } },
{ "type": "Feature", "properties": { "name": "", "site_type": "car_park", "suitability": 0.8, "traffic_volume": 29576.0, "traffic_count_pts": 1, "traffic_demand_score": 0.2661 }, "geometry": { "type": "Point", "coordinates": [ 319598.228965769987553, 175829.367919346201234 ] } },
{ "type": "Feature", "properties": { "name": "", "site_type": "car_park", "suitability": 0.8, "traffic_volume": 29576.0, "traffic_count_pts": 1, "traffic_demand_score": 0.2661 }, "geometry": { "type": "Point", "coordinates": [ 319675.979358674259856, 175777.703395431279205 ] } },
{ "type": "Feature", "properties": { "name": "", "site_type": "car_park", "suitability": 0.8, "traffic_volume": 29576.0, "traffic_count_pts": 1, "traffic_demand_score": 0.2661 }, "geometry": { "type": "Point", "coordinates": [ 319602.738606315979268, 176017.16849778057076 ] } },
{ "type": "Feature", "properties": { "name": "", "site_type": "car_park", "suitability": 0.8, "traffic_volume": 0.0, "traffic_count_pts": 0, "traffic_demand_score": 0.0 }, "geometry": { "type": "Point", "coordinates": [ 320103.834129115799442, 175785.242340157215949 ] } },
{ "type": "Feature", "properties": { "name": "", "site_type": "car_park", "suitability": 0.8, "traffic_volume": 0.0, "traffic_count_pts": 0, "traffic_demand_score": 0.0 }, "geometry": { "type": "Point", "coordinates": [ 320363.784336714074016, 175831.570675847236998 ] } },
{ "type": "Feature", "properties": { "name": "", "site_type": "car_park", "suitability": 0.8, "traffic_volume": 0.0, "traffic_count_pts": 0, "traffic_demand_score": 0.0 }, "geometry": { "type": "Point", "coordinates": [ 320254.004869675554801, 175760.180047200643457 ] } },
{ "type": "Feature", "properties": { "name": "", "site_type": "car_park", "suitability": 0.8, "traffic_volume": 0.0, "traffic_count_pts": 0, "traffic_demand_score": 0.0 }, "geometry": { "type": "Point", "coordinates": [ 320302.988463233574294, 175818.903799472958781 ] } },
{ "type": "Feature", "properties": { "name": "", "site_type": "car_park", "suitability": 0.8, "traffic_volume": 0.0, "traffic_count_pts": 0, "traffic_demand_score": 0.0 }, "geometry": { "type": "Point", "coordinates": [ 320349.260104929096997, 175887.162198345584329 ] } },
{ "type": "Feature", "properties": { "name": "", "site_type": "car_park", "suitability": 0.8, "traffic_volume": 0.0, "traffic_count_pts": 0, "traffic_demand_score": 0.0 }, "geometry": { "type": "Point", "coordinates": [ 320305.199054296128452, 175914.042674142809119 ] } },
{ "type": "Feature", "properties": { "name": "", "site_type": "car_park", "suitability": 0.8, "traffic_volume": 0.0, "traffic_count_pts": 0, "traffic_demand_score": 0.0 }, "geometry": { "type": "Point", "coordinates": [ 320306.997518190764822, 176071.366476549475919 ] } },
{ "type": "Feature", "properties": { "name": "", "site_type": "car_park", "suitability": 0.8, "traffic_volume": 0.0, "traffic_count_pts": 0, "traffic_demand_score": 0.0 }, "geometry": { "type": "Point", "coordinates": [ 320382.809070697694551, 176113.320012938638683 ] } },
{ "type": "Feature", "properties": { "name": "", "site_type": "car_park", "suitability": 0.8, "traffic_volume": 0.0, "traffic_count_pts": 0, "traffic_demand_score": 0.0 }, "geometry": { "type": "Point", "coordinates": [ 320338.04856163734803, 176022.656462527578697 ] } },
{ "type": "Feature", "properties": { "name": "", "site_type": "car_park", "suitability": 0.8, "traffic_volume": 64619.0, "traffic_count_pts": 2, "traffic_demand_score": 0.5813 }, "geometry": { "type": "Point", "coordinates": [ 320008.614640975254588, 175290.529926393879578 ] } },
{ "type": "Feature", "properties": { "name": "", "site_type": "car_park", "suitability": 0.8, "traffic_volume": 24718.0, "traffic_count_pts": 2, "traffic_demand_score": 0.2224 }, "geometry": { "type": "Point", "coordinates": [ 315436.516651171492413, 177822.997969250136521 ] } },
{ "type": "Feature", "properties": { "name": "", "site_type": "car_park", "suitability": 0.8, "traffic_volume": 0.0, "traffic_count_pts": 0, "traffic_demand_score": 0.0 }, "geometry": { "type": "Point", "coordinates": [ 320086.315161453734618, 179977.280040997138713 ] } },
{ "type": "Feature", "properties": { "name": "", "site_type": "car_park", "suitability": 0.8, "traffic_volume": 23143.0, "traffic_count_pts": 1, "traffic_demand_score": 0.2082 }, "geometry": { "type": "Point", "coordinates": [ 319629.547173956525512, 177050.902900040557142 ] } },
{ "type": "Feature", "properties": { "name": "", "site_type": "car_park", "suitability": 0.8, "traffic_volume": 23143.0, "traffic_count_pts": 1, "traffic_demand_score": 0.2082 }, "geometry": { "type": "Point", "coordinates": [ 319509.701046037720516, 176779.177008153288625 ] } },
{ "type": "Feature", "properties": { "name": "", "site_type": "car_park", "suitability": 0.8, "traffic_volume": 41360.0, "traffic_count_pts": 2, "traffic_demand_score": 0.3721 }, "geometry": { "type": "Point", "coordinates": [ 318990.047714924789034, 176881.254306281683967 ] } },
{ "type": "Feature", "properties": { "name": "", "site_type": "car_park", "suitability": 0.8, "traffic_volume": 18217.0, "traffic_count_pts": 1, "traffic_demand_score": 0.1639 }, "geometry": { "type": "Point", "coordinates": [ 318944.869187664531637, 176854.39798402658198 ] } },
{ "type": "Feature", "properties": { "name": "", "site_type": "car_park", "suitability": 0.8, "traffic_volume": 18217.0, "traffic_count_pts": 1, "traffic_demand_score": 0.1639 }, "geometry": { "type": "Point", "coordinates": [ 318853.317537761933636, 176900.16127998632146 ] } },
{ "type": "Feature", "properties": { "name": "", "site_type": "car_park", "suitability": 0.8, "traffic_volume": 18217.0, "traffic_count_pts": 1, "traffic_demand_score": 0.1639 }, "geometry": { "type": "Point", "coordinates": [ 318899.826411030779127, 176927.998561253363732 ] } },
{ "type": "Feature", "properties": { "name": "", "site_type": "car_park", "suitability": 0.8, "traffic_volume": 41360.0, "traffic_count_pts": 2, "traffic_demand_score": 0.3721 }, "geometry": { "type": "Point", "coordinates": [ 318981.43117817613529, 176976.529335255851038 ] } },
{ "type": "Feature", "properties": { "name": "", "site_type": "car_park", "suitability": 0.8, "traffic_volume": 18217.0, "traffic_count_pts": 1, "traffic_demand_score": 0.1639 }, "geometry": { "type": "Point", "coordinates": [ 318900.498385586193763, 176827.730256549606565 ] } },
{ "type": "Feature", "properties": { "name": "", "site_type": "car_park", "suitability": 0.8, "traffic_volume": 41360.0, "traffic_count_pts": 2, "traffic_demand_score": 0.3721 }, "geometry": { "type": "Point", "coordinates": [ 318996.108386206440628, 177054.886379435949493 ] } },
{ "type": "Feature", "properties": { "name": "", "site_type": "car_park", "suitability": 0.8, "traffic_volume": 23143.0, "traffic_count_pts": 1, "traffic_demand_score": 0.2082 }, "geometry": { "type": "Point", "coordinates": [ 319092.727287030138541, 176942.646638563426677 ] } },
{ "type": "Feature", "properties": { "name": "", "site_type": "car_park", "suitability": 0.8, "traffic_volume": 17484.0, "traffic_count_pts": 1, "traffic_demand_score": 0.1573 }, "geometry": { "type": "Point", "coordinates": [ 318130.575892034627032, 177335.480852617998607 ] } },
{ "type": "Feature", "properties": { "name": "", "site_type": "car_park", "suitability": 0.8, "traffic_volume": 17484.0, "traffic_count_pts": 1, "traffic_demand_score": 0.1573 }, "geometry": { "type": "Point", "coordinates": [ 318177.826302296132781, 177314.775900817185175 ] } },
{ "type": "Feature", "properties": { "name": "", "site_type": "car_park", "suitability": 0.8, "traffic_volume": 0.0, "traffic_count_pts": 0, "traffic_demand_score": 0.0 }, "geometry": { "type": "Point", "coordinates": [ 320171.288938492187299, 180015.181119391112588 ] } },
{ "type": "Feature", "properties": { "name": "", "site_type": "car_park", "suitability": 0.8, "traffic_volume": 19614.0, "traffic_count_pts": 1, "traffic_demand_score": 0.1764 }, "geometry": { "type": "Point", "coordinates": [ 314552.112407044158317, 177127.683534644311294 ] } },
{ "type": "Feature", "properties": { "name": "", "site_type": "car_park", "suitability": 0.8, "traffic_volume": 0.0, "traffic_count_pts": 0, "traffic_demand_score": 0.0 }, "geometry": { "type": "Point", "coordinates": [ 318288.549155523534864, 177817.01048031123355 ] } },
{ "type": "Feature", "properties": { "name": "", "site_type": "car_park", "suitability": 0.8, "traffic_volume": 0.0, "traffic_count_pts": 0, "traffic_demand_score": 0.0 }, "geometry": { "type": "Point", "coordinates": [ 318254.579942189506255, 177671.472997206554282 ] } },
{ "type": "Feature", "properties": { "name": "", "site_type": "car_park", "suitability": 0.8, "traffic_volume": 0.0, "traffic_count_pts": 0, "traffic_demand_score": 0.0 }, "geometry": { "type": "Point", "coordinates": [ 318288.905469913850538, 177724.484720714739524 ] } },
{ "type": "Feature", "properties": { "name": "", "site_type": "car_park", "suitability": 0.8, "traffic_volume": 0.0, "traffic_count_pts": 0, "traffic_demand_score": 0.0 }, "geometry": { "type": "Point", "coordinates": [ 318329.089600580919068, 177773.240121679438744 ] } },
{ "type": "Feature", "properties": { "name": "", "site_type": "car_park", "suitability": 0.8, "traffic_volume": 0.0, "traffic_count_pts": 0, "traffic_demand_score": 0.0 }, "geometry": { "type": "Point", "coordinates": [ 318529.286111002089456, 177974.701496583817061 ] } },
{ "type": "Feature", "properties": { "name": "", "site_type": "car_park", "suitability": 0.8, "traffic_volume": 0.0, "traffic_count_pts": 0, "traffic_demand_score": 0.0 }, "geometry": { "type": "Point", "coordinates": [ 318469.065132440882735, 177999.596672566141933 ] } },
{ "type": "Feature", "properties": { "name": "", "site_type": "car_park", "suitability": 0.8, "traffic_volume": 15222.0, "traffic_count_pts": 1, "traffic_demand_score": 0.1369 }, "geometry": { "type": "Point", "coordinates": [ 318414.000653415103443, 178031.239914788166061 ] } },
{ "type": "Feature", "properties": { "name": "", "site_type": "car_park", "suitability": 0.8, "traffic_volume": 15222.0, "traffic_count_pts": 1, "traffic_demand_score": 0.1369 }, "geometry": { "type": "Point", "coordinates": [ 318319.863702603848651, 177972.962395862967242 ] } },
{ "type": "Feature", "properties": { "name": "", "site_type": "car_park", "suitability": 0.8, "traffic_volume": 15222.0, "traffic_count_pts": 1, "traffic_demand_score": 0.1369 }, "geometry": { "type": "Point", "coordinates": [ 318317.997155508026481, 177922.616191743814852 ] } },
{ "type": "Feature", "properties": { "name": "", "site_type": "car_park", "suitability": 0.8, "traffic_volume": 0.0, "traffic_count_pts": 0, "traffic_demand_score": 0.0 }, "geometry": { "type": "Point", "coordinates": [ 318498.672631757508498, 177867.479521654488053 ] } },
{ "type": "Feature", "properties": { "name": "", "site_type": "car_park", "suitability": 0.8, "traffic_volume": 0.0, "traffic_count_pts": 0, "traffic_demand_score": 0.0 }, "geometry": { "type": "Point", "coordinates": [ 318203.346253142226487, 177745.015669607440941 ] } },
{ "type": "Feature", "properties": { "name": "", "site_type": "car_park", "suitability": 0.8, "traffic_volume": 15222.0, "traffic_count_pts": 1, "traffic_demand_score": 0.1369 }, "geometry": { "type": "Point", "coordinates": [ 318128.401379150920548, 177793.265255872800481 ] } },
{ "type": "Feature", "properties": { "name": "", "site_type": "car_park", "suitability": 0.8, "traffic_volume": 84959.0, "traffic_count_pts": 4, "traffic_demand_score": 0.7643 }, "geometry": { "type": "Point", "coordinates": [ 319050.784296615456697, 176054.428819226566702 ] } },
{ "type": "Feature", "properties": { "name": "", "site_type": "car_park", "suitability": 0.8, "traffic_volume": 0.0, "traffic_count_pts": 0, "traffic_demand_score": 0.0 }, "geometry": { "type": "Point", "coordinates": [ 318846.494146688899491, 178647.926816259336192 ] } },
{ "type": "Feature", "properties": { "name": "Royal Mail Vehicle Parking", "site_type": "car_park", "suitability": 0.8, "traffic_volume": 19614.0, "traffic_count_pts": 1, "traffic_demand_score": 0.1764 }, "geometry": { "type": "Point", "coordinates": [ 315188.625134839676321, 176760.670257075689733 ] } },
{ "type": "Feature", "properties": { "name": "", "site_type": "car_park", "suitability": 0.8, "traffic_volume": 19614.0, "traffic_count_pts": 1, "traffic_demand_score": 0.1764 }, "geometry": { "type": "Point", "coordinates": [ 315266.422452315571718, 176762.0124247581698 ] } },
{ "type": "Feature", "properties": { "name": "Plymouth Arms Pay & Display Car Park", "site_type": "car_park", "suitability": 0.8, "traffic_volume": 0.0, "traffic_count_pts": 0, "traffic_demand_score": 0.0 }, "geometry": { "type": "Point", "coordinates": [ 312097.058105006290134, 177309.038625201152172 ] } },
{ "type": "Feature", "properties": { "name": "St Fagans Museum Overflow Car Park", "site_type": "car_park", "suitability": 0.8, "traffic_volume": 0.0, "traffic_count_pts": 0, "traffic_demand_score": 0.0 }, "geometry": { "type": "Point", "coordinates": [ 311617.458290766109712, 176959.018894096720032 ] } },
{ "type": "Feature", "properties": { "name": "", "site_type": "car_park", "suitability": 0.8, "traffic_volume": 0.0, "traffic_count_pts": 0, "traffic_demand_score": 0.0 }, "geometry": { "type": "Point", "coordinates": [ 313904.39453265425982, 177525.061501002579462 ] } },
{ "type": "Feature", "properties": { "name": "", "site_type": "car_park", "suitability": 0.8, "traffic_volume": 0.0, "traffic_count_pts": 0, "traffic_demand_score": 0.0 }, "geometry": { "type": "Point", "coordinates": [ 313923.399742933805101, 177462.629879026091658 ] } },
{ "type": "Feature", "properties": { "name": "", "site_type": "car_park", "suitability": 0.8, "traffic_volume": 0.0, "traffic_count_pts": 0, "traffic_demand_score": 0.0 }, "geometry": { "type": "Point", "coordinates": [ 313760.797791431774385, 177750.481269795098342 ] } },
{ "type": "Feature", "properties": { "name": "", "site_type": "car_park", "suitability": 0.8, "traffic_volume": 0.0, "traffic_count_pts": 0, "traffic_demand_score": 0.0 }, "geometry": { "type": "Point", "coordinates": [ 313708.716705988394096, 181437.655359713768121 ] } },
{ "type": "Feature", "properties": { "name": "", "site_type": "car_park", "suitability": 0.8, "traffic_volume": 31993.0, "traffic_count_pts": 2, "traffic_demand_score": 0.2878 }, "geometry": { "type": "Point", "coordinates": [ 314526.593862208188511, 180993.721933911670931 ] } },
{ "type": "Feature", "properties": { "name": "Village Hotel Car Park", "site_type": "car_park", "suitability": 0.8, "traffic_volume": 6501.0, "traffic_count_pts": 1, "traffic_demand_score": 0.0585 }, "geometry": { "type": "Point", "coordinates": [ 314096.123782178852707, 181368.045141443668399 ] } },
{ "type": "Feature", "properties": { "name": "", "site_type": "car_park", "suitability": 0.8, "traffic_volume": 6501.0, "traffic_count_pts": 1, "traffic_demand_score": 0.0585 }, "geometry": { "type": "Point", "coordinates": [ 313790.047636308241636, 181311.856177265697625 ] } },
{ "type": "Feature", "properties": { "name": "", "site_type": "car_park", "suitability": 0.8, "traffic_volume": 0.0, "traffic_count_pts": 0, "traffic_demand_score": 0.0 }, "geometry": { "type": "Point", "coordinates": [ 313668.475292193470523, 180398.166498770704493 ] } },
{ "type": "Feature", "properties": { "name": "", "site_type": "car_park", "suitability": 0.8, "traffic_volume": 0.0, "traffic_count_pts": 0, "traffic_demand_score": 0.0 }, "geometry": { "type": "Point", "coordinates": [ 313941.444791862275451, 180647.161616449186113 ] } },
{ "type": "Feature", "properties": { "name": "", "site_type": "car_park", "suitability": 0.8, "traffic_volume": 0.0, "traffic_count_pts": 0, "traffic_demand_score": 0.0 }, "geometry": { "type": "Point", "coordinates": [ 314024.659433944965713, 180655.769382314465474 ] } },
{ "type": "Feature", "properties": { "name": "", "site_type": "car_park", "suitability": 0.8, "traffic_volume": 0.0, "traffic_count_pts": 0, "traffic_demand_score": 0.0 }, "geometry": { "type": "Point", "coordinates": [ 312427.476728438923601, 175284.686157634481788 ] } },
{ "type": "Feature", "properties": { "name": "", "site_type": "car_park", "suitability": 0.8, "traffic_volume": 19399.0, "traffic_count_pts": 1, "traffic_demand_score": 0.1745 }, "geometry": { "type": "Point", "coordinates": [ 312364.33172679040581, 175257.244778734515421 ] } },
{ "type": "Feature", "properties": { "name": "", "site_type": "car_park", "suitability": 0.8, "traffic_volume": 0.0, "traffic_count_pts": 0, "traffic_demand_score": 0.0 }, "geometry": { "type": "Point", "coordinates": [ 312506.8201279186178, 175344.540202336560469 ] } },
{ "type": "Feature", "properties": { "name": "", "site_type": "car_park", "suitability": 0.8, "traffic_volume": 0.0, "traffic_count_pts": 0, "traffic_demand_score": 0.0 }, "geometry": { "type": "Point", "coordinates": [ 311923.572236230480485, 175756.880438681982923 ] } },
{ "type": "Feature", "properties": { "name": "", "site_type": "car_park", "suitability": 0.8, "traffic_volume": 7754.0, "traffic_count_pts": 1, "traffic_demand_score": 0.0698 }, "geometry": { "type": "Point", "coordinates": [ 312551.212201956368517, 175522.701035777514335 ] } },
{ "type": "Feature", "properties": { "name": "", "site_type": "car_park", "suitability": 0.8, "traffic_volume": 19399.0, "traffic_count_pts": 1, "traffic_demand_score": 0.1745 }, "geometry": { "type": "Point", "coordinates": [ 312135.413259515713435, 175031.1478680105065 ] } },
{ "type": "Feature", "properties": { "name": "", "site_type": "car_park", "suitability": 0.8, "traffic_volume": 19399.0, "traffic_count_pts": 1, "traffic_demand_score": 0.1745 }, "geometry": { "type": "Point", "coordinates": [ 312173.726249419385567, 175107.68742220767308 ] } },
{ "type": "Feature", "properties": { "name": "", "site_type": "car_park", "suitability": 0.8, "traffic_volume": 19399.0, "traffic_count_pts": 1, "traffic_demand_score": 0.1745 }, "geometry": { "type": "Point", "coordinates": [ 312248.497729236725718, 175125.204353490436915 ] } },
{ "type": "Feature", "properties": { "name": "", "site_type": "car_park", "suitability": 0.8, "traffic_volume": 29340.0, "traffic_count_pts": 1, "traffic_demand_score": 0.2639 }, "geometry": { "type": "Point", "coordinates": [ 319408.005924005876295, 176497.746269578346983 ] } },
{ "type": "Feature", "properties": { "name": "", "site_type": "car_park", "suitability": 0.8, "traffic_volume": 29340.0, "traffic_count_pts": 1, "traffic_demand_score": 0.2639 }, "geometry": { "type": "Point", "coordinates": [ 319364.251262310543098, 176435.168424789968412 ] } },
{ "type": "Feature", "properties": { "name": "", "site_type": "car_park", "suitability": 0.8, "traffic_volume": 52483.0, "traffic_count_pts": 2, "traffic_demand_score": 0.4721 }, "geometry": { "type": "Point", "coordinates": [ 319368.968563356145751, 176562.973385950142983 ] } },
{ "type": "Feature", "properties": { "name": "", "site_type": "car_park", "suitability": 0.8, "traffic_volume": 23143.0, "traffic_count_pts": 1, "traffic_demand_score": 0.2082 }, "geometry": { "type": "Point", "coordinates": [ 319557.908876819885336, 177190.584368951327633 ] } },
{ "type": "Feature", "properties": { "name": "", "site_type": "car_park", "suitability": 0.8, "traffic_volume": 23143.0, "traffic_count_pts": 1, "traffic_demand_score": 0.2082 }, "geometry": { "type": "Point", "coordinates": [ 319606.687162535497919, 177256.461985016765539 ] } },
{ "type": "Feature", "properties": { "name": "", "site_type": "car_park", "suitability": 0.8, "traffic_volume": 62526.0, "traffic_count_pts": 3, "traffic_demand_score": 0.5625 }, "geometry": { "type": "Point", "coordinates": [ 318802.240649080427829, 176410.391976100683678 ] } },
{ "type": "Feature", "properties": { "name": "", "site_type": "car_park", "suitability": 0.8, "traffic_volume": 79691.0, "traffic_count_pts": 6, "traffic_demand_score": 0.7169 }, "geometry": { "type": "Point", "coordinates": [ 318794.556953450024594, 176229.035965123213828 ] } },
{ "type": "Feature", "properties": { "name": "St David's Multistorey Car Park", "site_type": "car_park", "suitability": 0.8, "traffic_volume": 79691.0, "traffic_count_pts": 6, "traffic_demand_score": 0.7169 }, "geometry": { "type": "Point", "coordinates": [ 318552.218282974790782, 176255.540132064430509 ] } },
{ "type": "Feature", "properties": { "name": "", "site_type": "car_park", "suitability": 0.8, "traffic_volume": 15222.0, "traffic_count_pts": 1, "traffic_demand_score": 0.1369 }, "geometry": { "type": "Point", "coordinates": [ 317715.343951405375265, 178040.285879885079339 ] } },
{ "type": "Feature", "properties": { "name": "", "site_type": "car_park", "suitability": 0.8, "traffic_volume": 15222.0, "traffic_count_pts": 1, "traffic_demand_score": 0.1369 }, "geometry": { "type": "Point", "coordinates": [ 317657.47561769670574, 178091.710393007553648 ] } },
{ "type": "Feature", "properties": { "name": "NCP - Cardiff Stadium", "site_type": "car_park", "suitability": 0.8, "traffic_volume": 28197.0, "traffic_count_pts": 2, "traffic_demand_score": 0.2536 }, "geometry": { "type": "Point", "coordinates": [ 317975.404220557829831, 176344.044682547973935 ] } },
{ "type": "Feature", "properties": { "name": "", "site_type": "car_park", "suitability": 0.8, "traffic_volume": 18217.0, "traffic_count_pts": 1, "traffic_demand_score": 0.1639 }, "geometry": { "type": "Point", "coordinates": [ 318466.45743941469118, 176750.126460878527723 ] } },
{ "type": "Feature", "properties": { "name": "", "site_type": "car_park", "suitability": 0.8, "traffic_volume": 19210.0, "traffic_count_pts": 1, "traffic_demand_score": 0.1728 }, "geometry": { "type": "Point", "coordinates": [ 315479.189387035730761, 177906.188783994060941 ] } },
{ "type": "Feature", "properties": { "name": "", "site_type": "car_park", "suitability": 0.8, "traffic_volume": 19210.0, "traffic_count_pts": 1, "traffic_demand_score": 0.1728 }, "geometry": { "type": "Point", "coordinates": [ 315413.580379456048831, 177924.973629716550931 ] } },
{ "type": "Feature", "properties": { "name": "Llandaff High Street Pay & Display Car Park", "site_type": "car_park", "suitability": 0.8, "traffic_volume": 70491.0, "traffic_count_pts": 2, "traffic_demand_score": 0.6341 }, "geometry": { "type": "Point", "coordinates": [ 315560.936729076318443, 177919.485552629339509 ] } },
{ "type": "Feature", "properties": { "name": "", "site_type": "car_park", "suitability": 0.8, "traffic_volume": 38841.0, "traffic_count_pts": 2, "traffic_demand_score": 0.3494 }, "geometry": { "type": "Point", "coordinates": [ 315373.074404787446838, 177844.124119209009223 ] } },
{ "type": "Feature", "properties": { "name": "", "site_type": "car_park", "suitability": 0.8, "traffic_volume": 24718.0, "traffic_count_pts": 2, "traffic_demand_score": 0.2224 }, "geometry": { "type": "Point", "coordinates": [ 315656.449827820470091, 177739.627032805874478 ] } },
{ "type": "Feature", "properties": { "name": "", "site_type": "car_park", "suitability": 0.8, "traffic_volume": 0.0, "traffic_count_pts": 0, "traffic_demand_score": 0.0 }, "geometry": { "type": "Point", "coordinates": [ 314459.036216214997694, 179591.547218439925928 ] } },
{ "type": "Feature", "properties": { "name": "", "site_type": "car_park", "suitability": 0.8, "traffic_volume": 0.0, "traffic_count_pts": 0, "traffic_demand_score": 0.0 }, "geometry": { "type": "Point", "coordinates": [ 314367.069442105246708, 179587.50679638388101 ] } },
{ "type": "Feature", "properties": { "name": "", "site_type": "car_park", "suitability": 0.8, "traffic_volume": 6771.0, "traffic_count_pts": 1, "traffic_demand_score": 0.0609 }, "geometry": { "type": "Point", "coordinates": [ 314946.417207269812934, 179952.725539816601668 ] } },
{ "type": "Feature", "properties": { "name": "", "site_type": "car_park", "suitability": 0.8, "traffic_volume": 0.0, "traffic_count_pts": 0, "traffic_demand_score": 0.0 }, "geometry": { "type": "Point", "coordinates": [ 314901.945746663725004, 179302.190618661348708 ] } },
{ "type": "Feature", "properties": { "name": "", "site_type": "car_park", "suitability": 0.8, "traffic_volume": 0.0, "traffic_count_pts": 0, "traffic_demand_score": 0.0 }, "geometry": { "type": "Point", "coordinates": [ 315566.470707216591109, 179257.37461870466359 ] } },
{ "type": "Feature", "properties": { "name": "", "site_type": "car_park", "suitability": 0.8, "traffic_volume": 0.0, "traffic_count_pts": 0, "traffic_demand_score": 0.0 }, "geometry": { "type": "Point", "coordinates": [ 315640.148421288118698, 179781.004577522049658 ] } },
{ "type": "Feature", "properties": { "name": "", "site_type": "car_park", "suitability": 0.8, "traffic_volume": 0.0, "traffic_count_pts": 0, "traffic_demand_score": 0.0 }, "geometry": { "type": "Point", "coordinates": [ 315256.193385545222554, 180338.5489370462019 ] } },
{ "type": "Feature", "properties": { "name": "", "site_type": "car_park", "suitability": 0.8, "traffic_volume": 26555.0, "traffic_count_pts": 1, "traffic_demand_score": 0.2389 }, "geometry": { "type": "Point", "coordinates": [ 315487.98050395573955, 180287.785019561182708 ] } },
{ "type": "Feature", "properties": { "name": "", "site_type": "car_park", "suitability": 0.8, "traffic_volume": 26555.0, "traffic_count_pts": 1, "traffic_demand_score": 0.2389 }, "geometry": { "type": "Point", "coordinates": [ 315355.112895237922203, 180187.883169364009518 ] } },
{ "type": "Feature", "properties": { "name": "", "site_type": "car_park", "suitability": 0.8, "traffic_volume": 26555.0, "traffic_count_pts": 1, "traffic_demand_score": 0.2389 }, "geometry": { "type": "Point", "coordinates": [ 315484.097857121261768, 180410.384015573712531 ] } },
{ "type": "Feature", "properties": { "name": "", "site_type": "car_park", "suitability": 0.8, "traffic_volume": 26555.0, "traffic_count_pts": 1, "traffic_demand_score": 0.2389 }, "geometry": { "type": "Point", "coordinates": [ 315363.506977287586778, 180386.631734650174621 ] } },
{ "type": "Feature", "properties": { "name": "", "site_type": "car_park", "suitability": 0.8, "traffic_volume": 26555.0, "traffic_count_pts": 1, "traffic_demand_score": 0.2389 }, "geometry": { "type": "Point", "coordinates": [ 315771.844715157349128, 180316.120558058435563 ] } },
{ "type": "Feature", "properties": { "name": "", "site_type": "car_park", "suitability": 0.8, "traffic_volume": 26555.0, "traffic_count_pts": 1, "traffic_demand_score": 0.2389 }, "geometry": { "type": "Point", "coordinates": [ 315744.270411830046214, 180267.265331508999225 ] } },
{ "type": "Feature", "properties": { "name": "", "site_type": "car_park", "suitability": 0.8, "traffic_volume": 26555.0, "traffic_count_pts": 1, "traffic_demand_score": 0.2389 }, "geometry": { "type": "Point", "coordinates": [ 315643.483703464036807, 180296.378187749651261 ] } },
{ "type": "Feature", "properties": { "name": "", "site_type": "car_park", "suitability": 0.8, "traffic_volume": 26555.0, "traffic_count_pts": 1, "traffic_demand_score": 0.2389 }, "geometry": { "type": "Point", "coordinates": [ 315504.906480762641877, 180115.01714149460895 ] } },
{ "type": "Feature", "properties": { "name": "", "site_type": "car_park", "suitability": 0.8, "traffic_volume": 26555.0, "traffic_count_pts": 1, "traffic_demand_score": 0.2389 }, "geometry": { "type": "Point", "coordinates": [ 315629.923243485332932, 180115.737790279032197 ] } },
{ "type": "Feature", "properties": { "name": "", "site_type": "car_park", "suitability": 0.8, "traffic_volume": 26555.0, "traffic_count_pts": 1, "traffic_demand_score": 0.2389 }, "geometry": { "type": "Point", "coordinates": [ 315598.490908214473166, 180192.916199620463885 ] } },
{ "type": "Feature", "properties": { "name": "", "site_type": "car_park", "suitability": 0.8, "traffic_volume": 26555.0, "traffic_count_pts": 1, "traffic_demand_score": 0.2389 }, "geometry": { "type": "Point", "coordinates": [ 315562.772722138266545, 180232.181300046970136 ] } },
{ "type": "Feature", "properties": { "name": "", "site_type": "car_park", "suitability": 0.8, "traffic_volume": 26555.0, "traffic_count_pts": 1, "traffic_demand_score": 0.2389 }, "geometry": { "type": "Point", "coordinates": [ 315591.062385449185967, 180418.394798428111244 ] } },
{ "type": "Feature", "properties": { "name": "", "site_type": "car_park", "suitability": 0.8, "traffic_volume": 73438.0, "traffic_count_pts": 1, "traffic_demand_score": 0.6606 }, "geometry": { "type": "Point", "coordinates": [ 322808.132434453174938, 183053.426267326693051 ] } },
{ "type": "Feature", "properties": { "name": "", "site_type": "car_park", "suitability": 0.8, "traffic_volume": 0.0, "traffic_count_pts": 0, "traffic_demand_score": 0.0 }, "geometry": { "type": "Point", "coordinates": [ 312875.314712479244918, 180428.851447347551584 ] } },
{ "type": "Feature", "properties": { "name": "", "site_type": "car_park", "suitability": 0.8, "traffic_volume": 0.0, "traffic_count_pts": 0, "traffic_demand_score": 0.0 }, "geometry": { "type": "Point", "coordinates": [ 313371.085283912078012, 179677.614746733743232 ] } },
{ "type": "Feature", "properties": { "name": "", "site_type": "car_park", "suitability": 0.8, "traffic_volume": 0.0, "traffic_count_pts": 0, "traffic_demand_score": 0.0 }, "geometry": { "type": "Point", "coordinates": [ 313369.001298917108215, 179729.671848857018631 ] } },
{ "type": "Feature", "properties": { "name": "", "site_type": "car_park", "suitability": 0.8, "traffic_volume": 0.0, "traffic_count_pts": 0, "traffic_demand_score": 0.0 }, "geometry": { "type": "Point", "coordinates": [ 313205.416324647027068, 180155.213442562846467 ] } },
{ "type": "Feature", "properties": { "name": "", "site_type": "car_park", "suitability": 0.8, "traffic_volume": 0.0, "traffic_count_pts": 0, "traffic_demand_score": 0.0 }, "geometry": { "type": "Point", "coordinates": [ 313261.938000773312524, 180142.320702497148886 ] } },
{ "type": "Feature", "properties": { "name": "", "site_type": "car_park", "suitability": 0.8, "traffic_volume": 0.0, "traffic_count_pts": 0, "traffic_demand_score": 0.0 }, "geometry": { "type": "Point", "coordinates": [ 312865.079197397164535, 180697.895631971070543 ] } },
{ "type": "Feature", "properties": { "name": "", "site_type": "car_park", "suitability": 0.8, "traffic_volume": 0.0, "traffic_count_pts": 0, "traffic_demand_score": 0.0 }, "geometry": { "type": "Point", "coordinates": [ 313103.683014066773467, 180527.719639599614311 ] } },
{ "type": "Feature", "properties": { "name": "", "site_type": "car_park", "suitability": 0.8, "traffic_volume": 0.0, "traffic_count_pts": 0, "traffic_demand_score": 0.0 }, "geometry": { "type": "Point", "coordinates": [ 312960.367869794601575, 180665.956507602415513 ] } },
{ "type": "Feature", "properties": { "name": "", "site_type": "car_park", "suitability": 0.8, "traffic_volume": 0.0, "traffic_count_pts": 0, "traffic_demand_score": 0.0 }, "geometry": { "type": "Point", "coordinates": [ 313093.726162633160129, 180606.450848084292375 ] } },
{ "type": "Feature", "properties": { "name": "", "site_type": "car_park", "suitability": 0.8, "traffic_volume": 35701.0, "traffic_count_pts": 2, "traffic_demand_score": 0.3212 }, "geometry": { "type": "Point", "coordinates": [ 318397.273983413237147, 176993.813455402909312 ] } },
{ "type": "Feature", "properties": { "name": "", "site_type": "car_park", "suitability": 0.8, "traffic_volume": 35701.0, "traffic_count_pts": 2, "traffic_demand_score": 0.3212 }, "geometry": { "type": "Point", "coordinates": [ 318358.943699081079103, 177096.622266263526399 ] } },
{ "type": "Feature", "properties": { "name": "", "site_type": "car_park", "suitability": 0.8, "traffic_volume": 0.0, "traffic_count_pts": 0, "traffic_demand_score": 0.0 }, "geometry": { "type": "Point", "coordinates": [ 313059.067051512014586, 175776.962402140779886 ] } },
{ "type": "Feature", "properties": { "name": "", "site_type": "car_park", "suitability": 0.8, "traffic_volume": 0.0, "traffic_count_pts": 0, "traffic_demand_score": 0.0 }, "geometry": { "type": "Point", "coordinates": [ 320214.153465403127484, 175846.332964267465286 ] } },
{ "type": "Feature", "properties": { "name": "", "site_type": "car_park", "suitability": 0.8, "traffic_volume": 0.0, "traffic_count_pts": 0, "traffic_demand_score": 0.0 }, "geometry": { "type": "Point", "coordinates": [ 320185.845139023382217, 175784.581582572078332 ] } },
{ "type": "Feature", "properties": { "name": "Cardiff City Stadium Car Park D", "site_type": "car_park", "suitability": 0.8, "traffic_volume": 11467.0, "traffic_count_pts": 1, "traffic_demand_score": 0.1032 }, "geometry": { "type": "Point", "coordinates": [ 316433.858645478845574, 175501.214607171190437 ] } },
{ "type": "Feature", "properties": { "name": "Cardiff City Stadium Car Park E", "site_type": "car_park", "suitability": 0.8, "traffic_volume": 11467.0, "traffic_count_pts": 1, "traffic_demand_score": 0.1032 }, "geometry": { "type": "Point", "coordinates": [ 316505.581135787651874, 175436.394118760130368 ] } },
{ "type": "Feature", "properties": { "name": "", "site_type": "car_park", "suitability": 0.8, "traffic_volume": 19399.0, "traffic_count_pts": 1, "traffic_demand_score": 0.1745 }, "geometry": { "type": "Point", "coordinates": [ 312285.157463395851664, 175281.492271949129645 ] } },
{ "type": "Feature", "properties": { "name": "", "site_type": "car_park", "suitability": 0.8, "traffic_volume": 0.0, "traffic_count_pts": 0, "traffic_demand_score": 0.0 }, "geometry": { "type": "Point", "coordinates": [ 319074.027017167361919, 178640.334325940173585 ] } },
{ "type": "Feature", "properties": { "name": "", "site_type": "car_park", "suitability": 0.8, "traffic_volume": 0.0, "traffic_count_pts": 0, "traffic_demand_score": 0.0 }, "geometry": { "type": "Point", "coordinates": [ 313469.943215809529647, 180146.885834886459634 ] } },
{ "type": "Feature", "properties": { "name": "", "site_type": "car_park", "suitability": 0.8, "traffic_volume": 0.0, "traffic_count_pts": 0, "traffic_demand_score": 0.0 }, "geometry": { "type": "Point", "coordinates": [ 313376.692963007779326, 175928.127320720057469 ] } },
{ "type": "Feature", "properties": { "name": "", "site_type": "car_park", "suitability": 0.8, "traffic_volume": 0.0, "traffic_count_pts": 0, "traffic_demand_score": 0.0 }, "geometry": { "type": "Point", "coordinates": [ 313333.361106760683469, 176002.16315197624499 ] } },
{ "type": "Feature", "properties": { "name": "", "site_type": "car_park", "suitability": 0.8, "traffic_volume": 0.0, "traffic_count_pts": 0, "traffic_demand_score": 0.0 }, "geometry": { "type": "Point", "coordinates": [ 313218.685996012878604, 175809.348838742007501 ] } },
{ "type": "Feature", "properties": { "name": "", "site_type": "car_park", "suitability": 0.8, "traffic_volume": 0.0, "traffic_count_pts": 0, "traffic_demand_score": 0.0 }, "geometry": { "type": "Point", "coordinates": [ 315855.620629130629823, 178690.361926699755713 ] } },
{ "type": "Feature", "properties": { "name": "", "site_type": "car_park", "suitability": 0.8, "traffic_volume": 0.0, "traffic_count_pts": 0, "traffic_demand_score": 0.0 }, "geometry": { "type": "Point", "coordinates": [ 315774.01661071163835, 178743.089073331386317 ] } },
{ "type": "Feature", "properties": { "name": "", "site_type": "car_park", "suitability": 0.8, "traffic_volume": 0.0, "traffic_count_pts": 0, "traffic_demand_score": 0.0 }, "geometry": { "type": "Point", "coordinates": [ 315686.982311847968958, 178759.641411038697697 ] } },
{ "type": "Feature", "properties": { "name": "", "site_type": "car_park", "suitability": 0.8, "traffic_volume": 0.0, "traffic_count_pts": 0, "traffic_demand_score": 0.0 }, "geometry": { "type": "Point", "coordinates": [ 315902.26033445331268, 178717.401755949191283 ] } },
{ "type": "Feature", "properties": { "name": "", "site_type": "car_park", "suitability": 0.8, "traffic_volume": 0.0, "traffic_count_pts": 0, "traffic_demand_score": 0.0 }, "geometry": { "type": "Point", "coordinates": [ 313399.618423258652911, 177186.622126615082379 ] } },
{ "type": "Feature", "properties": { "name": "", "site_type": "car_park", "suitability": 0.8, "traffic_volume": 19129.0, "traffic_count_pts": 1, "traffic_demand_score": 0.1721 }, "geometry": { "type": "Point", "coordinates": [ 317816.857440936553758, 181743.715991275559645 ] } },
{ "type": "Feature", "properties": { "name": "", "site_type": "car_park", "suitability": 0.8, "traffic_volume": 0.0, "traffic_count_pts": 0, "traffic_demand_score": 0.0 }, "geometry": { "type": "Point", "coordinates": [ 318955.702906024060212, 177233.907893898664042 ] } },
{ "type": "Feature", "properties": { "name": "", "site_type": "car_park", "suitability": 0.8, "traffic_volume": 18217.0, "traffic_count_pts": 1, "traffic_demand_score": 0.1639 }, "geometry": { "type": "Point", "coordinates": [ 318915.618187144980766, 177168.239764842262957 ] } },
{ "type": "Feature", "properties": { "name": "", "site_type": "car_park", "suitability": 0.8, "traffic_volume": 0.0, "traffic_count_pts": 0, "traffic_demand_score": 0.0 }, "geometry": { "type": "Point", "coordinates": [ 317022.362569090910256, 176587.784524091752246 ] } },
{ "type": "Feature", "properties": { "name": "", "site_type": "car_park", "suitability": 0.8, "traffic_volume": 0.0, "traffic_count_pts": 0, "traffic_demand_score": 0.0 }, "geometry": { "type": "Point", "coordinates": [ 316810.855629091383889, 176517.314252778829541 ] } },
{ "type": "Feature", "properties": { "name": "", "site_type": "car_park", "suitability": 0.8, "traffic_volume": 0.0, "traffic_count_pts": 0, "traffic_demand_score": 0.0 }, "geometry": { "type": "Point", "coordinates": [ 316940.106132537708618, 176476.415728039166424 ] } },
{ "type": "Feature", "properties": { "name": "", "site_type": "car_park", "suitability": 0.8, "traffic_volume": 0.0, "traffic_count_pts": 0, "traffic_demand_score": 0.0 }, "geometry": { "type": "Point", "coordinates": [ 316903.868417577818036, 176441.948104505427182 ] } },
{ "type": "Feature", "properties": { "name": "", "site_type": "car_park", "suitability": 0.8, "traffic_volume": 31789.0, "traffic_count_pts": 2, "traffic_demand_score": 0.286 }, "geometry": { "type": "Point", "coordinates": [ 316550.246094506932423, 177316.941212472564075 ] } },
{ "type": "Feature", "properties": { "name": "", "site_type": "car_park", "suitability": 0.8, "traffic_volume": 9443.0, "traffic_count_pts": 1, "traffic_demand_score": 0.0849 }, "geometry": { "type": "Point", "coordinates": [ 316730.774569118046202, 177237.513548275455832 ] } },
{ "type": "Feature", "properties": { "name": "", "site_type": "car_park", "suitability": 0.8, "traffic_volume": 9443.0, "traffic_count_pts": 1, "traffic_demand_score": 0.0849 }, "geometry": { "type": "Point", "coordinates": [ 316774.240734845632687, 177280.184320105530787 ] } },
{ "type": "Feature", "properties": { "name": "", "site_type": "car_park", "suitability": 0.8, "traffic_volume": 48947.0, "traffic_count_pts": 5, "traffic_demand_score": 0.4403 }, "geometry": { "type": "Point", "coordinates": [ 318244.031079884036444, 175671.868919201835524 ] } },
{ "type": "Feature", "properties": { "name": "", "site_type": "car_park", "suitability": 0.8, "traffic_volume": 20655.0, "traffic_count_pts": 2, "traffic_demand_score": 0.1858 }, "geometry": { "type": "Point", "coordinates": [ 318072.503053349617403, 175553.592980607878417 ] } },
{ "type": "Feature", "properties": { "name": "Staff & Blue Badge Holder Parking", "site_type": "car_park", "suitability": 0.8, "traffic_volume": 12767.0, "traffic_count_pts": 1, "traffic_demand_score": 0.1148 }, "geometry": { "type": "Point", "coordinates": [ 317258.253451089956798, 176543.107965325529221 ] } },
{ "type": "Feature", "properties": { "name": "", "site_type": "car_park", "suitability": 0.8, "traffic_volume": 9443.0, "traffic_count_pts": 1, "traffic_demand_score": 0.0849 }, "geometry": { "type": "Point", "coordinates": [ 316719.185026405262761, 176885.52050883800257 ] } },
{ "type": "Feature", "properties": { "name": "", "site_type": "car_park", "suitability": 0.8, "traffic_volume": 9443.0, "traffic_count_pts": 1, "traffic_demand_score": 0.0849 }, "geometry": { "type": "Point", "coordinates": [ 316666.579758720239624, 177290.409262026601937 ] } },
{ "type": "Feature", "properties": { "name": "", "site_type": "car_park", "suitability": 0.8, "traffic_volume": 9443.0, "traffic_count_pts": 1, "traffic_demand_score": 0.0849 }, "geometry": { "type": "Point", "coordinates": [ 316728.362976796401199, 177307.098639472562354 ] } },
{ "type": "Feature", "properties": { "name": "", "site_type": "car_park", "suitability": 0.8, "traffic_volume": 31789.0, "traffic_count_pts": 2, "traffic_demand_score": 0.286 }, "geometry": { "type": "Point", "coordinates": [ 316593.452654730994254, 177428.289287238556426 ] } },
{ "type": "Feature", "properties": { "name": "", "site_type": "car_park", "suitability": 0.8, "traffic_volume": 22346.0, "traffic_count_pts": 1, "traffic_demand_score": 0.201 }, "geometry": { "type": "Point", "coordinates": [ 316604.194873072847258, 177484.75773288711207 ] } },
{ "type": "Feature", "properties": { "name": "", "site_type": "car_park", "suitability": 0.8, "traffic_volume": 0.0, "traffic_count_pts": 0, "traffic_demand_score": 0.0 }, "geometry": { "type": "Point", "coordinates": [ 316831.92042488680454, 177399.182720027747564 ] } },
{ "type": "Feature", "properties": { "name": "", "site_type": "car_park", "suitability": 0.8, "traffic_volume": 0.0, "traffic_count_pts": 0, "traffic_demand_score": 0.0 }, "geometry": { "type": "Point", "coordinates": [ 316917.824288398143835, 177420.081188089796342 ] } },
{ "type": "Feature", "properties": { "name": "Sainsbury's", "site_type": "supermarket", "suitability": 0.9, "traffic_volume": 47557.0, "traffic_count_pts": 2, "traffic_demand_score": 0.4278 }, "geometry": { "type": "Point", "coordinates": [ 318723.166003891266882, 176676.155668772873469 ] } },
{ "type": "Feature", "properties": { "name": "Co-op Food", "site_type": "supermarket", "suitability": 0.9, "traffic_volume": 64619.0, "traffic_count_pts": 2, "traffic_demand_score": 0.5813 }, "geometry": { "type": "Point", "coordinates": [ 319562.99552380957175, 174764.717040526214987 ] } },
{ "type": "Feature", "properties": { "name": "Co-op Food", "site_type": "supermarket", "suitability": 0.9, "traffic_volume": 0.0, "traffic_count_pts": 0, "traffic_demand_score": 0.0 }, "geometry": { "type": "Point", "coordinates": [ 313272.416453103418462, 180351.994632979272865 ] } },
{ "type": "Feature", "properties": { "name": "Spar", "site_type": "supermarket", "suitability": 0.9, "traffic_volume": 62526.0, "traffic_count_pts": 3, "traffic_demand_score": 0.5625 }, "geometry": { "type": "Point", "coordinates": [ 318774.948753615957685, 176534.263343005266506 ] } },
{ "type": "Feature", "properties": { "name": "Baan Thai Foods", "site_type": "supermarket", "suitability": 0.9, "traffic_volume": 27184.0, "traffic_count_pts": 1, "traffic_demand_score": 0.2445 }, "geometry": { "type": "Point", "coordinates": [ 317412.417442535515875, 178899.497075821447652 ] } },
{ "type": "Feature", "properties": { "name": "Aldi", "site_type": "supermarket", "suitability": 0.9, "traffic_volume": 0.0, "traffic_count_pts": 0, "traffic_demand_score": 0.0 }, "geometry": { "type": "Point", "coordinates": [ 316450.006909787887707, 178712.556050663581118 ] } },
{ "type": "Feature", "properties": { "name": "Tesco Extra", "site_type": "supermarket", "suitability": 0.9, "traffic_volume": 51281.0, "traffic_count_pts": 1, "traffic_demand_score": 0.4613 }, "geometry": { "type": "Point", "coordinates": [ 316348.546615059836768, 178373.678888368711341 ] } },
{ "type": "Feature", "properties": { "name": "Masala Bazaar", "site_type": "supermarket", "suitability": 0.9, "traffic_volume": 0.0, "traffic_count_pts": 0, "traffic_demand_score": 0.0 }, "geometry": { "type": "Point", "coordinates": [ 318699.89215003233403, 177704.572096389136277 ] } },
{ "type": "Feature", "properties": { "name": "International Food Centre", "site_type": "supermarket", "suitability": 0.9, "traffic_volume": 0.0, "traffic_count_pts": 0, "traffic_demand_score": 0.0 }, "geometry": { "type": "Point", "coordinates": [ 319004.293298666714691, 177262.850735757674556 ] } },
{ "type": "Feature", "properties": { "name": "Jing Xing Express", "site_type": "supermarket", "suitability": 0.9, "traffic_volume": 0.0, "traffic_count_pts": 0, "traffic_demand_score": 0.0 }, "geometry": { "type": "Point", "coordinates": [ 318881.876758111990057, 177430.450583821220789 ] } },
{ "type": "Feature", "properties": { "name": "Clare Foods", "site_type": "supermarket", "suitability": 0.9, "traffic_volume": 28000.0, "traffic_count_pts": 3, "traffic_demand_score": 0.2519 }, "geometry": { "type": "Point", "coordinates": [ 317711.245900847250596, 175270.598458601511084 ] } },
{ "type": "Feature", "properties": { "name": "M&S Foodhall", "site_type": "supermarket", "suitability": 0.9, "traffic_volume": 62526.0, "traffic_count_pts": 3, "traffic_demand_score": 0.5625 }, "geometry": { "type": "Point", "coordinates": [ 318560.706320357043296, 176468.127618735656142 ] } },
{ "type": "Feature", "properties": { "name": "Heron Foods", "site_type": "supermarket", "suitability": 0.9, "traffic_volume": 9418.0, "traffic_count_pts": 1, "traffic_demand_score": 0.0847 }, "geometry": { "type": "Point", "coordinates": [ 322397.774698809836991, 180775.583379836869426 ] } },
{ "type": "Feature", "properties": { "name": "Man Fung Store", "site_type": "supermarket", "suitability": 0.9, "traffic_volume": 27000.0, "traffic_count_pts": 3, "traffic_demand_score": 0.2429 }, "geometry": { "type": "Point", "coordinates": [ 317880.305595938465558, 175386.753035185858607 ] } },
{ "type": "Feature", "properties": { "name": "Tesco Click & Collect", "site_type": "supermarket", "suitability": 0.9, "traffic_volume": 0.0, "traffic_count_pts": 0, "traffic_demand_score": 0.0 }, "geometry": { "type": "Point", "coordinates": [ 316459.903983988333493, 178465.353222440404352 ] } },
{ "type": "Feature", "properties": { "name": "Eastern Chinese Supermarket", "site_type": "supermarket", "suitability": 0.9, "traffic_volume": 19857.0, "traffic_count_pts": 2, "traffic_demand_score": 0.1786 }, "geometry": { "type": "Point", "coordinates": [ 317772.262781802681275, 175956.141534629976377 ] } },
{ "type": "Feature", "properties": { "name": "Total Asia Food", "site_type": "supermarket", "suitability": 0.9, "traffic_volume": 111166.0, "traffic_count_pts": 2, "traffic_demand_score": 1.0 }, "geometry": { "type": "Point", "coordinates": [ 316868.075943462376017, 174166.371575447497889 ] } },
{ "type": "Feature", "properties": { "name": "Sainsbury's", "site_type": "supermarket", "suitability": 0.9, "traffic_volume": 0.0, "traffic_count_pts": 0, "traffic_demand_score": 0.0 }, "geometry": { "type": "Point", "coordinates": [ 317315.440801327815279, 182847.660326619807165 ] } },
{ "type": "Feature", "properties": { "name": "The Co-operative Food", "site_type": "supermarket", "suitability": 0.9, "traffic_volume": 0.0, "traffic_count_pts": 0, "traffic_demand_score": 0.0 }, "geometry": { "type": "Point", "coordinates": [ 315496.649523223633878, 179961.192723555956036 ] } },
{ "type": "Feature", "properties": { "name": "Co-op Food", "site_type": "supermarket", "suitability": 0.9, "traffic_volume": 14625.0, "traffic_count_pts": 2, "traffic_demand_score": 0.1316 }, "geometry": { "type": "Point", "coordinates": [ 316849.024054750334471, 179948.989066139969509 ] } },
{ "type": "Feature", "properties": { "name": "Co-op Food", "site_type": "supermarket", "suitability": 0.9, "traffic_volume": 0.0, "traffic_count_pts": 0, "traffic_demand_score": 0.0 }, "geometry": { "type": "Point", "coordinates": [ 314018.680247306241654, 179084.392611199058592 ] } },
{ "type": "Feature", "properties": { "name": "La Mart Asian Supermarket", "site_type": "supermarket", "suitability": 0.9, "traffic_volume": 23143.0, "traffic_count_pts": 1, "traffic_demand_score": 0.2082 }, "geometry": { "type": "Point", "coordinates": [ 319313.636309302819427, 176743.893148195871618 ] } },
{ "type": "Feature", "properties": { "name": "Co-op Food", "site_type": "supermarket", "suitability": 0.9, "traffic_volume": 45051.0, "traffic_count_pts": 4, "traffic_demand_score": 0.4053 }, "geometry": { "type": "Point", "coordinates": [ 318400.775027886382304, 175461.460926198866218 ] } },
{ "type": "Feature", "properties": { "name": "C&A Supermarket", "site_type": "supermarket", "suitability": 0.9, "traffic_volume": 0.0, "traffic_count_pts": 0, "traffic_demand_score": 0.0 }, "geometry": { "type": "Point", "coordinates": [ 317139.896718581207097, 176497.111507861933205 ] } },
{ "type": "Feature", "properties": { "name": "Co-op Food", "site_type": "supermarket", "suitability": 0.9, "traffic_volume": 9443.0, "traffic_count_pts": 1, "traffic_demand_score": 0.0849 }, "geometry": { "type": "Point", "coordinates": [ 316728.596921538060997, 177028.882830630871467 ] } },
{ "type": "Feature", "properties": { "name": "Lidl", "site_type": "supermarket", "suitability": 0.9, "traffic_volume": 0.0, "traffic_count_pts": 0, "traffic_demand_score": 0.0 }, "geometry": { "type": "Point", "coordinates": [ 313272.304899060924072, 175816.299010281974915 ] } },
{ "type": "Feature", "properties": { "name": "Canton Food Centre", "site_type": "supermarket", "suitability": 0.9, "traffic_volume": 0.0, "traffic_count_pts": 0, "traffic_demand_score": 0.0 }, "geometry": { "type": "Point", "coordinates": [ 316882.999259864911437, 176525.947410854802001 ] } },
{ "type": "Feature", "properties": { "name": "Co-op Food", "site_type": "supermarket", "suitability": 0.9, "traffic_volume": 9443.0, "traffic_count_pts": 1, "traffic_demand_score": 0.0849 }, "geometry": { "type": "Point", "coordinates": [ 316402.137093131546862, 176531.034261376131326 ] } },
{ "type": "Feature", "properties": { "name": "Aldi", "site_type": "supermarket", "suitability": 0.9, "traffic_volume": 0.0, "traffic_count_pts": 0, "traffic_demand_score": 0.0 }, "geometry": { "type": "Point", "coordinates": [ 314167.297767128213309, 176422.208793757017702 ] } },
{ "type": "Feature", "properties": { "name": "Asda", "site_type": "supermarket", "suitability": 0.9, "traffic_volume": 6501.0, "traffic_count_pts": 1, "traffic_demand_score": 0.0585 }, "geometry": { "type": "Point", "coordinates": [ 313940.471171221928671, 181322.091433636727743 ] } },
{ "type": "Feature", "properties": { "name": "Morrisons", "site_type": "supermarket", "suitability": 0.9, "traffic_volume": 0.0, "traffic_count_pts": 0, "traffic_demand_score": 0.0 }, "geometry": { "type": "Point", "coordinates": [ 316868.920645456470083, 181413.351208880369086 ] } },
{ "type": "Feature", "properties": { "name": "Lidl", "site_type": "supermarket", "suitability": 0.9, "traffic_volume": 0.0, "traffic_count_pts": 0, "traffic_demand_score": 0.0 }, "geometry": { "type": "Point", "coordinates": [ 316806.388249385985546, 180829.69228969339747 ] } },
{ "type": "Feature", "properties": { "name": "Lidl", "site_type": "supermarket", "suitability": 0.9, "traffic_volume": 0.0, "traffic_count_pts": 0, "traffic_demand_score": 0.0 }, "geometry": { "type": "Point", "coordinates": [ 318036.584599677182268, 177549.095475205220282 ] } },
{ "type": "Feature", "properties": { "name": "Tesco Extra", "site_type": "supermarket", "suitability": 0.9, "traffic_volume": 0.0, "traffic_count_pts": 0, "traffic_demand_score": 0.0 }, "geometry": { "type": "Point", "coordinates": [ 321819.747312028077431, 177117.620714574295562 ] } },
{ "type": "Feature", "properties": { "name": "Tesco", "site_type": "supermarket", "suitability": 0.9, "traffic_volume": 0.0, "traffic_count_pts": 0, "traffic_demand_score": 0.0 }, "geometry": { "type": "Point", "coordinates": [ 323544.893348381039687, 181185.884671845880803 ] } },
{ "type": "Feature", "properties": { "name": "Asda", "site_type": "supermarket", "suitability": 0.9, "traffic_volume": 55583.0, "traffic_count_pts": 1, "traffic_demand_score": 0.5 }, "geometry": { "type": "Point", "coordinates": [ 317792.639930687611923, 173662.462972288660239 ] } },
{ "type": "Feature", "properties": { "name": "Aldi", "site_type": "supermarket", "suitability": 0.9, "traffic_volume": 55583.0, "traffic_count_pts": 1, "traffic_demand_score": 0.5 }, "geometry": { "type": "Point", "coordinates": [ 317903.828225473174825, 173497.802262640499976 ] } },
{ "type": "Feature", "properties": { "name": "Lidl", "site_type": "supermarket", "suitability": 0.9, "traffic_volume": 0.0, "traffic_count_pts": 0, "traffic_demand_score": 0.0 }, "geometry": { "type": "Point", "coordinates": [ 319702.568820547894575, 176254.500558215077035 ] } },
{ "type": "Feature", "properties": { "name": "Morrisons", "site_type": "supermarket", "suitability": 0.9, "traffic_volume": 0.0, "traffic_count_pts": 0, "traffic_demand_score": 0.0 }, "geometry": { "type": "Point", "coordinates": [ 320835.287118156382348, 178517.958198472973891 ] } },
{ "type": "Feature", "properties": { "name": "ALDI", "site_type": "supermarket", "suitability": 0.9, "traffic_volume": 32809.0, "traffic_count_pts": 1, "traffic_demand_score": 0.2951 }, "geometry": { "type": "Point", "coordinates": [ 320546.041526977904141, 177639.930519802030176 ] } },
{ "type": "Feature", "properties": { "name": "Asda", "site_type": "supermarket", "suitability": 0.9, "traffic_volume": 53298.0, "traffic_count_pts": 2, "traffic_demand_score": 0.4794 }, "geometry": { "type": "Point", "coordinates": [ 321846.010811577900313, 182373.504583968606312 ] } },
{ "type": "Feature", "properties": { "name": "Waitrose", "site_type": "supermarket", "suitability": 0.9, "traffic_volume": 0.0, "traffic_count_pts": 0, "traffic_demand_score": 0.0 }, "geometry": { "type": "Point", "coordinates": [ 321160.067431050818413, 181878.364534956635907 ] } },
{ "type": "Feature", "properties": { "name": "Lidl", "site_type": "supermarket", "suitability": 0.9, "traffic_volume": 0.0, "traffic_count_pts": 0, "traffic_demand_score": 0.0 }, "geometry": { "type": "Point", "coordinates": [ 321186.436159387230873, 181796.26490546320565 ] } },
{ "type": "Feature", "properties": { "name": "Aldi", "site_type": "supermarket", "suitability": 0.9, "traffic_volume": 0.0, "traffic_count_pts": 0, "traffic_demand_score": 0.0 }, "geometry": { "type": "Point", "coordinates": [ 320260.942068864882458, 181960.290579682623502 ] } },
{ "type": "Feature", "properties": { "name": "Asda", "site_type": "supermarket", "suitability": 0.9, "traffic_volume": 0.0, "traffic_count_pts": 0, "traffic_demand_score": 0.0 }, "geometry": { "type": "Point", "coordinates": [ 316176.11244464450283, 175422.298952144337818 ] } },
{ "type": "Feature", "properties": { "name": "Cardiff Food Centre", "site_type": "supermarket", "suitability": 0.9, "traffic_volume": 1638.0, "traffic_count_pts": 1, "traffic_demand_score": 0.0147 }, "geometry": { "type": "Point", "coordinates": [ 318836.222058652667329, 174836.630513304728083 ] } },
{ "type": "Feature", "properties": { "name": "Morrisons", "site_type": "supermarket", "suitability": 0.9, "traffic_volume": 91788.0, "traffic_count_pts": 2, "traffic_demand_score": 0.8257 }, "geometry": { "type": "Point", "coordinates": [ 317951.535483492945787, 173297.553098938544281 ] } },
{ "type": "Feature", "properties": { "name": "Lidl", "site_type": "supermarket", "suitability": 0.9, "traffic_volume": 0.0, "traffic_count_pts": 0, "traffic_demand_score": 0.0 }, "geometry": { "type": "Point", "coordinates": [ 314896.454368272679858, 178984.705045620328747 ] } },
{ "type": "Feature", "properties": { "name": "Lidl", "site_type": "supermarket", "suitability": 0.9, "traffic_volume": 32809.0, "traffic_count_pts": 1, "traffic_demand_score": 0.2951 }, "geometry": { "type": "Point", "coordinates": [ 320654.185233575291932, 178138.633089312643278 ] } },
{ "type": "Feature", "properties": { "name": "Sainsbury's", "site_type": "supermarket", "suitability": 0.9, "traffic_volume": 32809.0, "traffic_count_pts": 1, "traffic_demand_score": 0.2951 }, "geometry": { "type": "Point", "coordinates": [ 320403.102934883441776, 178035.225757435895503 ] } },
{ "type": "Feature", "properties": { "name": "Lidl", "site_type": "supermarket", "suitability": 0.9, "traffic_volume": 11467.0, "traffic_count_pts": 1, "traffic_demand_score": 0.1032 }, "geometry": { "type": "Point", "coordinates": [ 316407.985145532526076, 175748.178451068815775 ] } },
{ "type": "Feature", "properties": { "name": "Aldi", "site_type": "supermarket", "suitability": 0.9, "traffic_volume": 171.0, "traffic_count_pts": 1, "traffic_demand_score": 0.0015 }, "geometry": { "type": "Point", "coordinates": [ 316720.619035964249633, 180582.245418211095966 ] } },
{ "type": "Feature", "properties": { "name": "Uni Market", "site_type": "supermarket", "suitability": 0.9, "traffic_volume": 18217.0, "traffic_count_pts": 1, "traffic_demand_score": 0.1639 }, "geometry": { "type": "Point", "coordinates": [ 318597.242602909798734, 177339.348790498799644 ] } },
{ "type": "Feature", "properties": { "name": "The Food Warehouse", "site_type": "supermarket", "suitability": 0.9, "traffic_volume": 0.0, "traffic_count_pts": 0, "traffic_demand_score": 0.0 }, "geometry": { "type": "Point", "coordinates": [ 317676.440587009361479, 173954.170406199002173 ] } },
{ "type": "Feature", "properties": { "name": "Lidl", "site_type": "supermarket", "suitability": 0.9, "traffic_volume": 0.0, "traffic_count_pts": 0, "traffic_demand_score": 0.0 }, "geometry": { "type": "Point", "coordinates": [ 317587.608742370386608, 174163.904778955678921 ] } },
{ "type": "Feature", "properties": { "name": "Co-op Food", "site_type": "supermarket", "suitability": 0.9, "traffic_volume": 0.0, "traffic_count_pts": 0, "traffic_demand_score": 0.0 }, "geometry": { "type": "Point", "coordinates": [ 315993.059944642416667, 181139.968669906491414 ] } },
{ "type": "Feature", "properties": { "name": "Esso", "site_type": "petrol_station", "suitability": 0.7, "traffic_volume": 0.0, "traffic_count_pts": 0, "traffic_demand_score": 0.0 }, "geometry": { "type": "Point", "coordinates": [ 313570.503575415408704, 179155.078909895149991 ] } },
{ "type": "Feature", "properties": { "name": "Esso", "site_type": "petrol_station", "suitability": 0.7, "traffic_volume": 19614.0, "traffic_count_pts": 1, "traffic_demand_score": 0.1764 }, "geometry": { "type": "Point", "coordinates": [ 314959.381905185291544, 176893.732121985405684 ] } },
{ "type": "Feature", "properties": { "name": "Texaco", "site_type": "petrol_station", "suitability": 0.7, "traffic_volume": 0.0, "traffic_count_pts": 0, "traffic_demand_score": 0.0 }, "geometry": { "type": "Point", "coordinates": [ 317312.42555128398817, 178229.287317393696867 ] } },
{ "type": "Feature", "properties": { "name": "Tesco Extra Petrol Station", "site_type": "petrol_station", "suitability": 0.7, "traffic_volume": 0.0, "traffic_count_pts": 0, "traffic_demand_score": 0.0 }, "geometry": { "type": "Point", "coordinates": [ 321634.889921190566383, 177232.739159973803908 ] } },
{ "type": "Feature", "properties": { "name": "Esso", "site_type": "petrol_station", "suitability": 0.7, "traffic_volume": 0.0, "traffic_count_pts": 0, "traffic_demand_score": 0.0 }, "geometry": { "type": "Point", "coordinates": [ 318452.713315583299845, 174729.538726106577087 ] } },
{ "type": "Feature", "properties": { "name": "Texaco", "site_type": "petrol_station", "suitability": 0.7, "traffic_volume": 0.0, "traffic_count_pts": 0, "traffic_demand_score": 0.0 }, "geometry": { "type": "Point", "coordinates": [ 318172.873314182914328, 180634.753073843778111 ] } },
{ "type": "Feature", "properties": { "name": "Tesco", "site_type": "petrol_station", "suitability": 0.7, "traffic_volume": 0.0, "traffic_count_pts": 0, "traffic_demand_score": 0.0 }, "geometry": { "type": "Point", "coordinates": [ 323463.628984835348092, 181309.056361095805187 ] } },
{ "type": "Feature", "properties": { "name": "ASDA Petrol Station", "site_type": "petrol_station", "suitability": 0.7, "traffic_volume": 55583.0, "traffic_count_pts": 1, "traffic_demand_score": 0.5 }, "geometry": { "type": "Point", "coordinates": [ 317626.594993717037141, 173603.793505595880561 ] } },
{ "type": "Feature", "properties": { "name": "Shell", "site_type": "petrol_station", "suitability": 0.7, "traffic_volume": 55583.0, "traffic_count_pts": 1, "traffic_demand_score": 0.5 }, "geometry": { "type": "Point", "coordinates": [ 316807.301672174944542, 174723.633678345300723 ] } },
{ "type": "Feature", "properties": { "name": "Shell", "site_type": "petrol_station", "suitability": 0.7, "traffic_volume": 32809.0, "traffic_count_pts": 1, "traffic_demand_score": 0.2951 }, "geometry": { "type": "Point", "coordinates": [ 320823.978571080020629, 178121.859059197013266 ] } },
{ "type": "Feature", "properties": { "name": "Texaco", "site_type": "petrol_station", "suitability": 0.7, "traffic_volume": 14565.0, "traffic_count_pts": 1, "traffic_demand_score": 0.131 }, "geometry": { "type": "Point", "coordinates": [ 317041.6149222747772, 175215.77531819784781 ] } },
{ "type": "Feature", "properties": { "name": "Tesco", "site_type": "petrol_station", "suitability": 0.7, "traffic_volume": 0.0, "traffic_count_pts": 0, "traffic_demand_score": 0.0 }, "geometry": { "type": "Point", "coordinates": [ 316536.225897696218453, 178432.28392638254445 ] } },
{ "type": "Feature", "properties": { "name": "Texaco", "site_type": "petrol_station", "suitability": 0.7, "traffic_volume": 0.0, "traffic_count_pts": 0, "traffic_demand_score": 0.0 }, "geometry": { "type": "Point", "coordinates": [ 314352.775930462172255, 178533.800128309056163 ] } },
{ "type": "Feature", "properties": { "name": "Asda", "site_type": "petrol_station", "suitability": 0.7, "traffic_volume": 11467.0, "traffic_count_pts": 1, "traffic_demand_score": 0.1032 }, "geometry": { "type": "Point", "coordinates": [ 316300.675227740779519, 175514.319939444481861 ] } },
{ "type": "Feature", "properties": { "name": "BP", "site_type": "petrol_station", "suitability": 0.7, "traffic_volume": 0.0, "traffic_count_pts": 0, "traffic_demand_score": 0.0 }, "geometry": { "type": "Point", "coordinates": [ 309241.083540374354925, 179600.95901127171237 ] } },
{ "type": "Feature", "properties": { "name": "Sainsbury's", "site_type": "petrol_station", "suitability": 0.7, "traffic_volume": 32809.0, "traffic_count_pts": 1, "traffic_demand_score": 0.2951 }, "geometry": { "type": "Point", "coordinates": [ 320502.509517836733721, 178093.859747305803467 ] } },
{ "type": "Feature", "properties": { "name": "Morrisons Petrol Station", "site_type": "petrol_station", "suitability": 0.7, "traffic_volume": 0.0, "traffic_count_pts": 0, "traffic_demand_score": 0.0 }, "geometry": { "type": "Point", "coordinates": [ 316782.338713409553748, 181443.500857359962538 ] } },
{ "type": "Feature", "properties": { "name": "Texaco", "site_type": "petrol_station", "suitability": 0.7, "traffic_volume": 64912.0, "traffic_count_pts": 2, "traffic_demand_score": 0.5839 }, "geometry": { "type": "Point", "coordinates": [ 323641.366276151500642, 181835.117107008234598 ] } },
{ "type": "Feature", "properties": { "name": "Texaco", "site_type": "petrol_station", "suitability": 0.7, "traffic_volume": 0.0, "traffic_count_pts": 0, "traffic_demand_score": 0.0 }, "geometry": { "type": "Point", "coordinates": [ 314997.588886551151518, 178942.731638496741652 ] } },
{ "type": "Feature", "properties": { "name": "Morrisons Petrol Station", "site_type": "petrol_station", "suitability": 0.7, "traffic_volume": 0.0, "traffic_count_pts": 0, "traffic_demand_score": 0.0 }, "geometry": { "type": "Point", "coordinates": [ 320814.292118791898247, 178471.066820374748204 ] } },
{ "type": "Feature", "properties": { "name": "Morrisons Petrol Station", "site_type": "petrol_station", "suitability": 0.7, "traffic_volume": 91788.0, "traffic_count_pts": 2, "traffic_demand_score": 0.8257 }, "geometry": { "type": "Point", "coordinates": [ 317828.997994591307361, 173211.262089820171241 ] } },
{ "type": "Feature", "properties": { "name": "Asda Petrol Station", "site_type": "petrol_station", "suitability": 0.7, "traffic_volume": 53298.0, "traffic_count_pts": 2, "traffic_demand_score": 0.4794 }, "geometry": { "type": "Point", "coordinates": [ 321730.01493019645568, 182428.053464896162041 ] } },
{ "type": "Feature", "properties": { "name": "Texaco - Pentwyn", "site_type": "petrol_station", "suitability": 0.7, "traffic_volume": 0.0, "traffic_count_pts": 0, "traffic_demand_score": 0.0 }, "geometry": { "type": "Point", "coordinates": [ 321092.146248544275295, 181120.981746094184928 ] } },
{ "type": "Feature", "properties": { "name": "Welcome Break Fuel Cardiff Gate", "site_type": "petrol_station", "suitability": 0.7, "traffic_volume": 0.0, "traffic_count_pts": 0, "traffic_demand_score": 0.0 }, "geometry": { "type": "Point", "coordinates": [ 321684.753721498767845, 182869.301987567043398 ] } },
{ "type": "Feature", "properties": { "name": "STAR Hub", "site_type": "leisure", "suitability": 0.6, "traffic_volume": 0.0, "traffic_count_pts": 0, "traffic_demand_score": 0.0 }, "geometry": { "type": "Point", "coordinates": [ 320718.62086398008978, 176789.557382998464163 ] } },
{ "type": "Feature", "properties": { "name": "Boulders Climbing Centre", "site_type": "leisure", "suitability": 0.6, "traffic_volume": 32809.0, "traffic_count_pts": 1, "traffic_demand_score": 0.2951 }, "geometry": { "type": "Point", "coordinates": [ 320827.110910482530016, 177746.075530115806032 ] } },
{ "type": "Feature", "properties": { "name": "Fun HQ", "site_type": "leisure", "suitability": 0.6, "traffic_volume": 36205.0, "traffic_count_pts": 1, "traffic_demand_score": 0.3257 }, "geometry": { "type": "Point", "coordinates": [ 318023.257577928015962, 173047.094824947067536 ] } },
{ "type": "Feature", "properties": { "name": "Scale | Drop", "site_type": "leisure", "suitability": 0.6, "traffic_volume": 28197.0, "traffic_count_pts": 2, "traffic_demand_score": 0.2536 }, "geometry": { "type": "Point", "coordinates": [ 317854.126916298409924, 176180.808100591995753 ] } },
{ "type": "Feature", "properties": { "name": "Cardiff Draconians FC", "site_type": "leisure", "suitability": 0.6, "traffic_volume": 0.0, "traffic_count_pts": 0, "traffic_demand_score": 0.0 }, "geometry": { "type": "Point", "coordinates": [ 315800.233065414009616, 178588.8210494996747 ] } },
{ "type": "Feature", "properties": { "name": "Western Leisure Centre", "site_type": "leisure", "suitability": 0.6, "traffic_volume": 0.0, "traffic_count_pts": 0, "traffic_demand_score": 0.0 }, "geometry": { "type": "Point", "coordinates": [ 313542.979284022934735, 175920.442513752612285 ] } },
{ "type": "Feature", "properties": { "name": "Glamorgan Wanderers Rugby Club", "site_type": "leisure", "suitability": 0.6, "traffic_volume": 7754.0, "traffic_count_pts": 1, "traffic_demand_score": 0.0698 }, "geometry": { "type": "Point", "coordinates": [ 312083.334059255663306, 175971.968024672067259 ] } },
{ "type": "Feature", "properties": { "name": "Teamsport Karting", "site_type": "leisure", "suitability": 0.6, "traffic_volume": 32809.0, "traffic_count_pts": 1, "traffic_demand_score": 0.2951 }, "geometry": { "type": "Point", "coordinates": [ 320287.17709326907061, 177838.757622526376508 ] } },
{ "type": "Feature", "properties": { "name": "Whitchurch-Heath Cricket Club", "site_type": "leisure", "suitability": 0.6, "traffic_volume": 0.0, "traffic_count_pts": 0, "traffic_demand_score": 0.0 }, "geometry": { "type": "Point", "coordinates": [ 314448.789978230488487, 180730.542297648556996 ] } },
{ "type": "Feature", "properties": { "name": "Gôl Football Centres", "site_type": "leisure", "suitability": 0.6, "traffic_volume": 0.0, "traffic_count_pts": 0, "traffic_demand_score": 0.0 }, "geometry": { "type": "Point", "coordinates": [ 315741.411591368960217, 175823.156341012916528 ] } },
{ "type": "Feature", "properties": { "name": "Saint Fagans Tennis Club", "site_type": "leisure", "suitability": 0.6, "traffic_volume": 0.0, "traffic_count_pts": 0, "traffic_demand_score": 0.0 }, "geometry": { "type": "Point", "coordinates": [ 311768.104027100489475, 176945.479998955095652 ] } },
{ "type": "Feature", "properties": { "name": "Maindy Centre", "site_type": "leisure", "suitability": 0.6, "traffic_volume": 0.0, "traffic_count_pts": 0, "traffic_demand_score": 0.0 }, "geometry": { "type": "Point", "coordinates": [ 317463.925439326267224, 178227.172066627827007 ] } },
{ "type": "Feature", "properties": { "name": "Fairwater Leisure Centre", "site_type": "leisure", "suitability": 0.6, "traffic_volume": 0.0, "traffic_count_pts": 0, "traffic_demand_score": 0.0 }, "geometry": { "type": "Point", "coordinates": [ 313400.151514766504988, 178551.223004513652995 ] } },
{ "type": "Feature", "properties": { "name": "Cardiff International White Water Centre", "site_type": "leisure", "suitability": 0.6, "traffic_volume": 36205.0, "traffic_count_pts": 1, "traffic_demand_score": 0.3257 }, "geometry": { "type": "Point", "coordinates": [ 317906.855918950226624, 172781.843104191764724 ] } },
{ "type": "Feature", "properties": { "name": "Cardiff International White Water Centre", "site_type": "leisure", "suitability": 0.6, "traffic_volume": 36205.0, "traffic_count_pts": 1, "traffic_demand_score": 0.3257 }, "geometry": { "type": "Point", "coordinates": [ 317970.413847610238008, 172833.385309613251593 ] } },
{ "type": "Feature", "properties": { "name": "David Lloyd Clubs", "site_type": "leisure", "suitability": 0.6, "traffic_volume": 70727.0, "traffic_count_pts": 2, "traffic_demand_score": 0.6362 }, "geometry": { "type": "Point", "coordinates": [ 320569.979765762400348, 178830.752126514911652 ] } },
{ "type": "Feature", "properties": { "name": "Heath Tennis In The Park", "site_type": "leisure", "suitability": 0.6, "traffic_volume": 0.0, "traffic_count_pts": 0, "traffic_demand_score": 0.0 }, "geometry": { "type": "Point", "coordinates": [ 317680.60332280874718, 179795.084047402488068 ] } },
{ "type": "Feature", "properties": { "name": "Llwynfedw Gardens Pavilion", "site_type": "leisure", "suitability": 0.6, "traffic_volume": 14625.0, "traffic_count_pts": 2, "traffic_demand_score": 0.1316 }, "geometry": { "type": "Point", "coordinates": [ 316927.89370678330306, 180102.64715408970369 ] } },
{ "type": "Feature", "properties": { "name": "Flashpoint", "site_type": "leisure", "suitability": 0.6, "traffic_volume": 111166.0, "traffic_count_pts": 2, "traffic_demand_score": 1.0 }, "geometry": { "type": "Point", "coordinates": [ 316877.149364882265218, 174302.170864439452998 ] } },
{ "type": "Feature", "properties": { "name": "Tir 3G Tal-y-bont", "site_type": "leisure", "suitability": 0.6, "traffic_volume": 27184.0, "traffic_count_pts": 1, "traffic_demand_score": 0.2445 }, "geometry": { "type": "Point", "coordinates": [ 316812.49933884292841, 178435.568990615720395 ] } },
{ "type": "Feature", "properties": { "name": "Cardiff Lawn Tennis Club", "site_type": "leisure", "suitability": 0.6, "traffic_volume": 32914.0, "traffic_count_pts": 2, "traffic_demand_score": 0.2961 }, "geometry": { "type": "Point", "coordinates": [ 318006.697958353383001, 176808.663349756854586 ] } },
{ "type": "Feature", "properties": { "name": "Penylan Bowling Club", "site_type": "leisure", "suitability": 0.6, "traffic_volume": 0.0, "traffic_count_pts": 0, "traffic_demand_score": 0.0 }, "geometry": { "type": "Point", "coordinates": [ 319645.836592616862617, 177935.123611407936551 ] } },
{ "type": "Feature", "properties": { "name": "Changing rooms", "site_type": "leisure", "suitability": 0.6, "traffic_volume": 0.0, "traffic_count_pts": 0, "traffic_demand_score": 0.0 }, "geometry": { "type": "Point", "coordinates": [ 317773.140683103527408, 180117.033592641353607 ] } },
{ "type": "Feature", "properties": { "name": "National Hockey Centre", "site_type": "leisure", "suitability": 0.6, "traffic_volume": 0.0, "traffic_count_pts": 0, "traffic_demand_score": 0.0 }, "geometry": { "type": "Point", "coordinates": [ 317268.074216793291271, 177045.398162597150076 ] } },
{ "type": "Feature", "properties": { "name": "Cardiff Athletic Bowls Club", "site_type": "leisure", "suitability": 0.6, "traffic_volume": 28197.0, "traffic_count_pts": 2, "traffic_demand_score": 0.2536 }, "geometry": { "type": "Point", "coordinates": [ 317830.629287844931241, 176378.457377601764165 ] } },
{ "type": "Feature", "properties": { "name": "Cardiff City House of Sport", "site_type": "leisure", "suitability": 0.6, "traffic_volume": 11467.0, "traffic_count_pts": 1, "traffic_demand_score": 0.1032 }, "geometry": { "type": "Point", "coordinates": [ 316737.503816288372036, 175312.322485205018893 ] } },
{ "type": "Feature", "properties": { "name": "", "site_type": "leisure", "suitability": 0.6, "traffic_volume": 27184.0, "traffic_count_pts": 1, "traffic_demand_score": 0.2445 }, "geometry": { "type": "Point", "coordinates": [ 316743.480582837248221, 178568.86001739569474 ] } },
{ "type": "Feature", "properties": { "name": "Rumney R.F.C.", "site_type": "leisure", "suitability": 0.6, "traffic_volume": 78648.0, "traffic_count_pts": 1, "traffic_demand_score": 0.7075 }, "geometry": { "type": "Point", "coordinates": [ 321150.39160198206082, 179981.781024151539896 ] } },
{ "type": "Feature", "properties": { "name": "Powerleague Cardiff", "site_type": "leisure", "suitability": 0.6, "traffic_volume": 26555.0, "traffic_count_pts": 1, "traffic_demand_score": 0.2389 }, "geometry": { "type": "Point", "coordinates": [ 315684.504104545048904, 180390.340891027473845 ] } },
{ "type": "Feature", "properties": { "name": "", "site_type": "leisure", "suitability": 0.6, "traffic_volume": 0.0, "traffic_count_pts": 0, "traffic_demand_score": 0.0 }, "geometry": { "type": "Point", "coordinates": [ 319499.505169472773559, 179859.396436937036924 ] } },
{ "type": "Feature", "properties": { "name": "", "site_type": "leisure", "suitability": 0.6, "traffic_volume": 0.0, "traffic_count_pts": 0, "traffic_demand_score": 0.0 }, "geometry": { "type": "Point", "coordinates": [ 318752.903870311041828, 178642.518881224852521 ] } },
{ "type": "Feature", "properties": { "name": "", "site_type": "leisure", "suitability": 0.6, "traffic_volume": 0.0, "traffic_count_pts": 0, "traffic_demand_score": 0.0 }, "geometry": { "type": "Point", "coordinates": [ 318697.014296433015261, 178671.992758026579395 ] } },
{ "type": "Feature", "properties": { "name": "", "site_type": "leisure", "suitability": 0.6, "traffic_volume": 0.0, "traffic_count_pts": 0, "traffic_demand_score": 0.0 }, "geometry": { "type": "Point", "coordinates": [ 318789.460430855979212, 178603.373048014822416 ] } },
{ "type": "Feature", "properties": { "name": "Radyr Lawn Tennis Club", "site_type": "leisure", "suitability": 0.6, "traffic_volume": 0.0, "traffic_count_pts": 0, "traffic_demand_score": 0.0 }, "geometry": { "type": "Point", "coordinates": [ 313184.00495306000812, 180093.605040890688542 ] } },
{ "type": "Feature", "properties": { "name": "St Fagans Cricket & Bowls Club", "site_type": "leisure", "suitability": 0.6, "traffic_volume": 0.0, "traffic_count_pts": 0, "traffic_demand_score": 0.0 }, "geometry": { "type": "Point", "coordinates": [ 311630.915418910328299, 177876.042788091581315 ] } },
{ "type": "Feature", "properties": { "name": "Riverside Ground", "site_type": "leisure", "suitability": 0.6, "traffic_volume": 0.0, "traffic_count_pts": 0, "traffic_demand_score": 0.0 }, "geometry": { "type": "Point", "coordinates": [ 313745.54014161194209, 180290.632408370205667 ] } },
{ "type": "Feature", "properties": { "name": "Diamond Ground", "site_type": "leisure", "suitability": 0.6, "traffic_volume": 0.0, "traffic_count_pts": 0, "traffic_demand_score": 0.0 }, "geometry": { "type": "Point", "coordinates": [ 313946.340855345362797, 180595.859378130466212 ] } },
{ "type": "Feature", "properties": { "name": "Llandaff Rugby Football Club", "site_type": "leisure", "suitability": 0.6, "traffic_volume": 51281.0, "traffic_count_pts": 1, "traffic_demand_score": 0.4613 }, "geometry": { "type": "Point", "coordinates": [ 315872.162976865773089, 178011.522800521808676 ] } },
{ "type": "Feature", "properties": { "name": "Dave's Gym", "site_type": "leisure", "suitability": 0.5, "traffic_volume": 0.0, "traffic_count_pts": 0, "traffic_demand_score": 0.0 }, "geometry": { "type": "Point", "coordinates": [ 319180.997619887115434, 177843.500058768258896 ] } },
{ "type": "Feature", "properties": { "name": "Everlast Gyms", "site_type": "leisure", "suitability": 0.5, "traffic_volume": 11467.0, "traffic_count_pts": 1, "traffic_demand_score": 0.1032 }, "geometry": { "type": "Point", "coordinates": [ 316434.787498711957596, 175298.992298362019937 ] } },
{ "type": "Feature", "properties": { "name": "Better Maindy Centre", "site_type": "leisure", "suitability": 0.5, "traffic_volume": 0.0, "traffic_count_pts": 0, "traffic_demand_score": 0.0 }, "geometry": { "type": "Point", "coordinates": [ 317398.698199538572226, 178185.857143363857176 ] } },
{ "type": "Feature", "properties": { "name": "Cardiff University - Fitness and Conditioning Centre", "site_type": "leisure", "suitability": 0.5, "traffic_volume": 17484.0, "traffic_count_pts": 1, "traffic_demand_score": 0.1573 }, "geometry": { "type": "Point", "coordinates": [ 318311.878464410779998, 177304.135683641419746 ] } },
{ "type": "Feature", "properties": { "name": "Synergi Weightlifting Club", "site_type": "leisure", "suitability": 0.5, "traffic_volume": 0.0, "traffic_count_pts": 0, "traffic_demand_score": 0.0 }, "geometry": { "type": "Point", "coordinates": [ 320161.206098283466417, 178113.208504401613027 ] } },
{ "type": "Feature", "properties": { "name": "Fitness Quarter", "site_type": "leisure", "suitability": 0.5, "traffic_volume": 46382.0, "traffic_count_pts": 2, "traffic_demand_score": 0.4172 }, "geometry": { "type": "Point", "coordinates": [ 319336.353454768075608, 174837.090572134475224 ] } },
{ "type": "Feature", "properties": { "name": "MandaYoga", "site_type": "leisure", "suitability": 0.5, "traffic_volume": 329.0, "traffic_count_pts": 1, "traffic_demand_score": 0.003 }, "geometry": { "type": "Point", "coordinates": [ 315829.108862542896532, 176690.67942565534031 ] } },
{ "type": "Feature", "properties": { "name": "Compound Gym", "site_type": "leisure", "suitability": 0.5, "traffic_volume": 19614.0, "traffic_count_pts": 1, "traffic_demand_score": 0.1764 }, "geometry": { "type": "Point", "coordinates": [ 315287.955191742861643, 176647.628193926473614 ] } },
{ "type": "Feature", "properties": { "name": "The Gym", "site_type": "leisure", "suitability": 0.5, "traffic_volume": 18217.0, "traffic_count_pts": 1, "traffic_demand_score": 0.1639 }, "geometry": { "type": "Point", "coordinates": [ 318626.510945461224765, 176614.397819856530987 ] } },
{ "type": "Feature", "properties": { "name": "SOS Athletic Excellence", "site_type": "leisure", "suitability": 0.5, "traffic_volume": 0.0, "traffic_count_pts": 0, "traffic_demand_score": 0.0 }, "geometry": { "type": "Point", "coordinates": [ 322134.935407035634853, 178474.049206360825337 ] } },
{ "type": "Feature", "properties": { "name": "Penylan Gym", "site_type": "leisure", "suitability": 0.5, "traffic_volume": 0.0, "traffic_count_pts": 0, "traffic_demand_score": 0.0 }, "geometry": { "type": "Point", "coordinates": [ 319221.099382377404254, 178200.270214072137605 ] } },
{ "type": "Feature", "properties": { "name": "PureGym", "site_type": "leisure", "suitability": 0.5, "traffic_volume": 27193.0, "traffic_count_pts": 1, "traffic_demand_score": 0.2446 }, "geometry": { "type": "Point", "coordinates": [ 321856.141532491368707, 182571.134819923376199 ] } },
{ "type": "Feature", "properties": { "name": "Bannatyne Health Club", "site_type": "leisure", "suitability": 0.5, "traffic_volume": 0.0, "traffic_count_pts": 0, "traffic_demand_score": 0.0 }, "geometry": { "type": "Point", "coordinates": [ 317329.441803127818275, 181247.327305203187279 ] } },
{ "type": "Feature", "properties": { "name": "Aspire Fitness", "site_type": "leisure", "suitability": 0.5, "traffic_volume": 329.0, "traffic_count_pts": 1, "traffic_demand_score": 0.003 }, "geometry": { "type": "Point", "coordinates": [ 315655.56038290145807, 176395.455450194829609 ] } },
{ "type": "Feature", "properties": { "name": "PureGym", "site_type": "leisure", "suitability": 0.5, "traffic_volume": 0.0, "traffic_count_pts": 0, "traffic_demand_score": 0.0 }, "geometry": { "type": "Point", "coordinates": [ 317553.58165473229019, 174122.436925781483296 ] } },
{ "type": "Feature", "properties": { "name": "Cathays", "site_type": "rail_station", "suitability": 0.85, "traffic_volume": 17484.0, "traffic_count_pts": 1, "traffic_demand_score": 0.1573 }, "geometry": { "type": "Point", "coordinates": [ 318243.682557987980545, 177320.083826304471586 ] } },
{ "type": "Feature", "properties": { "name": "Llandaf", "site_type": "rail_station", "suitability": 0.85, "traffic_volume": 6771.0, "traffic_count_pts": 1, "traffic_demand_score": 0.0609 }, "geometry": { "type": "Point", "coordinates": [ 314786.747720499464776, 179557.437911306449678 ] } },
{ "type": "Feature", "properties": { "name": "Cardiff Bay", "site_type": "rail_station", "suitability": 0.85, "traffic_volume": 1638.0, "traffic_count_pts": 1, "traffic_demand_score": 0.0147 }, "geometry": { "type": "Point", "coordinates": [ 319052.722288611519616, 174934.210090778127778 ] } },
{ "type": "Feature", "properties": { "name": "Radyr", "site_type": "rail_station", "suitability": 0.85, "traffic_volume": 0.0, "traffic_count_pts": 0, "traffic_demand_score": 0.0 }, "geometry": { "type": "Point", "coordinates": [ 313429.481885779823642, 180480.595635675475933 ] } },
{ "type": "Feature", "properties": { "name": "Heath High Level", "site_type": "rail_station", "suitability": 0.85, "traffic_volume": 0.0, "traffic_count_pts": 0, "traffic_demand_score": 0.0 }, "geometry": { "type": "Point", "coordinates": [ 318110.458985586301424, 180428.344177324906923 ] } },
{ "type": "Feature", "properties": { "name": "Llanishen", "site_type": "rail_station", "suitability": 0.85, "traffic_volume": 5633.0, "traffic_count_pts": 1, "traffic_demand_score": 0.0507 }, "geometry": { "type": "Point", "coordinates": [ 318120.499047710793093, 182227.616967754322104 ] } },
{ "type": "Feature", "properties": { "name": "Fairwater", "site_type": "rail_station", "suitability": 0.85, "traffic_volume": 0.0, "traffic_count_pts": 0, "traffic_demand_score": 0.0 }, "geometry": { "type": "Point", "coordinates": [ 314443.081425900687464, 177937.770732710370794 ] } },
{ "type": "Feature", "properties": { "name": "Ninian Park", "site_type": "rail_station", "suitability": 0.85, "traffic_volume": 11467.0, "traffic_count_pts": 1, "traffic_demand_score": 0.1032 }, "geometry": { "type": "Point", "coordinates": [ 316661.675161623919848, 175971.379297767940443 ] } },
{ "type": "Feature", "properties": { "name": "Coryton", "site_type": "rail_station", "suitability": 0.85, "traffic_volume": 0.0, "traffic_count_pts": 0, "traffic_demand_score": 0.0 }, "geometry": { "type": "Point", "coordinates": [ 314654.330799096438568, 180888.517652431386523 ] } },
{ "type": "Feature", "properties": { "name": "Whitchurch", "site_type": "rail_station", "suitability": 0.85, "traffic_volume": 0.0, "traffic_count_pts": 0, "traffic_demand_score": 0.0 }, "geometry": { "type": "Point", "coordinates": [ 315301.604498329455964, 180917.929727676266339 ] } },
{ "type": "Feature", "properties": { "name": "Rhiwbina", "site_type": "rail_station", "suitability": 0.85, "traffic_volume": 0.0, "traffic_count_pts": 0, "traffic_demand_score": 0.0 }, "geometry": { "type": "Point", "coordinates": [ 315834.575503226369619, 180939.96816667704843 ] } },
{ "type": "Feature", "properties": { "name": "Birchgrove", "site_type": "rail_station", "suitability": 0.85, "traffic_volume": 0.0, "traffic_count_pts": 0, "traffic_demand_score": 0.0 }, "geometry": { "type": "Point", "coordinates": [ 316668.773404498118907, 180974.172200295317452 ] } },
{ "type": "Feature", "properties": { "name": "Heath Low Level", "site_type": "rail_station", "suitability": 0.85, "traffic_volume": 0.0, "traffic_count_pts": 0, "traffic_demand_score": 0.0 }, "geometry": { "type": "Point", "coordinates": [ 318061.828813690925017, 180311.293356556037907 ] } },
{ "type": "Feature", "properties": { "name": "Danescourt", "site_type": "rail_station", "suitability": 0.85, "traffic_volume": 0.0, "traffic_count_pts": 0, "traffic_demand_score": 0.0 }, "geometry": { "type": "Point", "coordinates": [ 314445.456250463379547, 178662.467361754563171 ] } },
{ "type": "Feature", "properties": { "name": "Lisvane and Thornhill", "site_type": "rail_station", "suitability": 0.85, "traffic_volume": 0.0, "traffic_count_pts": 0, "traffic_demand_score": 0.0 }, "geometry": { "type": "Point", "coordinates": [ 317882.704227424052078, 183501.787112507969141 ] } },
{ "type": "Feature", "properties": { "name": "Tŷ Glas", "site_type": "rail_station", "suitability": 0.85, "traffic_volume": 0.0, "traffic_count_pts": 0, "traffic_demand_score": 0.0 }, "geometry": { "type": "Point", "coordinates": [ 317034.177714858204126, 180989.564841050829273 ] } },
{ "type": "Feature", "properties": { "name": "Waun-gron Park", "site_type": "rail_station", "suitability": 0.85, "traffic_volume": 39245.0, "traffic_count_pts": 2, "traffic_demand_score": 0.353 }, "geometry": { "type": "Point", "coordinates": [ 314718.222026868257672, 177311.94512077793479 ] } },
{ "type": "Feature", "properties": { "name": "Grangetown", "site_type": "rail_station", "suitability": 0.85, "traffic_volume": 14565.0, "traffic_count_pts": 1, "traffic_demand_score": 0.131 }, "geometry": { "type": "Point", "coordinates": [ 317466.39441893005278, 174925.027064333495218 ] } },
{ "type": "Feature", "properties": { "name": "Cardiff Central", "site_type": "rail_station", "suitability": 0.85, "traffic_volume": 48947.0, "traffic_count_pts": 5, "traffic_demand_score": 0.4403 }, "geometry": { "type": "Point", "coordinates": [ 318165.708264285582118, 175836.649845153908245 ] } },
{ "type": "Feature", "properties": { "name": "Cardiff Queen Street", "site_type": "rail_station", "suitability": 0.85, "traffic_volume": 62526.0, "traffic_count_pts": 3, "traffic_demand_score": 0.5625 }, "geometry": { "type": "Point", "coordinates": [ 318830.894682484096847, 176543.758049141382799 ] } },
{ "type": "Feature", "properties": { "name": "Cardiff North Dialysis Unit", "site_type": "hospital", "suitability": 0.7, "traffic_volume": 0.0, "traffic_count_pts": 0, "traffic_demand_score": 0.0 }, "geometry": { "type": "Point", "coordinates": [ 321206.848942023760173, 181968.719436502316967 ] } },
{ "type": "Feature", "properties": { "name": "Saint David's Hospital", "site_type": "hospital", "suitability": 0.7, "traffic_volume": 0.0, "traffic_count_pts": 0, "traffic_demand_score": 0.0 }, "geometry": { "type": "Point", "coordinates": [ 317194.006280673725996, 176564.334276509063784 ] } },
{ "type": "Feature", "properties": { "name": "Cardiff Royal Infirmary", "site_type": "hospital", "suitability": 0.7, "traffic_volume": 23143.0, "traffic_count_pts": 1, "traffic_demand_score": 0.2082 }, "geometry": { "type": "Point", "coordinates": [ 319375.452492028882261, 176883.426993764063809 ] } },
{ "type": "Feature", "properties": { "name": "Velindre Cancer Centre", "site_type": "hospital", "suitability": 0.7, "traffic_volume": 6771.0, "traffic_count_pts": 1, "traffic_demand_score": 0.0609 }, "geometry": { "type": "Point", "coordinates": [ 314824.938598973851185, 180467.001745758345351 ] } },
{ "type": "Feature", "properties": { "name": "Nuffield Health Cardiff Bay Hospital", "site_type": "hospital", "suitability": 0.7, "traffic_volume": 91788.0, "traffic_count_pts": 2, "traffic_demand_score": 0.8257 }, "geometry": { "type": "Point", "coordinates": [ 317512.929892839340027, 173335.821912205545232 ] } },
{ "type": "Feature", "properties": { "name": "Spire Cardiff Hospital", "site_type": "hospital", "suitability": 0.7, "traffic_volume": 0.0, "traffic_count_pts": 0, "traffic_demand_score": 0.0 }, "geometry": { "type": "Point", "coordinates": [ 320907.041956480359659, 181979.91046385403024 ] } },
{ "type": "Feature", "properties": { "name": "Queen's Arcade", "site_type": "shopping_centre", "suitability": 0.8, "traffic_volume": 52512.0, "traffic_count_pts": 4, "traffic_demand_score": 0.4724 }, "geometry": { "type": "Point", "coordinates": [ 318347.650213479588274, 176460.963456220459193 ] } },
{ "type": "Feature", "properties": { "name": "Capitol Cardiff", "site_type": "shopping_centre", "suitability": 0.8, "traffic_volume": 47557.0, "traffic_count_pts": 2, "traffic_demand_score": 0.4278 }, "geometry": { "type": "Point", "coordinates": [ 318700.617106614517979, 176598.068648040178232 ] } },
{ "type": "Feature", "properties": { "name": "Stadium Plaza", "site_type": "shopping_centre", "suitability": 0.8, "traffic_volume": 19326.0, "traffic_count_pts": 2, "traffic_demand_score": 0.1738 }, "geometry": { "type": "Point", "coordinates": [ 318027.592293577617966, 176005.064531910815276 ] } },
{ "type": "Feature", "properties": { "name": "Corp Market", "site_type": "shopping_centre", "suitability": 0.8, "traffic_volume": 9443.0, "traffic_count_pts": 1, "traffic_demand_score": 0.0849 }, "geometry": { "type": "Point", "coordinates": [ 316614.192640496999957, 176569.349573308601975 ] } },
{ "type": "Feature", "properties": { "name": "UHW Concourse", "site_type": "shopping_centre", "suitability": 0.8, "traffic_volume": 0.0, "traffic_count_pts": 0, "traffic_demand_score": 0.0 }, "geometry": { "type": "Point", "coordinates": [ 317608.659179548267275, 179348.690061195287853 ] } },
{ "type": "Feature", "properties": { "name": "Saint David's Centre", "site_type": "shopping_centre", "suitability": 0.8, "traffic_volume": 39800.0, "traffic_count_pts": 4, "traffic_demand_score": 0.358 }, "geometry": { "type": "Point", "coordinates": [ 318489.857839433476329, 176299.057128426444251 ] } },
{ "type": "Feature", "properties": { "name": "Rumney Forum", "site_type": "community", "suitability": 0.5, "traffic_volume": 0.0, "traffic_count_pts": 0, "traffic_demand_score": 0.0 }, "geometry": { "type": "Point", "coordinates": [ 321838.891149154515006, 178957.803733948909212 ] } },
{ "type": "Feature", "properties": { "name": "Tremorfa Community Hall", "site_type": "community", "suitability": 0.5, "traffic_volume": 0.0, "traffic_count_pts": 0, "traffic_demand_score": 0.0 }, "geometry": { "type": "Point", "coordinates": [ 320864.898624046356417, 177160.205852916638833 ] } },
{ "type": "Feature", "properties": { "name": "Shree Kutchi Leva Patel Samaj (Cardiff) Community Centre", "site_type": "community", "suitability": 0.5, "traffic_volume": 20655.0, "traffic_count_pts": 2, "traffic_demand_score": 0.1858 }, "geometry": { "type": "Point", "coordinates": [ 317713.421920369612053, 175707.259666331869084 ] } },
{ "type": "Feature", "properties": { "name": "Eastern Leisure Centre", "site_type": "community", "suitability": 0.5, "traffic_volume": 0.0, "traffic_count_pts": 0, "traffic_demand_score": 0.0 }, "geometry": { "type": "Point", "coordinates": [ 321722.084851392428391, 179848.030907676322386 ] } },
{ "type": "Feature", "properties": { "name": "Rhiwbina Hub", "site_type": "community", "suitability": 0.5, "traffic_volume": 0.0, "traffic_count_pts": 0, "traffic_demand_score": 0.0 }, "geometry": { "type": "Point", "coordinates": [ 315920.686488872743212, 180968.093129382701591 ] } },
{ "type": "Feature", "properties": { "name": "Llanrumney Play Centre", "site_type": "community", "suitability": 0.5, "traffic_volume": 0.0, "traffic_count_pts": 0, "traffic_demand_score": 0.0 }, "geometry": { "type": "Point", "coordinates": [ 321858.973298825963866, 180899.1804785541608 ] } },
{ "type": "Feature", "properties": { "name": "Saint Augustine's Church Hall", "site_type": "community", "suitability": 0.5, "traffic_volume": 0.0, "traffic_count_pts": 0, "traffic_demand_score": 0.0 }, "geometry": { "type": "Point", "coordinates": [ 321498.814906131708995, 179160.608766452351119 ] } },
{ "type": "Feature", "properties": { "name": "Rumney War Memorial Hall", "site_type": "community", "suitability": 0.5, "traffic_volume": 0.0, "traffic_count_pts": 0, "traffic_demand_score": 0.0 }, "geometry": { "type": "Point", "coordinates": [ 321764.2277099234052, 179017.015455042128451 ] } },
{ "type": "Feature", "properties": { "name": "St Mary's Hall", "site_type": "community", "suitability": 0.5, "traffic_volume": 0.0, "traffic_count_pts": 0, "traffic_demand_score": 0.0 }, "geometry": { "type": "Point", "coordinates": [ 317037.575746135378722, 176731.337013618904166 ] } },
{ "type": "Feature", "properties": { "name": "East Moors Youth & Community Centre", "site_type": "community", "suitability": 0.5, "traffic_volume": 0.0, "traffic_count_pts": 0, "traffic_demand_score": 0.0 }, "geometry": { "type": "Point", "coordinates": [ 319957.042080869432539, 176421.163618472579401 ] } },
{ "type": "Feature", "properties": { "name": "Cardiff Central Youth Club", "site_type": "community", "suitability": 0.5, "traffic_volume": 29576.0, "traffic_count_pts": 1, "traffic_demand_score": 0.2661 }, "geometry": { "type": "Point", "coordinates": [ 319622.543724257790018, 175945.539056887675542 ] } },
{ "type": "Feature", "properties": { "name": "Whitchurch Hub", "site_type": "community", "suitability": 0.5, "traffic_volume": 6771.0, "traffic_count_pts": 1, "traffic_demand_score": 0.0609 }, "geometry": { "type": "Point", "coordinates": [ 315065.176246454939246, 180391.286843539157417 ] } },
{ "type": "Feature", "properties": { "name": "Cathays Youth and Community Centre", "site_type": "community", "suitability": 0.5, "traffic_volume": 0.0, "traffic_count_pts": 0, "traffic_demand_score": 0.0 }, "geometry": { "type": "Point", "coordinates": [ 318134.658152589923702, 177630.828859449014999 ] } },
{ "type": "Feature", "properties": { "name": "Pentrebane Zone Community Centre", "site_type": "community", "suitability": 0.5, "traffic_volume": 0.0, "traffic_count_pts": 0, "traffic_demand_score": 0.0 }, "geometry": { "type": "Point", "coordinates": [ 313100.028129828220699, 177935.522899814532138 ] } },
{ "type": "Feature", "properties": { "name": "Gwaelod-Y-Garth Village Hall", "site_type": "community", "suitability": 0.5, "traffic_volume": 0.0, "traffic_count_pts": 0, "traffic_demand_score": 0.0 }, "geometry": { "type": "Point", "coordinates": [ 311725.216828525764868, 183552.666938708163798 ] } },
{ "type": "Feature", "properties": { "name": "Grange Pavilion", "site_type": "community", "suitability": 0.5, "traffic_volume": 6345.0, "traffic_count_pts": 1, "traffic_demand_score": 0.0571 }, "geometry": { "type": "Point", "coordinates": [ 317948.909028693393338, 174872.096225548593793 ] } },
{ "type": "Feature", "properties": { "name": "Tremorfa Adult Training Centre", "site_type": "community", "suitability": 0.5, "traffic_volume": 32809.0, "traffic_count_pts": 1, "traffic_demand_score": 0.2951 }, "geometry": { "type": "Point", "coordinates": [ 320949.053317237296142, 177781.044904516253155 ] } },
{ "type": "Feature", "properties": { "name": "The Corner", "site_type": "community", "suitability": 0.5, "traffic_volume": 0.0, "traffic_count_pts": 0, "traffic_demand_score": 0.0 }, "geometry": { "type": "Point", "coordinates": [ 318819.732931944483425, 178309.460420871560927 ] } },
{ "type": "Feature", "properties": { "name": "Tongwynlais Village Hall", "site_type": "community", "suitability": 0.5, "traffic_volume": 77888.0, "traffic_count_pts": 2, "traffic_demand_score": 0.7006 }, "geometry": { "type": "Point", "coordinates": [ 313390.543181104119867, 182147.043843392515555 ] } },
{ "type": "Feature", "properties": { "name": "", "site_type": "community", "suitability": 0.5, "traffic_volume": 0.0, "traffic_count_pts": 0, "traffic_demand_score": 0.0 }, "geometry": { "type": "Point", "coordinates": [ 316101.993932469922584, 180982.349731236114167 ] } },
{ "type": "Feature", "properties": { "name": "", "site_type": "community", "suitability": 0.5, "traffic_volume": 0.0, "traffic_count_pts": 0, "traffic_demand_score": 0.0 }, "geometry": { "type": "Point", "coordinates": [ 315570.583408945763949, 181223.34227348479908 ] } },
{ "type": "Feature", "properties": { "name": "1st Whitchurch Scouts", "site_type": "community", "suitability": 0.5, "traffic_volume": 6771.0, "traffic_count_pts": 1, "traffic_demand_score": 0.0609 }, "geometry": { "type": "Point", "coordinates": [ 315099.179846599465236, 180223.434002250200137 ] } },
{ "type": "Feature", "properties": { "name": "", "site_type": "community", "suitability": 0.5, "traffic_volume": 0.0, "traffic_count_pts": 0, "traffic_demand_score": 0.0 }, "geometry": { "type": "Point", "coordinates": [ 317500.550794841372408, 181882.329388502810616 ] } },
{ "type": "Feature", "properties": { "name": "Lisvane Memorial Hall", "site_type": "community", "suitability": 0.5, "traffic_volume": 0.0, "traffic_count_pts": 0, "traffic_demand_score": 0.0 }, "geometry": { "type": "Point", "coordinates": [ 318932.099518891074695, 183076.078055456629954 ] } },
{ "type": "Feature", "properties": { "name": "Fairwater Social Centre", "site_type": "community", "suitability": 0.5, "traffic_volume": 0.0, "traffic_count_pts": 0, "traffic_demand_score": 0.0 }, "geometry": { "type": "Point", "coordinates": [ 314419.145319351111539, 177159.991028262884356 ] } },
{ "type": "Feature", "properties": { "name": "", "site_type": "community", "suitability": 0.5, "traffic_volume": 0.0, "traffic_count_pts": 0, "traffic_demand_score": 0.0 }, "geometry": { "type": "Point", "coordinates": [ 314009.699131031287834, 177524.538296568673104 ] } },
{ "type": "Feature", "properties": { "name": "Llandaff North and Gabalfa Hub", "site_type": "community", "suitability": 0.5, "traffic_volume": 0.0, "traffic_count_pts": 0, "traffic_demand_score": 0.0 }, "geometry": { "type": "Point", "coordinates": [ 315342.603912837221287, 178867.305252696853131 ] } },
{ "type": "Feature", "properties": { "name": "Leonardo Hotel Cardiff", "site_type": "hotel", "suitability": 0.6, "traffic_volume": 18217.0, "traffic_count_pts": 1, "traffic_demand_score": 0.1639 }, "geometry": { "type": "Point", "coordinates": [ 318551.250130278640427, 176633.536856796010397 ] } },
{ "type": "Feature", "properties": { "name": "New House Country Hotel", "site_type": "hotel", "suitability": 0.6, "traffic_volume": 0.0, "traffic_count_pts": 0, "traffic_demand_score": 0.0 }, "geometry": { "type": "Point", "coordinates": [ 315991.383989523223136, 184126.558468819595873 ] } },
{ "type": "Feature", "properties": { "name": "Abbey Hotel", "site_type": "hotel", "suitability": 0.6, "traffic_volume": 0.0, "traffic_count_pts": 0, "traffic_demand_score": 0.0 }, "geometry": { "type": "Point", "coordinates": [ 316937.697927167930175, 177148.099972066411283 ] } },
{ "type": "Feature", "properties": { "name": "Travelodge", "site_type": "hotel", "suitability": 0.6, "traffic_volume": 33647.0, "traffic_count_pts": 2, "traffic_demand_score": 0.3027 }, "geometry": { "type": "Point", "coordinates": [ 318331.735933376708999, 176574.258646787842736 ] } },
{ "type": "Feature", "properties": { "name": "Marriott", "site_type": "hotel", "suitability": 0.6, "traffic_volume": 50351.0, "traffic_count_pts": 5, "traffic_demand_score": 0.4529 }, "geometry": { "type": "Point", "coordinates": [ 318462.951251784863416, 176027.242831204319373 ] } },
{ "type": "Feature", "properties": { "name": "Holiday Inn", "site_type": "hotel", "suitability": 0.6, "traffic_volume": 28197.0, "traffic_count_pts": 2, "traffic_demand_score": 0.2536 }, "geometry": { "type": "Point", "coordinates": [ 317857.668614957598038, 176422.182297979656141 ] } },
{ "type": "Feature", "properties": { "name": "Premier Inn", "site_type": "hotel", "suitability": 0.6, "traffic_volume": 44744.0, "traffic_count_pts": 1, "traffic_demand_score": 0.4025 }, "geometry": { "type": "Point", "coordinates": [ 319391.20455852302257, 174690.677997771592345 ] } },
{ "type": "Feature", "properties": { "name": "Travelodge", "site_type": "hotel", "suitability": 0.6, "traffic_volume": 46382.0, "traffic_count_pts": 2, "traffic_demand_score": 0.4172 }, "geometry": { "type": "Point", "coordinates": [ 319231.137726608780213, 174954.883391254988965 ] } },
{ "type": "Feature", "properties": { "name": "Travelodge", "site_type": "hotel", "suitability": 0.6, "traffic_volume": 63916.0, "traffic_count_pts": 6, "traffic_demand_score": 0.575 }, "geometry": { "type": "Point", "coordinates": [ 318357.445252808742225, 175962.997354859195184 ] } },
{ "type": "Feature", "properties": { "name": "Premier Inn", "site_type": "hotel", "suitability": 0.6, "traffic_volume": 62526.0, "traffic_count_pts": 3, "traffic_demand_score": 0.5625 }, "geometry": { "type": "Point", "coordinates": [ 318752.933415476814844, 176456.60320297232829 ] } },
{ "type": "Feature", "properties": { "name": "Citrus Hotel", "site_type": "hotel", "suitability": 0.6, "traffic_volume": 79691.0, "traffic_count_pts": 6, "traffic_demand_score": 0.7169 }, "geometry": { "type": "Point", "coordinates": [ 318734.90204239776358, 176114.540162145567592 ] } },
{ "type": "Feature", "properties": { "name": "Radisson Blu", "site_type": "hotel", "suitability": 0.6, "traffic_volume": 50351.0, "traffic_count_pts": 5, "traffic_demand_score": 0.4529 }, "geometry": { "type": "Point", "coordinates": [ 318592.497467620763928, 175991.823550437460653 ] } },
{ "type": "Feature", "properties": { "name": "Church Guest House", "site_type": "hotel", "suitability": 0.6, "traffic_volume": 0.0, "traffic_count_pts": 0, "traffic_demand_score": 0.0 }, "geometry": { "type": "Point", "coordinates": [ 317064.318479229405057, 177030.821094544604421 ] } },
{ "type": "Feature", "properties": { "name": "Travelodge", "site_type": "hotel", "suitability": 0.6, "traffic_volume": 26555.0, "traffic_count_pts": 1, "traffic_demand_score": 0.2389 }, "geometry": { "type": "Point", "coordinates": [ 315697.966259710898157, 180578.794045369315427 ] } },
{ "type": "Feature", "properties": { "name": "Manor Parc Country Hotel & Restaurant", "site_type": "hotel", "suitability": 0.6, "traffic_volume": 0.0, "traffic_count_pts": 0, "traffic_demand_score": 0.0 }, "geometry": { "type": "Point", "coordinates": [ 316281.702945183147676, 183361.32011036662152 ] } },
{ "type": "Feature", "properties": { "name": "Rhodri's By The Lake", "site_type": "hotel", "suitability": 0.6, "traffic_volume": 0.0, "traffic_count_pts": 0, "traffic_demand_score": 0.0 }, "geometry": { "type": "Point", "coordinates": [ 309147.549070541281253, 180433.121512129495386 ] } },
{ "type": "Feature", "properties": { "name": "Elgano Hotel", "site_type": "hotel", "suitability": 0.6, "traffic_volume": 0.0, "traffic_count_pts": 0, "traffic_demand_score": 0.0 }, "geometry": { "type": "Point", "coordinates": [ 317213.033782059908845, 176949.515932251058985 ] } },
{ "type": "Feature", "properties": { "name": "Lincoln House Hotel", "site_type": "hotel", "suitability": 0.6, "traffic_volume": 0.0, "traffic_count_pts": 0, "traffic_demand_score": 0.0 }, "geometry": { "type": "Point", "coordinates": [ 317013.681910542247351, 177135.767490965372417 ] } },
{ "type": "Feature", "properties": { "name": "St. David's Hotel", "site_type": "hotel", "suitability": 0.6, "traffic_volume": 0.0, "traffic_count_pts": 0, "traffic_demand_score": 0.0 }, "geometry": { "type": "Point", "coordinates": [ 319016.827599735523108, 174140.898637312697247 ] } },
{ "type": "Feature", "properties": { "name": "Ibis", "site_type": "hotel", "suitability": 0.6, "traffic_volume": 55383.0, "traffic_count_pts": 3, "traffic_demand_score": 0.4982 }, "geometry": { "type": "Point", "coordinates": [ 318796.46917684446089, 176289.003831503388938 ] } },
{ "type": "Feature", "properties": { "name": "Wynford Hotel", "site_type": "hotel", "suitability": 0.6, "traffic_volume": 12767.0, "traffic_count_pts": 1, "traffic_demand_score": 0.1148 }, "geometry": { "type": "Point", "coordinates": [ 317576.851181557110976, 176036.433657325629611 ] } },
{ "type": "Feature", "properties": { "name": "The Cardiff North Hotel by Mecure", "site_type": "hotel", "suitability": 0.6, "traffic_volume": 70727.0, "traffic_count_pts": 2, "traffic_demand_score": 0.6362 }, "geometry": { "type": "Point", "coordinates": [ 320465.012127863825299, 179427.598158082400914 ] } },
{ "type": "Feature", "properties": { "name": "Clayton Hotel", "site_type": "hotel", "suitability": 0.6, "traffic_volume": 63916.0, "traffic_count_pts": 6, "traffic_demand_score": 0.575 }, "geometry": { "type": "Point", "coordinates": [ 318373.792471754422877, 175901.528935998154338 ] } },
{ "type": "Feature", "properties": { "name": "ZIP by Premier Inn", "site_type": "hotel", "suitability": 0.6, "traffic_volume": 70727.0, "traffic_count_pts": 2, "traffic_demand_score": 0.6362 }, "geometry": { "type": "Point", "coordinates": [ 320566.291091658873484, 178893.41254821367329 ] } },
{ "type": "Feature", "properties": { "name": "The Old Post Office", "site_type": "hotel", "suitability": 0.6, "traffic_volume": 0.0, "traffic_count_pts": 0, "traffic_demand_score": 0.0 }, "geometry": { "type": "Point", "coordinates": [ 312070.085476661741268, 177245.184441357094329 ] } },
{ "type": "Feature", "properties": { "name": "Travelodge Cardiff M4", "site_type": "hotel", "suitability": 0.6, "traffic_volume": 0.0, "traffic_count_pts": 0, "traffic_demand_score": 0.0 }, "geometry": { "type": "Point", "coordinates": [ 309417.338848961575422, 179633.75663246831391 ] } },
{ "type": "Feature", "properties": { "name": "The Parkgate Hotel", "site_type": "hotel", "suitability": 0.6, "traffic_volume": 30400.0, "traffic_count_pts": 3, "traffic_demand_score": 0.2735 }, "geometry": { "type": "Point", "coordinates": [ 318157.730263789766468, 176175.679446138150524 ] } },
{ "type": "Feature", "properties": { "name": "The Royal Hotel", "site_type": "hotel", "suitability": 0.6, "traffic_volume": 65781.0, "traffic_count_pts": 6, "traffic_demand_score": 0.5917 }, "geometry": { "type": "Point", "coordinates": [ 318275.004171870939899, 176110.352748986275401 ] } }
]
}
