{"type": "FeatureCollection", "name": "demand_lsoa_cardiff_exact_pop_enriched", "features": [{"type": "Feature", "properties": {"LSOA21CD": "W01001090", "LSOA21NM": "Vale of Glamorgan 006E", "LSOA21NMW": "Bro Morgannwg 006E", "RUC21CD": "UN1", "RUC21NM": "Urban: Nearer to a major town or city", "population": 1484, "median_age": 49.3, "_lsoa_code": "W01001090", "wimd_rank": 568.0, "wimd_decile": 3.0, "wimd_norm": 0.7028301886792453, "share_flats": 0.011075949367088608, "share_terraced": 0.2579113924050633, "share_dense_housing": 0.020569620253164556, "share_no_car": 0.08557844690966719, "share_owned": 0.8769716088328076, "share_rented": 0.12145110410094637, "share_rent_free": 0.0, "parking_constraint": 0.07832428223455656, "equity_proxy": 0.39057723545690093}, "geometry": {"type": "Polygon", "coordinates": [[[-3.2182483044319237, 51.47467358987275], [-3.20694923136199, 51.466089348561624], [-3.2029157556337475, 51.45861952222298], [-3.21027440736456, 51.45754011528775], [-3.206281717059033, 51.454952574461124], [-3.2113806605433415, 51.44643927132189], [-3.2008135884353184, 51.444954624067044], [-3.2027546110409437, 51.4411786908032], [-3.2028278127185508, 51.44021532879131], [-3.205461131424958, 51.436661058859286], [-3.217715826188765, 51.43703803673762], [-3.2212277577546633, 51.440492188521354], [-3.222984997711263, 51.43797224221477], [-3.230133954391956, 51.44025690378569], [-3.2413438575122777, 51.44885458344285], [-3.237693659794689, 51.450061772115596], [-3.2417250648525333, 51.45751792913713], [-3.258009299606175, 51.46543373976462], [-3.248062787418313, 51.46455551609131], [-3.2429129895283073, 51.469219312934364], [-3.239805858615524, 51.47081432471241], [-3.22975776599225, 51.47337632761262], [-3.220956099371218, 51.474941944602925], [-3.2182483044319237, 51.47467358987275]]]}}, {"type": "Feature", "properties": {"LSOA21CD": "W01001104", "LSOA21NM": "Vale of Glamorgan 004E", "LSOA21NMW": "Bro Morgannwg 004E", "RUC21CD": "UN1", "RUC21NM": "Urban: Nearer to a major town or city", "population": 2105, "median_age": 45.1, "_lsoa_code": "W01001104", "wimd_rank": 785.0, "wimd_decile": 5.0, "wimd_norm": 0.589098532494759, "share_flats": 0.2297447280799112, "share_terraced": 0.17203107658157601, "share_dense_housing": 0.24084350721420644, "share_no_car": 0.13399778516057587, "share_owned": 0.7538975501113586, "share_rented": 0.24276169265033407, "share_rent_free": 0.0, "parking_constraint": 0.22363718610106562, "equity_proxy": 0.4063678592979123}, "geometry": {"type": "Polygon", "coordinates": [[[-3.201427267743534, 51.458094811985795], [-3.197016505673238, 51.455554614816364], [-3.193605331946878, 51.45781840760937], [-3.188892880182263, 51.44929782276037], [-3.1881566984675014, 51.44880611608189], [-3.189131235974285, 51.44831966391623], [-3.194084234827355, 51.44559796436818], [-3.2027546110409437, 51.4411786908032], [-3.2008135884353184, 51.444954624067044], [-3.2113806605433415, 51.44643927132189], [-3.206281717059033, 51.454952574461124], [-3.21027440736456, 51.45754011528775], [-3.2029157556337475, 51.45861952222298], [-3.201427267743534, 51.458094811985795]]]}}, {"type": "Feature", "properties": {"LSOA21CD": "W01001113", "LSOA21NM": "Vale of Glamorgan 003A", "LSOA21NMW": "Bro Morgannwg 003A", "RUC21CD": "RSN1", "RUC21NM": "Smaller rural: Nearer to a major town or city", "population": 2403, "median_age": 51.4, "_lsoa_code": "W01001113", "wimd_rank": 189.0, "wimd_decile": 1.0, "wimd_norm": 0.9014675052410901, "share_flats": 0.028421052631578948, "share_terraced": 0.09894736842105263, "share_dense_housing": 0.07578947368421053, "share_no_car": 0.03801478352692714, "share_owned": 0.8734177215189873, "share_rented": 0.12447257383966245, "share_rent_free": 0.0, "parking_constraint": 0.07112265896809535, "equity_proxy": 0.4862950821045927}, "geometry": {"type": "Polygon", "coordinates": [[[-3.3358341458873824, 51.5084911999509], [-3.3115834966220916, 51.50713968058371], [-3.2975122032956055, 51.49920463483091], [-3.2809720372874858, 51.47721005066679], [-3.280367638113739, 51.47481236058729], [-3.271452202559825, 51.46526250635268], [-3.2763211532614993, 51.46366873813588], [-3.2834580804736264, 51.463129930344266], [-3.2885554835704514, 51.45867954915844], [-3.289350160792503, 51.46243134974638], [-3.2972954147726306, 51.46310250183514], [-3.312146345464508, 51.4729735776984], [-3.3245908453926676, 51.46742997889212], [-3.3310294957762925, 51.469910720803945], [-3.3458454337448655, 51.462879053723825], [-3.348656810445243, 51.46518912433078], [-3.359416366606063, 51.46258209486345], [-3.366434505038988, 51.470293225025536], [-3.3717282321328996, 51.46786821526732], [-3.3699403032789705, 51.45937728667026], [-3.3966123323272934, 51.45677675844665], [-3.401107347187991, 51.462860381120606], [-3.415140388346382, 51.47039868169737], [-3.431174415489728, 51.474392028592284], [-3.4293848558261106, 51.48449243948853], [-3.4162898655650524, 51.49091019544292], [-3.4089189375664444, 51.50252993027303], [-3.4011190728646024, 51.499269345194236], [-3.3964113049949725, 51.50757694477194], [-3.3880497239652607, 51.509258464497876], [-3.3765152392072575, 51.51283408945459], [-3.371561003611159, 51.509198126662426], [-3.3576245631037955, 51.51221217189862], [-3.3358341458873824, 51.5084911999509]]]}}, {"type": "Feature", "properties": {"LSOA21CD": "W01001123", "LSOA21NM": "Vale of Glamorgan 005B", "LSOA21NMW": "Bro Morgannwg 005B", "RUC21CD": "UN1", "RUC21NM": "Urban: Nearer to a major town or city", "population": 1468, "median_age": 54.1, "_lsoa_code": "W01001123", "wimd_rank": 1685.0, "wimd_decile": 9.0, "wimd_norm": 0.11740041928721175, "share_flats": 0.5031847133757962, "share_terraced": 0.20636942675159237, "share_dense_housing": 0.6127388535031847, "share_no_car": 0.22391857506361323, "share_owned": 0.7040816326530612, "share_rented": 0.29336734693877553, "share_rent_free": 0.0, "parking_constraint": 0.4523640539018155, "equity_proxy": 0.2848822365945136}, "geometry": {"type": "Polygon", "coordinates": [[[-3.164699303455066, 51.445888407532344], [-3.1655829564254185, 51.44610468195336], [-3.1656821290049906, 51.44548633449798], [-3.1673270265457036, 51.4352538690377], [-3.167597803541259, 51.43530370294112], [-3.1709259094548976, 51.43585783930323], [-3.1714799986040894, 51.438120083007064], [-3.171808499320903, 51.443024978324445], [-3.166479843318235, 51.446615622854516], [-3.164699303455066, 51.445888407532344]]]}}, {"type": "Feature", "properties": {"LSOA21CD": "W01001135", "LSOA21NM": "Vale of Glamorgan 003C", "LSOA21NMW": "Bro Morgannwg 003C", "RUC21CD": "RSN1", "RUC21NM": "Smaller rural: Nearer to a major town or city", "population": 2500, "median_age": 43.2, "_lsoa_code": "W01001135", "wimd_rank": 412.0, "wimd_decile": 3.0, "wimd_norm": 0.7845911949685535, "share_flats": 0.0392156862745098, "share_terraced": 0.1197110423116615, "share_dense_housing": 0.04540763673890609, "share_no_car": 0.06378600823045268, "share_owned": 0.8374485596707819, "share_rented": 0.16049382716049382, "share_rent_free": 0.0, "parking_constraint": 0.0735491597548701, "equity_proxy": 0.42907017736171177}, "geometry": {"type": "Polygon", "coordinates": [[[-3.2763211532614993, 51.46366873813588], [-3.270560380289653, 51.461565029056956], [-3.2661423232160103, 51.453897239188734], [-3.275543535963121, 51.44551337356814], [-3.2697353146463874, 51.44305685077905], [-3.2673822532455725, 51.44773953954808], [-3.2639398572235514, 51.444394653730754], [-3.263985282951918, 51.44810847893153], [-3.2550669161188157, 51.447282828600166], [-3.2638849020598393, 51.45069208161243], [-3.2572605937264303, 51.45477739321848], [-3.25178222341053, 51.4538721289185], [-3.260444041704626, 51.46144721480175], [-3.2601993347950584, 51.465569143717154], [-3.258134368268707, 51.46545391299359], [-3.258009299606175, 51.46543373976462], [-3.2417250648525333, 51.45751792913713], [-3.237693659794689, 51.450061772115596], [-3.2413438575122777, 51.44885458344285], [-3.252388078383929, 51.442810402779095], [-3.249488547367623, 51.436364727025335], [-3.258809768951128, 51.4346278377241], [-3.2589690653424634, 51.430444538116696], [-3.260798482312791, 51.42866171718876], [-3.271371412279541, 51.43141853687118], [-3.277121766731215, 51.42845067541935], [-3.2805568755431627, 51.427468997208074], [-3.2991367931213675, 51.425284452332185], [-3.311528735262124, 51.41625073006352], [-3.323438032815455, 51.411377648806635], [-3.3286043510100685, 51.445401319804226], [-3.344706610249255, 51.43871041458717], [-3.355482951045123, 51.43783838233791], [-3.3499024010876313, 51.442798377637274], [-3.353096903164133, 51.453848102688426], [-3.3635898829673447, 51.45449623969993], [-3.3699403032789705, 51.45937728667026], [-3.3717282321328996, 51.46786821526732], [-3.366434505038988, 51.470293225025536], [-3.359416366606063, 51.46258209486345], [-3.348656810445243, 51.46518912433078], [-3.3458454337448655, 51.462879053723825], [-3.3310294957762925, 51.469910720803945], [-3.3245908453926676, 51.46742997889212], [-3.312146345464508, 51.4729735776984], [-3.2972954147726306, 51.46310250183514], [-3.289350160792503, 51.46243134974638], [-3.2885554835704514, 51.45867954915844], [-3.2834580804736264, 51.463129930344266], [-3.2763211532614993, 51.46366873813588]]]}}, {"type": "Feature", "properties": {"LSOA21CD": "W01001136", "LSOA21NM": "Vale of Glamorgan 003D", "LSOA21NMW": "Bro Morgannwg 003D", "RUC21CD": "UN1", "RUC21NM": "Urban: Nearer to a major town or city", "population": 1651, "median_age": 50.0, "_lsoa_code": "W01001136", "wimd_rank": 948.0, "wimd_decile": 5.0, "wimd_norm": 0.5036687631027253, "share_flats": 0.03318903318903319, "share_terraced": 0.10822510822510822, "share_dense_housing": 0.04184704184704185, "share_no_car": 0.10473457675753228, "share_owned": 0.8477011494252874, "share_rented": 0.15086206896551724, "share_rent_free": 0.0, "parking_constraint": 0.0667719891857823, "equity_proxy": 0.28522037614425383}, "geometry": {"type": "Polygon", "coordinates": [[[-3.2763211532614993, 51.46366873813588], [-3.271452202559825, 51.46526250635268], [-3.2698580681495013, 51.465300313477364], [-3.2601993347950584, 51.465569143717154], [-3.260444041704626, 51.46144721480175], [-3.25178222341053, 51.4538721289185], [-3.2572605937264303, 51.45477739321848], [-3.2638849020598393, 51.45069208161243], [-3.2550669161188157, 51.447282828600166], [-3.263985282951918, 51.44810847893153], [-3.2639398572235514, 51.444394653730754], [-3.2673822532455725, 51.44773953954808], [-3.2697353146463874, 51.44305685077905], [-3.275543535963121, 51.44551337356814], [-3.2661423232160103, 51.453897239188734], [-3.270560380289653, 51.461565029056956], [-3.2763211532614993, 51.46366873813588]]]}}, {"type": "Feature", "properties": {"LSOA21CD": "W01001197", "LSOA21NM": "Rhondda Cynon Taf 027C", "LSOA21NMW": "Rhondda Cynon Taf 027C", "RUC21CD": "RSN1", "RUC21NM": "Smaller rural: Nearer to a major town or city", "population": 1205, "median_age": 54.2, "_lsoa_code": "W01001197", "wimd_rank": 1525.0, "wimd_decile": 8.0, "wimd_norm": 0.20125786163522014, "share_flats": 0.0, "share_terraced": 0.048582995951417005, "share_dense_housing": 0.012145748987854251, "share_no_car": 0.05263157894736842, "share_owned": 0.9513184584178499, "share_rented": 0.0486815415821501, "share_rent_free": 0.0, "parking_constraint": 0.020256054397188163, "equity_proxy": 0.11075695801620415}, "geometry": {"type": "Polygon", "coordinates": [[[-3.29219233997017, 51.549357616252614], [-3.3101527718414094, 51.54898009705004], [-3.310116016647195, 51.54449452434741], [-3.321264602311726, 51.54284568481848], [-3.3237255249441096, 51.53627468795404], [-3.3305680946785636, 51.53556796780217], [-3.3355226622746468, 51.53719156806294], [-3.3379799857793016, 51.543923579540134], [-3.329806544453914, 51.55556199837094], [-3.3264386174411698, 51.557244605612155], [-3.3217748224587105, 51.55304508759045], [-3.313722624409395, 51.558665227799764], [-3.30490942971781, 51.56537964905114], [-3.298414506441655, 51.56817268630951], [-3.29219233997017, 51.549357616252614]]]}}, {"type": "Feature", "properties": {"LSOA21CD": "W01001225", "LSOA21NM": "Rhondda Cynon Taf 031E", "LSOA21NMW": "Rhondda Cynon Taf 031E", "RUC21CD": "UN1", "RUC21NM": "Urban: Nearer to a major town or city", "population": 1496, "median_age": 50.3, "_lsoa_code": "W01001225", "wimd_rank": 1596.0, "wimd_decile": 9.0, "wimd_norm": 0.1640461215932914, "share_flats": 0.004580152671755725, "share_terraced": 0.2717557251908397, "share_dense_housing": 0.012213740458015267, "share_no_car": 0.07022900763358779, "share_owned": 0.8944954128440367, "share_rented": 0.10244648318042814, "share_rent_free": 0.0, "parking_constraint": 0.07360864050548202, "equity_proxy": 0.11882738104938671}, "geometry": {"type": "Polygon", "coordinates": [[[-3.341603398602542, 51.53513979222113], [-3.3437170195576993, 51.52993584374329], [-3.335254756701302, 51.51887155323201], [-3.339025056103399, 51.51465134094848], [-3.3358341458873824, 51.5084911999509], [-3.3576245631037955, 51.51221217189862], [-3.371561003611159, 51.509198126662426], [-3.3765152392072575, 51.51283408945459], [-3.3880497239652607, 51.509258464497876], [-3.3887768328625834, 51.519480990530994], [-3.393584544403491, 51.52147205593645], [-3.390455493513177, 51.52308202133972], [-3.3822010398726556, 51.52234387261387], [-3.3764082043489285, 51.519962294355274], [-3.3751161659542093, 51.51477636313481], [-3.37225321029612, 51.51424354276126], [-3.3727987603694722, 51.5172922840336], [-3.361926050327851, 51.51428632959932], [-3.3600528510731262, 51.51993385335927], [-3.3643667983194145, 51.52483290282022], [-3.3729657119533223, 51.523514747501416], [-3.3742764936465464, 51.531852802334605], [-3.371988643394954, 51.53216816405259], [-3.36871192361256, 51.53007074528951], [-3.357528562824387, 51.53515350233278], [-3.350237799133347, 51.533288984354186], [-3.341603398602542, 51.53513979222113]]]}}, {"type": "Feature", "properties": {"LSOA21CD": "W01001240", "LSOA21NM": "Rhondda Cynon Taf 026C", "LSOA21NMW": "Rhondda Cynon Taf 026C", "RUC21CD": "UN1", "RUC21NM": "Urban: Nearer to a major town or city", "population": 1882, "median_age": 50.0, "_lsoa_code": "W01001240", "wimd_rank": 798.0, "wimd_decile": 5.0, "wimd_norm": 0.5822851153039832, "share_flats": 0.03608847497089639, "share_terraced": 0.30267753201396974, "share_dense_housing": 0.0570430733410943, "share_no_car": 0.10801393728222997, "share_owned": 0.8214702450408401, "share_rented": 0.17852975495915985, "share_rent_free": 0.0, "parking_constraint": 0.11538332316801216, "equity_proxy": 0.34883421923599767}, "geometry": {"type": "Polygon", "coordinates": [[[-3.2643669858769604, 51.56915250608286], [-3.263015131670099, 51.56614964126501], [-3.2493356230668127, 51.56942440938739], [-3.245246014864591, 51.56647724024455], [-3.2424492885068155, 51.5654388000589], [-3.2375329332770426, 51.55262384250743], [-3.2456882640669726, 51.548075341322324], [-3.259695700346972, 51.5469725590594], [-3.2610401472257955, 51.54239917268834], [-3.2689738873217387, 51.55051240448366], [-3.2735568878550896, 51.54797036202137], [-3.2731768041965537, 51.548452482242254], [-3.271449264094485, 51.55640505493873], [-3.277173361338661, 51.561530157335724], [-3.2864457770630677, 51.571011581211316], [-3.271250280318257, 51.56557576771942], [-3.2643669858769604, 51.56915250608286]]]}}, {"type": "Feature", "properties": {"LSOA21CD": "W01001241", "LSOA21NM": "Rhondda Cynon Taf 026D", "LSOA21NMW": "Rhondda Cynon Taf 026D", "RUC21CD": "UN1", "RUC21NM": "Urban: Nearer to a major town or city", "population": 1653, "median_age": 43.0, "_lsoa_code": "W01001241", "wimd_rank": 911.0, "wimd_decile": 5.0, "wimd_norm": 0.5230607966457023, "share_flats": 0.1266490765171504, "share_terraced": 0.3970976253298153, "share_dense_housing": 0.1662269129287599, "share_no_car": 0.19363395225464192, "share_owned": 0.66005291005291, "share_rented": 0.3306878306878307, "share_rent_free": 0.005291005291005291, "parking_constraint": 0.22113656563964393, "equity_proxy": 0.3720986811426731}, "geometry": {"type": "Polygon", "coordinates": [[[-3.2456882640669726, 51.548075341322324], [-3.250812562895943, 51.54183633667265], [-3.2615818207501315, 51.537787693381105], [-3.2735568878550896, 51.54797036202137], [-3.2689738873217387, 51.55051240448366], [-3.2610401472257955, 51.54239917268834], [-3.259695700346972, 51.5469725590594], [-3.2456882640669726, 51.548075341322324]]]}}, {"type": "Feature", "properties": {"LSOA21CD": "W01001244", "LSOA21NM": "Rhondda Cynon Taf 025B", "LSOA21NMW": "Rhondda Cynon Taf 025B", "RUC21CD": "UN1", "RUC21NM": "Urban: Nearer to a major town or city", "population": 1403, "median_age": 55.4, "_lsoa_code": "W01001244", "wimd_rank": 1451.0, "wimd_decile": 8.0, "wimd_norm": 0.240041928721174, "share_flats": 0.01592356687898089, "share_terraced": 0.04777070063694268, "share_dense_housing": 0.02388535031847134, "share_no_car": 0.11323763955342903, "share_owned": 0.9138755980861244, "share_rented": 0.08452950558213716, "share_rent_free": 0.0, "parking_constraint": 0.034094379937490905, "equity_proxy": 0.13706815432933245}, "geometry": {"type": "Polygon", "coordinates": [[[-3.277173361338661, 51.561530157335724], [-3.271449264094485, 51.55640505493873], [-3.2731768041965537, 51.548452482242254], [-3.2776617082991066, 51.55185601907374], [-3.292098536693605, 51.54937652447445], [-3.29219233997017, 51.549357616252614], [-3.298414506441655, 51.56817268630951], [-3.30490942971781, 51.56537964905114], [-3.3130932574851246, 51.564933385374786], [-3.313864800130989, 51.56698972508012], [-3.3083290829536685, 51.569605810125175], [-3.313681015919603, 51.56771978274789], [-3.3131376725590647, 51.57089218599998], [-3.3064759353469375, 51.57354380303892], [-3.303098917071108, 51.57028443441436], [-3.3030600276252513, 51.574544910892776], [-3.2926312943521427, 51.57481758683425], [-3.2829272307838564, 51.56248679577382], [-3.277173361338661, 51.561530157335724]]]}}, {"type": "Feature", "properties": {"LSOA21CD": "W01001419", "LSOA21NM": "Caerphilly 021D", "LSOA21NMW": "Caerffili 021D", "RUC21CD": "RSN1", "RUC21NM": "Smaller rural: Nearer to a major town or city", "population": 1615, "median_age": 49.6, "_lsoa_code": "W01001419", "wimd_rank": 187.0, "wimd_decile": 1.0, "wimd_norm": 0.9025157232704403, "share_flats": 0.05697151424287856, "share_terraced": 0.2653673163418291, "share_dense_housing": 0.08545727136431784, "share_no_car": 0.11676646706586827, "share_owned": 0.7871064467766117, "share_rented": 0.2098950524737631, "share_rent_free": 0.0, "parking_constraint": 0.12853573213393302, "equity_proxy": 0.5155257277021866}, "geometry": {"type": "Polygon", "coordinates": [[[-3.133057779703618, 51.589762254046924], [-3.12355517927449, 51.587214140265885], [-3.1217686535398137, 51.57970231011679], [-3.114986421894567, 51.58046901294451], [-3.104784771642243, 51.574767953160475], [-3.1001134213376598, 51.576025150374115], [-3.090182801756626, 51.56854340570066], [-3.094301694897482, 51.56304940145845], [-3.103765307141741, 51.56427938552596], [-3.1000741773841534, 51.560063685170796], [-3.1086448983580643, 51.55762749867482], [-3.1105887971420154, 51.550680679121896], [-3.118890473574065, 51.54570167580057], [-3.14451064165814, 51.55538615864099], [-3.1525852576666864, 51.551641581676485], [-3.157464868902962, 51.557623179122935], [-3.1657701163194063, 51.55959715314906], [-3.2027871644498513, 51.55530910576384], [-3.199373073105931, 51.5592042650538], [-3.193053932543221, 51.56269964269262], [-3.2000927980872746, 51.56966331020246], [-3.2136500653535407, 51.57121541286426], [-3.209489995739697, 51.573909028996916], [-3.206262881131276, 51.57691138186849], [-3.206278516410202, 51.58077758723086], [-3.200281790781543, 51.58129066627066], [-3.1901086628533397, 51.58371342099282], [-3.1889069891998276, 51.586983165358575], [-3.1834261510336517, 51.58797009206934], [-3.174327578863845, 51.59022472934088], [-3.165627845390254, 51.58903280092195], [-3.156788838813, 51.59304404985483], [-3.151819121313955, 51.59353014451423], [-3.151874615756444, 51.59104114820296], [-3.1410219864464937, 51.59273271224611], [-3.136060115365999, 51.5898459242335], [-3.1355206685582915, 51.59206618491599], [-3.133057779703618, 51.589762254046924]]]}}, {"type": "Feature", "properties": {"LSOA21CD": "W01001426", "LSOA21NM": "Caerphilly 024E", "LSOA21NMW": "Caerffili 024E", "RUC21CD": "UN1", "RUC21NM": "Urban: Nearer to a major town or city", "population": 1460, "median_age": 44.3, "_lsoa_code": "W01001426", "wimd_rank": 1595.0, "wimd_decile": 9.0, "wimd_norm": 0.16457023060796647, "share_flats": 0.019130434782608695, "share_terraced": 0.020869565217391306, "share_dense_housing": 0.020869565217391306, "share_no_car": 0.08808290155440414, "share_owned": 0.8888888888888888, "share_rented": 0.1111111111111111, "share_rent_free": 0.0, "parking_constraint": 0.032322061191626415, "equity_proxy": 0.09844614589979644}, "geometry": {"type": "Polygon", "coordinates": [[[-3.220493271597184, 51.570076761042834], [-3.221105771361779, 51.559131497604376], [-3.2170269001750413, 51.56499239421867], [-3.2065563195424964, 51.56408299622348], [-3.199373073105931, 51.5592042650538], [-3.2027871644498513, 51.55530910576384], [-3.215884074005441, 51.55134987862389], [-3.215228171798343, 51.553199746141274], [-3.227750217283267, 51.54968700414476], [-3.2375329332770426, 51.55262384250743], [-3.2424492885068155, 51.5654388000589], [-3.2303823274692687, 51.56607454390899], [-3.235064527292453, 51.56686041086076], [-3.2325584010955213, 51.56979122720872], [-3.227693705388937, 51.57122370520507], [-3.220493271597184, 51.570076761042834]]]}}, {"type": "Feature", "properties": {"LSOA21CD": "W01001657", "LSOA21NM": "Newport 020C", "LSOA21NMW": "Casnewydd 020C", "RUC21CD": "RSN1", "RUC21NM": "Smaller rural: Nearer to a major town or city", "population": 1420, "median_age": 46.7, "_lsoa_code": "W01001657", "wimd_rank": 392.0, "wimd_decile": 3.0, "wimd_norm": 0.7950733752620545, "share_flats": 0.03745318352059925, "share_terraced": 0.026217228464419477, "share_dense_housing": 0.05805243445692884, "share_no_car": 0.041044776119402986, "share_owned": 0.9196261682242991, "share_rented": 0.08037383177570094, "share_rent_free": 0.0, "parking_constraint": 0.04779516258882005, "equity_proxy": 0.4214342689254372}, "geometry": {"type": "Polygon", "coordinates": [[[-3.067568653866126, 51.55959605337972], [-3.0651066335418977, 51.5515320235113], [-3.0696454088173333, 51.55041974211033], [-3.06409093199408, 51.54596433259553], [-3.0778241900105425, 51.54583434934429], [-3.081989699098854, 51.54337018487568], [-3.0784693269409145, 51.54217513459711], [-3.0800982323479476, 51.538093169029274], [-3.0745217873112227, 51.53605060923216], [-3.0723650067414545, 51.537991193632884], [-3.0706019413620753, 51.535069955702895], [-3.0730189896670383, 51.52823363890082], [-3.079472978837465, 51.526268111578055], [-3.080882363204462, 51.531600656524674], [-3.0877802967994477, 51.5329150691859], [-3.09415039602833, 51.53570560800237], [-3.110912967236881, 51.546501913737345], [-3.1186309901301854, 51.54500728687987], [-3.118890473574065, 51.54570167580057], [-3.1105887971420154, 51.550680679121896], [-3.1086448983580643, 51.55762749867482], [-3.1000741773841534, 51.560063685170796], [-3.103765307141741, 51.56427938552596], [-3.094301694897482, 51.56304940145845], [-3.090182801756626, 51.56854340570066], [-3.0846982658699114, 51.56488803728387], [-3.0740629529997734, 51.565092047214414], [-3.067568653866126, 51.55959605337972]]]}}, {"type": "Feature", "properties": {"LSOA21CD": "W01001658", "LSOA21NM": "Newport 020D", "LSOA21NMW": "Casnewydd 020D", "RUC21CD": "RLN1", "RUC21NM": "Larger rural: Nearer to a major town or city", "population": 2058, "median_age": 44.1, "_lsoa_code": "W01001658", "wimd_rank": 1443.0, "wimd_decile": 8.0, "wimd_norm": 0.24423480083857443, "share_flats": 0.01804123711340206, "share_terraced": 0.2036082474226804, "share_dense_housing": 0.023195876288659795, "share_no_car": 0.09407216494845361, "share_owned": 0.8376288659793815, "share_rented": 0.16108247422680413, "share_rent_free": 0.001288659793814433, "parking_constraint": 0.07594501718213059, "equity_proxy": 0.16008990901035253}, "geometry": {"type": "Polygon", "coordinates": [[[-3.045684078287801, 51.54218024549737], [-3.039493916807666, 51.53875448037502], [-3.074824156986941, 51.522394969490364], [-3.079472978837465, 51.526268111578055], [-3.0730189896670383, 51.52823363890082], [-3.0706019413620753, 51.535069955702895], [-3.0723650067414545, 51.537991193632884], [-3.0745217873112227, 51.53605060923216], [-3.0800982323479476, 51.538093169029274], [-3.0784693269409145, 51.54217513459711], [-3.081989699098854, 51.54337018487568], [-3.0778241900105425, 51.54583434934429], [-3.06409093199408, 51.54596433259553], [-3.053097493653753, 51.54121132465915], [-3.045684078287801, 51.54218024549737]]]}}, {"type": "Feature", "properties": {"LSOA21CD": "W01001694", "LSOA21NM": "Cardiff 036A", "LSOA21NMW": "Caerdydd 036A", "RUC21CD": "UN1", "RUC21NM": "Urban: Nearer to a major town or city", "population": 2238, "median_age": 31.2, "_lsoa_code": "W01001694", "wimd_rank": 773.0, "wimd_decile": 5.0, "wimd_norm": 0.5953878406708596, "share_flats": 0.18305084745762712, "share_terraced": 0.48700564971751414, "share_dense_housing": 0.41129943502824856, "share_no_car": 0.48700564971751414, "share_owned": 0.34085778781038373, "share_rented": 0.6523702031602708, "share_rent_free": 0.003386004514672686, "parking_constraint": 0.38250058452683083, "equity_proxy": 0.48894421259884524}, "geometry": {"type": "Polygon", "coordinates": [[[-3.1520899267722213, 51.48622601622537], [-3.1537500980925914, 51.4847901557915], [-3.1541837615208603, 51.48437927349905], [-3.1591372961219824, 51.48345298547054], [-3.1613258672729327, 51.486321626093655], [-3.1596669531004586, 51.4873733230644], [-3.1548490474411497, 51.48792928111763], [-3.154482374754103, 51.48497758333922], [-3.1520899267722213, 51.48622601622537]]]}}, {"type": "Feature", "properties": {"LSOA21CD": "W01001695", "LSOA21NM": "Cardiff 036B", "LSOA21NMW": "Caerdydd 036B", "RUC21CD": "UN1", "RUC21NM": "Urban: Nearer to a major town or city", "population": 4973, "median_age": 22.7, "_lsoa_code": "W01001695", "wimd_rank": 349.0, "wimd_decile": 2.0, "wimd_norm": 0.8176100628930818, "share_flats": 0.5437415881561238, "share_terraced": 0.19246298788694483, "share_dense_housing": 0.7160161507402423, "share_no_car": 0.5756358768406962, "share_owned": 0.1395973154362416, "share_rented": 0.8483221476510067, "share_rent_free": 0.010738255033557046, "parking_constraint": 0.5715214635629785, "equity_proxy": 0.6945657632280302}, "geometry": {"type": "Polygon", "coordinates": [[[-3.161888143512543, 51.47997330908911], [-3.1714366060260697, 51.47728829644746], [-3.1706575809177635, 51.48305083884238], [-3.1641564280916996, 51.48522736214885], [-3.161888143512543, 51.47997330908911]]]}}, {"type": "Feature", "properties": {"LSOA21CD": "W01001696", "LSOA21NM": "Cardiff 036C", "LSOA21NMW": "Caerdydd 036C", "RUC21CD": "UN1", "RUC21NM": "Urban: Nearer to a major town or city", "population": 1643, "median_age": 31.0, "_lsoa_code": "W01001696", "wimd_rank": 584.0, "wimd_decile": 4.0, "wimd_norm": 0.6944444444444444, "share_flats": 0.20508982035928144, "share_terraced": 0.5748502994011976, "share_dense_housing": 0.3263473053892216, "share_no_car": 0.4962630792227205, "share_owned": 0.2983508245877061, "share_rented": 0.6926536731634183, "share_rent_free": 0.008995502248875561, "parking_constraint": 0.38446959155152954, "equity_proxy": 0.539457017997987}, "geometry": {"type": "Polygon", "coordinates": [[[-3.1541837615208603, 51.48437927349905], [-3.1554663561351863, 51.48330497811753], [-3.161888143512543, 51.47997330908911], [-3.1641564280916996, 51.48522736214885], [-3.1613258672729327, 51.486321626093655], [-3.1591372961219824, 51.48345298547054], [-3.1541837615208603, 51.48437927349905]]]}}, {"type": "Feature", "properties": {"LSOA21CD": "W01001697", "LSOA21NM": "Cardiff 036D", "LSOA21NMW": "Caerdydd 036D", "RUC21CD": "UN1", "RUC21NM": "Urban: Nearer to a major town or city", "population": 2146, "median_age": 32.0, "_lsoa_code": "W01001697", "wimd_rank": 853.0, "wimd_decile": 5.0, "wimd_norm": 0.5534591194968553, "share_flats": 0.20601851851851852, "share_terraced": 0.5914351851851852, "share_dense_housing": 0.3460648148148148, "share_no_car": 0.3838150289017341, "share_owned": 0.44341801385681295, "share_rented": 0.5496535796766744, "share_rent_free": 0.003464203233256351, "parking_constraint": 0.37560195877170477, "equity_proxy": 0.46453053913428005}, "geometry": {"type": "Polygon", "coordinates": [[[-3.1426852524619946, 51.49405900046157], [-3.1520899267722213, 51.48622601622537], [-3.154482374754103, 51.48497758333922], [-3.1548490474411497, 51.48792928111763], [-3.1507888338669647, 51.48815538602798], [-3.1506278215870553, 51.491197555451], [-3.142496037449941, 51.49421646113638], [-3.1426852524619946, 51.49405900046157]]]}}, {"type": "Feature", "properties": {"LSOA21CD": "W01001698", "LSOA21NM": "Cardiff 036E", "LSOA21NMW": "Caerdydd 036E", "RUC21CD": "UN1", "RUC21NM": "Urban: Nearer to a major town or city", "population": 2226, "median_age": 31.2, "_lsoa_code": "W01001698", "wimd_rank": 786.0, "wimd_decile": 5.0, "wimd_norm": 0.5885744234800838, "share_flats": 0.37658227848101267, "share_terraced": 0.2563291139240506, "share_dense_housing": 0.689873417721519, "share_no_car": 0.47940865892291445, "share_owned": 0.26187961985216474, "share_rented": 0.7286166842661035, "share_rent_free": 0.006335797254487857, "parking_constraint": 0.5038999460878011, "equity_proxy": 0.5462371847839425}, "geometry": {"type": "Polygon", "coordinates": [[[-3.1506278215870553, 51.491197555451], [-3.1507888338669647, 51.48815538602798], [-3.1548490474411497, 51.48792928111763], [-3.1596669531004586, 51.4873733230644], [-3.154538378188012, 51.49146375383548], [-3.1506278215870553, 51.491197555451]]]}}, {"type": "Feature", "properties": {"LSOA21CD": "W01001699", "LSOA21NM": "Cardiff 049A", "LSOA21NMW": "Caerdydd 049A", "RUC21CD": "UN1", "RUC21NM": "Urban: Nearer to a major town or city", "population": 2770, "median_age": 29.3, "_lsoa_code": "W01001699", "wimd_rank": 463.0, "wimd_decile": 3.0, "wimd_norm": 0.7578616352201258, "share_flats": 0.7099903006789525, "share_terraced": 0.15809893307468478, "share_dense_housing": 0.7381183317167799, "share_no_car": 0.489815712900097, "share_owned": 0.1959262851600388, "share_rented": 0.7846750727449079, "share_rent_free": 0.01745877788554801, "parking_constraint": 0.6189460071128355, "equity_proxy": 0.6884038211664807}, "geometry": {"type": "Polygon", "coordinates": [[[-3.170992971252359, 51.474018205156874], [-3.1687516511502696, 51.47106516709194], [-3.1663472158400494, 51.46648817860307], [-3.170596215290682, 51.46576364317733], [-3.170924355339752, 51.467760966433254], [-3.1751557213261803, 51.4697721502657], [-3.1713206093116892, 51.47430161428017], [-3.170992971252359, 51.474018205156874]]]}}, {"type": "Feature", "properties": {"LSOA21CD": "W01001702", "LSOA21NM": "Cardiff 045A", "LSOA21NMW": "Caerdydd 045A", "RUC21CD": "UN1", "RUC21NM": "Urban: Nearer to a major town or city", "population": 1829, "median_age": 39.6, "_lsoa_code": "W01001702", "wimd_rank": 848.0, "wimd_decile": 5.0, "wimd_norm": 0.5560796645702306, "share_flats": 0.056833558863328824, "share_terraced": 0.2029769959404601, "share_dense_housing": 0.06630581867388363, "share_no_car": 0.1926729986431479, "share_owned": 0.6132971506105834, "share_rented": 0.38263229308005425, "share_rent_free": 0.0013568521031207597, "parking_constraint": 0.13265949744450342, "equity_proxy": 0.34436958100736703}, "geometry": {"type": "Polygon", "coordinates": [[[-3.256014756695283, 51.47035417445828], [-3.2593137627294126, 51.46987785429987], [-3.258134368268707, 51.46545391299359], [-3.2601993347950584, 51.465569143717154], [-3.2698580681495013, 51.465300313477364], [-3.2685858799518335, 51.4671623820022], [-3.256943638294083, 51.47289954218607], [-3.2534937944462774, 51.47172294079828], [-3.256014756695283, 51.47035417445828]]]}}, {"type": "Feature", "properties": {"LSOA21CD": "W01001703", "LSOA21NM": "Cardiff 045B", "LSOA21NMW": "Caerdydd 045B", "RUC21CD": "UN1", "RUC21NM": "Urban: Nearer to a major town or city", "population": 1236, "median_age": 35.7, "_lsoa_code": "W01001703", "wimd_rank": 610.0, "wimd_decile": 4.0, "wimd_norm": 0.6808176100628931, "share_flats": 0.22381930184804927, "share_terraced": 0.13963039014373715, "share_dense_housing": 0.22381930184804927, "share_no_car": 0.29774127310061604, "share_owned": 0.45267489711934156, "share_rented": 0.5411522633744856, "share_rent_free": 0.00205761316872428, "parking_constraint": 0.24929258104404503, "equity_proxy": 0.4650550955534691}, "geometry": {"type": "Polygon", "coordinates": [[[-3.243438209401706, 51.47272475584058], [-3.239805858615524, 51.47081432471241], [-3.2429129895283073, 51.469219312934364], [-3.248620469353236, 51.47117032671134], [-3.248682075067832, 51.474356138351915], [-3.243438209401706, 51.47272475584058]]]}}, {"type": "Feature", "properties": {"LSOA21CD": "W01001704", "LSOA21NM": "Cardiff 041A", "LSOA21NMW": "Caerdydd 041A", "RUC21CD": "UN1", "RUC21NM": "Urban: Nearer to a major town or city", "population": 1717, "median_age": 30.7, "_lsoa_code": "W01001704", "wimd_rank": 317.0, "wimd_decile": 2.0, "wimd_norm": 0.8343815513626834, "share_flats": 0.2552166934189406, "share_terraced": 0.26324237560192615, "share_dense_housing": 0.26003210272873195, "share_no_car": 0.41148325358851673, "share_owned": 0.3125, "share_rented": 0.6826923076923077, "share_rent_free": 0.004807692307692308, "parking_constraint": 0.3154237148619171, "equity_proxy": 0.5749026331123003}, "geometry": {"type": "Polygon", "coordinates": [[[-3.22975776599225, 51.47337632761262], [-3.239805858615524, 51.47081432471241], [-3.243438209401706, 51.47272475584058], [-3.2436326265473556, 51.47320107943929], [-3.238667101423074, 51.477249242270474], [-3.22975776599225, 51.47337632761262]]]}}, {"type": "Feature", "properties": {"LSOA21CD": "W01001705", "LSOA21NM": "Cardiff 045C", "LSOA21NMW": "Caerdydd 045C", "RUC21CD": "UN1", "RUC21NM": "Urban: Nearer to a major town or city", "population": 2047, "median_age": 34.8, "_lsoa_code": "W01001705", "wimd_rank": 625.0, "wimd_decile": 4.0, "wimd_norm": 0.6729559748427673, "share_flats": 0.10613810741687979, "share_terraced": 0.24296675191815856, "share_dense_housing": 0.11125319693094629, "share_no_car": 0.2701664532650448, "share_owned": 0.5165816326530612, "share_rented": 0.4732142857142857, "share_rent_free": 0.01020408163265306, "parking_constraint": 0.18415235659481186, "equity_proxy": 0.42855416571878957}, "geometry": {"type": "Polygon", "coordinates": [[[-3.2429129895283073, 51.469219312934364], [-3.248062787418313, 51.46455551609131], [-3.258009299606175, 51.46543373976462], [-3.258134368268707, 51.46545391299359], [-3.2593137627294126, 51.46987785429987], [-3.256014756695283, 51.47035417445828], [-3.248620469353236, 51.47117032671134], [-3.2429129895283073, 51.469219312934364]]]}}, {"type": "Feature", "properties": {"LSOA21CD": "W01001706", "LSOA21NM": "Cardiff 041B", "LSOA21NMW": "Caerdydd 041B", "RUC21CD": "UN1", "RUC21NM": "Urban: Nearer to a major town or city", "population": 1363, "median_age": 41.4, "_lsoa_code": "W01001706", "wimd_rank": 1398.0, "wimd_decile": 8.0, "wimd_norm": 0.26781970649895176, "share_flats": 0.17206132879045996, "share_terraced": 0.3321976149914821, "share_dense_housing": 0.20783645655877342, "share_no_car": 0.2440677966101695, "share_owned": 0.6626916524701874, "share_rented": 0.3287904599659284, "share_rent_free": 0.0017035775127768314, "parking_constraint": 0.2369108461101647, "equity_proxy": 0.25236527630455824}, "geometry": {"type": "Polygon", "coordinates": [[[-3.227156837097899, 51.4826263957007], [-3.2200698342056873, 51.47648457498359], [-3.219144754773728, 51.47549354519034], [-3.2182483044319237, 51.47467358987275], [-3.220956099371218, 51.474941944602925], [-3.2365489505853597, 51.481380464991936], [-3.232055742080193, 51.48395335200423], [-3.227156837097899, 51.4826263957007]]]}}, {"type": "Feature", "properties": {"LSOA21CD": "W01001707", "LSOA21NM": "Cardiff 041C", "LSOA21NMW": "Caerdydd 041C", "RUC21CD": "UN1", "RUC21NM": "Urban: Nearer to a major town or city", "population": 2029, "median_age": 37.4, "_lsoa_code": "W01001707", "wimd_rank": 597.0, "wimd_decile": 4.0, "wimd_norm": 0.6876310272536688, "share_flats": 0.09417596034696406, "share_terraced": 0.24039653035935563, "share_dense_housing": 0.11400247831474597, "share_no_car": 0.2957920792079208, "share_owned": 0.4344059405940594, "share_rented": 0.5507425742574258, "share_rent_free": 0.006188118811881188, "parking_constraint": 0.19090446219343127, "equity_proxy": 0.43926774472355}, "geometry": {"type": "Polygon", "coordinates": [[[-3.220956099371218, 51.474941944602925], [-3.22975776599225, 51.47337632761262], [-3.238667101423074, 51.477249242270474], [-3.2436326265473556, 51.47320107943929], [-3.246900900798464, 51.47645511351334], [-3.2415694304434535, 51.478443986871554], [-3.238940294537316, 51.47996041833566], [-3.2365489505853597, 51.481380464991936], [-3.220956099371218, 51.474941944602925]]]}}, {"type": "Feature", "properties": {"LSOA21CD": "W01001708", "LSOA21NM": "Cardiff 045D", "LSOA21NMW": "Caerdydd 045D", "RUC21CD": "UN1", "RUC21NM": "Urban: Nearer to a major town or city", "population": 1788, "median_age": 38.0, "_lsoa_code": "W01001708", "wimd_rank": 821.0, "wimd_decile": 5.0, "wimd_norm": 0.570230607966457, "share_flats": 0.40710382513661203, "share_terraced": 0.2459016393442623, "share_dense_housing": 0.42349726775956287, "share_no_car": 0.4024556616643929, "share_owned": 0.3988995873452545, "share_rented": 0.5928473177441541, "share_rent_free": 0.008253094910591471, "parking_constraint": 0.40509366786679796, "equity_proxy": 0.4876621379166275}, "geometry": {"type": "Polygon", "coordinates": [[[-3.2436326265473556, 51.47320107943929], [-3.243438209401706, 51.47272475584058], [-3.248682075067832, 51.474356138351915], [-3.248620469353236, 51.47117032671134], [-3.256014756695283, 51.47035417445828], [-3.2534937944462774, 51.47172294079828], [-3.256943638294083, 51.47289954218607], [-3.2562715050911715, 51.473288476510284], [-3.2471541549960006, 51.47636152973372], [-3.246900900798464, 51.47645511351334], [-3.2436326265473556, 51.47320107943929]]]}}, {"type": "Feature", "properties": {"LSOA21CD": "W01001710", "LSOA21NM": "Cardiff 040B", "LSOA21NMW": "Caerdydd 040B", "RUC21CD": "UN1", "RUC21NM": "Urban: Nearer to a major town or city", "population": 1883, "median_age": 34.4, "_lsoa_code": "W01001710", "wimd_rank": 1339.0, "wimd_decile": 8.0, "wimd_norm": 0.29874213836477986, "share_flats": 0.11083437110834371, "share_terraced": 0.613947696139477, "share_dense_housing": 0.2602739726027397, "share_no_car": 0.32627646326276466, "share_owned": 0.5785536159600998, "share_rented": 0.4164588528678304, "share_rent_free": 0.0, "parking_constraint": 0.30202016751396726, "equity_proxy": 0.30038115293937356}, "geometry": {"type": "Polygon", "coordinates": [[[-3.207147190742151, 51.481207850386085], [-3.205526851343528, 51.47905029796159], [-3.2068548883052643, 51.47868957527961], [-3.2137042851190167, 51.48267357491101], [-3.2092060853663034, 51.48311349006918], [-3.207147190742151, 51.481207850386085]]]}}, {"type": "Feature", "properties": {"LSOA21CD": "W01001711", "LSOA21NM": "Cardiff 040C", "LSOA21NMW": "Caerdydd 040C", "RUC21CD": "UN1", "RUC21NM": "Urban: Nearer to a major town or city", "population": 2077, "median_age": 36.6, "_lsoa_code": "W01001711", "wimd_rank": 429.0, "wimd_decile": 3.0, "wimd_norm": 0.7756813417190775, "share_flats": 0.21305841924398625, "share_terraced": 0.24856815578465064, "share_dense_housing": 0.24398625429553264, "share_no_car": 0.3299086757990868, "share_owned": 0.5159817351598174, "share_rented": 0.478310502283105, "share_rent_free": 0.005707762557077625, "parking_constraint": 0.2658365893078504, "equity_proxy": 0.520758965513464}, "geometry": {"type": "Polygon", "coordinates": [[[-3.2017211826431304, 51.47737327115972], [-3.196788278115742, 51.473125405030736], [-3.20694923136199, 51.466089348561624], [-3.2182483044319237, 51.47467358987275], [-3.219144754773728, 51.47549354519034], [-3.2068548883052643, 51.47868957527961], [-3.205526851343528, 51.47905029796159], [-3.2017211826431304, 51.47737327115972]]]}}, {"type": "Feature", "properties": {"LSOA21CD": "W01001712", "LSOA21NM": "Cardiff 040D", "LSOA21NMW": "Caerdydd 040D", "RUC21CD": "UN1", "RUC21NM": "Urban: Nearer to a major town or city", "population": 1544, "median_age": 38.1, "_lsoa_code": "W01001712", "wimd_rank": 1483.0, "wimd_decile": 8.0, "wimd_norm": 0.22327044025157233, "share_flats": 0.11904761904761904, "share_terraced": 0.6260504201680672, "share_dense_housing": 0.2857142857142857, "share_no_car": 0.30014025245441794, "share_owned": 0.6241234221598878, "share_rented": 0.3758765778401122, "share_rent_free": 0.0, "parking_constraint": 0.31024759599959667, "equity_proxy": 0.2667590181255845}, "geometry": {"type": "Polygon", "coordinates": [[[-3.203451788774836, 51.484385975879306], [-3.2020287859436523, 51.48198047801166], [-3.207147190742151, 51.481207850386085], [-3.2092060853663034, 51.48311349006918], [-3.20974700034209, 51.484182235183276], [-3.205960586415463, 51.4865521159617], [-3.203451788774836, 51.484385975879306]]]}}, {"type": "Feature", "properties": {"LSOA21CD": "W01001713", "LSOA21NM": "Cardiff 040E", "LSOA21NMW": "Caerdydd 040E", "RUC21CD": "UN1", "RUC21NM": "Urban: Nearer to a major town or city", "population": 1751, "median_age": 36.7, "_lsoa_code": "W01001713", "wimd_rank": 1541.0, "wimd_decile": 9.0, "wimd_norm": 0.1928721174004193, "share_flats": 0.11757105943152454, "share_terraced": 0.6472868217054264, "share_dense_housing": 0.2454780361757106, "share_no_car": 0.30569948186528495, "share_owned": 0.6450777202072538, "share_rented": 0.3536269430051813, "share_rent_free": 0.0, "parking_constraint": 0.2976239886108545, "equity_proxy": 0.2452480530056369}, "geometry": {"type": "Polygon", "coordinates": [[[-3.20200359958008, 51.48189448544255], [-3.2012046292463614, 51.48114367028714], [-3.2017211826431304, 51.47737327115972], [-3.205526851343528, 51.47905029796159], [-3.207147190742151, 51.481207850386085], [-3.2020287859436523, 51.48198047801166], [-3.20200359958008, 51.48189448544255]]]}}, {"type": "Feature", "properties": {"LSOA21CD": "W01001714", "LSOA21NM": "Cardiff 035A", "LSOA21NMW": "Caerdydd 035A", "RUC21CD": "UN1", "RUC21NM": "Urban: Nearer to a major town or city", "population": 1586, "median_age": 45.1, "_lsoa_code": "W01001714", "wimd_rank": 1763.0, "wimd_decile": 10.0, "wimd_norm": 0.07651991614255765, "share_flats": 0.014729950900163666, "share_terraced": 0.36824877250409166, "share_dense_housing": 0.04746317512274959, "share_no_car": 0.13651315789473684, "share_owned": 0.8898026315789473, "share_rented": 0.10855263157894737, "share_rent_free": 0.0, "parking_constraint": 0.1088544807189824, "equity_proxy": 0.09268719843077003}, "geometry": {"type": "Polygon", "coordinates": [[[-3.21559221499234, 51.4891831736681], [-3.2154875785051606, 51.48811669221005], [-3.2172901399318237, 51.48466509813638], [-3.2151702835762186, 51.48094425564321], [-3.221047950030789, 51.48269835168857], [-3.2225214015868415, 51.48854789653771], [-3.219341281989617, 51.48918813489886], [-3.21559221499234, 51.4891831736681]]]}}, {"type": "Feature", "properties": {"LSOA21CD": "W01001715", "LSOA21NM": "Cardiff 035B", "LSOA21NMW": "Caerdydd 035B", "RUC21CD": "UN1", "RUC21NM": "Urban: Nearer to a major town or city", "population": 1498, "median_age": 42.0, "_lsoa_code": "W01001715", "wimd_rank": 1551.0, "wimd_decile": 9.0, "wimd_norm": 0.18763102725366876, "share_flats": 0.2837326607818411, "share_terraced": 0.42370744010088274, "share_dense_housing": 0.4262295081967213, "share_no_car": 0.26574307304785894, "share_owned": 0.6158690176322418, "share_rented": 0.3790931989924433, "share_rent_free": 0.0, "parking_constraint": 0.37194130421202315, "equity_proxy": 0.279786165732846}, "geometry": {"type": "Polygon", "coordinates": [[[-3.2072258385487094, 51.48839517589776], [-3.205960586415463, 51.4865521159617], [-3.20974700034209, 51.484182235183276], [-3.2154875785051606, 51.48811669221005], [-3.21559221499234, 51.4891831736681], [-3.2072258385487094, 51.48839517589776]]]}}, {"type": "Feature", "properties": {"LSOA21CD": "W01001716", "LSOA21NM": "Cardiff 035C", "LSOA21NMW": "Caerdydd 035C", "RUC21CD": "UN1", "RUC21NM": "Urban: Nearer to a major town or city", "population": 1270, "median_age": 42.2, "_lsoa_code": "W01001716", "wimd_rank": 1470.0, "wimd_decile": 8.0, "wimd_norm": 0.23008385744234802, "share_flats": 0.06099815157116451, "share_terraced": 0.5194085027726433, "share_dense_housing": 0.09796672828096119, "share_no_car": 0.1814814814814815, "share_owned": 0.8243992606284658, "share_rented": 0.17375231053604437, "share_rent_free": 0.0018484288354898336, "parking_constraint": 0.1800369685767098, "equity_proxy": 0.20506041300952893}, "geometry": {"type": "Polygon", "coordinates": [[[-3.221047950030789, 51.48269835168857], [-3.227156837097899, 51.4826263957007], [-3.232055742080193, 51.48395335200423], [-3.228089926234031, 51.48688582395133], [-3.2225214015868415, 51.48854789653771], [-3.221047950030789, 51.48269835168857]]]}}, {"type": "Feature", "properties": {"LSOA21CD": "W01001717", "LSOA21NM": "Cardiff 035D", "LSOA21NMW": "Caerdydd 035D", "RUC21CD": "UN1", "RUC21NM": "Urban: Nearer to a major town or city", "population": 1521, "median_age": 37.2, "_lsoa_code": "W01001717", "wimd_rank": 1358.0, "wimd_decile": 8.0, "wimd_norm": 0.2887840670859539, "share_flats": 0.12768817204301075, "share_terraced": 0.7150537634408602, "share_dense_housing": 0.1693548387096774, "share_no_car": 0.27456258411843876, "share_owned": 0.6072386058981233, "share_rented": 0.3914209115281501, "share_rent_free": 0.0, "parking_constraint": 0.2942145444761548, "equity_proxy": 0.2914993057810543}, "geometry": {"type": "Polygon", "coordinates": [[[-3.20974700034209, 51.484182235183276], [-3.2092060853663034, 51.48311349006918], [-3.2137042851190167, 51.48267357491101], [-3.2172901399318237, 51.48466509813638], [-3.2154875785051606, 51.48811669221005], [-3.20974700034209, 51.484182235183276]]]}}, {"type": "Feature", "properties": {"LSOA21CD": "W01001718", "LSOA21NM": "Cardiff 028A", "LSOA21NMW": "Caerdydd 028A", "RUC21CD": "UN1", "RUC21NM": "Urban: Nearer to a major town or city", "population": 1761, "median_age": 24.3, "_lsoa_code": "W01001718", "wimd_rank": 738.0, "wimd_decile": 4.0, "wimd_norm": 0.6137316561844863, "share_flats": 0.10806451612903226, "share_terraced": 0.65, "share_dense_housing": 0.2693548387096774, "share_no_car": 0.3327974276527331, "share_owned": 0.2962962962962963, "share_rented": 0.6940418679549114, "share_rent_free": 0.00322061191626409, "parking_constraint": 0.34834536734022475, "equity_proxy": 0.48103851176235557}, "geometry": {"type": "Polygon", "coordinates": [[[-3.175808230945901, 51.498615458210956], [-3.174988216086567, 51.49602189704486], [-3.181863998913352, 51.496962581935], [-3.175832913558314, 51.49869176137892], [-3.175808230945901, 51.498615458210956]]]}}, {"type": "Feature", "properties": {"LSOA21CD": "W01001719", "LSOA21NM": "Cardiff 028B", "LSOA21NMW": "Caerdydd 028B", "RUC21CD": "UN1", "RUC21NM": "Urban: Nearer to a major town or city", "population": 2012, "median_age": 23.2, "_lsoa_code": "W01001719", "wimd_rank": 1431.0, "wimd_decile": 8.0, "wimd_norm": 0.25052410901467503, "share_flats": 0.061837455830388695, "share_terraced": 0.7756183745583038, "share_dense_housing": 0.11837455830388692, "share_no_car": 0.24911660777385158, "share_owned": 0.479646017699115, "share_rented": 0.5203539823008849, "share_rent_free": 0.0, "parking_constraint": 0.2845748772632039, "equity_proxy": 0.2675494931389395}, "geometry": {"type": "Polygon", "coordinates": [[[-3.1819774550109874, 51.49701313358424], [-3.181971544752469, 51.49578281754513], [-3.1843516037305712, 51.496930729469334], [-3.1852882083651446, 51.49393436400642], [-3.1914518550445026, 51.49570051519528], [-3.1923506447681844, 51.4971944853738], [-3.1898929680264825, 51.49845170934432], [-3.1819774550109874, 51.49701313358424]]]}}, {"type": "Feature", "properties": {"LSOA21CD": "W01001720", "LSOA21NM": "Cardiff 028C", "LSOA21NMW": "Caerdydd 028C", "RUC21CD": "UN1", "RUC21NM": "Urban: Nearer to a major town or city", "population": 2506, "median_age": 22.4, "_lsoa_code": "W01001720", "wimd_rank": 751.0, "wimd_decile": 4.0, "wimd_norm": 0.6069182389937107, "share_flats": 0.1712962962962963, "share_terraced": 0.5370370370370371, "share_dense_housing": 0.3888888888888889, "share_no_car": 0.37037037037037035, "share_owned": 0.1346749226006192, "share_rented": 0.8637770897832817, "share_rent_free": 0.0015479876160990713, "parking_constraint": 0.40930608110690675, "equity_proxy": 0.5081121600503087}, "geometry": {"type": "Polygon", "coordinates": [[[-3.181863998913352, 51.496962581935], [-3.174988216086567, 51.49602189704486], [-3.174194387091154, 51.4936339952113], [-3.178220255474133, 51.49262627537516], [-3.1793927356263114, 51.492205526447215], [-3.1803075055411854, 51.492560106828314], [-3.181971544752469, 51.49578281754513], [-3.1819774550109874, 51.49701313358424], [-3.181863998913352, 51.496962581935]]]}}, {"type": "Feature", "properties": {"LSOA21CD": "W01001721", "LSOA21NM": "Cardiff 032A", "LSOA21NMW": "Caerdydd 032A", "RUC21CD": "UN1", "RUC21NM": "Urban: Nearer to a major town or city", "population": 3252, "median_age": 21.2, "_lsoa_code": "W01001721", "wimd_rank": 415.0, "wimd_decile": 3.0, "wimd_norm": 0.7830188679245284, "share_flats": 0.37521815008726006, "share_terraced": 0.28970331588132636, "share_dense_housing": 0.5881326352530541, "share_no_car": 0.4869109947643979, "share_owned": 0.1704745166959578, "share_rented": 0.820738137082601, "share_rent_free": 0.0017574692442882249, "parking_constraint": 0.4884893432340502, "equity_proxy": 0.6357541055792892}, "geometry": {"type": "Polygon", "coordinates": [[[-3.1852882083651446, 51.49393436400642], [-3.1803075055411854, 51.492560106828314], [-3.1793927356263114, 51.492205526447215], [-3.1800990475145103, 51.49011686720929], [-3.1810539273927314, 51.49010267766379], [-3.185172790919256, 51.48816003695392], [-3.1931131277327087, 51.49482717234288], [-3.1914518550445026, 51.49570051519528], [-3.1852882083651446, 51.49393436400642]]]}}, {"type": "Feature", "properties": {"LSOA21CD": "W01001722", "LSOA21NM": "Cardiff 028D", "LSOA21NMW": "Caerdydd 028D", "RUC21CD": "UN1", "RUC21NM": "Urban: Nearer to a major town or city", "population": 1813, "median_age": 22.4, "_lsoa_code": "W01001722", "wimd_rank": 897.0, "wimd_decile": 5.0, "wimd_norm": 0.5303983228511531, "share_flats": 0.0817490494296578, "share_terraced": 0.7091254752851711, "share_dense_housing": 0.22053231939163498, "share_no_car": 0.3688212927756654, "share_owned": 0.19433962264150945, "share_rented": 0.7962264150943397, "share_rent_free": 0.0018867924528301887, "parking_constraint": 0.3487490733433771, "equity_proxy": 0.4395736980972651}, "geometry": {"type": "Polygon", "coordinates": [[[-3.181971544752469, 51.49578281754513], [-3.1803075055411854, 51.492560106828314], [-3.1852882083651446, 51.49393436400642], [-3.1843516037305712, 51.496930729469334], [-3.181971544752469, 51.49578281754513]]]}}, {"type": "Feature", "properties": {"LSOA21CD": "W01001724", "LSOA21NM": "Cardiff 032C", "LSOA21NMW": "Caerdydd 032C", "RUC21CD": "UN1", "RUC21NM": "Urban: Nearer to a major town or city", "population": 2731, "median_age": 22.1, "_lsoa_code": "W01001724", "wimd_rank": 609.0, "wimd_decile": 4.0, "wimd_norm": 0.6813417190775681, "share_flats": 0.1069078947368421, "share_terraced": 0.6546052631578947, "share_dense_housing": 0.2532894736842105, "share_no_car": 0.30870279146141216, "share_owned": 0.12685337726523888, "share_rented": 0.8698517298187809, "share_rent_free": 0.0016474464579901153, "parking_constraint": 0.36696707274776724, "equity_proxy": 0.5241543959126677}, "geometry": {"type": "Polygon", "coordinates": [[[-3.173721228666714, 51.49216747292536], [-3.173464421034457, 51.49137126184483], [-3.1740224464738316, 51.491307643418715], [-3.178220255474133, 51.49262627537516], [-3.174194387091154, 51.4936339952113], [-3.173721228666714, 51.49216747292536]]]}}, {"type": "Feature", "properties": {"LSOA21CD": "W01001725", "LSOA21NM": "Cardiff 032D", "LSOA21NMW": "Caerdydd 032D", "RUC21CD": "UN1", "RUC21NM": "Urban: Nearer to a major town or city", "population": 2448, "median_age": 22.0, "_lsoa_code": "W01001725", "wimd_rank": 476.0, "wimd_decile": 3.0, "wimd_norm": 0.7510482180293501, "share_flats": 0.11153846153846154, "share_terraced": 0.4826923076923077, "share_dense_housing": 0.38076923076923075, "share_no_car": 0.367816091954023, "share_owned": 0.08076923076923077, "share_rented": 0.9173076923076923, "share_rent_free": 0.0019230769230769232, "parking_constraint": 0.38294871794871793, "equity_proxy": 0.566998467989034}, "geometry": {"type": "Polygon", "coordinates": [[[-3.1740224464738316, 51.491307643418715], [-3.175992455568308, 51.48793907158288], [-3.1800990475145103, 51.49011686720929], [-3.1793927356263114, 51.492205526447215], [-3.178220255474133, 51.49262627537516], [-3.1740224464738316, 51.491307643418715]]]}}, {"type": "Feature", "properties": {"LSOA21CD": "W01001726", "LSOA21NM": "Cardiff 028E", "LSOA21NMW": "Caerdydd 028E", "RUC21CD": "UN1", "RUC21NM": "Urban: Nearer to a major town or city", "population": 1912, "median_age": 23.5, "_lsoa_code": "W01001726", "wimd_rank": 983.0, "wimd_decile": 6.0, "wimd_norm": 0.48532494758909855, "share_flats": 0.0947176684881603, "share_terraced": 0.6830601092896175, "share_dense_housing": 0.20947176684881602, "share_no_car": 0.26824817518248173, "share_owned": 0.3018181818181818, "share_rented": 0.6854545454545454, "share_rent_free": 0.005454545454545455, "parking_constraint": 0.32940243969752164, "equity_proxy": 0.4073636936433101}, "geometry": {"type": "Polygon", "coordinates": [[[-3.177354169708799, 51.50348414376502], [-3.175832913558314, 51.49869176137892], [-3.181863998913352, 51.496962581935], [-3.1819774550109874, 51.49701313358424], [-3.1898929680264825, 51.49845170934432], [-3.1865562935258205, 51.50014992570144], [-3.1843357680084363, 51.498662340974334], [-3.1833884816253137, 51.50457518886685], [-3.177354169708799, 51.50348414376502]]]}}, {"type": "Feature", "properties": {"LSOA21CD": "W01001727", "LSOA21NM": "Cardiff 014A", "LSOA21NMW": "Caerdydd 014A", "RUC21CD": "RSN1", "RUC21NM": "Smaller rural: Nearer to a major town or city", "population": 1800, "median_age": 40.5, "_lsoa_code": "W01001727", "wimd_rank": 1718.0, "wimd_decile": 9.0, "wimd_norm": 0.100104821802935, "share_flats": 0.03125, "share_terraced": 0.185546875, "share_dense_housing": 0.0390625, "share_no_car": 0.07421875, "share_owned": 0.8304093567251462, "share_rented": 0.1695906432748538, "share_rent_free": 0.0, "parking_constraint": 0.08315896076998051, "equity_proxy": 0.09163189128645777}, "geometry": {"type": "Polygon", "coordinates": [[[-3.3305680946785636, 51.53556796780217], [-3.3133352034495696, 51.5287031112104], [-3.31315534592686, 51.5221665843586], [-3.304263044698625, 51.518042100422846], [-3.2849903938449496, 51.52040006381081], [-3.2812753727886435, 51.51654777911182], [-3.3115834966220916, 51.50713968058371], [-3.3358341458873824, 51.5084911999509], [-3.339025056103399, 51.51465134094848], [-3.335254756701302, 51.51887155323201], [-3.3437170195576993, 51.52993584374329], [-3.341603398602542, 51.53513979222113], [-3.3355226622746468, 51.53719156806294], [-3.3305680946785636, 51.53556796780217]], [[-3.325516560549927, 51.525565441255], [-3.329994742075046, 51.52445708044586], [-3.326545243839541, 51.52344812122622], [-3.331267155163682, 51.52205644825802], [-3.3309802774897967, 51.51840115862437], [-3.3173713631289705, 51.5149016955647], [-3.320766489455703, 51.520553963856564], [-3.31495165117999, 51.515621835719145], [-3.3132923213778835, 51.51924557776859], [-3.325516560549927, 51.525565441255]]]}}, {"type": "Feature", "properties": {"LSOA21CD": "W01001728", "LSOA21NM": "Cardiff 014B", "LSOA21NMW": "Caerdydd 014B", "RUC21CD": "RLN1", "RUC21NM": "Larger rural: Nearer to a major town or city", "population": 1478, "median_age": 49.8, "_lsoa_code": "W01001728", "wimd_rank": 1899.0, "wimd_decile": 10.0, "wimd_norm": 0.005241090146750524, "share_flats": 0.0016806722689075631, "share_terraced": 0.12100840336134454, "share_dense_housing": 0.005042016806722689, "share_no_car": 0.05042016806722689, "share_owned": 0.9277310924369748, "share_rented": 0.07058823529411765, "share_rent_free": 0.0, "parking_constraint": 0.03585434173669468, "equity_proxy": 0.020547715941722604}, "geometry": {"type": "Polygon", "coordinates": [[[-3.325516560549927, 51.525565441255], [-3.3132923213778835, 51.51924557776859], [-3.31495165117999, 51.515621835719145], [-3.320766489455703, 51.520553963856564], [-3.3173713631289705, 51.5149016955647], [-3.3309802774897967, 51.51840115862437], [-3.331267155163682, 51.52205644825802], [-3.326545243839541, 51.52344812122622], [-3.329994742075046, 51.52445708044586], [-3.325516560549927, 51.525565441255]]]}}, {"type": "Feature", "properties": {"LSOA21CD": "W01001729", "LSOA21NM": "Cardiff 014C", "LSOA21NMW": "Caerdydd 014C", "RUC21CD": "UN1", "RUC21NM": "Urban: Nearer to a major town or city", "population": 3576, "median_age": 39.3, "_lsoa_code": "W01001729", "wimd_rank": 1148.0, "wimd_decile": 7.0, "wimd_norm": 0.39884696016771487, "share_flats": 0.044444444444444446, "share_terraced": 0.13247863247863248, "share_dense_housing": 0.04871794871794872, "share_no_car": 0.0504704875962361, "share_owned": 0.8374679213002566, "share_rented": 0.16082121471343028, "share_rent_free": 0.0, "parking_constraint": 0.07899268617831491, "equity_proxy": 0.23891982317301488}, "geometry": {"type": "Polygon", "coordinates": [[[-3.249425525962205, 51.50594689337298], [-3.2483935493997462, 51.50549403576534], [-3.253632048718965, 51.50282303318918], [-3.255301404275223, 51.49691662515067], [-3.260368405005402, 51.49636431057404], [-3.255646254023396, 51.49196740296214], [-3.2537575151415896, 51.48709871631343], [-3.250488344287506, 51.48461818213076], [-3.2524094814296483, 51.4841445361215], [-3.2626342611356325, 51.48357682681418], [-3.261162514520048, 51.477776201350615], [-3.2613667944273512, 51.4771891750171], [-3.264149005627403, 51.47726108339238], [-3.2809720372874858, 51.47721005066679], [-3.2975122032956055, 51.49920463483091], [-3.3115834966220916, 51.50713968058371], [-3.2812753727886435, 51.51654777911182], [-3.280179316993124, 51.516892002223415], [-3.2772489096319597, 51.51122501973764], [-3.249425525962205, 51.50594689337298]]]}}, {"type": "Feature", "properties": {"LSOA21CD": "W01001730", "LSOA21NM": "Cardiff 008A", "LSOA21NMW": "Caerdydd 008A", "RUC21CD": "UN1", "RUC21NM": "Urban: Nearer to a major town or city", "population": 1599, "median_age": 52.4, "_lsoa_code": "W01001730", "wimd_rank": 1814.0, "wimd_decile": 10.0, "wimd_norm": 0.04979035639412998, "share_flats": 0.14896988906497624, "share_terraced": 0.009508716323296355, "share_dense_housing": 0.15689381933438987, "share_no_car": 0.1, "share_owned": 0.9202551834130781, "share_rented": 0.07974481658692185, "share_rent_free": 0.0, "parking_constraint": 0.11448895494270422, "equity_proxy": 0.0821396556684171}, "geometry": {"type": "Polygon", "coordinates": [[[-3.1587017486522218, 51.523656802823325], [-3.1537462835536703, 51.52077145991138], [-3.1586009456559285, 51.519405859383056], [-3.16149317295647, 51.5180349305415], [-3.1683451303659163, 51.51864697986368], [-3.169886081881211, 51.52028617623158], [-3.167247293099176, 51.5247154314353], [-3.165082260054954, 51.52247613245843], [-3.158834121837526, 51.52769978664361], [-3.163983874491705, 51.52990130110236], [-3.158396485792628, 51.53066588549968], [-3.1552416729052255, 51.52756283098579], [-3.1587017486522218, 51.523656802823325]]]}}, {"type": "Feature", "properties": {"LSOA21CD": "W01001731", "LSOA21NM": "Cardiff 008B", "LSOA21NMW": "Caerdydd 008B", "RUC21CD": "UN1", "RUC21NM": "Urban: Nearer to a major town or city", "population": 1578, "median_age": 43.0, "_lsoa_code": "W01001731", "wimd_rank": 1710.0, "wimd_decile": 9.0, "wimd_norm": 0.10429769392033543, "share_flats": 0.03364485981308411, "share_terraced": 0.007476635514018692, "share_dense_housing": 0.056074766355140186, "share_no_car": 0.06578947368421052, "share_owned": 0.8886827458256029, "share_rented": 0.11131725417439703, "share_rent_free": 0.0, "parking_constraint": 0.04624416971546477, "equity_proxy": 0.0752709318179001}, "geometry": {"type": "Polygon", "coordinates": [[[-3.167247293099176, 51.5247154314353], [-3.169886081881211, 51.52028617623158], [-3.173599741320512, 51.52279018332879], [-3.1817124274763375, 51.51845548097212], [-3.1817137860134874, 51.51851828375838], [-3.181688299573891, 51.52493455978146], [-3.1698532740270995, 51.5271059199499], [-3.167247293099176, 51.5247154314353]]]}}, {"type": "Feature", "properties": {"LSOA21CD": "W01001732", "LSOA21NM": "Cardiff 019A", "LSOA21NMW": "Caerdydd 019A", "RUC21CD": "UN1", "RUC21NM": "Urban: Nearer to a major town or city", "population": 1837, "median_age": 43.3, "_lsoa_code": "W01001732", "wimd_rank": 1757.0, "wimd_decile": 10.0, "wimd_norm": 0.07966457023060797, "share_flats": 0.20029673590504452, "share_terraced": 0.040059347181008904, "share_dense_housing": 0.22255192878338279, "share_no_car": 0.11028315946348734, "share_owned": 0.8313432835820895, "share_rented": 0.16865671641791044, "share_rent_free": 0.0, "parking_constraint": 0.17144898652139895, "equity_proxy": 0.12555677837600346}, "geometry": {"type": "Polygon", "coordinates": [[[-3.169886081881211, 51.52028617623158], [-3.1683451303659163, 51.51864697986368], [-3.171859236116105, 51.514288065586626], [-3.173587534951699, 51.517860318436476], [-3.181507221215593, 51.51625011629237], [-3.1817124274763375, 51.51845548097212], [-3.173599741320512, 51.52279018332879], [-3.169886081881211, 51.52028617623158]]]}}, {"type": "Feature", "properties": {"LSOA21CD": "W01001733", "LSOA21NM": "Cardiff 019B", "LSOA21NMW": "Caerdydd 019B", "RUC21CD": "UN1", "RUC21NM": "Urban: Nearer to a major town or city", "population": 1635, "median_age": 39.9, "_lsoa_code": "W01001733", "wimd_rank": 1643.0, "wimd_decile": 9.0, "wimd_norm": 0.13941299790356393, "share_flats": 0.28368794326241137, "share_terraced": 0.05319148936170213, "share_dense_housing": 0.2978723404255319, "share_no_car": 0.17198581560283688, "share_owned": 0.75, "share_rented": 0.25, "share_rent_free": 0.0, "parking_constraint": 0.23782505910165483, "equity_proxy": 0.18861902850260936}, "geometry": {"type": "Polygon", "coordinates": [[[-3.16149317295647, 51.5180349305415], [-3.1599569279702733, 51.51313764328595], [-3.1586802373671174, 51.511931899062496], [-3.158701256675846, 51.511306597030746], [-3.1575395476736863, 51.50695597804751], [-3.160942898497271, 51.50787125826189], [-3.1642439814755123, 51.51250754718857], [-3.171645720396564, 51.51347663282559], [-3.171859236116105, 51.514288065586626], [-3.1683451303659163, 51.51864697986368], [-3.16149317295647, 51.5180349305415]]]}}, {"type": "Feature", "properties": {"LSOA21CD": "W01001734", "LSOA21NM": "Cardiff 019C", "LSOA21NMW": "Caerdydd 019C", "RUC21CD": "UN1", "RUC21NM": "Urban: Nearer to a major town or city", "population": 1695, "median_age": 44.5, "_lsoa_code": "W01001734", "wimd_rank": 1878.0, "wimd_decile": 10.0, "wimd_norm": 0.016247379454926623, "share_flats": 0.04770017035775128, "share_terraced": 0.005110732538330494, "share_dense_housing": 0.054514480408858604, "share_no_car": 0.08673469387755102, "share_owned": 0.8877551020408163, "share_rented": 0.11224489795918367, "share_rent_free": 0.0, "parking_constraint": 0.05005968315776055, "equity_proxy": 0.03315353130634359}, "geometry": {"type": "Polygon", "coordinates": [[[-3.171859236116105, 51.514288065586626], [-3.171645720396564, 51.51347663282559], [-3.169024596860038, 51.51216364903519], [-3.173653426289277, 51.50998188008874], [-3.1737009446807787, 51.514063796016046], [-3.176996268297185, 51.513877988165], [-3.1788153398376267, 51.50792576677685], [-3.181240615311272, 51.51522590850205], [-3.181507221215593, 51.51625011629237], [-3.173587534951699, 51.517860318436476], [-3.171859236116105, 51.514288065586626]]]}}, {"type": "Feature", "properties": {"LSOA21CD": "W01001735", "LSOA21NM": "Cardiff 019D", "LSOA21NMW": "Caerdydd 019D", "RUC21CD": "UN1", "RUC21NM": "Urban: Nearer to a major town or city", "population": 2188, "median_age": 35.0, "_lsoa_code": "W01001735", "wimd_rank": 1535.0, "wimd_decile": 9.0, "wimd_norm": 0.1960167714884696, "share_flats": 0.14729950900163666, "share_terraced": 0.24058919803600654, "share_dense_housing": 0.1783960720130933, "share_no_car": 0.11639344262295082, "share_owned": 0.7704918032786885, "share_rented": 0.22459016393442624, "share_rent_free": 0.0, "parking_constraint": 0.1866283884700348, "equity_proxy": 0.1913225799792522}, "geometry": {"type": "Polygon", "coordinates": [[[-3.171645720396564, 51.51347663282559], [-3.1642439814755123, 51.51250754718857], [-3.160942898497271, 51.50787125826189], [-3.165045000900038, 51.5098582770398], [-3.1655755124161535, 51.507875064254264], [-3.173437797822895, 51.50753500301394], [-3.1742478285775833, 51.50272130368022], [-3.177354169708799, 51.50348414376502], [-3.1788153398376267, 51.50792576677685], [-3.176996268297185, 51.513877988165], [-3.1737009446807787, 51.514063796016046], [-3.173653426289277, 51.50998188008874], [-3.169024596860038, 51.51216364903519], [-3.171645720396564, 51.51347663282559]]]}}, {"type": "Feature", "properties": {"LSOA21CD": "W01001736", "LSOA21NM": "Cardiff 008C", "LSOA21NMW": "Caerdydd 008C", "RUC21CD": "UN1", "RUC21NM": "Urban: Nearer to a major town or city", "population": 1569, "median_age": 44.9, "_lsoa_code": "W01001736", "wimd_rank": 1877.0, "wimd_decile": 10.0, "wimd_norm": 0.016771488469601678, "share_flats": 0.08263069139966273, "share_terraced": 0.003372681281618887, "share_dense_housing": 0.09612141652613827, "share_no_car": 0.10135135135135136, "share_owned": 0.9072512647554806, "share_rented": 0.09274873524451939, "share_rent_free": 0.0, "parking_constraint": 0.07262507026419336, "equity_proxy": 0.04469827936689752}, "geometry": {"type": "Polygon", "coordinates": [[[-3.1590485293592216, 51.531721187792236], [-3.158396485792628, 51.53066588549968], [-3.163983874491705, 51.52990130110236], [-3.158834121837526, 51.52769978664361], [-3.165082260054954, 51.52247613245843], [-3.167247293099176, 51.5247154314353], [-3.1698532740270995, 51.5271059199499], [-3.1690205938502025, 51.52949272560821], [-3.166650905522198, 51.5326701490925], [-3.1590485293592216, 51.531721187792236]]]}}, {"type": "Feature", "properties": {"LSOA21CD": "W01001737", "LSOA21NM": "Cardiff 039A", "LSOA21NMW": "Caerdydd 039A", "RUC21CD": "UN1", "RUC21NM": "Urban: Nearer to a major town or city", "population": 1690, "median_age": 33.6, "_lsoa_code": "W01001737", "wimd_rank": 346.0, "wimd_decile": 2.0, "wimd_norm": 0.8191823899371069, "share_flats": 0.15772870662460567, "share_terraced": 0.23659305993690852, "share_dense_housing": 0.1861198738170347, "share_no_car": 0.4152139461172742, "share_owned": 0.40253565768621236, "share_rented": 0.589540412044374, "share_rent_free": 0.00792393026941363, "parking_constraint": 0.2405401937405117, "equity_proxy": 0.5298612918388093}, "geometry": {"type": "Polygon", "coordinates": [[[-3.2467816267926977, 51.48494088770674], [-3.2453100792881266, 51.4845982761673], [-3.238940294537316, 51.47996041833566], [-3.2415694304434535, 51.478443986871554], [-3.2448683566670393, 51.48054272020127], [-3.250488344287506, 51.48461818213076], [-3.2537575151415896, 51.48709871631343], [-3.2467816267926977, 51.48494088770674]]]}}, {"type": "Feature", "properties": {"LSOA21CD": "W01001738", "LSOA21NM": "Cardiff 039B", "LSOA21NMW": "Caerdydd 039B", "RUC21CD": "UN1", "RUC21NM": "Urban: Nearer to a major town or city", "population": 1468, "median_age": 27.9, "_lsoa_code": "W01001738", "wimd_rank": 280.0, "wimd_decile": 2.0, "wimd_norm": 0.8537735849056604, "share_flats": 0.007692307692307693, "share_terraced": 0.25384615384615383, "share_dense_housing": 0.021153846153846155, "share_no_car": 0.3849129593810445, "share_owned": 0.2915057915057915, "share_rented": 0.7046332046332047, "share_rent_free": 0.003861003861003861, "parking_constraint": 0.15433570933570936, "equity_proxy": 0.5040546471206848}, "geometry": {"type": "Polygon", "coordinates": [[[-3.252419491896054, 51.48178910004424], [-3.261162514520048, 51.477776201350615], [-3.2626342611356325, 51.48357682681418], [-3.2524094814296483, 51.4841445361215], [-3.252419491896054, 51.48178910004424]]]}}, {"type": "Feature", "properties": {"LSOA21CD": "W01001739", "LSOA21NM": "Cardiff 039C", "LSOA21NMW": "Caerdydd 039C", "RUC21CD": "UN1", "RUC21NM": "Urban: Nearer to a major town or city", "population": 1542, "median_age": 28.4, "_lsoa_code": "W01001739", "wimd_rank": 428.0, "wimd_decile": 3.0, "wimd_norm": 0.7762054507337526, "share_flats": 0.09107468123861566, "share_terraced": 0.18761384335154827, "share_dense_housing": 0.09836065573770492, "share_no_car": 0.3938294010889292, "share_owned": 0.2943327239488117, "share_rented": 0.6910420475319927, "share_rent_free": 0.012797074954296161, "parking_constraint": 0.1928068206666822, "equity_proxy": 0.4845061357002174}, "geometry": {"type": "Polygon", "coordinates": [[[-3.2448683566670393, 51.48054272020127], [-3.2496615195952843, 51.47917167505915], [-3.254191196850628, 51.47945868519067], [-3.252419491896054, 51.48178910004424], [-3.2524094814296483, 51.4841445361215], [-3.250488344287506, 51.48461818213076], [-3.2448683566670393, 51.48054272020127]]]}}, {"type": "Feature", "properties": {"LSOA21CD": "W01001740", "LSOA21NM": "Cardiff 039D", "LSOA21NMW": "Caerdydd 039D", "RUC21CD": "UN1", "RUC21NM": "Urban: Nearer to a major town or city", "population": 1510, "median_age": 34.6, "_lsoa_code": "W01001740", "wimd_rank": 519.0, "wimd_decile": 3.0, "wimd_norm": 0.7285115303983228, "share_flats": 0.20381231671554254, "share_terraced": 0.25219941348973607, "share_dense_housing": 0.20821114369501467, "share_no_car": 0.4308823529411765, "share_owned": 0.40942562592047127, "share_rented": 0.5832106038291606, "share_rent_free": 0.004418262150220913, "parking_constraint": 0.26554245001202104, "equity_proxy": 0.49702699020517194}, "geometry": {"type": "Polygon", "coordinates": [[[-3.2415694304434535, 51.478443986871554], [-3.246900900798464, 51.47645511351334], [-3.2471541549960006, 51.47636152973372], [-3.25365464849462, 51.47643701965626], [-3.2496615195952843, 51.47917167505915], [-3.2448683566670393, 51.48054272020127], [-3.2415694304434535, 51.478443986871554]]]}}, {"type": "Feature", "properties": {"LSOA21CD": "W01001741", "LSOA21NM": "Cardiff 039E", "LSOA21NMW": "Caerdydd 039E", "RUC21CD": "UN1", "RUC21NM": "Urban: Nearer to a major town or city", "population": 1712, "median_age": 28.0, "_lsoa_code": "W01001741", "wimd_rank": 410.0, "wimd_decile": 3.0, "wimd_norm": 0.7856394129979035, "share_flats": 0.04262295081967213, "share_terraced": 0.3262295081967213, "share_dense_housing": 0.04918032786885246, "share_no_car": 0.43914473684210525, "share_owned": 0.25573770491803277, "share_rented": 0.7377049180327869, "share_rent_free": 0.004918032786885246, "parking_constraint": 0.19420765027322404, "equity_proxy": 0.4899235316355638}, "geometry": {"type": "Polygon", "coordinates": [[[-3.2496615195952843, 51.47917167505915], [-3.25365464849462, 51.47643701965626], [-3.260820221644176, 51.4754370550822], [-3.2613667944273512, 51.4771891750171], [-3.261162514520048, 51.477776201350615], [-3.252419491896054, 51.48178910004424], [-3.254191196850628, 51.47945868519067], [-3.2496615195952843, 51.47917167505915]]]}}, {"type": "Feature", "properties": {"LSOA21CD": "W01001742", "LSOA21NM": "Cardiff 043A", "LSOA21NMW": "Caerdydd 043A", "RUC21CD": "UN1", "RUC21NM": "Urban: Nearer to a major town or city", "population": 1744, "median_age": 30.9, "_lsoa_code": "W01001742", "wimd_rank": 696.0, "wimd_decile": 4.0, "wimd_norm": 0.6357442348008385, "share_flats": 0.07153965785381027, "share_terraced": 0.3514774494556765, "share_dense_housing": 0.09175738724727839, "share_no_car": 0.3922480620155039, "share_owned": 0.3297045101088647, "share_rented": 0.6609642301710731, "share_rent_free": 0.00933125972006221, "parking_constraint": 0.2128564022809746, "equity_proxy": 0.42430031854090655}, "geometry": {"type": "Polygon", "coordinates": [[[-3.2471541549960006, 51.47636152973372], [-3.2562715050911715, 51.473288476510284], [-3.2621945255738365, 51.473170694311754], [-3.260820221644176, 51.4754370550822], [-3.25365464849462, 51.47643701965626], [-3.2471541549960006, 51.47636152973372]]]}}, {"type": "Feature", "properties": {"LSOA21CD": "W01001743", "LSOA21NM": "Cardiff 043B", "LSOA21NMW": "Caerdydd 043B", "RUC21CD": "UN1", "RUC21NM": "Urban: Nearer to a major town or city", "population": 1561, "median_age": 46.9, "_lsoa_code": "W01001743", "wimd_rank": 1016.0, "wimd_decile": 6.0, "wimd_norm": 0.46802935010482183, "share_flats": 0.06542056074766354, "share_terraced": 0.17757009345794392, "share_dense_housing": 0.0763239875389408, "share_no_car": 0.1684867394695788, "share_owned": 0.8065522620904836, "share_rented": 0.19032761310452417, "share_rent_free": 0.0015600624024961, "parking_constraint": 0.10813921653439346, "equity_proxy": 0.28808428331960767}, "geometry": {"type": "Polygon", "coordinates": [[[-3.264149005627403, 51.47726108339238], [-3.2695144407752394, 51.47273965651256], [-3.2733473543708502, 51.47121167055664], [-3.280367638113739, 51.47481236058729], [-3.2809720372874858, 51.47721005066679], [-3.264149005627403, 51.47726108339238]]]}}, {"type": "Feature", "properties": {"LSOA21CD": "W01001744", "LSOA21NM": "Cardiff 043C", "LSOA21NMW": "Caerdydd 043C", "RUC21CD": "UN1", "RUC21NM": "Urban: Nearer to a major town or city", "population": 1784, "median_age": 34.9, "_lsoa_code": "W01001744", "wimd_rank": 454.0, "wimd_decile": 3.0, "wimd_norm": 0.7625786163522013, "share_flats": 0.25857519788918204, "share_terraced": 0.2770448548812665, "share_dense_housing": 0.28100263852242746, "share_no_car": 0.383399209486166, "share_owned": 0.32189973614775724, "share_rented": 0.658311345646438, "share_rent_free": 0.01978891820580475, "parking_constraint": 0.32304309586631486, "equity_proxy": 0.542810856109258}, "geometry": {"type": "Polygon", "coordinates": [[[-3.2613667944273512, 51.4771891750171], [-3.260820221644176, 51.4754370550822], [-3.2621945255738365, 51.473170694311754], [-3.2562715050911715, 51.473288476510284], [-3.256943638294083, 51.47289954218607], [-3.2685858799518335, 51.4671623820022], [-3.2695144407752394, 51.47273965651256], [-3.264149005627403, 51.47726108339238], [-3.2613667944273512, 51.4771891750171]]]}}, {"type": "Feature", "properties": {"LSOA21CD": "W01001745", "LSOA21NM": "Cardiff 043D", "LSOA21NMW": "Caerdydd 043D", "RUC21CD": "UN1", "RUC21NM": "Urban: Nearer to a major town or city", "population": 1278, "median_age": 42.0, "_lsoa_code": "W01001745", "wimd_rank": 1304.0, "wimd_decile": 7.0, "wimd_norm": 0.3170859538784067, "share_flats": 0.025594149908592323, "share_terraced": 0.21572212065813529, "share_dense_housing": 0.03290676416819013, "share_no_car": 0.11517367458866545, "share_owned": 0.8597449908925319, "share_rented": 0.1366120218579235, "share_rent_free": 0.0, "parking_constraint": 0.080859665071611, "equity_proxy": 0.19897280947500887}, "geometry": {"type": "Polygon", "coordinates": [[[-3.2695144407752394, 51.47273965651256], [-3.2685858799518335, 51.4671623820022], [-3.2698580681495013, 51.465300313477364], [-3.271452202559825, 51.46526250635268], [-3.280367638113739, 51.47481236058729], [-3.2733473543708502, 51.47121167055664], [-3.2695144407752394, 51.47273965651256]]]}}, {"type": "Feature", "properties": {"LSOA21CD": "W01001746", "LSOA21NM": "Cardiff 041D", "LSOA21NMW": "Caerdydd 041D", "RUC21CD": "UN1", "RUC21NM": "Urban: Nearer to a major town or city", "population": 1585, "median_age": 36.5, "_lsoa_code": "W01001746", "wimd_rank": 912.0, "wimd_decile": 5.0, "wimd_norm": 0.5225366876310272, "share_flats": 0.17404580152671756, "share_terraced": 0.39236641221374047, "share_dense_housing": 0.20458015267175572, "share_no_car": 0.40396341463414637, "share_owned": 0.4222560975609756, "share_rented": 0.5670731707317073, "share_rent_free": 0.007621951219512195, "parking_constraint": 0.2802916899398002, "equity_proxy": 0.4014141887854137}, "geometry": {"type": "Polygon", "coordinates": [[[-3.232055742080193, 51.48395335200423], [-3.2365489505853597, 51.481380464991936], [-3.238940294537316, 51.47996041833566], [-3.2453100792881266, 51.4845982761673], [-3.2399191696732017, 51.485979749593376], [-3.232055742080193, 51.48395335200423]]]}}, {"type": "Feature", "properties": {"LSOA21CD": "W01001747", "LSOA21NM": "Cardiff 027A", "LSOA21NMW": "Caerdydd 027A", "RUC21CD": "UN1", "RUC21NM": "Urban: Nearer to a major town or city", "population": 2079, "median_age": 38.2, "_lsoa_code": "W01001747", "wimd_rank": 1804.0, "wimd_decile": 10.0, "wimd_norm": 0.055031446540880505, "share_flats": 0.15617433414043583, "share_terraced": 0.36319612590799033, "share_dense_housing": 0.162227602905569, "share_no_car": 0.16304347826086957, "share_owned": 0.7439613526570048, "share_rented": 0.2536231884057971, "share_rent_free": 0.0, "parking_constraint": 0.21258962931770595, "equity_proxy": 0.13381053792929323}, "geometry": {"type": "Polygon", "coordinates": [[[-3.2460380176285555, 51.504236499368986], [-3.2345207702576544, 51.49929652982382], [-3.2347067864132946, 51.496441224847054], [-3.233773829720476, 51.49399000681826], [-3.2389108537318902, 51.4954721684602], [-3.239411996464988, 51.49909840593804], [-3.246278198245742, 51.500054734643406], [-3.2461497583552092, 51.498032345106154], [-3.253632048718965, 51.50282303318918], [-3.2483935493997462, 51.50549403576534], [-3.2460380176285555, 51.504236499368986]]]}}, {"type": "Feature", "properties": {"LSOA21CD": "W01001748", "LSOA21NM": "Cardiff 027B", "LSOA21NMW": "Caerdydd 027B", "RUC21CD": "UN1", "RUC21NM": "Urban: Nearer to a major town or city", "population": 1581, "median_age": 39.3, "_lsoa_code": "W01001748", "wimd_rank": 1445.0, "wimd_decile": 8.0, "wimd_norm": 0.2431865828092243, "share_flats": 0.16512345679012347, "share_terraced": 0.30401234567901236, "share_dense_housing": 0.18518518518518517, "share_no_car": 0.2678018575851393, "share_owned": 0.6114551083591331, "share_rented": 0.37770897832817335, "share_rent_free": 0.0015479876160990713, "parking_constraint": 0.22793321357132848, "equity_proxy": 0.2355598981902764}, "geometry": {"type": "Polygon", "coordinates": [[[-3.2389108537318902, 51.4954721684602], [-3.242244197657133, 51.4934495303425], [-3.245400155722809, 51.49560113737685], [-3.2461497583552092, 51.498032345106154], [-3.246278198245742, 51.500054734643406], [-3.239411996464988, 51.49909840593804], [-3.2389108537318902, 51.4954721684602]]]}}, {"type": "Feature", "properties": {"LSOA21CD": "W01001749", "LSOA21NM": "Cardiff 027C", "LSOA21NMW": "Caerdydd 027C", "RUC21CD": "UN1", "RUC21NM": "Urban: Nearer to a major town or city", "population": 1656, "median_age": 37.8, "_lsoa_code": "W01001749", "wimd_rank": 917.0, "wimd_decile": 5.0, "wimd_norm": 0.519916142557652, "share_flats": 0.16989567809239942, "share_terraced": 0.2459016393442623, "share_dense_housing": 0.17138599105812222, "share_no_car": 0.27421758569299554, "share_owned": 0.61698956780924, "share_rented": 0.37555886736214605, "share_rent_free": 0.004470938897168405, "parking_constraint": 0.2130153999006458, "equity_proxy": 0.36646577122914886}, "geometry": {"type": "Polygon", "coordinates": [[[-3.2461497583552092, 51.498032345106154], [-3.245400155722809, 51.49560113737685], [-3.2485512874899287, 51.49645970082805], [-3.2569514461369073, 51.495177474644414], [-3.2552488172547336, 51.492657465178695], [-3.255646254023396, 51.49196740296214], [-3.260368405005402, 51.49636431057404], [-3.255301404275223, 51.49691662515067], [-3.253632048718965, 51.50282303318918], [-3.2461497583552092, 51.498032345106154]]]}}, {"type": "Feature", "properties": {"LSOA21CD": "W01001750", "LSOA21NM": "Cardiff 031A", "LSOA21NMW": "Caerdydd 031A", "RUC21CD": "UN1", "RUC21NM": "Urban: Nearer to a major town or city", "population": 1657, "median_age": 46.0, "_lsoa_code": "W01001750", "wimd_rank": 1173.0, "wimd_decile": 7.0, "wimd_norm": 0.3857442348008386, "share_flats": 0.40389294403892945, "share_terraced": 0.2639902676399027, "share_dense_housing": 0.41849148418491483, "share_no_car": 0.4225181598062954, "share_owned": 0.4558645707376058, "share_rented": 0.5344619105199516, "share_rent_free": 0.009673518742442563, "parking_constraint": 0.3981877843385888, "equity_proxy": 0.3919660095697137}, "geometry": {"type": "Polygon", "coordinates": [[[-3.245400155722809, 51.49560113737685], [-3.242244197657133, 51.4934495303425], [-3.2389108537318902, 51.4954721684602], [-3.233773829720476, 51.49399000681826], [-3.231672851908611, 51.490858213681975], [-3.231577364857636, 51.49071758295913], [-3.2329452058734685, 51.490444517549726], [-3.2459744749996644, 51.49122639939502], [-3.2485512874899287, 51.49645970082805], [-3.245400155722809, 51.49560113737685]]]}}, {"type": "Feature", "properties": {"LSOA21CD": "W01001751", "LSOA21NM": "Cardiff 027D", "LSOA21NMW": "Caerdydd 027D", "RUC21CD": "UN1", "RUC21NM": "Urban: Nearer to a major town or city", "population": 1986, "median_age": 31.6, "_lsoa_code": "W01001751", "wimd_rank": 423.0, "wimd_decile": 3.0, "wimd_norm": 0.7788259958071279, "share_flats": 0.524390243902439, "share_terraced": 0.25, "share_dense_housing": 0.5365853658536586, "share_no_car": 0.4053724053724054, "share_owned": 0.3553113553113553, "share_rented": 0.6385836385836385, "share_rent_free": 0.004884004884004884, "parking_constraint": 0.48880302172985096, "equity_proxy": 0.6338145087684894}, "geometry": {"type": "Polygon", "coordinates": [[[-3.2459744749996644, 51.49122639939502], [-3.2482231179237586, 51.48923203338566], [-3.2552488172547336, 51.492657465178695], [-3.2569514461369073, 51.495177474644414], [-3.2485512874899287, 51.49645970082805], [-3.2459744749996644, 51.49122639939502]]]}}, {"type": "Feature", "properties": {"LSOA21CD": "W01001752", "LSOA21NM": "Cardiff 031B", "LSOA21NMW": "Caerdydd 031B", "RUC21CD": "UN1", "RUC21NM": "Urban: Nearer to a major town or city", "population": 1597, "median_age": 44.2, "_lsoa_code": "W01001752", "wimd_rank": 1868.0, "wimd_decile": 10.0, "wimd_norm": 0.02148846960167715, "share_flats": 0.031818181818181815, "share_terraced": 0.1393939393939394, "share_dense_housing": 0.04090909090909091, "share_no_car": 0.13787878787878788, "share_owned": 0.8878787878787879, "share_rented": 0.11212121212121212, "share_rent_free": 0.0, "parking_constraint": 0.06707070707070707, "equity_proxy": 0.04427958833619211}, "geometry": {"type": "Polygon", "coordinates": [[[-3.2329452058734685, 51.490444517549726], [-3.2375324176213436, 51.49039489954607], [-3.2399191696732017, 51.485979749593376], [-3.2453100792881266, 51.4845982761673], [-3.2467816267926977, 51.48494088770674], [-3.2482231179237586, 51.48923203338566], [-3.2459744749996644, 51.49122639939502], [-3.2329452058734685, 51.490444517549726]]]}}, {"type": "Feature", "properties": {"LSOA21CD": "W01001753", "LSOA21NM": "Cardiff 031C", "LSOA21NMW": "Caerdydd 031C", "RUC21CD": "UN1", "RUC21NM": "Urban: Nearer to a major town or city", "population": 1672, "median_age": 33.5, "_lsoa_code": "W01001753", "wimd_rank": 487.0, "wimd_decile": 3.0, "wimd_norm": 0.7452830188679245, "share_flats": 0.1426332288401254, "share_terraced": 0.4670846394984326, "share_dense_housing": 0.15673981191222572, "share_no_car": 0.30660377358490565, "share_owned": 0.42113564668769715, "share_rented": 0.5788643533123028, "share_rent_free": 0.0, "parking_constraint": 0.2703898552587773, "equity_proxy": 0.5078364370633509}, "geometry": {"type": "Polygon", "coordinates": [[[-3.2482231179237586, 51.48923203338566], [-3.2467816267926977, 51.48494088770674], [-3.2537575151415896, 51.48709871631343], [-3.255646254023396, 51.49196740296214], [-3.2552488172547336, 51.492657465178695], [-3.2482231179237586, 51.48923203338566]]]}}, {"type": "Feature", "properties": {"LSOA21CD": "W01001754", "LSOA21NM": "Cardiff 031D", "LSOA21NMW": "Caerdydd 031D", "RUC21CD": "UN1", "RUC21NM": "Urban: Nearer to a major town or city", "population": 1737, "median_age": 45.2, "_lsoa_code": "W01001754", "wimd_rank": 1351.0, "wimd_decile": 8.0, "wimd_norm": 0.29245283018867924, "share_flats": 0.2471626733921816, "share_terraced": 0.2080706179066835, "share_dense_housing": 0.2648171500630517, "share_no_car": 0.2304785894206549, "share_owned": 0.7934508816120907, "share_rented": 0.20151133501259447, "share_rent_free": 0.0, "parking_constraint": 0.23914224273476037, "equity_proxy": 0.2657975364617198}, "geometry": {"type": "Polygon", "coordinates": [[[-3.228089926234031, 51.48688582395133], [-3.232055742080193, 51.48395335200423], [-3.2399191696732017, 51.485979749593376], [-3.2375324176213436, 51.49039489954607], [-3.2329452058734685, 51.490444517549726], [-3.231577364857636, 51.49071758295913], [-3.228089926234031, 51.48688582395133]]]}}, {"type": "Feature", "properties": {"LSOA21CD": "W01001755", "LSOA21NM": "Cardiff 025A", "LSOA21NMW": "Caerdydd 025A", "RUC21CD": "UN1", "RUC21NM": "Urban: Nearer to a major town or city", "population": 1632, "median_age": 28.8, "_lsoa_code": "W01001755", "wimd_rank": 1848.0, "wimd_decile": 10.0, "wimd_norm": 0.0319706498951782, "share_flats": 0.17084639498432602, "share_terraced": 0.6394984326018809, "share_dense_housing": 0.31974921630094044, "share_no_car": 0.23937007874015748, "share_owned": 0.4582677165354331, "share_rented": 0.537007874015748, "share_rent_free": 0.0, "parking_constraint": 0.3630326068175647, "equity_proxy": 0.19750162835637147}, "geometry": {"type": "Polygon", "coordinates": [[[-3.1865562935258205, 51.50014992570144], [-3.1898929680264825, 51.49845170934432], [-3.1923506447681844, 51.4971944853738], [-3.1939400737209254, 51.50160351155063], [-3.1892121626079293, 51.50238763629185], [-3.1865562935258205, 51.50014992570144]]]}}, {"type": "Feature", "properties": {"LSOA21CD": "W01001756", "LSOA21NM": "Cardiff 025B", "LSOA21NMW": "Caerdydd 025B", "RUC21CD": "UN1", "RUC21NM": "Urban: Nearer to a major town or city", "population": 4337, "median_age": 19.7, "_lsoa_code": "W01001756", "wimd_rank": 543.0, "wimd_decile": 3.0, "wimd_norm": 0.7159329140461216, "share_flats": 0.1958266452648475, "share_terraced": 0.10272873194221509, "share_dense_housing": 0.23113964686998395, "share_no_car": 0.297427652733119, "share_owned": 0.47596153846153844, "share_rented": 0.5176282051282052, "share_rent_free": 0.00641025641025641, "parking_constraint": 0.23188493778381422, "equity_proxy": 0.4739089259149679}, "geometry": {"type": "Polygon", "coordinates": [[[-3.1939400737209254, 51.50160351155063], [-3.1923506447681844, 51.4971944853738], [-3.1914518550445026, 51.49570051519528], [-3.1931131277327087, 51.49482717234288], [-3.1959013966729457, 51.49534743603795], [-3.2093724573138998, 51.49699879269798], [-3.20552710168341, 51.50147713373578], [-3.198466826774204, 51.50471907196074], [-3.197501587491614, 51.505144754900584], [-3.1939400737209254, 51.50160351155063]]]}}, {"type": "Feature", "properties": {"LSOA21CD": "W01001757", "LSOA21NM": "Cardiff 025C", "LSOA21NMW": "Caerdydd 025C", "RUC21CD": "UN1", "RUC21NM": "Urban: Nearer to a major town or city", "population": 1616, "median_age": 29.1, "_lsoa_code": "W01001757", "wimd_rank": 1328.0, "wimd_decile": 7.0, "wimd_norm": 0.30450733752620546, "share_flats": 0.18666666666666668, "share_terraced": 0.5833333333333334, "share_dense_housing": 0.365, "share_no_car": 0.2976588628762542, "share_owned": 0.48408710217755446, "share_rented": 0.5058626465661642, "share_rent_free": 0.005025125628140704, "parking_constraint": 0.3680039084310441, "equity_proxy": 0.33625562297862477}, "geometry": {"type": "Polygon", "coordinates": [[[-3.190415513127122, 51.50548686493342], [-3.1892121626079293, 51.50238763629185], [-3.1939400737209254, 51.50160351155063], [-3.197501587491614, 51.505144754900584], [-3.1928660823576185, 51.505796827958086], [-3.190415513127122, 51.50548686493342]]]}}, {"type": "Feature", "properties": {"LSOA21CD": "W01001758", "LSOA21NM": "Cardiff 025D", "LSOA21NMW": "Caerdydd 025D", "RUC21CD": "UN1", "RUC21NM": "Urban: Nearer to a major town or city", "population": 2439, "median_age": 23.5, "_lsoa_code": "W01001758", "wimd_rank": 1675.0, "wimd_decile": 9.0, "wimd_norm": 0.12264150943396226, "share_flats": 0.04573170731707317, "share_terraced": 0.7789634146341463, "share_dense_housing": 0.15701219512195122, "share_no_car": 0.24122137404580152, "share_owned": 0.4725609756097561, "share_rented": 0.524390243902439, "share_rent_free": 0.0, "parking_constraint": 0.29329268292682925, "equity_proxy": 0.20796709618039577}, "geometry": {"type": "Polygon", "coordinates": [[[-3.1833884816253137, 51.50457518886685], [-3.1843357680084363, 51.498662340974334], [-3.1865562935258205, 51.50014992570144], [-3.1892121626079293, 51.50238763629185], [-3.190415513127122, 51.50548686493342], [-3.1833884816253137, 51.50457518886685]]]}}, {"type": "Feature", "properties": {"LSOA21CD": "W01001759", "LSOA21NM": "Cardiff 046A", "LSOA21NMW": "Caerdydd 046A", "RUC21CD": "UN1", "RUC21NM": "Urban: Nearer to a major town or city", "population": 1685, "median_age": 37.7, "_lsoa_code": "W01001759", "wimd_rank": 1259.0, "wimd_decile": 7.0, "wimd_norm": 0.34067085953878407, "share_flats": 0.11798561151079137, "share_terraced": 0.4762589928057554, "share_dense_housing": 0.1251798561151079, "share_no_car": 0.24028776978417266, "share_owned": 0.6460431654676259, "share_rented": 0.34820143884892085, "share_rent_free": 0.0, "parking_constraint": 0.22273381294964026, "equity_proxy": 0.28170233624421215}, "geometry": {"type": "Polygon", "coordinates": [[[-3.195101855186215, 51.47662029649752], [-3.1944216095690847, 51.47658601177058], [-3.193455523868138, 51.47322173237696], [-3.19195440574426, 51.47056921220343], [-3.189509192242595, 51.46813199446832], [-3.188830477264198, 51.46681182746207], [-3.201427267743534, 51.458094811985795], [-3.2029157556337475, 51.45861952222298], [-3.20694923136199, 51.466089348561624], [-3.196788278115742, 51.473125405030736], [-3.2017211826431304, 51.47737327115972], [-3.195101855186215, 51.47662029649752]]]}}, {"type": "Feature", "properties": {"LSOA21CD": "W01001760", "LSOA21NM": "Cardiff 046B", "LSOA21NMW": "Caerdydd 046B", "RUC21CD": "UN1", "RUC21NM": "Urban: Nearer to a major town or city", "population": 1712, "median_age": 35.8, "_lsoa_code": "W01001760", "wimd_rank": 1348.0, "wimd_decile": 8.0, "wimd_norm": 0.2940251572327044, "share_flats": 0.2359882005899705, "share_terraced": 0.26548672566371684, "share_dense_housing": 0.2669616519174041, "share_no_car": 0.2998522895125554, "share_owned": 0.6023564064801178, "share_rented": 0.3946980854197349, "share_rent_free": 0.0014727540500736377, "parking_constraint": 0.2733737073578329, "equity_proxy": 0.2836994322952686}, "geometry": {"type": "Polygon", "coordinates": [[[-3.1760764686312317, 51.46747742745314], [-3.1744193914614605, 51.4670209362948], [-3.1733691289177295, 51.46484704949483], [-3.1791470070591394, 51.46111076367576], [-3.1808087876470292, 51.463438661515625], [-3.181108243688901, 51.46444085409611], [-3.181187590785055, 51.4675173057826], [-3.1760764686312317, 51.46747742745314]]]}}, {"type": "Feature", "properties": {"LSOA21CD": "W01001761", "LSOA21NM": "Cardiff 046C", "LSOA21NMW": "Caerdydd 046C", "RUC21CD": "UN1", "RUC21NM": "Urban: Nearer to a major town or city", "population": 1884, "median_age": 33.6, "_lsoa_code": "W01001761", "wimd_rank": 814.0, "wimd_decile": 5.0, "wimd_norm": 0.5738993710691824, "share_flats": 0.1897810218978102, "share_terraced": 0.5941605839416059, "share_dense_housing": 0.32554744525547447, "share_no_car": 0.38686131386861317, "share_owned": 0.5014577259475219, "share_rented": 0.49271137026239065, "share_rent_free": 0.004373177842565598, "parking_constraint": 0.3563031218744015, "equity_proxy": 0.46510124647179196}, "geometry": {"type": "Polygon", "coordinates": [[[-3.1877755732201822, 51.46748383975343], [-3.1816758035542314, 51.46776588326785], [-3.181187590785055, 51.4675173057826], [-3.181108243688901, 51.46444085409611], [-3.1878091708560676, 51.464707709818036], [-3.188830477264198, 51.46681182746207], [-3.189509192242595, 51.46813199446832], [-3.1877755732201822, 51.46748383975343]]]}}, {"type": "Feature", "properties": {"LSOA21CD": "W01001762", "LSOA21NM": "Cardiff 046D", "LSOA21NMW": "Caerdydd 046D", "RUC21CD": "UN1", "RUC21NM": "Urban: Nearer to a major town or city", "population": 1943, "median_age": 31.4, "_lsoa_code": "W01001762", "wimd_rank": 629.0, "wimd_decile": 4.0, "wimd_norm": 0.6708595387840671, "share_flats": 0.2566995768688293, "share_terraced": 0.44710860366713684, "share_dense_housing": 0.3723554301833568, "share_no_car": 0.3952180028129395, "share_owned": 0.379746835443038, "share_rented": 0.6104078762306611, "share_rent_free": 0.005625879043600563, "parking_constraint": 0.38049443991491083, "equity_proxy": 0.525676989349489}, "geometry": {"type": "Polygon", "coordinates": [[[-3.181108243688901, 51.46444085409611], [-3.1808087876470292, 51.463438661515625], [-3.184639446315371, 51.46238383819035], [-3.1823424953813855, 51.45852193759638], [-3.1861926689594666, 51.45969282208895], [-3.1878091708560676, 51.464707709818036], [-3.181108243688901, 51.46444085409611]]]}}, {"type": "Feature", "properties": {"LSOA21CD": "W01001764", "LSOA21NM": "Cardiff 044A", "LSOA21NMW": "Caerdydd 044A", "RUC21CD": "UN1", "RUC21NM": "Urban: Nearer to a major town or city", "population": 2050, "median_age": 27.9, "_lsoa_code": "W01001764", "wimd_rank": 870.0, "wimd_decile": 5.0, "wimd_norm": 0.5445492662473794, "share_flats": 0.16666666666666666, "share_terraced": 0.5892255892255892, "share_dense_housing": 0.30303030303030304, "share_no_car": 0.3764705882352941, "share_owned": 0.453781512605042, "share_rented": 0.5411764705882353, "share_rent_free": 0.0033613445378151263, "parking_constraint": 0.3465676371558725, "equity_proxy": 0.445558451701626}, "geometry": {"type": "Polygon", "coordinates": [[[-3.189708486797912, 51.47614399850423], [-3.182228337531312, 51.47559169382927], [-3.1813491633698967, 51.47026365030906], [-3.1853402212765936, 51.47355414734287], [-3.187279780573207, 51.47529658798595], [-3.193455523868138, 51.47322173237696], [-3.1944216095690847, 51.47658601177058], [-3.189708486797912, 51.47614399850423]]]}}, {"type": "Feature", "properties": {"LSOA21CD": "W01001765", "LSOA21NM": "Cardiff 044B", "LSOA21NMW": "Caerdydd 044B", "RUC21CD": "UN1", "RUC21NM": "Urban: Nearer to a major town or city", "population": 1508, "median_age": 31.7, "_lsoa_code": "W01001765", "wimd_rank": 1225.0, "wimd_decile": 7.0, "wimd_norm": 0.3584905660377358, "share_flats": 0.11753371868978806, "share_terraced": 0.6184971098265896, "share_dense_housing": 0.25626204238921, "share_no_car": 0.3333333333333333, "share_owned": 0.5684007707129094, "share_rented": 0.4277456647398844, "share_rent_free": 0.0019267822736030828, "parking_constraint": 0.30533076429030187, "equity_proxy": 0.33191066516401885}, "geometry": {"type": "Polygon", "coordinates": [[[-3.1813491633698967, 51.47026365030906], [-3.1760764686312317, 51.46747742745314], [-3.181187590785055, 51.4675173057826], [-3.1816758035542314, 51.46776588326785], [-3.1862171859906088, 51.46993929384667], [-3.1867088824676144, 51.472245291800455], [-3.1853402212765936, 51.47355414734287], [-3.1813491633698967, 51.47026365030906]]]}}, {"type": "Feature", "properties": {"LSOA21CD": "W01001766", "LSOA21NM": "Cardiff 044C", "LSOA21NMW": "Caerdydd 044C", "RUC21CD": "UN1", "RUC21NM": "Urban: Nearer to a major town or city", "population": 1786, "median_age": 32.7, "_lsoa_code": "W01001766", "wimd_rank": 1286.0, "wimd_decile": 7.0, "wimd_norm": 0.32651991614255765, "share_flats": 0.08608321377331421, "share_terraced": 0.697274031563845, "share_dense_housing": 0.1563845050215208, "share_no_car": 0.4071942446043165, "share_owned": 0.49784791965566716, "share_rented": 0.4949784791965567, "share_rent_free": 0.0028694404591104736, "parking_constraint": 0.28627450980392155, "equity_proxy": 0.30639721297323963}, "geometry": {"type": "Polygon", "coordinates": [[[-3.1853402212765936, 51.47355414734287], [-3.1867088824676144, 51.472245291800455], [-3.19195440574426, 51.47056921220343], [-3.193455523868138, 51.47322173237696], [-3.187279780573207, 51.47529658798595], [-3.1853402212765936, 51.47355414734287]]]}}, {"type": "Feature", "properties": {"LSOA21CD": "W01001767", "LSOA21NM": "Cardiff 044D", "LSOA21NMW": "Caerdydd 044D", "RUC21CD": "UN1", "RUC21NM": "Urban: Nearer to a major town or city", "population": 1985, "median_age": 32.3, "_lsoa_code": "W01001767", "wimd_rank": 1308.0, "wimd_decile": 7.0, "wimd_norm": 0.3149895178197065, "share_flats": 0.1765498652291105, "share_terraced": 0.6361185983827493, "share_dense_housing": 0.26549865229110514, "share_no_car": 0.3918918918918919, "share_owned": 0.4554054054054054, "share_rented": 0.5405405405405406, "share_rent_free": 0.002702702702702703, "parking_constraint": 0.34664529758869383, "equity_proxy": 0.3308174077042002}, "geometry": {"type": "Polygon", "coordinates": [[[-3.1862171859906088, 51.46993929384667], [-3.1877755732201822, 51.46748383975343], [-3.189509192242595, 51.46813199446832], [-3.19195440574426, 51.47056921220343], [-3.1867088824676144, 51.472245291800455], [-3.1862171859906088, 51.46993929384667]]]}}, {"type": "Feature", "properties": {"LSOA21CD": "W01001768", "LSOA21NM": "Cardiff 044E", "LSOA21NMW": "Caerdydd 044E", "RUC21CD": "UN1", "RUC21NM": "Urban: Nearer to a major town or city", "population": 1741, "median_age": 30.5, "_lsoa_code": "W01001768", "wimd_rank": 1313.0, "wimd_decile": 7.0, "wimd_norm": 0.31236897274633124, "share_flats": 0.09807692307692308, "share_terraced": 0.6153846153846154, "share_dense_housing": 0.2865384615384615, "share_no_car": 0.30725190839694655, "share_owned": 0.5220729366602687, "share_rented": 0.4760076775431862, "share_rent_free": 0.0019193857965451055, "parking_constraint": 0.3147497416211428, "equity_proxy": 0.313559357183737}, "geometry": {"type": "Polygon", "coordinates": [[[-3.1816758035542314, 51.46776588326785], [-3.1877755732201822, 51.46748383975343], [-3.1862171859906088, 51.46993929384667], [-3.1816758035542314, 51.46776588326785]]]}}, {"type": "Feature", "properties": {"LSOA21CD": "W01001769", "LSOA21NM": "Cardiff 018A", "LSOA21NMW": "Caerdydd 018A", "RUC21CD": "UN1", "RUC21NM": "Urban: Nearer to a major town or city", "population": 1503, "median_age": 47.8, "_lsoa_code": "W01001769", "wimd_rank": 1875.0, "wimd_decile": 10.0, "wimd_norm": 0.01781970649895178, "share_flats": 0.032520325203252036, "share_terraced": 0.0, "share_dense_housing": 0.04390243902439024, "share_no_car": 0.07804878048780488, "share_owned": 0.9333333333333333, "share_rented": 0.06341463414634146, "share_rent_free": 0.0, "parking_constraint": 0.03392953929539295, "equity_proxy": 0.025874622897172364}, "geometry": {"type": "Polygon", "coordinates": [[[-3.1817137860134874, 51.51851828375838], [-3.1817124274763375, 51.51845548097212], [-3.181507221215593, 51.51625011629237], [-3.181240615311272, 51.51522590850205], [-3.190310911130791, 51.51440080041449], [-3.192024439802944, 51.521652732985004], [-3.1817137860134874, 51.51851828375838]]]}}, {"type": "Feature", "properties": {"LSOA21CD": "W01001770", "LSOA21NM": "Cardiff 018B", "LSOA21NMW": "Caerdydd 018B", "RUC21CD": "UN1", "RUC21NM": "Urban: Nearer to a major town or city", "population": 1136, "median_age": 43.3, "_lsoa_code": "W01001770", "wimd_rank": 1369.0, "wimd_decile": 8.0, "wimd_norm": 0.2830188679245283, "share_flats": 0.20162932790224034, "share_terraced": 0.1446028513238289, "share_dense_housing": 0.219959266802444, "share_no_car": 0.23828920570264767, "share_owned": 0.6475409836065574, "share_rented": 0.3319672131147541, "share_rent_free": 0.0, "parking_constraint": 0.21371239691496113, "equity_proxy": 0.24836563241974471}, "geometry": {"type": "Polygon", "coordinates": [[[-3.1788153398376267, 51.50792576677685], [-3.177354169708799, 51.50348414376502], [-3.1833884816253137, 51.50457518886685], [-3.190415513127122, 51.50548686493342], [-3.1928660823576185, 51.505796827958086], [-3.19259030640149, 51.50950339451743], [-3.192478725852084, 51.51294856647444], [-3.190310911130791, 51.51440080041449], [-3.181240615311272, 51.51522590850205], [-3.1788153398376267, 51.50792576677685]]]}}, {"type": "Feature", "properties": {"LSOA21CD": "W01001771", "LSOA21NM": "Cardiff 018C", "LSOA21NMW": "Caerdydd 018C", "RUC21CD": "UN1", "RUC21NM": "Urban: Nearer to a major town or city", "population": 1723, "median_age": 42.9, "_lsoa_code": "W01001771", "wimd_rank": 1906.0, "wimd_decile": 10.0, "wimd_norm": 0.0015723270440251573, "share_flats": 0.11521418020679468, "share_terraced": 0.06351550960118169, "share_dense_housing": 0.12703101920236337, "share_no_car": 0.11686390532544379, "share_owned": 0.8014814814814815, "share_rented": 0.19555555555555557, "share_rent_free": 0.0014814814814814814, "parking_constraint": 0.11952557579736311, "equity_proxy": 0.060548951420694136}, "geometry": {"type": "Polygon", "coordinates": [[[-3.192024439802944, 51.521652732985004], [-3.190310911130791, 51.51440080041449], [-3.192478725852084, 51.51294856647444], [-3.196721233467795, 51.515465207884766], [-3.196459828076112, 51.5196613194892], [-3.20125567624701, 51.519424476150476], [-3.201689280879418, 51.52151884459521], [-3.1972018525522383, 51.52168103616191], [-3.192024439802944, 51.521652732985004]]]}}, {"type": "Feature", "properties": {"LSOA21CD": "W01001772", "LSOA21NM": "Cardiff 021A", "LSOA21NMW": "Caerdydd 021A", "RUC21CD": "UN1", "RUC21NM": "Urban: Nearer to a major town or city", "population": 1402, "median_age": 50.0, "_lsoa_code": "W01001772", "wimd_rank": 1650.0, "wimd_decile": 9.0, "wimd_norm": 0.13574423480083858, "share_flats": 0.008460236886632826, "share_terraced": 0.07106598984771574, "share_dense_housing": 0.01015228426395939, "share_no_car": 0.11694915254237288, "share_owned": 0.9185059422750425, "share_rented": 0.07979626485568761, "share_rent_free": 0.0, "parking_constraint": 0.031056873667165568, "equity_proxy": 0.08340055423400207}, "geometry": {"type": "Polygon", "coordinates": [[[-3.205112645928752, 51.513872216003406], [-3.204023452502664, 51.510276031318526], [-3.2096862772255785, 51.51360101894761], [-3.2168291941648732, 51.51700167536239], [-3.2146282521325076, 51.51730276966535], [-3.208546843928514, 51.51866084292236], [-3.205112645928752, 51.513872216003406]]]}}, {"type": "Feature", "properties": {"LSOA21CD": "W01001773", "LSOA21NM": "Cardiff 012A", "LSOA21NMW": "Caerdydd 012A", "RUC21CD": "UN1", "RUC21NM": "Urban: Nearer to a major town or city", "population": 2741, "median_age": 37.9, "_lsoa_code": "W01001773", "wimd_rank": 1872.0, "wimd_decile": 10.0, "wimd_norm": 0.01939203354297694, "share_flats": 0.20076481835564053, "share_terraced": 0.27724665391969405, "share_dense_housing": 0.2237093690248566, "share_no_car": 0.15789473684210525, "share_owned": 0.6902485659655831, "share_rented": 0.30592734225621415, "share_rent_free": 0.0009560229445506692, "parking_constraint": 0.2377310388782664, "equity_proxy": 0.12856153621062166}, "geometry": {"type": "Polygon", "coordinates": [[[-3.196721233467795, 51.515465207884766], [-3.199836293747794, 51.51540615973952], [-3.2028218703359395, 51.51678098512781], [-3.205112645928752, 51.513872216003406], [-3.208546843928514, 51.51866084292236], [-3.20125567624701, 51.519424476150476], [-3.196459828076112, 51.5196613194892], [-3.196721233467795, 51.515465207884766]]]}}, {"type": "Feature", "properties": {"LSOA21CD": "W01001774", "LSOA21NM": "Cardiff 018D", "LSOA21NMW": "Caerdydd 018D", "RUC21CD": "UN1", "RUC21NM": "Urban: Nearer to a major town or city", "population": 1422, "median_age": 45.7, "_lsoa_code": "W01001774", "wimd_rank": 1891.0, "wimd_decile": 10.0, "wimd_norm": 0.009433962264150943, "share_flats": 0.0, "share_terraced": 0.009398496240601503, "share_dense_housing": 0.007518796992481203, "share_no_car": 0.07142857142857142, "share_owned": 0.9262759924385633, "share_rented": 0.07372400756143667, "share_rent_free": 0.0, "parking_constraint": 0.014215832587138924, "equity_proxy": 0.011824897425644933}, "geometry": {"type": "Polygon", "coordinates": [[[-3.192478725852084, 51.51294856647444], [-3.19259030640149, 51.50950339451743], [-3.199732315021003, 51.51133738608768], [-3.199836293747794, 51.51540615973952], [-3.196721233467795, 51.515465207884766], [-3.192478725852084, 51.51294856647444]]]}}, {"type": "Feature", "properties": {"LSOA21CD": "W01001775", "LSOA21NM": "Cardiff 021B", "LSOA21NMW": "Caerdydd 021B", "RUC21CD": "UN1", "RUC21NM": "Urban: Nearer to a major town or city", "population": 1736, "median_age": 38.9, "_lsoa_code": "W01001775", "wimd_rank": 1778.0, "wimd_decile": 10.0, "wimd_norm": 0.06865828092243187, "share_flats": 0.10466760961810467, "share_terraced": 0.5813295615275813, "share_dense_housing": 0.157001414427157, "share_no_car": 0.17329545454545456, "share_owned": 0.7340876944837341, "share_rented": 0.26449787835926447, "share_rent_free": 0.0, "parking_constraint": 0.23875530410183873, "equity_proxy": 0.15370679251213532}, "geometry": {"type": "Polygon", "coordinates": [[[-3.199836293747794, 51.51540615973952], [-3.199732315021003, 51.51133738608768], [-3.199776055948075, 51.50720080753007], [-3.204023452502664, 51.510276031318526], [-3.205112645928752, 51.513872216003406], [-3.2028218703359395, 51.51678098512781], [-3.199836293747794, 51.51540615973952]]]}}, {"type": "Feature", "properties": {"LSOA21CD": "W01001776", "LSOA21NM": "Cardiff 021C", "LSOA21NMW": "Caerdydd 021C", "RUC21CD": "UN1", "RUC21NM": "Urban: Nearer to a major town or city", "population": 1369, "median_age": 42.3, "_lsoa_code": "W01001776", "wimd_rank": 1782.0, "wimd_decile": 10.0, "wimd_norm": 0.06656184486373165, "share_flats": 0.01160541586073501, "share_terraced": 0.12959381044487428, "share_dense_housing": 0.059961315280464215, "share_no_car": 0.11776061776061776, "share_owned": 0.8532818532818532, "share_rented": 0.14092664092664092, "share_rent_free": 0.0, "parking_constraint": 0.06856455792626005, "equity_proxy": 0.06756320139499586}, "geometry": {"type": "Polygon", "coordinates": [[[-3.19259030640149, 51.50950339451743], [-3.1928660823576185, 51.505796827958086], [-3.197501587491614, 51.505144754900584], [-3.198466826774204, 51.50471907196074], [-3.1990448545368437, 51.5058857364269], [-3.199776055948075, 51.50720080753007], [-3.199732315021003, 51.51133738608768], [-3.19259030640149, 51.50950339451743]]]}}, {"type": "Feature", "properties": {"LSOA21CD": "W01001777", "LSOA21NM": "Cardiff 001A", "LSOA21NMW": "Caerdydd 001A", "RUC21CD": "UN1", "RUC21NM": "Urban: Nearer to a major town or city", "population": 2665, "median_age": 41.7, "_lsoa_code": "W01001777", "wimd_rank": 1378.0, "wimd_decile": 8.0, "wimd_norm": 0.2783018867924528, "share_flats": 0.0930888575458392, "share_terraced": 0.019746121297602257, "share_dense_housing": 0.1071932299012694, "share_no_car": 0.05649717514124294, "share_owned": 0.8815232722143864, "share_rented": 0.11706629055007052, "share_rent_free": 0.0, "parking_constraint": 0.08631875881523272, "equity_proxy": 0.18231032280384277}, "geometry": {"type": "Polygon", "coordinates": [[[-3.1525852576666864, 51.551641581676485], [-3.1557574068987893, 51.547902514142336], [-3.152062981886543, 51.545499859066226], [-3.149099617254164, 51.54280917466267], [-3.159426337139889, 51.53879690302445], [-3.1576945509493393, 51.531383762009774], [-3.1590485293592216, 51.531721187792236], [-3.166650905522198, 51.5326701490925], [-3.1801342702544515, 51.536229834524775], [-3.176836302536198, 51.544832317124694], [-3.1711535986527566, 51.545232129254586], [-3.1676277800012245, 51.5498817084951], [-3.1657701163194063, 51.55959715314906], [-3.157464868902962, 51.557623179122935], [-3.1525852576666864, 51.551641581676485]]]}}, {"type": "Feature", "properties": {"LSOA21CD": "W01001778", "LSOA21NM": "Cardiff 001B", "LSOA21NMW": "Caerdydd 001B", "RUC21CD": "UN1", "RUC21NM": "Urban: Nearer to a major town or city", "population": 1733, "median_age": 52.4, "_lsoa_code": "W01001778", "wimd_rank": 1558.0, "wimd_decile": 9.0, "wimd_norm": 0.18396226415094338, "share_flats": 0.029154518950437316, "share_terraced": 0.014577259475218658, "share_dense_housing": 0.03498542274052478, "share_no_car": 0.05652173913043478, "share_owned": 0.9374090247452693, "share_rented": 0.0611353711790393, "share_rent_free": 0.0, "parking_constraint": 0.03244681528256967, "equity_proxy": 0.10820453971675653}, "geometry": {"type": "Polygon", "coordinates": [[[-3.1801342702544515, 51.536229834524775], [-3.1838170727615274, 51.53752317032495], [-3.1882548721941313, 51.545260899283456], [-3.2024626061756396, 51.54420393947314], [-3.2066023845913745, 51.54273108062185], [-3.2096725317408747, 51.54994660151317], [-3.215884074005441, 51.55134987862389], [-3.2027871644498513, 51.55530910576384], [-3.1657701163194063, 51.55959715314906], [-3.1676277800012245, 51.5498817084951], [-3.1711535986527566, 51.545232129254586], [-3.176836302536198, 51.544832317124694], [-3.1801342702544515, 51.536229834524775]]]}}, {"type": "Feature", "properties": {"LSOA21CD": "W01001779", "LSOA21NM": "Cardiff 026A", "LSOA21NMW": "Caerdydd 026A", "RUC21CD": "UN1", "RUC21NM": "Urban: Nearer to a major town or city", "population": 1581, "median_age": 47.7, "_lsoa_code": "W01001779", "wimd_rank": 1864.0, "wimd_decile": 10.0, "wimd_norm": 0.02358490566037736, "share_flats": 0.19097744360902255, "share_terraced": 0.23759398496240602, "share_dense_housing": 0.24360902255639097, "share_no_car": 0.1583710407239819, "share_owned": 0.7996987951807228, "share_rented": 0.19427710843373494, "share_rent_free": 0.0, "parking_constraint": 0.21828456683878372, "equity_proxy": 0.12093473624958054}, "geometry": {"type": "Polygon", "coordinates": [[[-3.222702836937019, 51.49048074186769], [-3.2239581145789087, 51.49431635302751], [-3.231672851908611, 51.490858213681975], [-3.233773829720476, 51.49399000681826], [-3.2347067864132946, 51.496441224847054], [-3.2253270351636063, 51.49551838089648], [-3.2230637230430053, 51.49831557519406], [-3.2180934182183596, 51.498739556439496], [-3.222702836937019, 51.49048074186769]]]}}, {"type": "Feature", "properties": {"LSOA21CD": "W01001780", "LSOA21NM": "Cardiff 026B", "LSOA21NMW": "Caerdydd 026B", "RUC21CD": "UN1", "RUC21NM": "Urban: Nearer to a major town or city", "population": 1660, "median_age": 44.2, "_lsoa_code": "W01001780", "wimd_rank": 1903.0, "wimd_decile": 10.0, "wimd_norm": 0.0031446540880503146, "share_flats": 0.10197368421052631, "share_terraced": 0.15625, "share_dense_housing": 0.10526315789473684, "share_no_car": 0.11986863711001643, "share_owned": 0.8118811881188119, "share_rented": 0.17491749174917492, "share_rent_free": 0.0033003300330033004, "parking_constraint": 0.12365127960164439, "equity_proxy": 0.06339796684484736}, "geometry": {"type": "Polygon", "coordinates": [[[-3.231450919675872, 51.50326192450643], [-3.2230637230430053, 51.49831557519406], [-3.2253270351636063, 51.49551838089648], [-3.2347067864132946, 51.496441224847054], [-3.2345207702576544, 51.49929652982382], [-3.2376793062170206, 51.50462472098298], [-3.241488297739563, 51.50367884757168], [-3.2359224014879775, 51.506739139632515], [-3.231450919675872, 51.50326192450643]]]}}, {"type": "Feature", "properties": {"LSOA21CD": "W01001781", "LSOA21NM": "Cardiff 026C", "LSOA21NMW": "Caerdydd 026C", "RUC21CD": "UN1", "RUC21NM": "Urban: Nearer to a major town or city", "population": 1756, "median_age": 49.0, "_lsoa_code": "W01001781", "wimd_rank": 1844.0, "wimd_decile": 10.0, "wimd_norm": 0.034067085953878404, "share_flats": 0.32320777642770354, "share_terraced": 0.12029161603888214, "share_dense_housing": 0.44106925880923453, "share_no_car": 0.23722627737226276, "share_owned": 0.703030303030303, "share_rented": 0.2957575757575758, "share_rent_free": 0.0012121212121212121, "parking_constraint": 0.3182516783877659, "equity_proxy": 0.17615938217082217}, "geometry": {"type": "Polygon", "coordinates": [[[-3.2160249598766866, 51.49817894083789], [-3.2093724573138998, 51.49699879269798], [-3.213956903017311, 51.49211614702557], [-3.206721084700728, 51.48850502206753], [-3.2072258385487094, 51.48839517589776], [-3.21559221499234, 51.4891831736681], [-3.219341281989617, 51.48918813489886], [-3.2242063195123176, 51.48877231904862], [-3.222702836937019, 51.49048074186769], [-3.2180934182183596, 51.498739556439496], [-3.2160249598766866, 51.49817894083789]]]}}, {"type": "Feature", "properties": {"LSOA21CD": "W01001782", "LSOA21NM": "Cardiff 026D", "LSOA21NMW": "Caerdydd 026D", "RUC21CD": "UN1", "RUC21NM": "Urban: Nearer to a major town or city", "population": 1532, "median_age": 45.9, "_lsoa_code": "W01001782", "wimd_rank": 1884.0, "wimd_decile": 10.0, "wimd_norm": 0.01310272536687631, "share_flats": 0.0034071550255536627, "share_terraced": 0.16524701873935263, "share_dense_housing": 0.044293015332197615, "share_no_car": 0.08517887563884156, "share_owned": 0.9232081911262798, "share_rented": 0.07679180887372014, "share_rent_free": 0.0, "parking_constraint": 0.05918836838361697, "equity_proxy": 0.03614554687524664}, "geometry": {"type": "Polygon", "coordinates": [[[-3.222702836937019, 51.49048074186769], [-3.2242063195123176, 51.48877231904862], [-3.219341281989617, 51.48918813489886], [-3.2225214015868415, 51.48854789653771], [-3.228089926234031, 51.48688582395133], [-3.231577364857636, 51.49071758295913], [-3.231672851908611, 51.490858213681975], [-3.2239581145789087, 51.49431635302751], [-3.222702836937019, 51.49048074186769]]]}}, {"type": "Feature", "properties": {"LSOA21CD": "W01001783", "LSOA21NM": "Cardiff 026E", "LSOA21NMW": "Caerdydd 026E", "RUC21CD": "UN1", "RUC21NM": "Urban: Nearer to a major town or city", "population": 1257, "median_age": 45.7, "_lsoa_code": "W01001783", "wimd_rank": 1908.0, "wimd_decile": 10.0, "wimd_norm": 0.0005241090146750524, "share_flats": 0.0, "share_terraced": 0.099601593625498, "share_dense_housing": 0.00199203187250996, "share_no_car": 0.08764940239043825, "share_owned": 0.8745019920318725, "share_rented": 0.12151394422310757, "share_rent_free": 0.0, "parking_constraint": 0.03678618857901727, "equity_proxy": 0.018655148796846162}, "geometry": {"type": "Polygon", "coordinates": [[[-3.2359224014879775, 51.506739139632515], [-3.241488297739563, 51.50367884757168], [-3.2460380176285555, 51.504236499368986], [-3.2483935493997462, 51.50549403576534], [-3.249425525962205, 51.50594689337298], [-3.2416684696338796, 51.50905975985528], [-3.2359224014879775, 51.506739139632515]]]}}, {"type": "Feature", "properties": {"LSOA21CD": "W01001784", "LSOA21NM": "Cardiff 026F", "LSOA21NMW": "Caerdydd 026F", "RUC21CD": "UN1", "RUC21NM": "Urban: Nearer to a major town or city", "population": 1297, "median_age": 43.5, "_lsoa_code": "W01001784", "wimd_rank": 1892.0, "wimd_decile": 10.0, "wimd_norm": 0.00890985324947589, "share_flats": 0.10608695652173913, "share_terraced": 0.10956521739130434, "share_dense_housing": 0.11304347826086956, "share_no_car": 0.15304347826086956, "share_owned": 0.8417391304347827, "share_rented": 0.14956521739130435, "share_rent_free": 0.0017391304347826088, "parking_constraint": 0.11489855072463767, "equity_proxy": 0.06190420198705678}, "geometry": {"type": "Polygon", "coordinates": [[[-3.2345207702576544, 51.49929652982382], [-3.2460380176285555, 51.504236499368986], [-3.241488297739563, 51.50367884757168], [-3.2376793062170206, 51.50462472098298], [-3.2345207702576544, 51.49929652982382]]]}}, {"type": "Feature", "properties": {"LSOA21CD": "W01001785", "LSOA21NM": "Cardiff 023A", "LSOA21NMW": "Caerdydd 023A", "RUC21CD": "UN1", "RUC21NM": "Urban: Nearer to a major town or city", "population": 1231, "median_age": 38.5, "_lsoa_code": "W01001785", "wimd_rank": 1202.0, "wimd_decile": 7.0, "wimd_norm": 0.37054507337526205, "share_flats": 0.06832298136645963, "share_terraced": 0.2608695652173913, "share_dense_housing": 0.07453416149068323, "share_no_car": 0.29521829521829523, "share_owned": 0.4492753623188406, "share_rented": 0.5403726708074534, "share_rent_free": 0.008281573498964804, "parking_constraint": 0.17184265010351965, "equity_proxy": 0.27119386173939086}, "geometry": {"type": "Polygon", "coordinates": [[[-3.2130788531746246, 51.50568167034864], [-3.2111224215687204, 51.5026635079202], [-3.2161211491875985, 51.50187041585134], [-3.220573088851736, 51.50233935786296], [-3.219039819274656, 51.50457059582299], [-3.2172368836475753, 51.50614518267792], [-3.216572938145036, 51.50674181365113], [-3.2130788531746246, 51.50568167034864]]]}}, {"type": "Feature", "properties": {"LSOA21CD": "W01001786", "LSOA21NM": "Cardiff 023B", "LSOA21NMW": "Caerdydd 023B", "RUC21CD": "UN1", "RUC21NM": "Urban: Nearer to a major town or city", "population": 1530, "median_age": 40.8, "_lsoa_code": "W01001786", "wimd_rank": 1519.0, "wimd_decile": 8.0, "wimd_norm": 0.20440251572327045, "share_flats": 0.04326923076923077, "share_terraced": 0.4310897435897436, "share_dense_housing": 0.07051282051282051, "share_no_car": 0.20192307692307693, "share_owned": 0.7516025641025641, "share_rented": 0.24519230769230768, "share_rent_free": 0.0016025641025641025, "parking_constraint": 0.15683760683760684, "equity_proxy": 0.18062006128043864}, "geometry": {"type": "Polygon", "coordinates": [[[-3.2161211491875985, 51.50187041585134], [-3.2160249598766866, 51.49817894083789], [-3.2180934182183596, 51.498739556439496], [-3.2230637230430053, 51.49831557519406], [-3.231450919675872, 51.50326192450643], [-3.2243079164735167, 51.50332420305575], [-3.219039819274656, 51.50457059582299], [-3.220573088851736, 51.50233935786296], [-3.2161211491875985, 51.50187041585134]]]}}, {"type": "Feature", "properties": {"LSOA21CD": "W01001787", "LSOA21NM": "Cardiff 023C", "LSOA21NMW": "Caerdydd 023C", "RUC21CD": "UN1", "RUC21NM": "Urban: Nearer to a major town or city", "population": 1430, "median_age": 37.6, "_lsoa_code": "W01001787", "wimd_rank": 497.0, "wimd_decile": 3.0, "wimd_norm": 0.740041928721174, "share_flats": 0.05762081784386617, "share_terraced": 0.04275092936802974, "share_dense_housing": 0.0762081784386617, "share_no_car": 0.2620817843866171, "share_owned": 0.5955473098330241, "share_rented": 0.39517625231910947, "share_rent_free": 0.0074211502782931356, "parking_constraint": 0.10585001827699651, "equity_proxy": 0.42294597349908525}, "geometry": {"type": "Polygon", "coordinates": [[[-3.198466826774204, 51.50471907196074], [-3.20552710168341, 51.50147713373578], [-3.2111224215687204, 51.5026635079202], [-3.2130788531746246, 51.50568167034864], [-3.206982380513871, 51.50530283134086], [-3.1990448545368437, 51.5058857364269], [-3.198466826774204, 51.50471907196074]]]}}, {"type": "Feature", "properties": {"LSOA21CD": "W01001788", "LSOA21NM": "Cardiff 023D", "LSOA21NMW": "Caerdydd 023D", "RUC21CD": "UN1", "RUC21NM": "Urban: Nearer to a major town or city", "population": 1662, "median_age": 36.8, "_lsoa_code": "W01001788", "wimd_rank": 1033.0, "wimd_decile": 6.0, "wimd_norm": 0.4591194968553459, "share_flats": 0.2838915470494418, "share_terraced": 0.14035087719298245, "share_dense_housing": 0.3094098883572568, "share_no_car": 0.3014354066985646, "share_owned": 0.46411483253588515, "share_rented": 0.5247208931419458, "share_rent_free": 0.007974481658692184, "parking_constraint": 0.2958001063264221, "equity_proxy": 0.377459801590884}, "geometry": {"type": "Polygon", "coordinates": [[[-3.20552710168341, 51.50147713373578], [-3.2093724573138998, 51.49699879269798], [-3.2160249598766866, 51.49817894083789], [-3.2161211491875985, 51.50187041585134], [-3.2111224215687204, 51.5026635079202], [-3.20552710168341, 51.50147713373578]]]}}, {"type": "Feature", "properties": {"LSOA21CD": "W01001789", "LSOA21NM": "Cardiff 023E", "LSOA21NMW": "Caerdydd 023E", "RUC21CD": "UN1", "RUC21NM": "Urban: Nearer to a major town or city", "population": 1540, "median_age": 40.9, "_lsoa_code": "W01001789", "wimd_rank": 1854.0, "wimd_decile": 10.0, "wimd_norm": 0.028825995807127882, "share_flats": 0.16574585635359115, "share_terraced": 0.5732044198895028, "share_dense_housing": 0.2361878453038674, "share_no_car": 0.22176308539944903, "share_owned": 0.7334254143646409, "share_rented": 0.26519337016574585, "share_rent_free": 0.0, "parking_constraint": 0.2839779005524862, "equity_proxy": 0.15640194817980702}, "geometry": {"type": "Polygon", "coordinates": [[[-3.2312694352162876, 51.50898671497205], [-3.227789105143314, 51.50863671055018], [-3.224609221902528, 51.50820952947692], [-3.227510299489095, 51.504605014053354], [-3.2243079164735167, 51.50332420305575], [-3.231450919675872, 51.50326192450643], [-3.2359224014879775, 51.506739139632515], [-3.2416684696338796, 51.50905975985528], [-3.239683875052772, 51.5112177873874], [-3.2312694352162876, 51.50898671497205]]]}}, {"type": "Feature", "properties": {"LSOA21CD": "W01001790", "LSOA21NM": "Cardiff 023F", "LSOA21NMW": "Caerdydd 023F", "RUC21CD": "UN1", "RUC21NM": "Urban: Nearer to a major town or city", "population": 1275, "median_age": 39.5, "_lsoa_code": "W01001790", "wimd_rank": 1256.0, "wimd_decile": 7.0, "wimd_norm": 0.3422431865828092, "share_flats": 0.06639004149377593, "share_terraced": 0.24896265560165975, "share_dense_housing": 0.07053941908713693, "share_no_car": 0.2053941908713693, "share_owned": 0.6521739130434783, "share_rented": 0.33954451345755693, "share_rent_free": 0.0, "parking_constraint": 0.14070828644164382, "equity_proxy": 0.24147573651222654}, "geometry": {"type": "Polygon", "coordinates": [[[-3.2172368836475753, 51.50614518267792], [-3.219039819274656, 51.50457059582299], [-3.2243079164735167, 51.50332420305575], [-3.227510299489095, 51.504605014053354], [-3.224609221902528, 51.50820952947692], [-3.2172368836475753, 51.50614518267792]]]}}, {"type": "Feature", "properties": {"LSOA21CD": "W01001791", "LSOA21NM": "Cardiff 005A", "LSOA21NMW": "Caerdydd 005A", "RUC21CD": "UN1", "RUC21NM": "Urban: Nearer to a major town or city", "population": 1933, "median_age": 47.0, "_lsoa_code": "W01001791", "wimd_rank": 1542.0, "wimd_decile": 9.0, "wimd_norm": 0.19234800838574423, "share_flats": 0.31220657276995306, "share_terraced": 0.1267605633802817, "share_dense_housing": 0.3474178403755869, "share_no_car": 0.23736780258519388, "share_owned": 0.7716627634660421, "share_rented": 0.22131147540983606, "share_rent_free": 0.0, "parking_constraint": 0.2747351137792145, "equity_proxy": 0.23354156108247937}, "geometry": {"type": "Polygon", "coordinates": [[[-3.1690205938502025, 51.52949272560821], [-3.1698532740270995, 51.5271059199499], [-3.181688299573891, 51.52493455978146], [-3.184355610885984, 51.52721512120973], [-3.1945420850888717, 51.5229270792707], [-3.194619057765825, 51.526954832238545], [-3.192814370878747, 51.52835078216758], [-3.1865108933707695, 51.529732446785], [-3.1868080552527536, 51.532184224195554], [-3.1690205938502025, 51.52949272560821]]]}}, {"type": "Feature", "properties": {"LSOA21CD": "W01001792", "LSOA21NM": "Cardiff 005B", "LSOA21NMW": "Caerdydd 005B", "RUC21CD": "UN1", "RUC21NM": "Urban: Nearer to a major town or city", "population": 1652, "median_age": 38.9, "_lsoa_code": "W01001792", "wimd_rank": 673.0, "wimd_decile": 4.0, "wimd_norm": 0.6477987421383647, "share_flats": 0.2183406113537118, "share_terraced": 0.14119359534206696, "share_dense_housing": 0.22852983988355166, "share_no_car": 0.22416302765647744, "share_owned": 0.5816326530612245, "share_rented": 0.40233236151603496, "share_rent_free": 0.011661807580174927, "parking_constraint": 0.23083985101630589, "equity_proxy": 0.4393192965773353}, "geometry": {"type": "Polygon", "coordinates": [[[-3.181688299573891, 51.52493455978146], [-3.1817137860134874, 51.51851828375838], [-3.192024439802944, 51.521652732985004], [-3.1972018525522383, 51.52168103616191], [-3.1961861482515066, 51.52283938283277], [-3.1945420850888717, 51.5229270792707], [-3.184355610885984, 51.52721512120973], [-3.181688299573891, 51.52493455978146]]]}}, {"type": "Feature", "properties": {"LSOA21CD": "W01001793", "LSOA21NM": "Cardiff 002A", "LSOA21NMW": "Caerdydd 002A", "RUC21CD": "UN1", "RUC21NM": "Urban: Nearer to a major town or city", "population": 1357, "median_age": 41.2, "_lsoa_code": "W01001793", "wimd_rank": 1826.0, "wimd_decile": 10.0, "wimd_norm": 0.04350104821802935, "share_flats": 0.08611599297012303, "share_terraced": 0.2478031634446397, "share_dense_housing": 0.08787346221441125, "share_no_car": 0.07557117750439367, "share_owned": 0.7588028169014085, "share_rented": 0.22007042253521128, "share_rent_free": 0.0, "parking_constraint": 0.1368998407551342, "equity_proxy": 0.09020044448658178}, "geometry": {"type": "Polygon", "coordinates": [[[-3.190876218409005, 51.53856861721664], [-3.1953703122637087, 51.542904862388376], [-3.2024626061756396, 51.54420393947314], [-3.1882548721941313, 51.545260899283456], [-3.190876218409005, 51.53856861721664]]]}}, {"type": "Feature", "properties": {"LSOA21CD": "W01001794", "LSOA21NM": "Cardiff 001C", "LSOA21NMW": "Caerdydd 001C", "RUC21CD": "UN1", "RUC21NM": "Urban: Nearer to a major town or city", "population": 1410, "median_age": 39.7, "_lsoa_code": "W01001794", "wimd_rank": 1870.0, "wimd_decile": 10.0, "wimd_norm": 0.020440251572327043, "share_flats": 0.0016339869281045752, "share_terraced": 0.47875816993464054, "share_dense_housing": 0.0032679738562091504, "share_no_car": 0.10620915032679738, "share_owned": 0.7352941176470589, "share_rented": 0.26143790849673204, "share_rent_free": 0.0, "parking_constraint": 0.13224400871459693, "equity_proxy": 0.07634213014346199}, "geometry": {"type": "Polygon", "coordinates": [[[-3.1838170727615274, 51.53752317032495], [-3.185433054799849, 51.53677003168711], [-3.1904004578776175, 51.53872303398191], [-3.190876218409005, 51.53856861721664], [-3.1882548721941313, 51.545260899283456], [-3.1838170727615274, 51.53752317032495]]]}}, {"type": "Feature", "properties": {"LSOA21CD": "W01001795", "LSOA21NM": "Cardiff 002B", "LSOA21NMW": "Caerdydd 002B", "RUC21CD": "UN1", "RUC21NM": "Urban: Nearer to a major town or city", "population": 1540, "median_age": 42.6, "_lsoa_code": "W01001795", "wimd_rank": 1900.0, "wimd_decile": 10.0, "wimd_norm": 0.0047169811320754715, "share_flats": 0.04725609756097561, "share_terraced": 0.3567073170731707, "share_dense_housing": 0.04878048780487805, "share_no_car": 0.09465648854961832, "share_owned": 0.7637195121951219, "share_rented": 0.21646341463414634, "share_rent_free": 0.001524390243902439, "parking_constraint": 0.13221544715447156, "equity_proxy": 0.06846621414327352}, "geometry": {"type": "Polygon", "coordinates": [[[-3.1953703122637087, 51.542904862388376], [-3.1928282750171024, 51.537996776328846], [-3.1992919265271262, 51.53796854518467], [-3.2065679034431667, 51.53883537046783], [-3.2066023845913745, 51.54273108062185], [-3.2024626061756396, 51.54420393947314], [-3.1953703122637087, 51.542904862388376]]]}}, {"type": "Feature", "properties": {"LSOA21CD": "W01001796", "LSOA21NM": "Cardiff 002C", "LSOA21NMW": "Caerdydd 002C", "RUC21CD": "UN1", "RUC21NM": "Urban: Nearer to a major town or city", "population": 1377, "median_age": 44.6, "_lsoa_code": "W01001796", "wimd_rank": 1898.0, "wimd_decile": 10.0, "wimd_norm": 0.005765199161425576, "share_flats": 0.038880248833592534, "share_terraced": 0.31259720062208396, "share_dense_housing": 0.04510108864696734, "share_no_car": 0.14108527131782947, "share_owned": 0.7267080745341615, "share_rented": 0.2608695652173913, "share_rent_free": 0.0, "parking_constraint": 0.1252958279802556, "equity_proxy": 0.06553051357084058}, "geometry": {"type": "Polygon", "coordinates": [[[-3.190876218409005, 51.53856861721664], [-3.1904004578776175, 51.53872303398191], [-3.195132034956154, 51.534154538871825], [-3.1977014032194773, 51.53424652518477], [-3.1992919265271262, 51.53796854518467], [-3.1928282750171024, 51.537996776328846], [-3.1953703122637087, 51.542904862388376], [-3.190876218409005, 51.53856861721664]]]}}, {"type": "Feature", "properties": {"LSOA21CD": "W01001797", "LSOA21NM": "Cardiff 005C", "LSOA21NMW": "Caerdydd 005C", "RUC21CD": "UN1", "RUC21NM": "Urban: Nearer to a major town or city", "population": 1454, "median_age": 44.0, "_lsoa_code": "W01001797", "wimd_rank": 1833.0, "wimd_decile": 10.0, "wimd_norm": 0.039832285115303984, "share_flats": 0.07986688851913477, "share_terraced": 0.1447587354409318, "share_dense_housing": 0.08485856905158069, "share_no_car": 0.14262023217247097, "share_owned": 0.845771144278607, "share_rented": 0.15257048092868988, "share_rent_free": 0.0, "parking_constraint": 0.1042029637355835, "equity_proxy": 0.07201762442544374}, "geometry": {"type": "Polygon", "coordinates": [[[-3.185433054799849, 51.53677003168711], [-3.1836572047488594, 51.53215580343252], [-3.1868080552527536, 51.532184224195554], [-3.1865108933707695, 51.529732446785], [-3.192814370878747, 51.52835078216758], [-3.1905404936051163, 51.53395202203591], [-3.195132034956154, 51.534154538871825], [-3.1904004578776175, 51.53872303398191], [-3.185433054799849, 51.53677003168711]]]}}, {"type": "Feature", "properties": {"LSOA21CD": "W01001798", "LSOA21NM": "Cardiff 002D", "LSOA21NMW": "Caerdydd 002D", "RUC21CD": "UN1", "RUC21NM": "Urban: Nearer to a major town or city", "population": 1415, "median_age": 44.1, "_lsoa_code": "W01001798", "wimd_rank": 1644.0, "wimd_decile": 9.0, "wimd_norm": 0.1388888888888889, "share_flats": 0.03840245775729647, "share_terraced": 0.1781874039938556, "share_dense_housing": 0.041474654377880185, "share_no_car": 0.1382488479262673, "share_owned": 0.7883435582822086, "share_rented": 0.20552147239263804, "share_rent_free": 0.0, "parking_constraint": 0.08966604782951508, "equity_proxy": 0.114277468359202}, "geometry": {"type": "Polygon", "coordinates": [[[-3.1992919265271262, 51.53796854518467], [-3.1977014032194773, 51.53424652518477], [-3.20145618736101, 51.533514493695854], [-3.205284185984295, 51.53262240269136], [-3.2062440864510293, 51.53456985176477], [-3.2065679034431667, 51.53883537046783], [-3.1992919265271262, 51.53796854518467]]]}}, {"type": "Feature", "properties": {"LSOA21CD": "W01001799", "LSOA21NM": "Cardiff 001D", "LSOA21NMW": "Caerdydd 001D", "RUC21CD": "UN1", "RUC21NM": "Urban: Nearer to a major town or city", "population": 1241, "median_age": 56.3, "_lsoa_code": "W01001799", "wimd_rank": 1353.0, "wimd_decile": 8.0, "wimd_norm": 0.2914046121593291, "share_flats": 0.2413127413127413, "share_terraced": 0.015444015444015444, "share_dense_housing": 0.25675675675675674, "share_no_car": 0.11776061776061776, "share_owned": 0.8670520231213873, "share_rented": 0.1252408477842004, "share_rent_free": 0.0, "parking_constraint": 0.18581074881652918, "equity_proxy": 0.23860768048792913}, "geometry": {"type": "Polygon", "coordinates": [[[-3.1801342702544515, 51.536229834524775], [-3.166650905522198, 51.5326701490925], [-3.1690205938502025, 51.52949272560821], [-3.1868080552527536, 51.532184224195554], [-3.1836572047488594, 51.53215580343252], [-3.185433054799849, 51.53677003168711], [-3.1838170727615274, 51.53752317032495], [-3.1801342702544515, 51.536229834524775]]]}}, {"type": "Feature", "properties": {"LSOA21CD": "W01001800", "LSOA21NM": "Cardiff 005D", "LSOA21NMW": "Caerdydd 005D", "RUC21CD": "UN1", "RUC21NM": "Urban: Nearer to a major town or city", "population": 1432, "median_age": 42.7, "_lsoa_code": "W01001800", "wimd_rank": 842.0, "wimd_decile": 5.0, "wimd_norm": 0.5592243186582809, "share_flats": 0.2672955974842767, "share_terraced": 0.2610062893081761, "share_dense_housing": 0.29559748427672955, "share_no_car": 0.3125, "share_owned": 0.56875, "share_rented": 0.41875, "share_rent_free": 0.0015625, "parking_constraint": 0.2956656184486373, "equity_proxy": 0.42744496855345915}, "geometry": {"type": "Polygon", "coordinates": [[[-3.195132034956154, 51.534154538871825], [-3.1905404936051163, 51.53395202203591], [-3.192814370878747, 51.52835078216758], [-3.194619057765825, 51.526954832238545], [-3.20145618736101, 51.533514493695854], [-3.1977014032194773, 51.53424652518477], [-3.195132034956154, 51.534154538871825]]]}}, {"type": "Feature", "properties": {"LSOA21CD": "W01001802", "LSOA21NM": "Cardiff 007A", "LSOA21NMW": "Caerdydd 007A", "RUC21CD": "UN1", "RUC21NM": "Urban: Nearer to a major town or city", "population": 1744, "median_age": 40.0, "_lsoa_code": "W01001802", "wimd_rank": 1195.0, "wimd_decile": 7.0, "wimd_norm": 0.3742138364779874, "share_flats": 0.13154362416107382, "share_terraced": 0.32348993288590605, "share_dense_housing": 0.17718120805369128, "share_no_car": 0.28706199460916443, "share_owned": 0.628032345013477, "share_rented": 0.3665768194070081, "share_rent_free": 0.004043126684636119, "parking_constraint": 0.21648317323637067, "equity_proxy": 0.295348504857179}, "geometry": {"type": "Polygon", "coordinates": [[[-3.1150440001799646, 51.52148125780463], [-3.11662273668428, 51.51902721316191], [-3.121372014537858, 51.51983591265552], [-3.121518123315404, 51.52044583327297], [-3.121479885980662, 51.52400318699376], [-3.120179529392797, 51.52560644159992], [-3.1163604365225965, 51.5292052198867], [-3.1150440001799646, 51.52148125780463]]]}}, {"type": "Feature", "properties": {"LSOA21CD": "W01001803", "LSOA21NM": "Cardiff 015A", "LSOA21NMW": "Caerdydd 015A", "RUC21CD": "UN1", "RUC21NM": "Urban: Nearer to a major town or city", "population": 1743, "median_age": 38.2, "_lsoa_code": "W01001803", "wimd_rank": 660.0, "wimd_decile": 4.0, "wimd_norm": 0.6546121593291404, "share_flats": 0.10744985673352435, "share_terraced": 0.3510028653295129, "share_dense_housing": 0.12607449856733524, "share_no_car": 0.32285714285714284, "share_owned": 0.5314285714285715, "share_rented": 0.4585714285714286, "share_rent_free": 0.008571428571428572, "parking_constraint": 0.20918488197571294, "equity_proxy": 0.4318985206524267}, "geometry": {"type": "Polygon", "coordinates": [[[-3.11662273668428, 51.51902721316191], [-3.1249880187431867, 51.513380013452554], [-3.1260682371513737, 51.51244932234672], [-3.1271065363877444, 51.51167861042522], [-3.128298015662403, 51.51392826968328], [-3.121372014537858, 51.51983591265552], [-3.11662273668428, 51.51902721316191]]]}}, {"type": "Feature", "properties": {"LSOA21CD": "W01001804", "LSOA21NM": "Cardiff 015B", "LSOA21NMW": "Caerdydd 015B", "RUC21CD": "UN1", "RUC21NM": "Urban: Nearer to a major town or city", "population": 1618, "median_age": 35.9, "_lsoa_code": "W01001804", "wimd_rank": 836.0, "wimd_decile": 5.0, "wimd_norm": 0.5623689727463312, "share_flats": 0.08280254777070063, "share_terraced": 0.44904458598726116, "share_dense_housing": 0.08598726114649681, "share_no_car": 0.2914012738853503, "share_owned": 0.5502392344497608, "share_rented": 0.4449760765550239, "share_rent_free": 0.004784688995215311, "parking_constraint": 0.2054023303771879, "equity_proxy": 0.3838856515617596}, "geometry": {"type": "Polygon", "coordinates": [[[-3.121479885980662, 51.52400318699376], [-3.121518123315404, 51.52044583327297], [-3.1330616850404724, 51.520644414518635], [-3.1328525824137374, 51.52534478278939], [-3.121479885980662, 51.52400318699376]]]}}, {"type": "Feature", "properties": {"LSOA21CD": "W01001805", "LSOA21NM": "Cardiff 015C", "LSOA21NMW": "Caerdydd 015C", "RUC21CD": "UN1", "RUC21NM": "Urban: Nearer to a major town or city", "population": 1597, "median_age": 36.0, "_lsoa_code": "W01001805", "wimd_rank": 598.0, "wimd_decile": 4.0, "wimd_norm": 0.6871069182389937, "share_flats": 0.150074294205052, "share_terraced": 0.3031203566121842, "share_dense_housing": 0.150074294205052, "share_no_car": 0.26119402985074625, "share_owned": 0.6337817638266069, "share_rented": 0.3632286995515695, "share_rent_free": 0.0029895366218236174, "parking_constraint": 0.20910409406601413, "equity_proxy": 0.44810550615250394}, "geometry": {"type": "Polygon", "coordinates": [[[-3.121518123315404, 51.52044583327297], [-3.121372014537858, 51.51983591265552], [-3.128298015662403, 51.51392826968328], [-3.1317282365473296, 51.51719141957653], [-3.133458531510802, 51.514729013991506], [-3.141388566633087, 51.5179872800158], [-3.1330616850404724, 51.520644414518635], [-3.121518123315404, 51.52044583327297]]]}}, {"type": "Feature", "properties": {"LSOA21CD": "W01001806", "LSOA21NM": "Cardiff 015D", "LSOA21NMW": "Caerdydd 015D", "RUC21CD": "UN1", "RUC21NM": "Urban: Nearer to a major town or city", "population": 1744, "median_age": 42.5, "_lsoa_code": "W01001806", "wimd_rank": 1111.0, "wimd_decile": 6.0, "wimd_norm": 0.41823899371069184, "share_flats": 0.3728395061728395, "share_terraced": 0.06790123456790123, "share_dense_housing": 0.391358024691358, "share_no_car": 0.270935960591133, "share_owned": 0.686806411837238, "share_rented": 0.31319358816276205, "share_rent_free": 0.0, "parking_constraint": 0.31007190229001436, "equity_proxy": 0.3641554480003531}, "geometry": {"type": "Polygon", "coordinates": [[[-3.128298015662403, 51.51392826968328], [-3.1271065363877444, 51.51167861042522], [-3.139481929243688, 51.50516586469313], [-3.140650750454039, 51.50577038889045], [-3.143377456340681, 51.50809208359569], [-3.141388566633087, 51.5179872800158], [-3.133458531510802, 51.514729013991506], [-3.1317282365473296, 51.51719141957653], [-3.128298015662403, 51.51392826968328]]]}}, {"type": "Feature", "properties": {"LSOA21CD": "W01001807", "LSOA21NM": "Cardiff 007B", "LSOA21NMW": "Caerdydd 007B", "RUC21CD": "UN1", "RUC21NM": "Urban: Nearer to a major town or city", "population": 1618, "median_age": 32.8, "_lsoa_code": "W01001807", "wimd_rank": 646.0, "wimd_decile": 4.0, "wimd_norm": 0.6619496855345912, "share_flats": 0.1421647819063005, "share_terraced": 0.45234248788368336, "share_dense_housing": 0.14539579967689822, "share_no_car": 0.3532258064516129, "share_owned": 0.4080645161290323, "share_rented": 0.5806451612903226, "share_rent_free": 0.01129032258064516, "parking_constraint": 0.26374137960984595, "equity_proxy": 0.4628455325722186}, "geometry": {"type": "Polygon", "coordinates": [[[-3.117830900791535, 51.52975293315919], [-3.1163604365225965, 51.5292052198867], [-3.120179529392797, 51.52560644159992], [-3.123360502594865, 51.52481616309046], [-3.120786907853015, 51.527700140970666], [-3.124146838824125, 51.52599354629645], [-3.1255533189288025, 51.52988602154365], [-3.117830900791535, 51.52975293315919]]]}}, {"type": "Feature", "properties": {"LSOA21CD": "W01001808", "LSOA21NM": "Cardiff 007C", "LSOA21NMW": "Caerdydd 007C", "RUC21CD": "UN1", "RUC21NM": "Urban: Nearer to a major town or city", "population": 1750, "median_age": 31.9, "_lsoa_code": "W01001808", "wimd_rank": 766.0, "wimd_decile": 5.0, "wimd_norm": 0.5990566037735849, "share_flats": 0.08463949843260188, "share_terraced": 0.47648902821316613, "share_dense_housing": 0.09561128526645768, "share_no_car": 0.37362637362637363, "share_owned": 0.3432601880877743, "share_rented": 0.6473354231974922, "share_rent_free": 0.009404388714733543, "parking_constraint": 0.24169278996865204, "equity_proxy": 0.4203746968711185}, "geometry": {"type": "Polygon", "coordinates": [[[-3.120179529392797, 51.52560644159992], [-3.121479885980662, 51.52400318699376], [-3.1328525824137374, 51.52534478278939], [-3.1323914317904737, 51.52689522301435], [-3.1255533189288025, 51.52988602154365], [-3.124146838824125, 51.52599354629645], [-3.120786907853015, 51.527700140970666], [-3.123360502594865, 51.52481616309046], [-3.120179529392797, 51.52560644159992]]]}}, {"type": "Feature", "properties": {"LSOA21CD": "W01001809", "LSOA21NM": "Cardiff 017A", "LSOA21NMW": "Caerdydd 017A", "RUC21CD": "UN1", "RUC21NM": "Urban: Nearer to a major town or city", "population": 1226, "median_age": 43.3, "_lsoa_code": "W01001809", "wimd_rank": 604.0, "wimd_decile": 4.0, "wimd_norm": 0.6839622641509434, "share_flats": 0.1669793621013133, "share_terraced": 0.45778611632270166, "share_dense_housing": 0.1669793621013133, "share_no_car": 0.24577861163227016, "share_owned": 0.7838345864661654, "share_rented": 0.2161654135338346, "share_rent_free": 0.0, "parking_constraint": 0.2316988531365938, "equity_proxy": 0.4578305586437686}, "geometry": {"type": "Polygon", "coordinates": [[[-3.1549607823186134, 51.51872205395648], [-3.1599569279702733, 51.51313764328595], [-3.16149317295647, 51.5180349305415], [-3.1586009456559285, 51.519405859383056], [-3.1549607823186134, 51.51872205395648]]]}}, {"type": "Feature", "properties": {"LSOA21CD": "W01001810", "LSOA21NM": "Cardiff 017B", "LSOA21NMW": "Caerdydd 017B", "RUC21CD": "UN1", "RUC21NM": "Urban: Nearer to a major town or city", "population": 1695, "median_age": 33.6, "_lsoa_code": "W01001810", "wimd_rank": 634.0, "wimd_decile": 4.0, "wimd_norm": 0.6682389937106918, "share_flats": 0.15981012658227847, "share_terraced": 0.5822784810126582, "share_dense_housing": 0.1629746835443038, "share_no_car": 0.31170886075949367, "share_owned": 0.4921135646687697, "share_rented": 0.49842271293375395, "share_rent_free": 0.00946372239747634, "parking_constraint": 0.29050699463589297, "equity_proxy": 0.4793729941732924}, "geometry": {"type": "Polygon", "coordinates": [[[-3.151326628284225, 51.52056375018588], [-3.144643837102799, 51.51775280181525], [-3.1479431381523764, 51.514497733681544], [-3.1551309511093324, 51.516995733016806], [-3.1513729994526187, 51.51724633827494], [-3.1549607823186134, 51.51872205395648], [-3.1586009456559285, 51.519405859383056], [-3.1537462835536703, 51.52077145991138], [-3.151326628284225, 51.52056375018588]]]}}, {"type": "Feature", "properties": {"LSOA21CD": "W01001811", "LSOA21NM": "Cardiff 009A", "LSOA21NMW": "Caerdydd 009A", "RUC21CD": "UN1", "RUC21NM": "Urban: Nearer to a major town or city", "population": 1659, "median_age": 31.2, "_lsoa_code": "W01001811", "wimd_rank": 717.0, "wimd_decile": 4.0, "wimd_norm": 0.6247379454926625, "share_flats": 0.14076782449725778, "share_terraced": 0.6215722120658135, "share_dense_housing": 0.15722120658135283, "share_no_car": 0.3290676416819013, "share_owned": 0.41058394160583944, "share_rented": 0.5821167883211679, "share_rent_free": 0.0036496350364963502, "parking_constraint": 0.30125969121552193, "equity_proxy": 0.4629988183540922}, "geometry": {"type": "Polygon", "coordinates": [[[-3.132956429450312, 51.52727071260331], [-3.1323914317904737, 51.52689522301435], [-3.1328525824137374, 51.52534478278939], [-3.1330616850404724, 51.520644414518635], [-3.141388566633087, 51.5179872800158], [-3.143377456340681, 51.50809208359569], [-3.1482278516945246, 51.50736271920184], [-3.150350906000467, 51.50957400630122], [-3.1479431381523764, 51.514497733681544], [-3.144643837102799, 51.51775280181525], [-3.151326628284225, 51.52056375018588], [-3.147347041060254, 51.523882854955446], [-3.1404181937864326, 51.52299845742096], [-3.1336106793213343, 51.52797145655352], [-3.132956429450312, 51.52727071260331]]]}}, {"type": "Feature", "properties": {"LSOA21CD": "W01001812", "LSOA21NM": "Cardiff 017C", "LSOA21NMW": "Caerdydd 017C", "RUC21CD": "UN1", "RUC21NM": "Urban: Nearer to a major town or city", "population": 1306, "median_age": 36.7, "_lsoa_code": "W01001812", "wimd_rank": 760.0, "wimd_decile": 4.0, "wimd_norm": 0.6022012578616353, "share_flats": 0.006263048016701462, "share_terraced": 0.7494780793319415, "share_dense_housing": 0.006263048016701462, "share_no_car": 0.18828451882845187, "share_owned": 0.6943866943866944, "share_rented": 0.288981288981289, "share_rent_free": 0.010395010395010396, "parking_constraint": 0.19260181974169446, "equity_proxy": 0.39740153880166484}, "geometry": {"type": "Polygon", "coordinates": [[[-3.1551309511093324, 51.516995733016806], [-3.154738448083305, 51.51242305771761], [-3.1586802373671174, 51.511931899062496], [-3.1599569279702733, 51.51313764328595], [-3.1549607823186134, 51.51872205395648], [-3.1513729994526187, 51.51724633827494], [-3.1551309511093324, 51.516995733016806]]]}}, {"type": "Feature", "properties": {"LSOA21CD": "W01001813", "LSOA21NM": "Cardiff 017D", "LSOA21NMW": "Caerdydd 017D", "RUC21CD": "UN1", "RUC21NM": "Urban: Nearer to a major town or city", "population": 1988, "median_age": 34.4, "_lsoa_code": "W01001813", "wimd_rank": 772.0, "wimd_decile": 5.0, "wimd_norm": 0.5959119496855346, "share_flats": 0.3489847715736041, "share_terraced": 0.48350253807106597, "share_dense_housing": 0.3629441624365482, "share_no_car": 0.38903061224489793, "share_owned": 0.43312101910828027, "share_rented": 0.5554140127388535, "share_rent_free": 0.008917197452229299, "parking_constraint": 0.4080653539827777, "equity_proxy": 0.5019886518341562}, "geometry": {"type": "Polygon", "coordinates": [[[-3.1479431381523764, 51.514497733681544], [-3.150350906000467, 51.50957400630122], [-3.158701256675846, 51.511306597030746], [-3.1586802373671174, 51.511931899062496], [-3.154738448083305, 51.51242305771761], [-3.1551309511093324, 51.516995733016806], [-3.1479431381523764, 51.514497733681544]]]}}, {"type": "Feature", "properties": {"LSOA21CD": "W01001814", "LSOA21NM": "Cardiff 017E", "LSOA21NMW": "Caerdydd 017E", "RUC21CD": "UN1", "RUC21NM": "Urban: Nearer to a major town or city", "population": 1536, "median_age": 38.9, "_lsoa_code": "W01001814", "wimd_rank": 1216.0, "wimd_decile": 7.0, "wimd_norm": 0.3632075471698113, "share_flats": 0.38742690058479534, "share_terraced": 0.347953216374269, "share_dense_housing": 0.39035087719298245, "share_no_car": 0.26055312954876275, "share_owned": 0.62882096069869, "share_rented": 0.3697234352256186, "share_rent_free": 0.001455604075691412, "parking_constraint": 0.37814636056419554, "equity_proxy": 0.3706769538670034}, "geometry": {"type": "Polygon", "coordinates": [[[-3.150350906000467, 51.50957400630122], [-3.1482278516945246, 51.50736271920184], [-3.148893420554157, 51.50740715737155], [-3.1575395476736863, 51.50695597804751], [-3.158701256675846, 51.511306597030746], [-3.150350906000467, 51.50957400630122]]]}}, {"type": "Feature", "properties": {"LSOA21CD": "W01001815", "LSOA21NM": "Cardiff 008D", "LSOA21NMW": "Caerdydd 008D", "RUC21CD": "UN1", "RUC21NM": "Urban: Nearer to a major town or city", "population": 1344, "median_age": 40.9, "_lsoa_code": "W01001815", "wimd_rank": 1752.0, "wimd_decile": 10.0, "wimd_norm": 0.08228511530398323, "share_flats": 0.0018450184501845018, "share_terraced": 0.3247232472324723, "share_dense_housing": 0.007380073800738007, "share_no_car": 0.11623616236162361, "share_owned": 0.7915129151291513, "share_rented": 0.2047970479704797, "share_rent_free": 0.0, "parking_constraint": 0.0953259532595326, "equity_proxy": 0.08880553428175791}, "geometry": {"type": "Polygon", "coordinates": [[[-3.1576945509493393, 51.531383762009774], [-3.153398409896039, 51.530542718028954], [-3.149733762418144, 51.53037531782419], [-3.150451472862224, 51.5264326528673], [-3.1587017486522218, 51.523656802823325], [-3.1552416729052255, 51.52756283098579], [-3.158396485792628, 51.53066588549968], [-3.1590485293592216, 51.531721187792236], [-3.1576945509493393, 51.531383762009774]]]}}, {"type": "Feature", "properties": {"LSOA21CD": "W01001816", "LSOA21NM": "Cardiff 009B", "LSOA21NMW": "Caerdydd 009B", "RUC21CD": "UN1", "RUC21NM": "Urban: Nearer to a major town or city", "population": 2993, "median_age": 33.5, "_lsoa_code": "W01001816", "wimd_rank": 1419.0, "wimd_decile": 8.0, "wimd_norm": 0.25681341719077566, "share_flats": 0.26958105646630237, "share_terraced": 0.36156648451730417, "share_dense_housing": 0.26958105646630237, "share_no_car": 0.23545454545454544, "share_owned": 0.4763636363636364, "share_rented": 0.5172727272727272, "share_rent_free": 0.005454545454545455, "parking_constraint": 0.3210036981840261, "equity_proxy": 0.28890855768740087}, "geometry": {"type": "Polygon", "coordinates": [[[-3.1336106793213343, 51.52797145655352], [-3.1404181937864326, 51.52299845742096], [-3.147347041060254, 51.523882854955446], [-3.1490747009097264, 51.52620136891634], [-3.14398734367732, 51.53051691841167], [-3.1336106793213343, 51.52797145655352]]]}}, {"type": "Feature", "properties": {"LSOA21CD": "W01001817", "LSOA21NM": "Cardiff 009C", "LSOA21NMW": "Caerdydd 009C", "RUC21CD": "UN1", "RUC21NM": "Urban: Nearer to a major town or city", "population": 1456, "median_age": 41.5, "_lsoa_code": "W01001817", "wimd_rank": 1472.0, "wimd_decile": 8.0, "wimd_norm": 0.2290356394129979, "share_flats": 0.1386986301369863, "share_terraced": 0.3013698630136986, "share_dense_housing": 0.1421232876712329, "share_no_car": 0.15292096219931273, "share_owned": 0.6655231560891939, "share_rented": 0.3293310463121784, "share_rent_free": 0.0017152658662092624, "parking_constraint": 0.19779208471376988, "equity_proxy": 0.2134138620633839}, "geometry": {"type": "Polygon", "coordinates": [[[-3.1490747009097264, 51.52620136891634], [-3.150451472862224, 51.5264326528673], [-3.149733762418144, 51.53037531782419], [-3.14398734367732, 51.53051691841167], [-3.1490747009097264, 51.52620136891634]]]}}, {"type": "Feature", "properties": {"LSOA21CD": "W01001818", "LSOA21NM": "Cardiff 009D", "LSOA21NMW": "Caerdydd 009D", "RUC21CD": "UN1", "RUC21NM": "Urban: Nearer to a major town or city", "population": 1624, "median_age": 34.8, "_lsoa_code": "W01001818", "wimd_rank": 1679.0, "wimd_decile": 9.0, "wimd_norm": 0.12054507337526206, "share_flats": 0.21690590111642744, "share_terraced": 0.4625199362041467, "share_dense_housing": 0.21690590111642744, "share_no_car": 0.16826923076923078, "share_owned": 0.639871382636656, "share_rented": 0.35691318327974275, "share_rent_free": 0.0, "parking_constraint": 0.2846963457557467, "equity_proxy": 0.20262070956550438}, "geometry": {"type": "Polygon", "coordinates": [[[-3.1490747009097264, 51.52620136891634], [-3.147347041060254, 51.523882854955446], [-3.151326628284225, 51.52056375018588], [-3.1537462835536703, 51.52077145991138], [-3.1587017486522218, 51.523656802823325], [-3.150451472862224, 51.5264326528673], [-3.1490747009097264, 51.52620136891634]]]}}, {"type": "Feature", "properties": {"LSOA21CD": "W01001819", "LSOA21NM": "Cardiff 014D", "LSOA21NMW": "Caerdydd 014D", "RUC21CD": "RLN1", "RUC21NM": "Larger rural: Nearer to a major town or city", "population": 2340, "median_age": 50.7, "_lsoa_code": "W01001819", "wimd_rank": 1648.0, "wimd_decile": 9.0, "wimd_norm": 0.13679245283018868, "share_flats": 0.0796277145811789, "share_terraced": 0.09100310237849017, "share_dense_housing": 0.09927611168562564, "share_no_car": 0.08601036269430051, "share_owned": 0.8269430051813471, "share_rented": 0.16580310880829016, "share_rent_free": 0.0051813471502590676, "parking_constraint": 0.09994231040573824, "equity_proxy": 0.11836738161796345}, "geometry": {"type": "Polygon", "coordinates": [[[-3.269880882067496, 51.530026680575176], [-3.2752898286188126, 51.52701364399579], [-3.2722027782565744, 51.52395207279269], [-3.275385680491533, 51.521124145348125], [-3.280179316993124, 51.516892002223415], [-3.2812753727886435, 51.51654777911182], [-3.2849903938449496, 51.52040006381081], [-3.304263044698625, 51.518042100422846], [-3.31315534592686, 51.5221665843586], [-3.3133352034495696, 51.5287031112104], [-3.3305680946785636, 51.53556796780217], [-3.3237255249441096, 51.53627468795404], [-3.321264602311726, 51.54284568481848], [-3.310116016647195, 51.54449452434741], [-3.3101527718414094, 51.54898009705004], [-3.29219233997017, 51.549357616252614], [-3.292098536693605, 51.54937652447445], [-3.282724848243583, 51.542280501074906], [-3.2821551773872355, 51.53539468275484], [-3.268659848714941, 51.53909920596933], [-3.269880882067496, 51.530026680575176]]]}}, {"type": "Feature", "properties": {"LSOA21CD": "W01001820", "LSOA21NM": "Cardiff 006A", "LSOA21NMW": "Caerdydd 006A", "RUC21CD": "UN1", "RUC21NM": "Urban: Nearer to a major town or city", "population": 1213, "median_age": 46.8, "_lsoa_code": "W01001820", "wimd_rank": 1134.0, "wimd_decile": 6.0, "wimd_norm": 0.4061844863731656, "share_flats": 0.08461538461538462, "share_terraced": 0.2403846153846154, "share_dense_housing": 0.10576923076923077, "share_no_car": 0.1124031007751938, "share_owned": 0.750965250965251, "share_rented": 0.24517374517374518, "share_rent_free": 0.0, "parking_constraint": 0.14422829422829422, "equity_proxy": 0.2752063903007299}, "geometry": {"type": "Polygon", "coordinates": [[[-3.2731768041965537, 51.548452482242254], [-3.2735568878550896, 51.54797036202137], [-3.2615818207501315, 51.537787693381105], [-3.2576192506170307, 51.532755719634686], [-3.2636611421112556, 51.53124610097968], [-3.269880882067496, 51.530026680575176], [-3.268659848714941, 51.53909920596933], [-3.2821551773872355, 51.53539468275484], [-3.282724848243583, 51.542280501074906], [-3.292098536693605, 51.54937652447445], [-3.2776617082991066, 51.55185601907374], [-3.2731768041965537, 51.548452482242254]]]}}, {"type": "Feature", "properties": {"LSOA21CD": "W01001821", "LSOA21NM": "Cardiff 024A", "LSOA21NMW": "Caerdydd 024A", "RUC21CD": "UN1", "RUC21NM": "Urban: Nearer to a major town or city", "population": 1795, "median_age": 31.3, "_lsoa_code": "W01001821", "wimd_rank": 1438.0, "wimd_decile": 8.0, "wimd_norm": 0.2468553459119497, "share_flats": 0.4301270417422868, "share_terraced": 0.16515426497277677, "share_dense_housing": 0.5190562613430127, "share_no_car": 0.24863883847549909, "share_owned": 0.6811594202898551, "share_rented": 0.3170289855072464, "share_rent_free": 0.0018115942028985507, "parking_constraint": 0.3916958187572881, "equity_proxy": 0.3192755823346189}, "geometry": {"type": "Polygon", "coordinates": [[[-3.1596764721054424, 51.501488443460296], [-3.161100688467468, 51.49933579841054], [-3.156542079741228, 51.498062851098744], [-3.1570175081761067, 51.4977650648164], [-3.163151274665114, 51.497936256524845], [-3.1663338301244295, 51.49924285986361], [-3.168075275860332, 51.50550550314137], [-3.1638997952166688, 51.50665299692219], [-3.1596764721054424, 51.501488443460296]]]}}, {"type": "Feature", "properties": {"LSOA21CD": "W01001822", "LSOA21NM": "Cardiff 029A", "LSOA21NMW": "Caerdydd 029A", "RUC21CD": "UN1", "RUC21NM": "Urban: Nearer to a major town or city", "population": 1943, "median_age": 41.4, "_lsoa_code": "W01001822", "wimd_rank": 1455.0, "wimd_decile": 8.0, "wimd_norm": 0.2379454926624738, "share_flats": 0.10559006211180125, "share_terraced": 0.31180124223602484, "share_dense_housing": 0.15900621118012423, "share_no_car": 0.20544554455445543, "share_owned": 0.6782178217821783, "share_rented": 0.3180693069306931, "share_rent_free": 0.0012376237623762376, "parking_constraint": 0.19296824713527252, "equity_proxy": 0.21545686989887317}, "geometry": {"type": "Polygon", "coordinates": [[[-3.139481929243688, 51.50516586469313], [-3.14005202842105, 51.50392721673762], [-3.139464345345576, 51.50100874547028], [-3.141628115547624, 51.49761028924296], [-3.1527374080790267, 51.498277225666804], [-3.155611844150933, 51.495455715775684], [-3.156542079741228, 51.498062851098744], [-3.161100688467468, 51.49933579841054], [-3.1596764721054424, 51.501488443460296], [-3.1593998754170385, 51.50194077377134], [-3.1559034849750867, 51.498723174968546], [-3.1565510293836394, 51.50099044578414], [-3.1498535929906955, 51.50030837668263], [-3.140650750454039, 51.50577038889045], [-3.139481929243688, 51.50516586469313]]]}}, {"type": "Feature", "properties": {"LSOA21CD": "W01001823", "LSOA21NM": "Cardiff 029B", "LSOA21NMW": "Caerdydd 029B", "RUC21CD": "UN1", "RUC21NM": "Urban: Nearer to a major town or city", "population": 1263, "median_age": 40.2, "_lsoa_code": "W01001823", "wimd_rank": 1888.0, "wimd_decile": 10.0, "wimd_norm": 0.0110062893081761, "share_flats": 0.017509727626459144, "share_terraced": 0.7665369649805448, "share_dense_housing": 0.10311284046692606, "share_no_car": 0.13813229571984437, "share_owned": 0.8657587548638133, "share_rented": 0.12840466926070038, "share_rent_free": 0.0019455252918287938, "parking_constraint": 0.21063553826199743, "equity_proxy": 0.11082091378508677}, "geometry": {"type": "Polygon", "coordinates": [[[-3.155611844150933, 51.495455715775684], [-3.156471809297177, 51.4940071267491], [-3.162890608122711, 51.49705636320439], [-3.1570175081761067, 51.4977650648164], [-3.156542079741228, 51.498062851098744], [-3.155611844150933, 51.495455715775684]]]}}, {"type": "Feature", "properties": {"LSOA21CD": "W01001824", "LSOA21NM": "Cardiff 029C", "LSOA21NMW": "Caerdydd 029C", "RUC21CD": "UN1", "RUC21NM": "Urban: Nearer to a major town or city", "population": 1635, "median_age": 35.2, "_lsoa_code": "W01001824", "wimd_rank": 1670.0, "wimd_decile": 9.0, "wimd_norm": 0.12526205450733752, "share_flats": 0.18068965517241378, "share_terraced": 0.3006896551724138, "share_dense_housing": 0.6179310344827587, "share_no_car": 0.3641379310344828, "share_owned": 0.45027624309392267, "share_rented": 0.5469613259668509, "share_rent_free": 0.0013812154696132596, "parking_constraint": 0.399273004381787, "equity_proxy": 0.2622675294445622}, "geometry": {"type": "Polygon", "coordinates": [[[-3.1570175081761067, 51.4977650648164], [-3.162890608122711, 51.49705636320439], [-3.156471809297177, 51.4940071267491], [-3.1558009505743776, 51.49250866062483], [-3.1602948404697613, 51.49340887704847], [-3.163594350727876, 51.494535974988636], [-3.164884981147739, 51.495979154412304], [-3.163151274665114, 51.497936256524845], [-3.1570175081761067, 51.4977650648164]]]}}, {"type": "Feature", "properties": {"LSOA21CD": "W01001825", "LSOA21NM": "Cardiff 029D", "LSOA21NMW": "Caerdydd 029D", "RUC21CD": "UN1", "RUC21NM": "Urban: Nearer to a major town or city", "population": 2036, "median_age": 37.1, "_lsoa_code": "W01001825", "wimd_rank": 1188.0, "wimd_decile": 7.0, "wimd_norm": 0.3778825995807128, "share_flats": 0.16878612716763006, "share_terraced": 0.4323699421965318, "share_dense_housing": 0.3329479768786127, "share_no_car": 0.2520138089758343, "share_owned": 0.5666666666666667, "share_rented": 0.42873563218390803, "share_rent_free": 0.0011494252873563218, "parking_constraint": 0.31088344074590835, "equity_proxy": 0.34438302016331057}, "geometry": {"type": "Polygon", "coordinates": [[[-3.1360521588506174, 51.498043945503426], [-3.142496037449941, 51.49421646113638], [-3.1506278215870553, 51.491197555451], [-3.154538378188012, 51.49146375383548], [-3.1558009505743776, 51.49250866062483], [-3.156471809297177, 51.4940071267491], [-3.155611844150933, 51.495455715775684], [-3.1527374080790267, 51.498277225666804], [-3.141628115547624, 51.49761028924296], [-3.139464345345576, 51.50100874547028], [-3.1360521588506174, 51.498043945503426]]]}}, {"type": "Feature", "properties": {"LSOA21CD": "W01001826", "LSOA21NM": "Cardiff 024B", "LSOA21NMW": "Caerdydd 024B", "RUC21CD": "UN1", "RUC21NM": "Urban: Nearer to a major town or city", "population": 1387, "median_age": 47.3, "_lsoa_code": "W01001826", "wimd_rank": 1573.0, "wimd_decile": 9.0, "wimd_norm": 0.1761006289308176, "share_flats": 0.10766423357664233, "share_terraced": 0.029197080291970802, "share_dense_housing": 0.12956204379562045, "share_no_car": 0.12431444241316271, "share_owned": 0.8571428571428571, "share_rented": 0.14285714285714285, "share_rent_free": 0.0, "parking_constraint": 0.10396246089676747, "equity_proxy": 0.14003154491379255}, "geometry": {"type": "Polygon", "coordinates": [[[-3.160942898497271, 51.50787125826189], [-3.1575395476736863, 51.50695597804751], [-3.148893420554157, 51.50740715737155], [-3.1593998754170385, 51.50194077377134], [-3.1596764721054424, 51.501488443460296], [-3.1638997952166688, 51.50665299692219], [-3.1655755124161535, 51.507875064254264], [-3.165045000900038, 51.5098582770398], [-3.160942898497271, 51.50787125826189]]]}}, {"type": "Feature", "properties": {"LSOA21CD": "W01001827", "LSOA21NM": "Cardiff 024C", "LSOA21NMW": "Caerdydd 024C", "RUC21CD": "UN1", "RUC21NM": "Urban: Nearer to a major town or city", "population": 1728, "median_age": 47.1, "_lsoa_code": "W01001827", "wimd_rank": 1338.0, "wimd_decile": 8.0, "wimd_norm": 0.29926624737945495, "share_flats": 0.10207336523125997, "share_terraced": 0.03987240829346093, "share_dense_housing": 0.11802232854864433, "share_no_car": 0.10476190476190476, "share_owned": 0.884493670886076, "share_rented": 0.11392405063291139, "share_rent_free": 0.0, "parking_constraint": 0.09652958633638181, "equity_proxy": 0.19789791685791838}, "geometry": {"type": "Polygon", "coordinates": [[[-3.1638997952166688, 51.50665299692219], [-3.168075275860332, 51.50550550314137], [-3.1663338301244295, 51.49924285986361], [-3.1742478285775833, 51.50272130368022], [-3.173437797822895, 51.50753500301394], [-3.1655755124161535, 51.507875064254264], [-3.1638997952166688, 51.50665299692219]]]}}, {"type": "Feature", "properties": {"LSOA21CD": "W01001828", "LSOA21NM": "Cardiff 024D", "LSOA21NMW": "Caerdydd 024D", "RUC21CD": "UN1", "RUC21NM": "Urban: Nearer to a major town or city", "population": 1607, "median_age": 48.1, "_lsoa_code": "W01001828", "wimd_rank": 1449.0, "wimd_decile": 8.0, "wimd_norm": 0.24109014675052412, "share_flats": 0.07753164556962025, "share_terraced": 0.13132911392405064, "share_dense_housing": 0.08386075949367089, "share_no_car": 0.11058451816745656, "share_owned": 0.9050632911392406, "share_rented": 0.09177215189873418, "share_rent_free": 0.0015822784810126582, "parking_constraint": 0.09229957805907174, "equity_proxy": 0.16669486240479792}, "geometry": {"type": "Polygon", "coordinates": [[[-3.140650750454039, 51.50577038889045], [-3.1498535929906955, 51.50030837668263], [-3.1565510293836394, 51.50099044578414], [-3.1559034849750867, 51.498723174968546], [-3.1593998754170385, 51.50194077377134], [-3.148893420554157, 51.50740715737155], [-3.1482278516945246, 51.50736271920184], [-3.143377456340681, 51.50809208359569], [-3.140650750454039, 51.50577038889045]]]}}, {"type": "Feature", "properties": {"LSOA21CD": "W01001829", "LSOA21NM": "Cardiff 033A", "LSOA21NMW": "Caerdydd 033A", "RUC21CD": "UN1", "RUC21NM": "Urban: Nearer to a major town or city", "population": 2313, "median_age": 25.3, "_lsoa_code": "W01001829", "wimd_rank": 1150.0, "wimd_decile": 7.0, "wimd_norm": 0.3977987421383648, "share_flats": 0.18092566619915848, "share_terraced": 0.5035063113604488, "share_dense_housing": 0.4277699859747546, "share_no_car": 0.4506258692628651, "share_owned": 0.2847222222222222, "share_rented": 0.7097222222222223, "share_rent_free": 0.001388888888888889, "parking_constraint": 0.39822944262635707, "equity_proxy": 0.39801409238236096}, "geometry": {"type": "Polygon", "coordinates": [[[-3.1654556112183565, 51.491529313259086], [-3.168540846288656, 51.48927012124043], [-3.171721388222272, 51.49253849973598], [-3.1687293615860193, 51.49338078575469], [-3.1654556112183565, 51.491529313259086]]]}}, {"type": "Feature", "properties": {"LSOA21CD": "W01001830", "LSOA21NM": "Cardiff 033B", "LSOA21NMW": "Caerdydd 033B", "RUC21CD": "UN1", "RUC21NM": "Urban: Nearer to a major town or city", "population": 1791, "median_age": 28.6, "_lsoa_code": "W01001830", "wimd_rank": 688.0, "wimd_decile": 4.0, "wimd_norm": 0.639937106918239, "share_flats": 0.2545045045045045, "share_terraced": 0.11148648648648649, "share_dense_housing": 0.8648648648648649, "share_no_car": 0.5112359550561798, "share_owned": 0.16478555304740405, "share_rented": 0.8340857787810384, "share_rent_free": 0.001128668171557562, "parking_constraint": 0.5066318575912255, "equity_proxy": 0.5732844822547323}, "geometry": {"type": "Polygon", "coordinates": [[[-3.1602948404697613, 51.49340887704847], [-3.1595006964777386, 51.4900375183377], [-3.1634291481444086, 51.49178709308878], [-3.164287965433474, 51.49274448003801], [-3.163594350727876, 51.494535974988636], [-3.1602948404697613, 51.49340887704847]]]}}, {"type": "Feature", "properties": {"LSOA21CD": "W01001831", "LSOA21NM": "Cardiff 030A", "LSOA21NMW": "Caerdydd 030A", "RUC21CD": "UN1", "RUC21NM": "Urban: Nearer to a major town or city", "population": 1738, "median_age": 29.3, "_lsoa_code": "W01001831", "wimd_rank": 1268.0, "wimd_decile": 7.0, "wimd_norm": 0.3359538784067086, "share_flats": 0.08079268292682927, "share_terraced": 0.7240853658536586, "share_dense_housing": 0.2301829268292683, "share_no_car": 0.32164634146341464, "share_owned": 0.49390243902439024, "share_rented": 0.4954268292682927, "share_rent_free": 0.003048780487804878, "parking_constraint": 0.31453252032520324, "equity_proxy": 0.3252431993659559}, "geometry": {"type": "Polygon", "coordinates": [[[-3.164884981147739, 51.495979154412304], [-3.163594350727876, 51.494535974988636], [-3.164287965433474, 51.49274448003801], [-3.1654556112183565, 51.491529313259086], [-3.1687293615860193, 51.49338078575469], [-3.168804496330953, 51.49521970866514], [-3.1659587325823755, 51.4963486410088], [-3.164884981147739, 51.495979154412304]]]}}, {"type": "Feature", "properties": {"LSOA21CD": "W01001832", "LSOA21NM": "Cardiff 033C", "LSOA21NMW": "Caerdydd 033C", "RUC21CD": "UN1", "RUC21NM": "Urban: Nearer to a major town or city", "population": 1850, "median_age": 24.2, "_lsoa_code": "W01001832", "wimd_rank": 481.0, "wimd_decile": 3.0, "wimd_norm": 0.7484276729559748, "share_flats": 0.3950310559006211, "share_terraced": 0.18012422360248448, "share_dense_housing": 0.7763975155279503, "share_no_car": 0.5570719602977667, "share_owned": 0.07444168734491315, "share_rented": 0.9181141439205955, "share_rent_free": 0.0024813895781637717, "parking_constraint": 0.5489162543861, "equity_proxy": 0.6486719636710374}, "geometry": {"type": "Polygon", "coordinates": [[[-3.168540846288656, 51.48927012124043], [-3.1686904600420016, 51.48697980140322], [-3.171957318698784, 51.48674102560165], [-3.173464421034457, 51.49137126184483], [-3.173721228666714, 51.49216747292536], [-3.171721388222272, 51.49253849973598], [-3.168540846288656, 51.48927012124043]]]}}, {"type": "Feature", "properties": {"LSOA21CD": "W01001833", "LSOA21NM": "Cardiff 033D", "LSOA21NMW": "Caerdydd 033D", "RUC21CD": "UN1", "RUC21NM": "Urban: Nearer to a major town or city", "population": 1693, "median_age": 34.7, "_lsoa_code": "W01001833", "wimd_rank": 1274.0, "wimd_decile": 7.0, "wimd_norm": 0.3328092243186583, "share_flats": 0.23857142857142857, "share_terraced": 0.30142857142857143, "share_dense_housing": 0.49714285714285716, "share_no_car": 0.330945558739255, "share_owned": 0.49570200573065903, "share_rented": 0.5, "share_rent_free": 0.0, "parking_constraint": 0.3721904761904762, "equity_proxy": 0.3524998502545672}, "geometry": {"type": "Polygon", "coordinates": [[[-3.1558009505743776, 51.49250866062483], [-3.154538378188012, 51.49146375383548], [-3.1596669531004586, 51.4873733230644], [-3.162235454755787, 51.48905005633697], [-3.1634291481444086, 51.49178709308878], [-3.1595006964777386, 51.4900375183377], [-3.1602948404697613, 51.49340887704847], [-3.1558009505743776, 51.49250866062483]]]}}, {"type": "Feature", "properties": {"LSOA21CD": "W01001834", "LSOA21NM": "Cardiff 033E", "LSOA21NMW": "Caerdydd 033E", "RUC21CD": "UN1", "RUC21NM": "Urban: Nearer to a major town or city", "population": 1828, "median_age": 28.5, "_lsoa_code": "W01001834", "wimd_rank": 878.0, "wimd_decile": 5.0, "wimd_norm": 0.540356394129979, "share_flats": 0.1134453781512605, "share_terraced": 0.696078431372549, "share_dense_housing": 0.21428571428571427, "share_no_car": 0.40336134453781514, "share_owned": 0.4215686274509804, "share_rented": 0.572829131652661, "share_rent_free": 0.0028011204481792717, "parking_constraint": 0.32483660130718955, "equity_proxy": 0.4325964977185843}, "geometry": {"type": "Polygon", "coordinates": [[[-3.1634291481444086, 51.49178709308878], [-3.162235454755787, 51.48905005633697], [-3.1686904600420016, 51.48697980140322], [-3.168540846288656, 51.48927012124043], [-3.1654556112183565, 51.491529313259086], [-3.164287965433474, 51.49274448003801], [-3.1634291481444086, 51.49178709308878]]]}}, {"type": "Feature", "properties": {"LSOA21CD": "W01001835", "LSOA21NM": "Cardiff 033F", "LSOA21NMW": "Caerdydd 033F", "RUC21CD": "UN1", "RUC21NM": "Urban: Nearer to a major town or city", "population": 2582, "median_age": 27.7, "_lsoa_code": "W01001835", "wimd_rank": 582.0, "wimd_decile": 4.0, "wimd_norm": 0.6954926624737946, "share_flats": 0.5705521472392638, "share_terraced": 0.1411042944785276, "share_dense_housing": 0.8098159509202454, "share_no_car": 0.5879345603271984, "share_owned": 0.2216547497446374, "share_rented": 0.7681307456588355, "share_rent_free": 0.005107252298263534, "parking_constraint": 0.59076099103672, "equity_proxy": 0.6431268267552572}, "geometry": {"type": "Polygon", "coordinates": [[[-3.1596669531004586, 51.4873733230644], [-3.1613258672729327, 51.486321626093655], [-3.1641564280916996, 51.48522736214885], [-3.1706575809177635, 51.48305083884238], [-3.1709816615503965, 51.48394511018424], [-3.171957318698784, 51.48674102560165], [-3.1686904600420016, 51.48697980140322], [-3.162235454755787, 51.48905005633697], [-3.1596669531004586, 51.4873733230644]]]}}, {"type": "Feature", "properties": {"LSOA21CD": "W01001836", "LSOA21NM": "Cardiff 030B", "LSOA21NMW": "Caerdydd 030B", "RUC21CD": "UN1", "RUC21NM": "Urban: Nearer to a major town or city", "population": 1355, "median_age": 30.5, "_lsoa_code": "W01001836", "wimd_rank": 1456.0, "wimd_decile": 8.0, "wimd_norm": 0.23742138364779874, "share_flats": 0.11195445920303605, "share_terraced": 0.4269449715370019, "share_dense_housing": 0.5104364326375711, "share_no_car": 0.2876190476190476, "share_owned": 0.4704761904761905, "share_rented": 0.5295238095238095, "share_rent_free": 0.0, "parking_constraint": 0.3634557995241107, "equity_proxy": 0.30043859158595476}, "geometry": {"type": "Polygon", "coordinates": [[[-3.1742478285775833, 51.50272130368022], [-3.1663338301244295, 51.49924285986361], [-3.163151274665114, 51.497936256524845], [-3.164884981147739, 51.495979154412304], [-3.1659587325823755, 51.4963486410088], [-3.17319927819881, 51.49848554640927], [-3.175808230945901, 51.498615458210956], [-3.175832913558314, 51.49869176137892], [-3.177354169708799, 51.50348414376502], [-3.1742478285775833, 51.50272130368022]]]}}, {"type": "Feature", "properties": {"LSOA21CD": "W01001837", "LSOA21NM": "Cardiff 030C", "LSOA21NMW": "Caerdydd 030C", "RUC21CD": "UN1", "RUC21NM": "Urban: Nearer to a major town or city", "population": 1593, "median_age": 25.0, "_lsoa_code": "W01001837", "wimd_rank": 505.0, "wimd_decile": 3.0, "wimd_norm": 0.7358490566037735, "share_flats": 0.2709551656920078, "share_terraced": 0.5185185185185185, "share_dense_housing": 0.4074074074074074, "share_no_car": 0.3684210526315789, "share_owned": 0.33528265107212474, "share_rented": 0.6549707602339181, "share_rent_free": 0.003898635477582846, "parking_constraint": 0.41715399610136455, "equity_proxy": 0.576501526352569}, "geometry": {"type": "Polygon", "coordinates": [[[-3.17319927819881, 51.49848554640927], [-3.172223577738924, 51.49699520429305], [-3.171721388222272, 51.49253849973598], [-3.173721228666714, 51.49216747292536], [-3.174194387091154, 51.4936339952113], [-3.174988216086567, 51.49602189704486], [-3.175808230945901, 51.498615458210956], [-3.17319927819881, 51.49848554640927]]]}}, {"type": "Feature", "properties": {"LSOA21CD": "W01001838", "LSOA21NM": "Cardiff 030D", "LSOA21NMW": "Caerdydd 030D", "RUC21CD": "UN1", "RUC21NM": "Urban: Nearer to a major town or city", "population": 1691, "median_age": 28.5, "_lsoa_code": "W01001838", "wimd_rank": 1428.0, "wimd_decile": 8.0, "wimd_norm": 0.2520964360587002, "share_flats": 0.03685897435897436, "share_terraced": 0.6842948717948718, "share_dense_housing": 0.23557692307692307, "share_no_car": 0.26121794871794873, "share_owned": 0.5409309791332263, "share_rented": 0.4590690208667737, "share_rent_free": 0.0, "parking_constraint": 0.28888014295317666, "equity_proxy": 0.2704882895059384}, "geometry": {"type": "Polygon", "coordinates": [[[-3.1659587325823755, 51.4963486410088], [-3.168804496330953, 51.49521970866514], [-3.172223577738924, 51.49699520429305], [-3.17319927819881, 51.49848554640927], [-3.1659587325823755, 51.4963486410088]]]}}, {"type": "Feature", "properties": {"LSOA21CD": "W01001839", "LSOA21NM": "Cardiff 030E", "LSOA21NMW": "Caerdydd 030E", "RUC21CD": "UN1", "RUC21NM": "Urban: Nearer to a major town or city", "population": 1634, "median_age": 27.4, "_lsoa_code": "W01001839", "wimd_rank": 1110.0, "wimd_decile": 6.0, "wimd_norm": 0.4187631027253669, "share_flats": 0.05804311774461028, "share_terraced": 0.7860696517412935, "share_dense_housing": 0.16749585406301823, "share_no_car": 0.32781456953642385, "share_owned": 0.4685430463576159, "share_rented": 0.5264900662251656, "share_rent_free": 0.0016556291390728477, "parking_constraint": 0.30259226311415693, "equity_proxy": 0.3606776829197619}, "geometry": {"type": "Polygon", "coordinates": [[[-3.168804496330953, 51.49521970866514], [-3.1687293615860193, 51.49338078575469], [-3.171721388222272, 51.49253849973598], [-3.172223577738924, 51.49699520429305], [-3.168804496330953, 51.49521970866514]]]}}, {"type": "Feature", "properties": {"LSOA21CD": "W01001840", "LSOA21NM": "Cardiff 007D", "LSOA21NMW": "Caerdydd 007D", "RUC21CD": "UN1", "RUC21NM": "Urban: Nearer to a major town or city", "population": 1999, "median_age": 42.3, "_lsoa_code": "W01001840", "wimd_rank": 1368.0, "wimd_decile": 8.0, "wimd_norm": 0.28354297693920333, "share_flats": 0.25795454545454544, "share_terraced": 0.1409090909090909, "share_dense_housing": 0.2715909090909091, "share_no_car": 0.27014755959137343, "share_owned": 0.5855039637599094, "share_rented": 0.41336353340883353, "share_rent_free": 0.0, "parking_constraint": 0.25981210748481415, "equity_proxy": 0.27167754221200874}, "geometry": {"type": "Polygon", "coordinates": [[[-3.102302073039395, 51.52997123873201], [-3.105828390979522, 51.528245725055385], [-3.1130764389579677, 51.52177643629929], [-3.1150440001799646, 51.52148125780463], [-3.1163604365225965, 51.5292052198867], [-3.117830900791535, 51.52975293315919], [-3.113086117394371, 51.52984605261082], [-3.11253447079017, 51.53270878056826], [-3.102302073039395, 51.52997123873201]]]}}, {"type": "Feature", "properties": {"LSOA21CD": "W01001841", "LSOA21NM": "Cardiff 003A", "LSOA21NMW": "Caerdydd 003A", "RUC21CD": "UN1", "RUC21NM": "Urban: Nearer to a major town or city", "population": 1866, "median_age": 42.4, "_lsoa_code": "W01001841", "wimd_rank": 1808.0, "wimd_decile": 10.0, "wimd_norm": 0.05293501048218029, "share_flats": 0.0, "share_terraced": 0.09370816599732262, "share_dense_housing": 0.0, "share_no_car": 0.0535475234270415, "share_owned": 0.7737617135207496, "share_rented": 0.21686746987951808, "share_rent_free": 0.0, "parking_constraint": 0.04765729585006694, "equity_proxy": 0.05029615316612362}, "geometry": {"type": "Polygon", "coordinates": [[[-3.1417608281991, 51.53368207749163], [-3.153398409896039, 51.530542718028954], [-3.1576945509493393, 51.531383762009774], [-3.159426337139889, 51.53879690302445], [-3.149099617254164, 51.54280917466267], [-3.152062981886543, 51.545499859066226], [-3.142919393794836, 51.54418854037313], [-3.1419724646291023, 51.53781801090712], [-3.145618165857946, 51.53715314072962], [-3.1417608281991, 51.53368207749163]]]}}, {"type": "Feature", "properties": {"LSOA21CD": "W01001842", "LSOA21NM": "Cardiff 003B", "LSOA21NMW": "Caerdydd 003B", "RUC21CD": "UN1", "RUC21NM": "Urban: Nearer to a major town or city", "population": 1779, "median_age": 36.0, "_lsoa_code": "W01001842", "wimd_rank": 1768.0, "wimd_decile": 10.0, "wimd_norm": 0.07389937106918239, "share_flats": 0.05898491083676269, "share_terraced": 0.3347050754458162, "share_dense_housing": 0.06035665294924554, "share_no_car": 0.06703146374829001, "share_owned": 0.6813186813186813, "share_rented": 0.3159340659340659, "share_rent_free": 0.0, "parking_constraint": 0.1488460784757081, "equity_proxy": 0.11137272477244525}, "geometry": {"type": "Polygon", "coordinates": [[[-3.118890473574065, 51.54570167580057], [-3.1186309901301854, 51.54500728687987], [-3.1190761927157498, 51.541401750059656], [-3.1288570683793178, 51.54155500199445], [-3.1280211416788966, 51.53835166326041], [-3.127198288375698, 51.53652977705743], [-3.131948220072263, 51.53314947021161], [-3.13241074580504, 51.53796672642761], [-3.136051950426122, 51.535972078059544], [-3.1417608281991, 51.53368207749163], [-3.145618165857946, 51.53715314072962], [-3.1419724646291023, 51.53781801090712], [-3.142919393794836, 51.54418854037313], [-3.152062981886543, 51.545499859066226], [-3.1557574068987893, 51.547902514142336], [-3.1525852576666864, 51.551641581676485], [-3.14451064165814, 51.55538615864099], [-3.118890473574065, 51.54570167580057]]]}}, {"type": "Feature", "properties": {"LSOA21CD": "W01001844", "LSOA21NM": "Cardiff 003D", "LSOA21NMW": "Caerdydd 003D", "RUC21CD": "UN1", "RUC21NM": "Urban: Nearer to a major town or city", "population": 1876, "median_age": 41.1, "_lsoa_code": "W01001844", "wimd_rank": 1853.0, "wimd_decile": 10.0, "wimd_norm": 0.029350104821802937, "share_flats": 0.1762632197414806, "share_terraced": 0.14806110458284372, "share_dense_housing": 0.1797884841363102, "share_no_car": 0.12323943661971831, "share_owned": 0.6341176470588236, "share_rented": 0.34823529411764703, "share_rent_free": 0.0, "parking_constraint": 0.1947274947581853, "equity_proxy": 0.11203879978999412}, "geometry": {"type": "Polygon", "coordinates": [[[-3.1336106793213343, 51.52797145655352], [-3.14398734367732, 51.53051691841167], [-3.149733762418144, 51.53037531782419], [-3.153398409896039, 51.530542718028954], [-3.1417608281991, 51.53368207749163], [-3.136051950426122, 51.535972078059544], [-3.1336106793213343, 51.52797145655352]]]}}, {"type": "Feature", "properties": {"LSOA21CD": "W01001846", "LSOA21NM": "Cardiff 006C", "LSOA21NMW": "Caerdydd 006C", "RUC21CD": "UN1", "RUC21NM": "Urban: Nearer to a major town or city", "population": 1677, "median_age": 42.9, "_lsoa_code": "W01001846", "wimd_rank": 1053.0, "wimd_decile": 6.0, "wimd_norm": 0.44863731656184486, "share_flats": 0.0352760736196319, "share_terraced": 0.1196319018404908, "share_dense_housing": 0.04294478527607362, "share_no_car": 0.05837173579109063, "share_owned": 0.8514548238897397, "share_rented": 0.14854517611026033, "share_rent_free": 0.0, "parking_constraint": 0.06980602348136804, "equity_proxy": 0.25922167002160645}, "geometry": {"type": "Polygon", "coordinates": [[[-3.2722027782565744, 51.52395207279269], [-3.2752898286188126, 51.52701364399579], [-3.269880882067496, 51.530026680575176], [-3.2636611421112556, 51.53124610097968], [-3.2660936374399947, 51.528098601728885], [-3.259947353758986, 51.52945363760108], [-3.2556184617976456, 51.52538239564483], [-3.2644168757676244, 51.525652631292715], [-3.2651662783357405, 51.519341644258844], [-3.2722027782565744, 51.52395207279269]]]}}, {"type": "Feature", "properties": {"LSOA21CD": "W01001847", "LSOA21NM": "Cardiff 006D", "LSOA21NMW": "Caerdydd 006D", "RUC21CD": "UN1", "RUC21NM": "Urban: Nearer to a major town or city", "population": 1581, "median_age": 52.6, "_lsoa_code": "W01001847", "wimd_rank": 1544.0, "wimd_decile": 9.0, "wimd_norm": 0.19129979035639413, "share_flats": 0.029780564263322883, "share_terraced": 0.006269592476489028, "share_dense_housing": 0.03605015673981191, "share_no_car": 0.0546875, "share_owned": 0.9388714733542319, "share_rented": 0.061128526645768025, "share_rent_free": 0.0, "parking_constraint": 0.03134796238244514, "equity_proxy": 0.11132387636941964}, "geometry": {"type": "Polygon", "coordinates": [[[-3.253206365871843, 51.52545905343376], [-3.2552010467268784, 51.52195039871375], [-3.259659642597523, 51.52360624314901], [-3.2579679503033563, 51.51868469369331], [-3.2638177603248995, 51.51928680469627], [-3.261974215864552, 51.517247524565136], [-3.275385680491533, 51.521124145348125], [-3.2722027782565744, 51.52395207279269], [-3.2651662783357405, 51.519341644258844], [-3.2644168757676244, 51.525652631292715], [-3.2556184617976456, 51.52538239564483], [-3.259947353758986, 51.52945363760108], [-3.2660936374399947, 51.528098601728885], [-3.2636611421112556, 51.53124610097968], [-3.2576192506170307, 51.532755719634686], [-3.253206365871843, 51.52545905343376]]]}}, {"type": "Feature", "properties": {"LSOA21CD": "W01001848", "LSOA21NM": "Cardiff 012B", "LSOA21NMW": "Caerdydd 012B", "RUC21CD": "UN1", "RUC21NM": "Urban: Nearer to a major town or city", "population": 1474, "median_age": 43.0, "_lsoa_code": "W01001848", "wimd_rank": 1819.0, "wimd_decile": 10.0, "wimd_norm": 0.04716981132075472, "share_flats": 0.018121911037891267, "share_terraced": 0.2883031301482702, "share_dense_housing": 0.019769357495881382, "share_no_car": 0.11532125205930807, "share_owned": 0.9254966887417219, "share_rented": 0.0728476821192053, "share_rent_free": 0.0, "parking_constraint": 0.08000407315680563, "equity_proxy": 0.06358694223878017}, "geometry": {"type": "Polygon", "coordinates": [[[-3.202312169654736, 51.524282058291014], [-3.201689280879418, 51.52151884459521], [-3.20125567624701, 51.519424476150476], [-3.208546843928514, 51.51866084292236], [-3.2146282521325076, 51.51730276966535], [-3.209946571748548, 51.52002670979476], [-3.2026310192186886, 51.525506325293584], [-3.202312169654736, 51.524282058291014]]]}}, {"type": "Feature", "properties": {"LSOA21CD": "W01001849", "LSOA21NM": "Cardiff 004A", "LSOA21NMW": "Caerdydd 004A", "RUC21CD": "UN1", "RUC21NM": "Urban: Nearer to a major town or city", "population": 1566, "median_age": 46.5, "_lsoa_code": "W01001849", "wimd_rank": 1231.0, "wimd_decile": 7.0, "wimd_norm": 0.3553459119496855, "share_flats": 0.06191950464396285, "share_terraced": 0.015479876160990712, "share_dense_housing": 0.07120743034055728, "share_no_car": 0.08204334365325078, "share_owned": 0.90527950310559, "share_rented": 0.09472049689440994, "share_rent_free": 0.0, "parking_constraint": 0.06010101981295951, "equity_proxy": 0.2077234658813225}, "geometry": {"type": "Polygon", "coordinates": [[[-3.217924111930176, 51.526037027297726], [-3.227356463613656, 51.522629726453786], [-3.2374270101656575, 51.52628699847649], [-3.2317650772778466, 51.53005882705791], [-3.2345552866445644, 51.53305930767184], [-3.227512737363407, 51.53596512786923], [-3.2302831554668776, 51.54003181418774], [-3.2227529591443047, 51.53332326900542], [-3.227195282409648, 51.53231821461175], [-3.2270041039997155, 51.52850371841166], [-3.217924111930176, 51.526037027297726]]]}}, {"type": "Feature", "properties": {"LSOA21CD": "W01001850", "LSOA21NM": "Cardiff 012C", "LSOA21NMW": "Caerdydd 012C", "RUC21CD": "UN1", "RUC21NM": "Urban: Nearer to a major town or city", "population": 1927, "median_age": 49.4, "_lsoa_code": "W01001850", "wimd_rank": 1896.0, "wimd_decile": 10.0, "wimd_norm": 0.006813417190775681, "share_flats": 0.016602809706257982, "share_terraced": 0.016602809706257982, "share_dense_housing": 0.04342273307790549, "share_no_car": 0.09541984732824428, "share_owned": 0.8969465648854962, "share_rented": 0.1005089058524173, "share_rent_free": 0.001272264631043257, "parking_constraint": 0.03673026364962839, "equity_proxy": 0.021771840420202037}, "geometry": {"type": "Polygon", "coordinates": [[[-3.203611102126371, 51.52676791046812], [-3.2028445061790127, 51.52630481207062], [-3.2026310192186886, 51.525506325293584], [-3.209946571748548, 51.52002670979476], [-3.220742015272052, 51.52378306237717], [-3.214717107884037, 51.52486924246679], [-3.2168036542382112, 51.52665943687071], [-3.2174786240626645, 51.5271652204172], [-3.203611102126371, 51.52676791046812]]]}}, {"type": "Feature", "properties": {"LSOA21CD": "W01001851", "LSOA21NM": "Cardiff 012D", "LSOA21NMW": "Caerdydd 012D", "RUC21CD": "UN1", "RUC21NM": "Urban: Nearer to a major town or city", "population": 1579, "median_age": 50.3, "_lsoa_code": "W01001851", "wimd_rank": 1576.0, "wimd_decile": 9.0, "wimd_norm": 0.17452830188679244, "share_flats": 0.19915254237288135, "share_terraced": 0.1440677966101695, "share_dense_housing": 0.21045197740112995, "share_no_car": 0.1763046544428773, "share_owned": 0.7633802816901408, "share_rented": 0.2352112676056338, "share_rent_free": 0.0, "parking_constraint": 0.1967099015941222, "equity_proxy": 0.18561910174045732}, "geometry": {"type": "Polygon", "coordinates": [[[-3.209946571748548, 51.52002670979476], [-3.2146282521325076, 51.51730276966535], [-3.2168291941648732, 51.51700167536239], [-3.2177258139385487, 51.51741123581854], [-3.2241061943067733, 51.520733741510476], [-3.227356463613656, 51.522629726453786], [-3.217924111930176, 51.526037027297726], [-3.2168036542382112, 51.52665943687071], [-3.214717107884037, 51.52486924246679], [-3.220742015272052, 51.52378306237717], [-3.209946571748548, 51.52002670979476]]]}}, {"type": "Feature", "properties": {"LSOA21CD": "W01001852", "LSOA21NM": "Cardiff 004B", "LSOA21NMW": "Caerdydd 004B", "RUC21CD": "UN1", "RUC21NM": "Urban: Nearer to a major town or city", "population": 1935, "median_age": 47.6, "_lsoa_code": "W01001852", "wimd_rank": 1743.0, "wimd_decile": 10.0, "wimd_norm": 0.0870020964360587, "share_flats": 0.0, "share_terraced": 0.036585365853658534, "share_dense_housing": 0.005420054200542005, "share_no_car": 0.06224627875507442, "share_owned": 0.926829268292683, "share_rented": 0.07181571815718157, "share_rent_free": 0.0, "parking_constraint": 0.01869918699186992, "equity_proxy": 0.05285064171396431}, "geometry": {"type": "Polygon", "coordinates": [[[-3.215884074005441, 51.55134987862389], [-3.2096725317408747, 51.54994660151317], [-3.2066023845913745, 51.54273108062185], [-3.2065679034431667, 51.53883537046783], [-3.2062440864510293, 51.53456985176477], [-3.21242476698829, 51.53439541390481], [-3.213164712631947, 51.53179994325471], [-3.216413316889495, 51.532252107723096], [-3.2174786240626645, 51.5271652204172], [-3.2168036542382112, 51.52665943687071], [-3.217924111930176, 51.526037027297726], [-3.2270041039997155, 51.52850371841166], [-3.227195282409648, 51.53231821461175], [-3.2227529591443047, 51.53332326900542], [-3.2302831554668776, 51.54003181418774], [-3.227750217283267, 51.54968700414476], [-3.215228171798343, 51.553199746141274], [-3.215884074005441, 51.55134987862389]]]}}, {"type": "Feature", "properties": {"LSOA21CD": "W01001853", "LSOA21NM": "Cardiff 004C", "LSOA21NMW": "Caerdydd 004C", "RUC21CD": "UN1", "RUC21NM": "Urban: Nearer to a major town or city", "population": 1627, "median_age": 51.3, "_lsoa_code": "W01001853", "wimd_rank": 1841.0, "wimd_decile": 10.0, "wimd_norm": 0.03563941299790356, "share_flats": 0.20662251655629138, "share_terraced": 0.0026490066225165563, "share_dense_housing": 0.22251655629139072, "share_no_car": 0.15384615384615385, "share_owned": 0.8837516512549538, "share_rented": 0.11624834874504623, "share_rent_free": 0.0, "parking_constraint": 0.15907593877307016, "equity_proxy": 0.09735767588548686}, "geometry": {"type": "Polygon", "coordinates": [[[-3.205284185984295, 51.53262240269136], [-3.202660026736034, 51.52937313413017], [-3.2028445061790127, 51.52630481207062], [-3.203611102126371, 51.52676791046812], [-3.2039506776602735, 51.52916946161754], [-3.2040674647772094, 51.529995346704176], [-3.2042569837530785, 51.52996264236044], [-3.2133118952058464, 51.528399685260766], [-3.213164712631947, 51.53179994325471], [-3.21242476698829, 51.53439541390481], [-3.2062440864510293, 51.53456985176477], [-3.205284185984295, 51.53262240269136]]]}}, {"type": "Feature", "properties": {"LSOA21CD": "W01001854", "LSOA21NM": "Cardiff 004D", "LSOA21NMW": "Caerdydd 004D", "RUC21CD": "UN1", "RUC21NM": "Urban: Nearer to a major town or city", "population": 1616, "median_age": 59.1, "_lsoa_code": "W01001854", "wimd_rank": 1724.0, "wimd_decile": 10.0, "wimd_norm": 0.09696016771488469, "share_flats": 0.3103015075376884, "share_terraced": 0.114321608040201, "share_dense_housing": 0.31532663316582915, "share_no_car": 0.20100502512562815, "share_owned": 0.8982412060301508, "share_rented": 0.09798994974874371, "share_rent_free": 0.0, "parking_constraint": 0.24447236180904522, "equity_proxy": 0.17071626476196494}, "geometry": {"type": "Polygon", "coordinates": [[[-3.213164712631947, 51.53179994325471], [-3.2133118952058464, 51.528399685260766], [-3.2042569837530785, 51.52996264236044], [-3.2040674647772094, 51.529995346704176], [-3.2039506776602735, 51.52916946161754], [-3.203611102126371, 51.52676791046812], [-3.2174786240626645, 51.5271652204172], [-3.216413316889495, 51.532252107723096], [-3.213164712631947, 51.53179994325471]]]}}, {"type": "Feature", "properties": {"LSOA21CD": "W01001855", "LSOA21NM": "Cardiff 042A", "LSOA21NMW": "Caerdydd 042A", "RUC21CD": "UN1", "RUC21NM": "Urban: Nearer to a major town or city", "population": 1816, "median_age": 32.7, "_lsoa_code": "W01001855", "wimd_rank": 674.0, "wimd_decile": 4.0, "wimd_norm": 0.6472746331236897, "share_flats": 0.18086696562032886, "share_terraced": 0.5366218236173393, "share_dense_housing": 0.2884902840059791, "share_no_car": 0.44029850746268656, "share_owned": 0.4170403587443946, "share_rented": 0.5754857997010463, "share_rent_free": 0.004484304932735426, "parking_constraint": 0.34050822122571006, "equity_proxy": 0.4938914271746999}, "geometry": {"type": "Polygon", "coordinates": [[[-3.191704494046429, 51.47839326270715], [-3.189708486797912, 51.47614399850423], [-3.1944216095690847, 51.47658601177058], [-3.195101855186215, 51.47662029649752], [-3.198254281397495, 51.47927921192596], [-3.1927959591129054, 51.47939471502564], [-3.191704494046429, 51.47839326270715]]]}}, {"type": "Feature", "properties": {"LSOA21CD": "W01001856", "LSOA21NM": "Cardiff 042B", "LSOA21NMW": "Caerdydd 042B", "RUC21CD": "UN1", "RUC21NM": "Urban: Nearer to a major town or city", "population": 1753, "median_age": 31.2, "_lsoa_code": "W01001856", "wimd_rank": 545.0, "wimd_decile": 3.0, "wimd_norm": 0.7148846960167715, "share_flats": 0.3713450292397661, "share_terraced": 0.3333333333333333, "share_dense_housing": 0.6067251461988304, "share_no_car": 0.5021897810218978, "share_owned": 0.34992679355783307, "share_rented": 0.6500732064421669, "share_rent_free": 0.0, "parking_constraint": 0.47936648600515447, "equity_proxy": 0.597125591010963}, "geometry": {"type": "Polygon", "coordinates": [[[-3.182228337531312, 51.47559169382927], [-3.189708486797912, 51.47614399850423], [-3.191704494046429, 51.47839326270715], [-3.1881033515849455, 51.477182142387655], [-3.1858009426468135, 51.481074116866935], [-3.182228337531312, 51.47559169382927]]]}}, {"type": "Feature", "properties": {"LSOA21CD": "W01001857", "LSOA21NM": "Cardiff 042C", "LSOA21NMW": "Caerdydd 042C", "RUC21CD": "UN1", "RUC21NM": "Urban: Nearer to a major town or city", "population": 2185, "median_age": 32.5, "_lsoa_code": "W01001857", "wimd_rank": 576.0, "wimd_decile": 4.0, "wimd_norm": 0.6986373165618449, "share_flats": 0.43805309734513276, "share_terraced": 0.3694690265486726, "share_dense_housing": 0.5, "share_no_car": 0.4811946902654867, "share_owned": 0.3314917127071823, "share_rented": 0.6541436464088398, "share_rent_free": 0.009944751381215469, "parking_constraint": 0.4737973239459574, "equity_proxy": 0.5862173202539012}, "geometry": {"type": "Polygon", "coordinates": [[[-3.1927959591129054, 51.47939471502564], [-3.198254281397495, 51.47927921192596], [-3.195101855186215, 51.47662029649752], [-3.2017211826431304, 51.47737327115972], [-3.2012046292463614, 51.48114367028714], [-3.190055367637192, 51.48251113946768], [-3.1927959591129054, 51.47939471502564]]]}}, {"type": "Feature", "properties": {"LSOA21CD": "W01001858", "LSOA21NM": "Cardiff 034A", "LSOA21NMW": "Caerdydd 034A", "RUC21CD": "UN1", "RUC21NM": "Urban: Nearer to a major town or city", "population": 1526, "median_age": 41.9, "_lsoa_code": "W01001858", "wimd_rank": 1235.0, "wimd_decile": 7.0, "wimd_norm": 0.3532494758909853, "share_flats": 0.15258215962441316, "share_terraced": 0.39436619718309857, "share_dense_housing": 0.4988262910798122, "share_no_car": 0.3064327485380117, "share_owned": 0.5234192037470726, "share_rented": 0.47423887587822017, "share_rent_free": 0.00117096018735363, "parking_constraint": 0.3592412397884575, "equity_proxy": 0.35624535783972144}, "geometry": {"type": "Polygon", "coordinates": [[[-3.1959013966729457, 51.49534743603795], [-3.1918233257924693, 51.488847584597906], [-3.19429907915068, 51.48550754748611], [-3.198405669425217, 51.486943186757635], [-3.2020295826681378, 51.48833744371029], [-3.206721084700728, 51.48850502206753], [-3.213956903017311, 51.49211614702557], [-3.2093724573138998, 51.49699879269798], [-3.1959013966729457, 51.49534743603795]]]}}, {"type": "Feature", "properties": {"LSOA21CD": "W01001859", "LSOA21NM": "Cardiff 034B", "LSOA21NMW": "Caerdydd 034B", "RUC21CD": "UN1", "RUC21NM": "Urban: Nearer to a major town or city", "population": 1539, "median_age": 39.4, "_lsoa_code": "W01001859", "wimd_rank": 1621.0, "wimd_decile": 9.0, "wimd_norm": 0.1509433962264151, "share_flats": 0.2025974025974026, "share_terraced": 0.45324675324675323, "share_dense_housing": 0.4623376623376623, "share_no_car": 0.23575129533678757, "share_owned": 0.5445161290322581, "share_rented": 0.45161290322580644, "share_rent_free": 0.0, "parking_constraint": 0.3725094260578132, "equity_proxy": 0.26172641114211415}, "geometry": {"type": "Polygon", "coordinates": [[[-3.2020295826681378, 51.48833744371029], [-3.199371612501, 51.485158898640215], [-3.203451788774836, 51.484385975879306], [-3.205960586415463, 51.4865521159617], [-3.2072258385487094, 51.48839517589776], [-3.206721084700728, 51.48850502206753], [-3.2020295826681378, 51.48833744371029]]]}}, {"type": "Feature", "properties": {"LSOA21CD": "W01001860", "LSOA21NM": "Cardiff 034C", "LSOA21NMW": "Caerdydd 034C", "RUC21CD": "UN1", "RUC21NM": "Urban: Nearer to a major town or city", "population": 1721, "median_age": 35.2, "_lsoa_code": "W01001860", "wimd_rank": 1678.0, "wimd_decile": 9.0, "wimd_norm": 0.12106918238993711, "share_flats": 0.07958921694480103, "share_terraced": 0.6546854942233633, "share_dense_housing": 0.2593068035943517, "share_no_car": 0.2422680412371134, "share_owned": 0.61003861003861, "share_rented": 0.38738738738738737, "share_rent_free": 0.0, "parking_constraint": 0.2955540906760419, "equity_proxy": 0.2083116365329895}, "geometry": {"type": "Polygon", "coordinates": [[[-3.198405669425217, 51.486943186757635], [-3.196015937971408, 51.48324054584215], [-3.20200359958008, 51.48189448544255], [-3.2020287859436523, 51.48198047801166], [-3.203451788774836, 51.484385975879306], [-3.199371612501, 51.485158898640215], [-3.2020295826681378, 51.48833744371029], [-3.198405669425217, 51.486943186757635]]]}}, {"type": "Feature", "properties": {"LSOA21CD": "W01001861", "LSOA21NM": "Cardiff 034D", "LSOA21NMW": "Caerdydd 034D", "RUC21CD": "UN1", "RUC21NM": "Urban: Nearer to a major town or city", "population": 1679, "median_age": 34.0, "_lsoa_code": "W01001861", "wimd_rank": 1484.0, "wimd_decile": 8.0, "wimd_norm": 0.22274633123689727, "share_flats": 0.22192513368983957, "share_terraced": 0.39705882352941174, "share_dense_housing": 0.536096256684492, "share_no_car": 0.29624664879356566, "share_owned": 0.484, "share_rented": 0.5146666666666667, "share_rent_free": 0.0, "parking_constraint": 0.40070778371954846, "equity_proxy": 0.3117270574782229}, "geometry": {"type": "Polygon", "coordinates": [[[-3.1876158437988367, 51.48350067343154], [-3.190055367637192, 51.48251113946768], [-3.2012046292463614, 51.48114367028714], [-3.20200359958008, 51.48189448544255], [-3.196015937971408, 51.48324054584215], [-3.198405669425217, 51.486943186757635], [-3.19429907915068, 51.48550754748611], [-3.1918233257924693, 51.488847584597906], [-3.1876158437988367, 51.48350067343154]]]}}, {"type": "Feature", "properties": {"LSOA21CD": "W01001862", "LSOA21NM": "Cardiff 042D", "LSOA21NMW": "Caerdydd 042D", "RUC21CD": "UN1", "RUC21NM": "Urban: Nearer to a major town or city", "population": 2027, "median_age": 30.6, "_lsoa_code": "W01001862", "wimd_rank": 430.0, "wimd_decile": 3.0, "wimd_norm": 0.7751572327044025, "share_flats": 0.17871222076215507, "share_terraced": 0.3639947437582129, "share_dense_housing": 0.5479632063074902, "share_no_car": 0.4782608695652174, "share_owned": 0.3276089828269485, "share_rented": 0.6684280052840158, "share_rent_free": 0.001321003963011889, "parking_constraint": 0.4041478251460598, "equity_proxy": 0.5896525289252311}, "geometry": {"type": "Polygon", "coordinates": [[[-3.1858009426468135, 51.481074116866935], [-3.1881033515849455, 51.477182142387655], [-3.191704494046429, 51.47839326270715], [-3.1927959591129054, 51.47939471502564], [-3.190055367637192, 51.48251113946768], [-3.1876158437988367, 51.48350067343154], [-3.1858009426468135, 51.481074116866935]]]}}, {"type": "Feature", "properties": {"LSOA21CD": "W01001863", "LSOA21NM": "Cardiff 022A", "LSOA21NMW": "Caerdydd 022A", "RUC21CD": "UN1", "RUC21NM": "Urban: Nearer to a major town or city", "population": 1516, "median_age": 44.7, "_lsoa_code": "W01001863", "wimd_rank": 1746.0, "wimd_decile": 10.0, "wimd_norm": 0.08542976939203355, "share_flats": 0.09457364341085271, "share_terraced": 0.2, "share_dense_housing": 0.12868217054263567, "share_no_car": 0.20031055900621117, "share_owned": 0.7542768273716952, "share_rented": 0.23483670295489892, "share_rent_free": 0.007776049766718507, "parking_constraint": 0.14573016504514932, "equity_proxy": 0.11557996721859143}, "geometry": {"type": "Polygon", "coordinates": [[[-3.120124952553995, 51.5062450999878], [-3.1174874098684366, 51.505857008218705], [-3.1215720619251264, 51.504545392347055], [-3.1189442501725644, 51.50104620901042], [-3.1250185973372653, 51.499631535033195], [-3.1294899539787355, 51.50313177377276], [-3.130092336717758, 51.50694521985736], [-3.120124952553995, 51.5062450999878]]]}}, {"type": "Feature", "properties": {"LSOA21CD": "W01001864", "LSOA21NM": "Cardiff 022B", "LSOA21NMW": "Caerdydd 022B", "RUC21CD": "UN1", "RUC21NM": "Urban: Nearer to a major town or city", "population": 1513, "median_age": 48.5, "_lsoa_code": "W01001864", "wimd_rank": 1627.0, "wimd_decile": 9.0, "wimd_norm": 0.14779874213836477, "share_flats": 0.1056782334384858, "share_terraced": 0.1056782334384858, "share_dense_housing": 0.12618296529968454, "share_no_car": 0.15689381933438987, "share_owned": 0.8571428571428571, "share_rented": 0.1380952380952381, "share_rent_free": 0.0, "parking_constraint": 0.11683541134645235, "equity_proxy": 0.13231707674240856}, "geometry": {"type": "Polygon", "coordinates": [[[-3.130092336717758, 51.50694521985736], [-3.1294899539787355, 51.50313177377276], [-3.14005202842105, 51.50392721673762], [-3.139481929243688, 51.50516586469313], [-3.1271065363877444, 51.51167861042522], [-3.1260682371513737, 51.51244932234672], [-3.130092336717758, 51.50694521985736]]]}}, {"type": "Feature", "properties": {"LSOA21CD": "W01001865", "LSOA21NM": "Cardiff 022C", "LSOA21NMW": "Caerdydd 022C", "RUC21CD": "UN1", "RUC21NM": "Urban: Nearer to a major town or city", "population": 1287, "median_age": 44.5, "_lsoa_code": "W01001865", "wimd_rank": 1487.0, "wimd_decile": 8.0, "wimd_norm": 0.22117400419287211, "share_flats": 0.025193798449612403, "share_terraced": 0.08333333333333333, "share_dense_housing": 0.03294573643410853, "share_no_car": 0.10444874274661509, "share_owned": 0.8730769230769231, "share_rented": 0.125, "share_rent_free": 0.0, "parking_constraint": 0.05271317829457365, "equity_proxy": 0.13694359124372288}, "geometry": {"type": "Polygon", "coordinates": [[[-3.1294899539787355, 51.50313177377276], [-3.1250185973372653, 51.499631535033195], [-3.1189442501725644, 51.50104620901042], [-3.1102018116570846, 51.49575875325944], [-3.11374140095079, 51.49275107314448], [-3.113955325952526, 51.49277307956592], [-3.1213196146299844, 51.49050981717467], [-3.121979096858071, 51.489496441185736], [-3.131706218100244, 51.49164094915222], [-3.129660076765119, 51.49561603955276], [-3.1360521588506174, 51.498043945503426], [-3.139464345345576, 51.50100874547028], [-3.14005202842105, 51.50392721673762], [-3.1294899539787355, 51.50313177377276]]]}}, {"type": "Feature", "properties": {"LSOA21CD": "W01001866", "LSOA21NM": "Cardiff 016A", "LSOA21NMW": "Caerdydd 016A", "RUC21CD": "UN1", "RUC21NM": "Urban: Nearer to a major town or city", "population": 1971, "median_age": 40.1, "_lsoa_code": "W01001866", "wimd_rank": 875.0, "wimd_decile": 5.0, "wimd_norm": 0.5419287211740041, "share_flats": 0.1903323262839879, "share_terraced": 0.09063444108761329, "share_dense_housing": 0.19637462235649547, "share_no_car": 0.24474474474474475, "share_owned": 0.581570996978852, "share_rented": 0.41540785498489424, "share_rent_free": 0.0015105740181268882, "parking_constraint": 0.202416918429003, "equity_proxy": 0.3721728198015036}, "geometry": {"type": "Polygon", "coordinates": [[[-3.112903867383345, 51.52158030240903], [-3.112941642053015, 51.516956028750215], [-3.1134161544341405, 51.51134376914], [-3.113659254395404, 51.51110264395648], [-3.119117928695527, 51.51218110391204], [-3.116799181456082, 51.51437944033273], [-3.1226646936560494, 51.51305901357995], [-3.1249880187431867, 51.513380013452554], [-3.11662273668428, 51.51902721316191], [-3.1150440001799646, 51.52148125780463], [-3.1130764389579677, 51.52177643629929], [-3.112903867383345, 51.52158030240903]]]}}, {"type": "Feature", "properties": {"LSOA21CD": "W01001867", "LSOA21NM": "Cardiff 016B", "LSOA21NMW": "Caerdydd 016B", "RUC21CD": "UN1", "RUC21NM": "Urban: Nearer to a major town or city", "population": 1507, "median_age": 32.6, "_lsoa_code": "W01001867", "wimd_rank": 656.0, "wimd_decile": 4.0, "wimd_norm": 0.6567085953878407, "share_flats": 0.14495412844036698, "share_terraced": 0.1889908256880734, "share_dense_housing": 0.14678899082568808, "share_no_car": 0.27522935779816515, "share_owned": 0.4680073126142596, "share_rented": 0.5228519195612431, "share_rent_free": 0.005484460694698354, "parking_constraint": 0.20475946083446547, "equity_proxy": 0.4307340281111531}, "geometry": {"type": "Polygon", "coordinates": [[[-3.113659254395404, 51.51110264395648], [-3.1174874098684366, 51.505857008218705], [-3.120124952553995, 51.5062450999878], [-3.1226646936560494, 51.51305901357995], [-3.116799181456082, 51.51437944033273], [-3.119117928695527, 51.51218110391204], [-3.113659254395404, 51.51110264395648]]]}}, {"type": "Feature", "properties": {"LSOA21CD": "W01001868", "LSOA21NM": "Cardiff 022D", "LSOA21NMW": "Caerdydd 022D", "RUC21CD": "UN1", "RUC21NM": "Urban: Nearer to a major town or city", "population": 1584, "median_age": 36.7, "_lsoa_code": "W01001868", "wimd_rank": 1468.0, "wimd_decile": 8.0, "wimd_norm": 0.23113207547169812, "share_flats": 0.11538461538461539, "share_terraced": 0.10033444816053512, "share_dense_housing": 0.12207357859531773, "share_no_car": 0.24207011686143573, "share_owned": 0.5859766277128547, "share_rented": 0.4073455759599332, "share_rent_free": 0.005008347245409015, "parking_constraint": 0.1535323644200758, "equity_proxy": 0.19233221994588695}, "geometry": {"type": "Polygon", "coordinates": [[[-3.1226646936560494, 51.51305901357995], [-3.120124952553995, 51.5062450999878], [-3.130092336717758, 51.50694521985736], [-3.1260682371513737, 51.51244932234672], [-3.1249880187431867, 51.513380013452554], [-3.1226646936560494, 51.51305901357995]]]}}, {"type": "Feature", "properties": {"LSOA21CD": "W01001869", "LSOA21NM": "Cardiff 038A", "LSOA21NMW": "Caerdydd 038A", "RUC21CD": "UN1", "RUC21NM": "Urban: Nearer to a major town or city", "population": 1469, "median_age": 37.4, "_lsoa_code": "W01001869", "wimd_rank": 1276.0, "wimd_decile": 7.0, "wimd_norm": 0.33176100628930816, "share_flats": 0.030944625407166124, "share_terraced": 0.7980456026058632, "share_dense_housing": 0.1237785016286645, "share_no_car": 0.3134087237479806, "share_owned": 0.592891760904685, "share_rented": 0.40226171243941844, "share_rent_free": 0.004846526655896607, "parking_constraint": 0.2648183911917053, "equity_proxy": 0.2982896987405067}, "geometry": {"type": "Polygon", "coordinates": [[[-3.1422893249987824, 51.4938695353123], [-3.1434945452213117, 51.49251557459688], [-3.146137749580857, 51.488062446446314], [-3.148138767909378, 51.48480769404972], [-3.1537500980925914, 51.4847901557915], [-3.1520899267722213, 51.48622601622537], [-3.1426852524619946, 51.49405900046157], [-3.1422893249987824, 51.4938695353123]]]}}, {"type": "Feature", "properties": {"LSOA21CD": "W01001870", "LSOA21NM": "Cardiff 037A", "LSOA21NMW": "Caerdydd 037A", "RUC21CD": "UN1", "RUC21NM": "Urban: Nearer to a major town or city", "population": 1432, "median_age": 35.3, "_lsoa_code": "W01001870", "wimd_rank": 1489.0, "wimd_decile": 8.0, "wimd_norm": 0.22012578616352202, "share_flats": 0.03475513428120063, "share_terraced": 0.7393364928909952, "share_dense_housing": 0.11532385466034756, "share_no_car": 0.2927215189873418, "share_owned": 0.6277602523659306, "share_rented": 0.37066246056782337, "share_rent_free": 0.0, "parking_constraint": 0.24731528963442492, "equity_proxy": 0.23372053789897346}, "geometry": {"type": "Polygon", "coordinates": [[[-3.144284960596708, 51.48650794329255], [-3.1439547384923965, 51.48178020794811], [-3.145118278749009, 51.48170181611085], [-3.147800880291566, 51.48335192431386], [-3.148138767909378, 51.48480769404972], [-3.146137749580857, 51.488062446446314], [-3.144284960596708, 51.48650794329255]]]}}, {"type": "Feature", "properties": {"LSOA21CD": "W01001871", "LSOA21NM": "Cardiff 037B", "LSOA21NMW": "Caerdydd 037B", "RUC21CD": "UN1", "RUC21NM": "Urban: Nearer to a major town or city", "population": 1751, "median_age": 32.8, "_lsoa_code": "W01001871", "wimd_rank": 645.0, "wimd_decile": 4.0, "wimd_norm": 0.6624737945492662, "share_flats": 0.1282798833819242, "share_terraced": 0.45918367346938777, "share_dense_housing": 0.13994169096209913, "share_no_car": 0.42212518195050946, "share_owned": 0.39737991266375544, "share_rented": 0.5997088791848617, "share_rent_free": 0.001455604075691412, "parking_constraint": 0.2612051100332002, "equity_proxy": 0.46183945229123324}, "geometry": {"type": "Polygon", "coordinates": [[[-3.1327219097990096, 51.48352598486197], [-3.1439547384923965, 51.48178020794811], [-3.144284960596708, 51.48650794329255], [-3.1392856654425247, 51.48826738395649], [-3.135651389545689, 51.489931743845034], [-3.135482261555344, 51.487304257847235], [-3.1312850435141844, 51.487538858354455], [-3.1327219097990096, 51.48352598486197]]]}}, {"type": "Feature", "properties": {"LSOA21CD": "W01001872", "LSOA21NM": "Cardiff 038B", "LSOA21NMW": "Caerdydd 038B", "RUC21CD": "UN1", "RUC21NM": "Urban: Nearer to a major town or city", "population": 1738, "median_age": 34.9, "_lsoa_code": "W01001872", "wimd_rank": 1209.0, "wimd_decile": 7.0, "wimd_norm": 0.3668763102725367, "share_flats": 0.1307471264367816, "share_terraced": 0.6867816091954023, "share_dense_housing": 0.2543103448275862, "share_no_car": 0.3553956834532374, "share_owned": 0.5193687230989957, "share_rented": 0.4763271162123386, "share_rent_free": 0.0028694404591104736, "parking_constraint": 0.3292190944221815, "equity_proxy": 0.3480477023473591}, "geometry": {"type": "Polygon", "coordinates": [[[-3.148138767909378, 51.48480769404972], [-3.147800880291566, 51.48335192431386], [-3.154305862288065, 51.48120672079919], [-3.1554663561351863, 51.48330497811753], [-3.1541837615208603, 51.48437927349905], [-3.1537500980925914, 51.4847901557915], [-3.148138767909378, 51.48480769404972]]]}}, {"type": "Feature", "properties": {"LSOA21CD": "W01001873", "LSOA21NM": "Cardiff 038C", "LSOA21NMW": "Caerdydd 038C", "RUC21CD": "UN1", "RUC21NM": "Urban: Nearer to a major town or city", "population": 1954, "median_age": 34.3, "_lsoa_code": "W01001873", "wimd_rank": 845.0, "wimd_decile": 5.0, "wimd_norm": 0.5576519916142557, "share_flats": 0.2528301886792453, "share_terraced": 0.5547169811320755, "share_dense_housing": 0.38113207547169814, "share_no_car": 0.40175219023779724, "share_owned": 0.4267834793491865, "share_rented": 0.5556946182728411, "share_rent_free": 0.015018773466833541, "parking_constraint": 0.39635676671310843, "equity_proxy": 0.4770043791636821}, "geometry": {"type": "Polygon", "coordinates": [[[-3.145118278749009, 51.48170181611085], [-3.147451137064512, 51.47666071062183], [-3.1532502657644166, 51.476338662604135], [-3.154305862288065, 51.48120672079919], [-3.147800880291566, 51.48335192431386], [-3.145118278749009, 51.48170181611085]]]}}, {"type": "Feature", "properties": {"LSOA21CD": "W01001874", "LSOA21NM": "Cardiff 038D", "LSOA21NMW": "Caerdydd 038D", "RUC21CD": "UN1", "RUC21NM": "Urban: Nearer to a major town or city", "population": 1522, "median_age": 32.4, "_lsoa_code": "W01001874", "wimd_rank": 360.0, "wimd_decile": 2.0, "wimd_norm": 0.8118448637316562, "share_flats": 0.17310252996005326, "share_terraced": 0.640479360852197, "share_dense_housing": 0.19307589880159787, "share_no_car": 0.528, "share_owned": 0.21179624664879357, "share_rented": 0.7721179624664879, "share_rent_free": 0.014745308310991957, "parking_constraint": 0.3531044100865215, "equity_proxy": 0.5824746369090888}, "geometry": {"type": "Polygon", "coordinates": [[[-3.154305862288065, 51.48120672079919], [-3.1532502657644166, 51.476338662604135], [-3.147451137064512, 51.47666071062183], [-3.140796617585927, 51.4729554204294], [-3.1539996688263114, 51.46803853939033], [-3.159736070046054, 51.474578836332626], [-3.161888143512543, 51.47997330908911], [-3.1554663561351863, 51.48330497811753], [-3.154305862288065, 51.48120672079919]]]}}, {"type": "Feature", "properties": {"LSOA21CD": "W01001876", "LSOA21NM": "Cardiff 037D", "LSOA21NMW": "Caerdydd 037D", "RUC21CD": "UN1", "RUC21NM": "Urban: Nearer to a major town or city", "population": 1759, "median_age": 32.7, "_lsoa_code": "W01001876", "wimd_rank": 581.0, "wimd_decile": 4.0, "wimd_norm": 0.6960167714884696, "share_flats": 0.1926605504587156, "share_terraced": 0.4510703363914373, "share_dense_housing": 0.20336391437308868, "share_no_car": 0.3893129770992366, "share_owned": 0.4371165644171779, "share_rented": 0.5444785276073619, "share_rent_free": 0.015337423312883436, "parking_constraint": 0.2948193592365372, "equity_proxy": 0.49541806536250343}, "geometry": {"type": "Polygon", "coordinates": [[[-3.1392856654425247, 51.48826738395649], [-3.144284960596708, 51.48650794329255], [-3.146137749580857, 51.488062446446314], [-3.1434945452213117, 51.49251557459688], [-3.1385246035055574, 51.49105423591649], [-3.1392856654425247, 51.48826738395649]]]}}, {"type": "Feature", "properties": {"LSOA21CD": "W01001877", "LSOA21NM": "Cardiff 011A", "LSOA21NMW": "Caerdydd 011A", "RUC21CD": "UN1", "RUC21NM": "Urban: Nearer to a major town or city", "population": 1920, "median_age": 40.8, "_lsoa_code": "W01001877", "wimd_rank": 1566.0, "wimd_decile": 9.0, "wimd_norm": 0.17976939203354297, "share_flats": 0.03553921568627451, "share_terraced": 0.15441176470588236, "share_dense_housing": 0.0428921568627451, "share_no_car": 0.13480392156862744, "share_owned": 0.7279411764705882, "share_rented": 0.26715686274509803, "share_rent_free": 0.0, "parking_constraint": 0.09264705882352942, "equity_proxy": 0.1362082254285362}, "geometry": {"type": "Polygon", "coordinates": [[[-3.0877802967994477, 51.5329150691859], [-3.0876114927720213, 51.52451126673632], [-3.0914627749006742, 51.52403907900195], [-3.0948189169951856, 51.52703395519788], [-3.099282831371761, 51.53184431402588], [-3.09415039602833, 51.53570560800237], [-3.0877802967994477, 51.5329150691859]]]}}, {"type": "Feature", "properties": {"LSOA21CD": "W01001878", "LSOA21NM": "Cardiff 011B", "LSOA21NMW": "Caerdydd 011B", "RUC21CD": "UN1", "RUC21NM": "Urban: Nearer to a major town or city", "population": 1712, "median_age": 36.9, "_lsoa_code": "W01001878", "wimd_rank": 1672.0, "wimd_decile": 9.0, "wimd_norm": 0.12421383647798742, "share_flats": 0.02403846153846154, "share_terraced": 0.36378205128205127, "share_dense_housing": 0.02403846153846154, "share_no_car": 0.1728, "share_owned": 0.6629213483146067, "share_rented": 0.33547351524879615, "share_rent_free": 0.0, "parking_constraint": 0.1335118533152241, "equity_proxy": 0.12886284489660577}, "geometry": {"type": "Polygon", "coordinates": [[[-3.0948189169951856, 51.52703395519788], [-3.096022794577506, 51.5251192674298], [-3.0974320529307784, 51.52712832338415], [-3.1017624295047797, 51.524411900616954], [-3.10443185114871, 51.52580501990087], [-3.105828390979522, 51.528245725055385], [-3.102302073039395, 51.52997123873201], [-3.099282831371761, 51.53184431402588], [-3.0948189169951856, 51.52703395519788]]]}}, {"type": "Feature", "properties": {"LSOA21CD": "W01001879", "LSOA21NM": "Cardiff 013A", "LSOA21NMW": "Caerdydd 013A", "RUC21CD": "UN1", "RUC21NM": "Urban: Nearer to a major town or city", "population": 1960, "median_age": 35.0, "_lsoa_code": "W01001879", "wimd_rank": 1190.0, "wimd_decile": 7.0, "wimd_norm": 0.3768343815513627, "share_flats": 0.18090452261306533, "share_terraced": 0.3693467336683417, "share_dense_housing": 0.18341708542713567, "share_no_car": 0.30778894472361806, "share_owned": 0.40726817042606517, "share_rented": 0.5802005012531328, "share_rent_free": 0.0, "parking_constraint": 0.2726699495808197, "equity_proxy": 0.3247521655660912}, "geometry": {"type": "Polygon", "coordinates": [[[-3.096022794577506, 51.5251192674298], [-3.0966212880818955, 51.522941895732785], [-3.103608590011559, 51.519627277937396], [-3.1047665867554803, 51.51595713186652], [-3.106994490809841, 51.516993310279766], [-3.106521293108072, 51.52145206901149], [-3.10443185114871, 51.52580501990087], [-3.1017624295047797, 51.524411900616954], [-3.0974320529307784, 51.52712832338415], [-3.096022794577506, 51.5251192674298]]]}}, {"type": "Feature", "properties": {"LSOA21CD": "W01001880", "LSOA21NM": "Cardiff 013B", "LSOA21NMW": "Caerdydd 013B", "RUC21CD": "UN1", "RUC21NM": "Urban: Nearer to a major town or city", "population": 1691, "median_age": 32.4, "_lsoa_code": "W01001880", "wimd_rank": 566.0, "wimd_decile": 3.0, "wimd_norm": 0.7038784067085954, "share_flats": 0.05564648117839607, "share_terraced": 0.36006546644844517, "share_dense_housing": 0.060556464811783964, "share_no_car": 0.3088235294117647, "share_owned": 0.3076923076923077, "share_rented": 0.6857610474631751, "share_rent_free": 0.004909983633387889, "parking_constraint": 0.20218221494817237, "equity_proxy": 0.45303031082838385}, "geometry": {"type": "Polygon", "coordinates": [[[-3.0914627749006742, 51.52403907900195], [-3.095616332140848, 51.51828935889536], [-3.0966212880818955, 51.522941895732785], [-3.096022794577506, 51.5251192674298], [-3.0948189169951856, 51.52703395519788], [-3.0914627749006742, 51.52403907900195]]]}}, {"type": "Feature", "properties": {"LSOA21CD": "W01001881", "LSOA21NM": "Cardiff 013C", "LSOA21NMW": "Caerdydd 013C", "RUC21CD": "UN1", "RUC21NM": "Urban: Nearer to a major town or city", "population": 1504, "median_age": 37.6, "_lsoa_code": "W01001881", "wimd_rank": 607.0, "wimd_decile": 4.0, "wimd_norm": 0.6823899371069182, "share_flats": 0.22796352583586627, "share_terraced": 0.3662613981762918, "share_dense_housing": 0.23708206686930092, "share_no_car": 0.3374045801526718, "share_owned": 0.45121951219512196, "share_rented": 0.5396341463414634, "share_rent_free": 0.007621951219512195, "parking_constraint": 0.3002186967158425, "equity_proxy": 0.4913043169113803}, "geometry": {"type": "Polygon", "coordinates": [[[-3.10443185114871, 51.52580501990087], [-3.106521293108072, 51.52145206901149], [-3.112903867383345, 51.52158030240903], [-3.1130764389579677, 51.52177643629929], [-3.105828390979522, 51.528245725055385], [-3.10443185114871, 51.52580501990087]]]}}, {"type": "Feature", "properties": {"LSOA21CD": "W01001882", "LSOA21NM": "Cardiff 011C", "LSOA21NMW": "Caerdydd 011C", "RUC21CD": "UN1", "RUC21NM": "Urban: Nearer to a major town or city", "population": 1887, "median_age": 36.0, "_lsoa_code": "W01001882", "wimd_rank": 1729.0, "wimd_decile": 10.0, "wimd_norm": 0.09433962264150944, "share_flats": 0.03430079155672823, "share_terraced": 0.18337730870712401, "share_dense_housing": 0.03430079155672823, "share_no_car": 0.11477572559366754, "share_owned": 0.708994708994709, "share_rented": 0.2777777777777778, "share_rent_free": 0.0013227513227513227, "parking_constraint": 0.096579693149614, "equity_proxy": 0.09545965789556171}, "geometry": {"type": "Polygon", "coordinates": [[[-3.079472978837465, 51.526268111578055], [-3.074824156986941, 51.522394969490364], [-3.0689206214635, 51.520257262100074], [-3.082172994446251, 51.5148254679994], [-3.08020356655357, 51.51245941148697], [-3.0921111620313115, 51.51837235037709], [-3.097719013355316, 51.51543542179925], [-3.098757754756268, 51.517259561536314], [-3.095616332140848, 51.51828935889536], [-3.0914627749006742, 51.52403907900195], [-3.0876114927720213, 51.52451126673632], [-3.0877802967994477, 51.5329150691859], [-3.080882363204462, 51.531600656524674], [-3.079472978837465, 51.526268111578055]]]}}, {"type": "Feature", "properties": {"LSOA21CD": "W01001883", "LSOA21NM": "Cardiff 016C", "LSOA21NMW": "Caerdydd 016C", "RUC21CD": "UN1", "RUC21NM": "Urban: Nearer to a major town or city", "population": 1710, "median_age": 37.1, "_lsoa_code": "W01001883", "wimd_rank": 682.0, "wimd_decile": 4.0, "wimd_norm": 0.6430817610062893, "share_flats": 0.28694404591104733, "share_terraced": 0.3285509325681492, "share_dense_housing": 0.2926829268292683, "share_no_car": 0.40114613180515757, "share_owned": 0.40974212034383956, "share_rented": 0.5845272206303725, "share_rent_free": 0.0028653295128939827, "parking_constraint": 0.3368561401777847, "equity_proxy": 0.48996895059203704}, "geometry": {"type": "Polygon", "coordinates": [[[-3.106521293108072, 51.52145206901149], [-3.106994490809841, 51.516993310279766], [-3.1115043788634202, 51.514768854006846], [-3.112941642053015, 51.516956028750215], [-3.112903867383345, 51.52158030240903], [-3.106521293108072, 51.52145206901149]]]}}, {"type": "Feature", "properties": {"LSOA21CD": "W01001884", "LSOA21NM": "Cardiff 013D", "LSOA21NMW": "Caerdydd 013D", "RUC21CD": "UN1", "RUC21NM": "Urban: Nearer to a major town or city", "population": 1498, "median_age": 27.8, "_lsoa_code": "W01001884", "wimd_rank": 361.0, "wimd_decile": 2.0, "wimd_norm": 0.8113207547169812, "share_flats": 0.06666666666666667, "share_terraced": 0.26095238095238094, "share_dense_housing": 0.07809523809523809, "share_no_car": 0.32571428571428573, "share_owned": 0.10305343511450382, "share_rented": 0.8931297709923665, "share_rent_free": 0.003816793893129771, "parking_constraint": 0.21952841391009334, "equity_proxy": 0.5154245843135372}, "geometry": {"type": "Polygon", "coordinates": [[[-3.095616332140848, 51.51828935889536], [-3.098757754756268, 51.517259561536314], [-3.103608590011559, 51.519627277937396], [-3.0966212880818955, 51.522941895732785], [-3.095616332140848, 51.51828935889536]]]}}, {"type": "Feature", "properties": {"LSOA21CD": "W01001885", "LSOA21NM": "Cardiff 011D", "LSOA21NMW": "Caerdydd 011D", "RUC21CD": "UN1", "RUC21NM": "Urban: Nearer to a major town or city", "population": 2788, "median_age": 32.9, "_lsoa_code": "W01001885", "wimd_rank": 325.0, "wimd_decile": 2.0, "wimd_norm": 0.8301886792452831, "share_flats": 0.106, "share_terraced": 0.236, "share_dense_housing": 0.116, "share_no_car": 0.15531062124248496, "share_owned": 0.6332665330661322, "share_rented": 0.3557114228456914, "share_rent_free": 0.004008016032064128, "parking_constraint": 0.16862818971275884, "equity_proxy": 0.49940843447902095}, "geometry": {"type": "Polygon", "coordinates": [[[-3.098757754756268, 51.517259561536314], [-3.097719013355316, 51.51543542179925], [-3.0921111620313115, 51.51837235037709], [-3.08020356655357, 51.51245941148697], [-3.0903639531114404, 51.509928906350225], [-3.083360895406499, 51.50152933030212], [-3.1062554213285996, 51.4919807092673], [-3.11374140095079, 51.49275107314448], [-3.1102018116570846, 51.49575875325944], [-3.1189442501725644, 51.50104620901042], [-3.1215720619251264, 51.504545392347055], [-3.1174874098684366, 51.505857008218705], [-3.113659254395404, 51.51110264395648], [-3.1134161544341405, 51.51134376914], [-3.1047665867554803, 51.51595713186652], [-3.103608590011559, 51.519627277937396], [-3.098757754756268, 51.517259561536314]]]}}, {"type": "Feature", "properties": {"LSOA21CD": "W01001886", "LSOA21NM": "Cardiff 016D", "LSOA21NMW": "Caerdydd 016D", "RUC21CD": "UN1", "RUC21NM": "Urban: Nearer to a major town or city", "population": 1409, "median_age": 33.4, "_lsoa_code": "W01001886", "wimd_rank": 501.0, "wimd_decile": 3.0, "wimd_norm": 0.7379454926624738, "share_flats": 0.24904942965779467, "share_terraced": 0.21673003802281368, "share_dense_housing": 0.26045627376425856, "share_no_car": 0.35795454545454547, "share_owned": 0.40037593984962405, "share_rented": 0.5883458646616542, "share_rent_free": 0.011278195488721804, "parking_constraint": 0.29162735736680107, "equity_proxy": 0.5147864250146374}, "geometry": {"type": "Polygon", "coordinates": [[[-3.106994490809841, 51.516993310279766], [-3.1047665867554803, 51.51595713186652], [-3.1134161544341405, 51.51134376914], [-3.112941642053015, 51.516956028750215], [-3.1115043788634202, 51.514768854006846], [-3.106994490809841, 51.516993310279766]]]}}, {"type": "Feature", "properties": {"LSOA21CD": "W01001887", "LSOA21NM": "Cardiff 020A", "LSOA21NMW": "Caerdydd 020A", "RUC21CD": "UN1", "RUC21NM": "Urban: Nearer to a major town or city", "population": 1588, "median_age": 50.6, "_lsoa_code": "W01001887", "wimd_rank": 1887.0, "wimd_decile": 10.0, "wimd_norm": 0.011530398322851153, "share_flats": 0.09577922077922078, "share_terraced": 0.07954545454545454, "share_dense_housing": 0.1185064935064935, "share_no_car": 0.08116883116883117, "share_owned": 0.9074675324675324, "share_rented": 0.09090909090909091, "share_rent_free": 0.0016233766233766235, "parking_constraint": 0.09945887445887447, "equity_proxy": 0.055494636390862814}, "geometry": {"type": "Polygon", "coordinates": [[[-3.2208093502370083, 51.512837289910344], [-3.221723816254888, 51.508645943516775], [-3.227789105143314, 51.50863671055018], [-3.2312694352162876, 51.50898671497205], [-3.229849696269461, 51.51178744189272], [-3.2300877065939684, 51.51561230005795], [-3.2258078019362957, 51.51665087516719], [-3.2208093502370083, 51.512837289910344]]]}}, {"type": "Feature", "properties": {"LSOA21CD": "W01001888", "LSOA21NM": "Cardiff 010A", "LSOA21NMW": "Caerdydd 010A", "RUC21CD": "UN1", "RUC21NM": "Urban: Nearer to a major town or city", "population": 1702, "median_age": 42.1, "_lsoa_code": "W01001888", "wimd_rank": 1068.0, "wimd_decile": 6.0, "wimd_norm": 0.44077568134171907, "share_flats": 0.11046511627906977, "share_terraced": 0.15406976744186046, "share_dense_housing": 0.11918604651162791, "share_no_car": 0.1204644412191582, "share_owned": 0.7816593886462883, "share_rented": 0.21542940320232898, "share_rent_free": 0.0, "parking_constraint": 0.1360882615122485, "equity_proxy": 0.2884319714269838}, "geometry": {"type": "Polygon", "coordinates": [[[-3.229849696269461, 51.51178744189272], [-3.2312694352162876, 51.50898671497205], [-3.239683875052772, 51.5112177873874], [-3.2381552466207943, 51.51565246668416], [-3.2474434142498345, 51.516651587061176], [-3.2475346758990526, 51.516671583594025], [-3.2478272833562327, 51.51908783511118], [-3.234695473100454, 51.51862230375949], [-3.229849696269461, 51.51178744189272]]]}}, {"type": "Feature", "properties": {"LSOA21CD": "W01001889", "LSOA21NM": "Cardiff 020B", "LSOA21NMW": "Caerdydd 020B", "RUC21CD": "UN1", "RUC21NM": "Urban: Nearer to a major town or city", "population": 1481, "median_age": 49.5, "_lsoa_code": "W01001889", "wimd_rank": 1491.0, "wimd_decile": 8.0, "wimd_norm": 0.2190775681341719, "share_flats": 0.267425320056899, "share_terraced": 0.2034139402560455, "share_dense_housing": 0.2887624466571835, "share_no_car": 0.2150997150997151, "share_owned": 0.7457142857142857, "share_rented": 0.25, "share_rent_free": 0.0, "parking_constraint": 0.2594120436225699, "equity_proxy": 0.2392448058783709}, "geometry": {"type": "Polygon", "coordinates": [[[-3.2168291941648732, 51.51700167536239], [-3.2096862772255785, 51.51360101894761], [-3.2082845191587555, 51.50954078702088], [-3.21426237511718, 51.508445022858425], [-3.219874676638342, 51.51335895238445], [-3.2177258139385487, 51.51741123581854], [-3.2168291941648732, 51.51700167536239]]]}}, {"type": "Feature", "properties": {"LSOA21CD": "W01001890", "LSOA21NM": "Cardiff 021D", "LSOA21NMW": "Caerdydd 021D", "RUC21CD": "UN1", "RUC21NM": "Urban: Nearer to a major town or city", "population": 1570, "median_age": 38.7, "_lsoa_code": "W01001890", "wimd_rank": 1356.0, "wimd_decile": 8.0, "wimd_norm": 0.28983228511530396, "share_flats": 0.04462809917355372, "share_terraced": 0.2809917355371901, "share_dense_housing": 0.07933884297520662, "share_no_car": 0.17491749174917492, "share_owned": 0.8145695364238411, "share_rented": 0.18211920529801323, "share_rent_free": 0.0, "parking_constraint": 0.12180322186342656, "equity_proxy": 0.20581775348936526}, "geometry": {"type": "Polygon", "coordinates": [[[-3.204023452502664, 51.510276031318526], [-3.199776055948075, 51.50720080753007], [-3.1990448545368437, 51.5058857364269], [-3.206982380513871, 51.50530283134086], [-3.203809730778587, 51.50821858247138], [-3.2082845191587555, 51.50954078702088], [-3.2096862772255785, 51.51360101894761], [-3.204023452502664, 51.510276031318526]]]}}, {"type": "Feature", "properties": {"LSOA21CD": "W01001891", "LSOA21NM": "Cardiff 020C", "LSOA21NMW": "Caerdydd 020C", "RUC21CD": "UN1", "RUC21NM": "Urban: Nearer to a major town or city", "population": 1675, "median_age": 44.3, "_lsoa_code": "W01001891", "wimd_rank": 1509.0, "wimd_decile": 8.0, "wimd_norm": 0.20964360587002095, "share_flats": 0.24556616643929058, "share_terraced": 0.2373806275579809, "share_dense_housing": 0.3083219645293315, "share_no_car": 0.23874488403819918, "share_owned": 0.6807639836289222, "share_rented": 0.31377899045020463, "share_rent_free": 0.004092769440654843, "parking_constraint": 0.2739427012278309, "equity_proxy": 0.24179315354892592}, "geometry": {"type": "Polygon", "coordinates": [[[-3.21426237511718, 51.508445022858425], [-3.216572938145036, 51.50674181365113], [-3.2172368836475753, 51.50614518267792], [-3.224609221902528, 51.50820952947692], [-3.227789105143314, 51.50863671055018], [-3.221723816254888, 51.508645943516775], [-3.2208093502370083, 51.512837289910344], [-3.219874676638342, 51.51335895238445], [-3.21426237511718, 51.508445022858425]]]}}, {"type": "Feature", "properties": {"LSOA21CD": "W01001892", "LSOA21NM": "Cardiff 020D", "LSOA21NMW": "Caerdydd 020D", "RUC21CD": "UN1", "RUC21NM": "Urban: Nearer to a major town or city", "population": 1481, "median_age": 47.6, "_lsoa_code": "W01001892", "wimd_rank": 1343.0, "wimd_decile": 8.0, "wimd_norm": 0.2966457023060797, "share_flats": 0.0, "share_terraced": 0.026755852842809364, "share_dense_housing": 0.0, "share_no_car": 0.12186978297161936, "share_owned": 0.9416666666666667, "share_rented": 0.058333333333333334, "share_rent_free": 0.0, "parking_constraint": 0.013128948346339651, "equity_proxy": 0.15488732532620966}, "geometry": {"type": "Polygon", "coordinates": [[[-3.206982380513871, 51.50530283134086], [-3.2130788531746246, 51.50568167034864], [-3.216572938145036, 51.50674181365113], [-3.21426237511718, 51.508445022858425], [-3.2082845191587555, 51.50954078702088], [-3.203809730778587, 51.50821858247138], [-3.206982380513871, 51.50530283134086]]]}}, {"type": "Feature", "properties": {"LSOA21CD": "W01001893", "LSOA21NM": "Cardiff 010B", "LSOA21NMW": "Caerdydd 010B", "RUC21CD": "RLN1", "RUC21NM": "Larger rural: Nearer to a major town or city", "population": 1916, "median_age": 41.8, "_lsoa_code": "W01001893", "wimd_rank": 1299.0, "wimd_decile": 7.0, "wimd_norm": 0.319706498951782, "share_flats": 0.17146433041301626, "share_terraced": 0.2615769712140175, "share_dense_housing": 0.18898623279098872, "share_no_car": 0.17875, "share_owned": 0.6986301369863014, "share_rented": 0.29140722291407223, "share_rent_free": 0.007471980074719801, "parking_constraint": 0.21131987836601476, "equity_proxy": 0.2655131886588984}, "geometry": {"type": "Polygon", "coordinates": [[[-3.227750217283267, 51.54968700414476], [-3.2302831554668776, 51.54003181418774], [-3.227512737363407, 51.53596512786923], [-3.2345552866445644, 51.53305930767184], [-3.2317650772778466, 51.53005882705791], [-3.2374270101656575, 51.52628699847649], [-3.2385580786894415, 51.52516882878303], [-3.253206365871843, 51.52545905343376], [-3.2576192506170307, 51.532755719634686], [-3.2615818207501315, 51.537787693381105], [-3.250812562895943, 51.54183633667265], [-3.2456882640669726, 51.548075341322324], [-3.2375329332770426, 51.55262384250743], [-3.227750217283267, 51.54968700414476]]]}}, {"type": "Feature", "properties": {"LSOA21CD": "W01001894", "LSOA21NM": "Cardiff 010C", "LSOA21NMW": "Caerdydd 010C", "RUC21CD": "UN1", "RUC21NM": "Urban: Nearer to a major town or city", "population": 1561, "median_age": 47.3, "_lsoa_code": "W01001894", "wimd_rank": 1559.0, "wimd_decile": 9.0, "wimd_norm": 0.18343815513626835, "share_flats": 0.06821705426356589, "share_terraced": 0.18449612403100776, "share_dense_housing": 0.09147286821705426, "share_no_car": 0.12012480499219969, "share_owned": 0.8790697674418605, "share_rented": 0.11937984496124031, "share_rent_free": 0.0, "parking_constraint": 0.10604651162790697, "equity_proxy": 0.14474233338208767}, "geometry": {"type": "Polygon", "coordinates": [[[-3.227356463613656, 51.522629726453786], [-3.2241061943067733, 51.520733741510476], [-3.228466134096459, 51.519637414971236], [-3.2385580786894415, 51.52516882878303], [-3.2374270101656575, 51.52628699847649], [-3.227356463613656, 51.522629726453786]]]}}, {"type": "Feature", "properties": {"LSOA21CD": "W01001895", "LSOA21NM": "Cardiff 010D", "LSOA21NMW": "Caerdydd 010D", "RUC21CD": "UN1", "RUC21NM": "Urban: Nearer to a major town or city", "population": 1719, "median_age": 43.9, "_lsoa_code": "W01001895", "wimd_rank": 574.0, "wimd_decile": 4.0, "wimd_norm": 0.699685534591195, "share_flats": 0.6114421930870083, "share_terraced": 0.06555423122765197, "share_dense_housing": 0.6162097735399285, "share_no_car": 0.36428571428571427, "share_owned": 0.47192353643966545, "share_rented": 0.5232974910394266, "share_rent_free": 0.0047789725209080045, "parking_constraint": 0.4921011672597662, "equity_proxy": 0.5958933509254806}, "geometry": {"type": "Polygon", "coordinates": [[[-3.2385580786894415, 51.52516882878303], [-3.228466134096459, 51.519637414971236], [-3.2258078019362957, 51.51665087516719], [-3.2300877065939684, 51.51561230005795], [-3.229849696269461, 51.51178744189272], [-3.234695473100454, 51.51862230375949], [-3.2478272833562327, 51.51908783511118], [-3.2475346758990526, 51.516671583594025], [-3.2552010467268784, 51.52195039871375], [-3.253206365871843, 51.52545905343376], [-3.2385580786894415, 51.52516882878303]]]}}, {"type": "Feature", "properties": {"LSOA21CD": "W01001896", "LSOA21NM": "Cardiff 020E", "LSOA21NMW": "Caerdydd 020E", "RUC21CD": "UN1", "RUC21NM": "Urban: Nearer to a major town or city", "population": 1494, "median_age": 47.5, "_lsoa_code": "W01001896", "wimd_rank": 1879.0, "wimd_decile": 10.0, "wimd_norm": 0.015723270440251572, "share_flats": 0.06633499170812604, "share_terraced": 0.15257048092868988, "share_dense_housing": 0.09286898839137644, "share_no_car": 0.13976705490848584, "share_owned": 0.8597359735973598, "share_rented": 0.13696369636963696, "share_rent_free": 0.0, "parking_constraint": 0.10184391573485707, "equity_proxy": 0.05878359308755432}, "geometry": {"type": "Polygon", "coordinates": [[[-3.2177258139385487, 51.51741123581854], [-3.219874676638342, 51.51335895238445], [-3.2208093502370083, 51.512837289910344], [-3.2258078019362957, 51.51665087516719], [-3.228466134096459, 51.519637414971236], [-3.2241061943067733, 51.520733741510476], [-3.2177258139385487, 51.51741123581854]]]}}, {"type": "Feature", "properties": {"LSOA21CD": "W01001912", "LSOA21NM": "Newport 020E", "LSOA21NMW": "Casnewydd 020E", "RUC21CD": "RSN1", "RUC21NM": "Smaller rural: Nearer to a major town or city", "population": 1543, "median_age": 49.3, "_lsoa_code": "W01001912", "wimd_rank": 150.0, "wimd_decile": 1.0, "wimd_norm": 0.9219077568134172, "share_flats": 0.004511278195488722, "share_terraced": 0.22706766917293233, "share_dense_housing": 0.012030075187969926, "share_no_car": 0.05847076461769116, "share_owned": 0.8440779610194903, "share_rented": 0.14992503748125938, "share_rent_free": 0.0, "parking_constraint": 0.07091732329324059, "equity_proxy": 0.4964125400533289}, "geometry": {"type": "Polygon", "coordinates": [[[-2.9960088321659124, 51.55572260896156], [-2.9971715518352533, 51.55668602775824], [-2.9956033369460506, 51.54973675357184], [-2.9900335590279945, 51.548361322275916], [-2.9953668862062286, 51.53638810571677], [-3.0275606936405217, 51.52060530029549], [-3.042392764469924, 51.52044658422782], [-3.0467543132393606, 51.514248838448985], [-3.0472807948302845, 51.513500590213404], [-3.072083055991665, 51.503271984050265], [-3.0755920927234204, 51.50531803670413], [-3.0826660595926736, 51.501818996756946], [-3.083360895406499, 51.50152933030212], [-3.0903639531114404, 51.509928906350225], [-3.08020356655357, 51.51245941148697], [-3.082172994446251, 51.5148254679994], [-3.0689206214635, 51.520257262100074], [-3.074824156986941, 51.522394969490364], [-3.039493916807666, 51.53875448037502], [-3.045684078287801, 51.54218024549737], [-3.0256944187739925, 51.549567646481314], [-3.0219687305328793, 51.55197399333805], [-3.0260521482954177, 51.55206972445115], [-3.025189865547255, 51.55499007118906], [-3.024210159088192, 51.55505337789791], [-3.0107922306593546, 51.552698509608696], [-3.006706700846862, 51.561400984299304], [-3.0013174100089604, 51.557345801131355], [-2.9954803388661, 51.56068647992661], [-2.9960088321659124, 51.55572260896156]]]}}, {"type": "Feature", "properties": {"LSOA21CD": "W01001922", "LSOA21NM": "Cardiff 032E", "LSOA21NMW": "Caerdydd 032E", "RUC21CD": "UN1", "RUC21NM": "Urban: Nearer to a major town or city", "population": 2106, "median_age": 21.2, "_lsoa_code": "W01001922", "wimd_rank": 464.0, "wimd_decile": 3.0, "wimd_norm": 0.7573375262054507, "share_flats": 0.1687041564792176, "share_terraced": 0.43765281173594134, "share_dense_housing": 0.4792176039119804, "share_no_car": 0.44963144963144963, "share_owned": 0.08845208845208845, "share_rented": 0.9090909090909091, "share_rent_free": 0.0, "parking_constraint": 0.4247166036897088, "equity_proxy": 0.5910270649475797}, "geometry": {"type": "Polygon", "coordinates": [[[-3.171957318698784, 51.48674102560165], [-3.1709816615503965, 51.48394511018424], [-3.1810539273927314, 51.49010267766379], [-3.1800990475145103, 51.49011686720929], [-3.175992455568308, 51.48793907158288], [-3.1740224464738316, 51.491307643418715], [-3.173464421034457, 51.49137126184483], [-3.171957318698784, 51.48674102560165]]]}}, {"type": "Feature", "properties": {"LSOA21CD": "W01001940", "LSOA21NM": "Cardiff 048A", "LSOA21NMW": "Caerdydd 048A", "RUC21CD": "UN1", "RUC21NM": "Urban: Nearer to a major town or city", "population": 1151, "median_age": 34.9, "_lsoa_code": "W01001940", "wimd_rank": 1122.0, "wimd_decile": 6.0, "wimd_norm": 0.41247379454926625, "share_flats": 0.9700149925037481, "share_terraced": 0.019490254872563718, "share_dense_housing": 0.9775112443778111, "share_no_car": 0.30434782608695654, "share_owned": 0.2507462686567164, "share_rented": 0.7298507462686568, "share_rent_free": 0.0, "parking_constraint": 0.7503868961041866, "equity_proxy": 0.5814303453267264}, "geometry": {"type": "MultiPolygon", "coordinates": [[[[-3.1214702136582284, 51.379844241313755], [-3.1178090456522383, 51.375098004725714], [-3.1251487708113768, 51.376966192251615], [-3.1221483224605135, 51.37973873997304], [-3.1214702136582284, 51.379844241313755]]], [[[-3.159736070046054, 51.474578836332626], [-3.1539996688263114, 51.46803853939033], [-3.140796617585927, 51.4729554204294], [-3.1395754173490587, 51.47196658559793], [-3.1360788331473177, 51.46689978571008], [-3.1502878395321634, 51.45634497948608], [-3.1602569159596463, 51.46333606114771], [-3.1560322849380693, 51.46573980540142], [-3.15934171611188, 51.468976720675805], [-3.1626147983804764, 51.473543372827734], [-3.159736070046054, 51.474578836332626]]]]}}, {"type": "Feature", "properties": {"LSOA21CD": "W01001942", "LSOA21NM": "Cardiff 049B", "LSOA21NMW": "Caerdydd 049B", "RUC21CD": "UN1", "RUC21NM": "Urban: Nearer to a major town or city", "population": 1756, "median_age": 34.2, "_lsoa_code": "W01001942", "wimd_rank": 563.0, "wimd_decile": 3.0, "wimd_norm": 0.7054507337526206, "share_flats": 0.5032258064516129, "share_terraced": 0.3058064516129032, "share_dense_housing": 0.6258064516129033, "share_no_car": 0.3912483912483912, "share_owned": 0.37032258064516127, "share_rented": 0.6232258064516129, "share_rent_free": 0.0025806451612903226, "parking_constraint": 0.5206021505376344, "equity_proxy": 0.6130264421451275}, "geometry": {"type": "Polygon", "coordinates": [[[-3.1751152003285408, 51.45637813881247], [-3.1776225162167955, 51.45695913538166], [-3.177895148316402, 51.45724064780066], [-3.1791470070591394, 51.46111076367576], [-3.1733691289177295, 51.46484704949483], [-3.172968167103205, 51.46246020820033], [-3.170596215290682, 51.46576364317733], [-3.1663472158400494, 51.46648817860307], [-3.167603213603073, 51.46064873364358], [-3.1751152003285408, 51.45637813881247]]]}}, {"type": "Feature", "properties": {"LSOA21CD": "W01001943", "LSOA21NM": "Cardiff 048B", "LSOA21NMW": "Caerdydd 048B", "RUC21CD": "UN1", "RUC21NM": "Urban: Nearer to a major town or city", "population": 1282, "median_age": 31.9, "_lsoa_code": "W01001943", "wimd_rank": 1236.0, "wimd_decile": 7.0, "wimd_norm": 0.3527253668763103, "share_flats": 0.8469860896445132, "share_terraced": 0.08191653786707882, "share_dense_housing": 0.8809891808346213, "share_no_car": 0.3276661514683153, "share_owned": 0.33384853168469864, "share_rented": 0.6568778979907264, "share_rent_free": 0.0, "parking_constraint": 0.6799587841318907, "equity_proxy": 0.5163420755041005}, "geometry": {"type": "Polygon", "coordinates": [[[-3.15934171611188, 51.468976720675805], [-3.1560322849380693, 51.46573980540142], [-3.1602569159596463, 51.46333606114771], [-3.1502878395321634, 51.45634497948608], [-3.1527712810779205, 51.454499526297035], [-3.1566578714887386, 51.45161099577961], [-3.1641273099169998, 51.45184100797866], [-3.1641283789111974, 51.45123573762613], [-3.164129096034426, 51.450829701023565], [-3.1696252345699363, 51.45192694572641], [-3.1704190753992982, 51.45616566508319], [-3.1751152003285408, 51.45637813881247], [-3.167603213603073, 51.46064873364358], [-3.1663472158400494, 51.46648817860307], [-3.1687516511502696, 51.47106516709194], [-3.15934171611188, 51.468976720675805]]]}}, {"type": "Feature", "properties": {"LSOA21CD": "W01001944", "LSOA21NM": "Cardiff 048C", "LSOA21NMW": "Caerdydd 048C", "RUC21CD": "UN1", "RUC21NM": "Urban: Nearer to a major town or city", "population": 1220, "median_age": 30.0, "_lsoa_code": "W01001944", "wimd_rank": 1170.0, "wimd_decile": 7.0, "wimd_norm": 0.38731656184486374, "share_flats": 0.8496, "share_terraced": 0.0352, "share_dense_housing": 0.8528, "share_no_car": 0.2763578274760383, "share_owned": 0.38977635782747605, "share_rented": 0.6086261980830671, "share_rent_free": 0.0, "parking_constraint": 0.6556568264110756, "equity_proxy": 0.5214866941279697}, "geometry": {"type": "Polygon", "coordinates": [[[-3.1626147983804764, 51.473543372827734], [-3.15934171611188, 51.468976720675805], [-3.1687516511502696, 51.47106516709194], [-3.170992971252359, 51.474018205156874], [-3.1626147983804764, 51.473543372827734]]]}}, {"type": "Feature", "properties": {"LSOA21CD": "W01001946", "LSOA21NM": "Cardiff 049C", "LSOA21NMW": "Caerdydd 049C", "RUC21CD": "UN1", "RUC21NM": "Urban: Nearer to a major town or city", "population": 1373, "median_age": 33.9, "_lsoa_code": "W01001946", "wimd_rank": 414.0, "wimd_decile": 3.0, "wimd_norm": 0.7835429769392034, "share_flats": 0.6206896551724138, "share_terraced": 0.20689655172413793, "share_dense_housing": 0.6281859070464768, "share_no_car": 0.3588588588588589, "share_owned": 0.2863568215892054, "share_rented": 0.7061469265367316, "share_rent_free": 0.005997001499250375, "parking_constraint": 0.551824087956022, "equity_proxy": 0.6676835324476127}, "geometry": {"type": "Polygon", "coordinates": [[[-3.1791470070591394, 51.46111076367576], [-3.177895148316402, 51.45724064780066], [-3.182168255331351, 51.45568251639646], [-3.1861926689594666, 51.45969282208895], [-3.1823424953813855, 51.45852193759638], [-3.184639446315371, 51.46238383819035], [-3.1808087876470292, 51.463438661515625], [-3.1791470070591394, 51.46111076367576]]]}}, {"type": "Feature", "properties": {"LSOA21CD": "W01001947", "LSOA21NM": "Cardiff 048E", "LSOA21NMW": "Caerdydd 048E", "RUC21CD": "UN1", "RUC21NM": "Urban: Nearer to a major town or city", "population": 2266, "median_age": 30.9, "_lsoa_code": "W01001947", "wimd_rank": 1450.0, "wimd_decile": 8.0, "wimd_norm": 0.24056603773584906, "share_flats": 0.9091869060190074, "share_terraced": 0.059134107708553325, "share_dense_housing": 0.91129883843717, "share_no_car": 0.2092534174553102, "share_owned": 0.379746835443038, "share_rented": 0.6160337552742616, "share_rent_free": 0.0010548523206751054, "parking_constraint": 0.7007932370636712, "equity_proxy": 0.47067963739976015}, "geometry": {"type": "Polygon", "coordinates": [[[-3.1878091708560676, 51.464707709818036], [-3.1861926689594666, 51.45969282208895], [-3.182168255331351, 51.45568251639646], [-3.177895148316402, 51.45724064780066], [-3.1776225162167955, 51.45695913538166], [-3.1801517211395707, 51.453572281311885], [-3.188892880182263, 51.44929782276037], [-3.193605331946878, 51.45781840760937], [-3.197016505673238, 51.455554614816364], [-3.201427267743534, 51.458094811985795], [-3.188830477264198, 51.46681182746207], [-3.1878091708560676, 51.464707709818036]]]}}, {"type": "Feature", "properties": {"LSOA21CD": "W01001948", "LSOA21NM": "Cardiff 006E", "LSOA21NMW": "Caerdydd 006E", "RUC21CD": "UN1", "RUC21NM": "Urban: Nearer to a major town or city", "population": 2728, "median_age": 37.0, "_lsoa_code": "W01001948", "wimd_rank": 1889.0, "wimd_decile": 10.0, "wimd_norm": 0.010482180293501049, "share_flats": 0.143658810325477, "share_terraced": 0.20650953984287318, "share_dense_housing": 0.1447811447811448, "share_no_car": 0.06734006734006734, "share_owned": 0.7606741573033707, "share_rented": 0.23707865168539327, "share_rent_free": 0.0, "parking_constraint": 0.16905904656216766, "equity_proxy": 0.08977061342783435}, "geometry": {"type": "Polygon", "coordinates": [[[-3.261974215864552, 51.517247524565136], [-3.260513530968661, 51.51325310803607], [-3.2502847056640367, 51.511776106316006], [-3.2474434142498345, 51.516651587061176], [-3.2381552466207943, 51.51565246668416], [-3.239683875052772, 51.5112177873874], [-3.2416684696338796, 51.50905975985528], [-3.249425525962205, 51.50594689337298], [-3.2772489096319597, 51.51122501973764], [-3.280179316993124, 51.516892002223415], [-3.275385680491533, 51.521124145348125], [-3.261974215864552, 51.517247524565136]]]}}, {"type": "Feature", "properties": {"LSOA21CD": "W01001949", "LSOA21NM": "Cardiff 005F", "LSOA21NMW": "Caerdydd 005F", "RUC21CD": "UN1", "RUC21NM": "Urban: Nearer to a major town or city", "population": 1432, "median_age": 36.0, "_lsoa_code": "W01001949", "wimd_rank": 1495.0, "wimd_decile": 8.0, "wimd_norm": 0.2169811320754717, "share_flats": 0.6152716593245228, "share_terraced": 0.19530102790014683, "share_dense_housing": 0.6196769456681351, "share_no_car": 0.27794117647058825, "share_owned": 0.4310850439882698, "share_rented": 0.5586510263929618, "share_rent_free": 0.0, "parking_constraint": 0.5251965440966436, "equity_proxy": 0.37108883808605764}, "geometry": {"type": "Polygon", "coordinates": [[[-3.1961861482515066, 51.52283938283277], [-3.1972018525522383, 51.52168103616191], [-3.201689280879418, 51.52151884459521], [-3.202312169654736, 51.524282058291014], [-3.197954932196337, 51.525705953002], [-3.1961861482515066, 51.52283938283277]]]}}, {"type": "Feature", "properties": {"LSOA21CD": "W01001950", "LSOA21NM": "Cardiff 049D", "LSOA21NMW": "Caerdydd 049D", "RUC21CD": "UN1", "RUC21NM": "Urban: Nearer to a major town or city", "population": 1234, "median_age": 34.9, "_lsoa_code": "W01001950", "wimd_rank": 1497.0, "wimd_decile": 8.0, "wimd_norm": 0.21593291404612158, "share_flats": 0.8341708542713567, "share_terraced": 0.11725293132328309, "share_dense_housing": 0.8592964824120602, "share_no_car": 0.25963149078726966, "share_owned": 0.4336134453781513, "share_rented": 0.5630252100840336, "share_rent_free": 0.0016806722689075631, "parking_constraint": 0.6630097265036669, "equity_proxy": 0.4394713202748942}, "geometry": {"type": "Polygon", "coordinates": [[[-3.170596215290682, 51.46576364317733], [-3.172968167103205, 51.46246020820033], [-3.1733691289177295, 51.46484704949483], [-3.1744193914614605, 51.4670209362948], [-3.170924355339752, 51.467760966433254], [-3.170596215290682, 51.46576364317733]]]}}, {"type": "Feature", "properties": {"LSOA21CD": "W01001951", "LSOA21NM": "Cardiff 049E", "LSOA21NMW": "Caerdydd 049E", "RUC21CD": "UN1", "RUC21NM": "Urban: Nearer to a major town or city", "population": 1712, "median_age": 26.1, "_lsoa_code": "W01001951", "wimd_rank": 549.0, "wimd_decile": 3.0, "wimd_norm": 0.7127882599580713, "share_flats": 0.546, "share_terraced": 0.198, "share_dense_housing": 0.676, "share_no_car": 0.31137724550898205, "share_owned": 0.388, "share_rented": 0.61, "share_rent_free": 0.002, "parking_constraint": 0.5282666666666667, "equity_proxy": 0.620527463312369}, "geometry": {"type": "Polygon", "coordinates": [[[-3.159736070046054, 51.474578836332626], [-3.1626147983804764, 51.473543372827734], [-3.170992971252359, 51.474018205156874], [-3.1713206093116892, 51.47430161428017], [-3.1714366060260697, 51.47728829644746], [-3.161888143512543, 51.47997330908911], [-3.159736070046054, 51.474578836332626]]]}}, {"type": "Feature", "properties": {"LSOA21CD": "W01001952", "LSOA21NM": "Cardiff 049F", "LSOA21NMW": "Caerdydd 049F", "RUC21CD": "UN1", "RUC21NM": "Urban: Nearer to a major town or city", "population": 2425, "median_age": 26.9, "_lsoa_code": "W01001952", "wimd_rank": 725.0, "wimd_decile": 4.0, "wimd_norm": 0.6205450733752621, "share_flats": 0.8618012422360248, "share_terraced": 0.03571428571428571, "share_dense_housing": 0.9177018633540373, "share_no_car": 0.35093167701863354, "share_owned": 0.29037267080745344, "share_rented": 0.7096273291925466, "share_rent_free": 0.0, "parking_constraint": 0.6949275362318841, "equity_proxy": 0.6577363048035731}, "geometry": {"type": "Polygon", "coordinates": [[[-3.1713206093116892, 51.47430161428017], [-3.1751557213261803, 51.4697721502657], [-3.170924355339752, 51.467760966433254], [-3.1744193914614605, 51.4670209362948], [-3.1760764686312317, 51.46747742745314], [-3.1813491633698967, 51.47026365030906], [-3.182228337531312, 51.47559169382927], [-3.1714366060260697, 51.47728829644746], [-3.1713206093116892, 51.47430161428017]]]}}, {"type": "Feature", "properties": {"LSOA21CD": "W01001953", "LSOA21NM": "Cardiff 005G", "LSOA21NMW": "Caerdydd 005G", "RUC21CD": "UN1", "RUC21NM": "Urban: Nearer to a major town or city", "population": 1549, "median_age": 38.8, "_lsoa_code": "W01001953", "wimd_rank": 1366.0, "wimd_decile": 8.0, "wimd_norm": 0.28459119496855345, "share_flats": 0.1911532385466035, "share_terraced": 0.25118483412322273, "share_dense_housing": 0.20853080568720378, "share_no_car": 0.20094191522762953, "share_owned": 0.6545741324921136, "share_rented": 0.33280757097791797, "share_rent_free": 0.006309148264984227, "parking_constraint": 0.2278393243663027, "equity_proxy": 0.2562152596674281}, "geometry": {"type": "Polygon", "coordinates": [[[-3.194619057765825, 51.526954832238545], [-3.1945420850888717, 51.5229270792707], [-3.1961861482515066, 51.52283938283277], [-3.197954932196337, 51.525705953002], [-3.202312169654736, 51.524282058291014], [-3.2026310192186886, 51.525506325293584], [-3.2028445061790127, 51.52630481207062], [-3.202660026736034, 51.52937313413017], [-3.205284185984295, 51.53262240269136], [-3.20145618736101, 51.533514493695854], [-3.194619057765825, 51.526954832238545]]]}}, {"type": "Feature", "properties": {"LSOA21CD": "W01001954", "LSOA21NM": "Cardiff 006F", "LSOA21NMW": "Caerdydd 006F", "RUC21CD": "UN1", "RUC21NM": "Urban: Nearer to a major town or city", "population": 1562, "median_age": 51.4, "_lsoa_code": "W01001954", "wimd_rank": 1885.0, "wimd_decile": 10.0, "wimd_norm": 0.012578616352201259, "share_flats": 0.196875, "share_terraced": 0.0609375, "share_dense_housing": 0.2265625, "share_no_car": 0.1267605633802817, "share_owned": 0.884375, "share_rented": 0.115625, "share_rent_free": 0.0, "parking_constraint": 0.16875, "equity_proxy": 0.09066430817610062}, "geometry": {"type": "Polygon", "coordinates": [[[-3.2552010467268784, 51.52195039871375], [-3.2475346758990526, 51.516671583594025], [-3.2474434142498345, 51.516651587061176], [-3.2502847056640367, 51.511776106316006], [-3.260513530968661, 51.51325310803607], [-3.261974215864552, 51.517247524565136], [-3.2638177603248995, 51.51928680469627], [-3.2579679503033563, 51.51868469369331], [-3.259659642597523, 51.52360624314901], [-3.2552010467268784, 51.52195039871375]]]}}, {"type": "Feature", "properties": {"LSOA21CD": "W01002016", "LSOA21NM": "Cardiff 003E", "LSOA21NMW": "Caerdydd 003E", "RUC21CD": "UN1", "RUC21NM": "Urban: Nearer to a major town or city", "population": 2053, "median_age": 30.8, "_lsoa_code": "W01002016", "wimd_rank": null, "wimd_decile": null, "wimd_norm": null, "share_flats": 0.08037383177570094, "share_terraced": 0.11775700934579439, "share_dense_housing": 0.08411214953271028, "share_no_car": 0.05037313432835821, "share_owned": 0.8808193668528864, "share_rented": 0.11359404096834265, "share_rent_free": 0.0, "parking_constraint": 0.0935259344344083, "equity_proxy": 0.0935259344344083}, "geometry": {"type": "Polygon", "coordinates": [[[-3.09415039602833, 51.53570560800237], [-3.099282831371761, 51.53184431402588], [-3.102302073039395, 51.52997123873201], [-3.11253447079017, 51.53270878056826], [-3.1280211416788966, 51.53835166326041], [-3.1288570683793178, 51.54155500199445], [-3.1190761927157498, 51.541401750059656], [-3.1186309901301854, 51.54500728687987], [-3.110912967236881, 51.546501913737345], [-3.09415039602833, 51.53570560800237]]]}}, {"type": "Feature", "properties": {"LSOA21CD": "W01002017", "LSOA21NM": "Cardiff 003F", "LSOA21NMW": "Caerdydd 003F", "RUC21CD": "UN1", "RUC21NM": "Urban: Nearer to a major town or city", "population": 1555, "median_age": 31.8, "_lsoa_code": "W01002017", "wimd_rank": null, "wimd_decile": null, "wimd_norm": null, "share_flats": 0.09060402684563758, "share_terraced": 0.2651006711409396, "share_dense_housing": 0.09395973154362416, "share_no_car": 0.14093959731543623, "share_owned": 0.6934673366834171, "share_rented": 0.30318257956448913, "share_rent_free": 0.0, "parking_constraint": 0.1549657309665404, "equity_proxy": 0.1549657309665404}, "geometry": {"type": "Polygon", "coordinates": [[[-3.11253447079017, 51.53270878056826], [-3.113086117394371, 51.52984605261082], [-3.117830900791535, 51.52975293315919], [-3.1255533189288025, 51.52988602154365], [-3.1323914317904737, 51.52689522301435], [-3.132956429450312, 51.52727071260331], [-3.127198288375698, 51.53652977705743], [-3.1280211416788966, 51.53835166326041], [-3.11253447079017, 51.53270878056826]]]}}, {"type": "Feature", "properties": {"LSOA21CD": "W01002018", "LSOA21NM": "Cardiff 003G", "LSOA21NMW": "Caerdydd 003G", "RUC21CD": "UN1", "RUC21NM": "Urban: Nearer to a major town or city", "population": 1510, "median_age": 41.0, "_lsoa_code": "W01002018", "wimd_rank": null, "wimd_decile": null, "wimd_norm": null, "share_flats": 0.0017699115044247787, "share_terraced": 0.06902654867256637, "share_dense_housing": 0.0035398230088495575, "share_no_car": 0.04240282685512368, "share_owned": 0.7982300884955752, "share_rented": 0.20176991150442478, "share_rent_free": 0.0, "parking_constraint": 0.04247787610619469, "equity_proxy": 0.04247787610619469}, "geometry": {"type": "Polygon", "coordinates": [[[-3.127198288375698, 51.53652977705743], [-3.132956429450312, 51.52727071260331], [-3.1336106793213343, 51.52797145655352], [-3.136051950426122, 51.535972078059544], [-3.13241074580504, 51.53796672642761], [-3.131948220072263, 51.53314947021161], [-3.127198288375698, 51.53652977705743]]]}}, {"type": "Feature", "properties": {"LSOA21CD": "W01002019", "LSOA21NM": "Cardiff 032H", "LSOA21NMW": "Caerdydd 032H", "RUC21CD": "UN1", "RUC21NM": "Urban: Nearer to a major town or city", "population": 3386, "median_age": 25.2, "_lsoa_code": "W01002019", "wimd_rank": null, "wimd_decile": null, "wimd_norm": null, "share_flats": 0.8608695652173913, "share_terraced": 0.011304347826086957, "share_dense_housing": 0.9765217391304348, "share_no_car": 0.66, "share_owned": 0.2175805047867711, "share_rented": 0.7789382071366405, "share_rent_free": 0.0, "parking_constraint": 0.7185830652993782, "equity_proxy": 0.7185830652993782}, "geometry": {"type": "Polygon", "coordinates": [[[-3.1931131277327087, 51.49482717234288], [-3.185172790919256, 51.48816003695392], [-3.1810539273927314, 51.49010267766379], [-3.1709816615503965, 51.48394511018424], [-3.1706575809177635, 51.48305083884238], [-3.1714366060260697, 51.47728829644746], [-3.182228337531312, 51.47559169382927], [-3.1858009426468135, 51.481074116866935], [-3.1876158437988367, 51.48350067343154], [-3.1918233257924693, 51.488847584597906], [-3.1959013966729457, 51.49534743603795], [-3.1931131277327087, 51.49482717234288]]]}}, {"type": "Feature", "properties": {"LSOA21CD": "W01002020", "LSOA21NM": "Cardiff 037E", "LSOA21NMW": "Caerdydd 037E", "RUC21CD": "UN1", "RUC21NM": "Urban: Nearer to a major town or city", "population": 1661, "median_age": 34.2, "_lsoa_code": "W01002020", "wimd_rank": null, "wimd_decile": null, "wimd_norm": null, "share_flats": 0.049679487179487176, "share_terraced": 0.22756410256410256, "share_dense_housing": 0.05448717948717949, "share_no_car": 0.288, "share_owned": 0.4340836012861736, "share_rented": 0.5627009646302251, "share_rent_free": 0.003215434083601286, "parking_constraint": 0.15526183801907276, "equity_proxy": 0.15526183801907276}, "geometry": {"type": "Polygon", "coordinates": [[[-3.1327219097990096, 51.48352598486197], [-3.1312850435141844, 51.487538858354455], [-3.135482261555344, 51.487304257847235], [-3.135651389545689, 51.489931743845034], [-3.1392856654425247, 51.48826738395649], [-3.1385246035055574, 51.49105423591649], [-3.1434945452213117, 51.49251557459688], [-3.1422893249987824, 51.4938695353123], [-3.1244529817489477, 51.48754392723826], [-3.1303320742574936, 51.48239798795326], [-3.1327219097990096, 51.48352598486197]]]}}, {"type": "Feature", "properties": {"LSOA21CD": "W01002021", "LSOA21NM": "Cardiff 037F", "LSOA21NMW": "Caerdydd 037F", "RUC21CD": "UN1", "RUC21NM": "Urban: Nearer to a major town or city", "population": 1570, "median_age": 32.7, "_lsoa_code": "W01002021", "wimd_rank": null, "wimd_decile": null, "wimd_norm": null, "share_flats": 0.43759630200308164, "share_terraced": 0.22650231124807396, "share_dense_housing": 0.4422187981510015, "share_no_car": 0.2227342549923195, "share_owned": 0.44086021505376344, "share_rented": 0.5560675883256528, "share_rent_free": 0.0, "parking_constraint": 0.4127145074110629, "equity_proxy": 0.4127145074110629}, "geometry": {"type": "Polygon", "coordinates": [[[-3.121979096858071, 51.489496441185736], [-3.132013764797669, 51.474070988921646], [-3.1402747731548413, 51.47297985305507], [-3.1395754173490587, 51.47196658559793], [-3.140796617585927, 51.4729554204294], [-3.147451137064512, 51.47666071062183], [-3.145118278749009, 51.48170181611085], [-3.1439547384923965, 51.48178020794811], [-3.1327219097990096, 51.48352598486197], [-3.1303320742574936, 51.48239798795326], [-3.1244529817489477, 51.48754392723826], [-3.1422893249987824, 51.4938695353123], [-3.1426852524619946, 51.49405900046157], [-3.142496037449941, 51.49421646113638], [-3.1360521588506174, 51.498043945503426], [-3.129660076765119, 51.49561603955276], [-3.131706218100244, 51.49164094915222], [-3.121979096858071, 51.489496441185736]]]}}, {"type": "Feature", "properties": {"LSOA21CD": "W01002022", "LSOA21NM": "Cardiff 040F", "LSOA21NMW": "Caerdydd 040F", "RUC21CD": "UN1", "RUC21NM": "Urban: Nearer to a major town or city", "population": 1879, "median_age": 30.6, "_lsoa_code": "W01002022", "wimd_rank": null, "wimd_decile": null, "wimd_norm": null, "share_flats": 0.26846846846846845, "share_terraced": 0.4018018018018018, "share_dense_housing": 0.27387387387387385, "share_no_car": 0.12792792792792793, "share_owned": 0.6504504504504505, "share_rented": 0.34594594594594597, "share_rent_free": 0.0, "parking_constraint": 0.3072672672672673, "equity_proxy": 0.3072672672672673}, "geometry": {"type": "Polygon", "coordinates": [[[-3.2151702835762186, 51.48094425564321], [-3.2200698342056873, 51.47648457498359], [-3.227156837097899, 51.4826263957007], [-3.221047950030789, 51.48269835168857], [-3.2151702835762186, 51.48094425564321]]]}}, {"type": "Feature", "properties": {"LSOA21CD": "W01002023", "LSOA21NM": "Cardiff 040G", "LSOA21NMW": "Caerdydd 040G", "RUC21CD": "UN1", "RUC21NM": "Urban: Nearer to a major town or city", "population": 1834, "median_age": 38.7, "_lsoa_code": "W01002023", "wimd_rank": null, "wimd_decile": null, "wimd_norm": null, "share_flats": 0.055232558139534885, "share_terraced": 0.4796511627906977, "share_dense_housing": 0.12936046511627908, "share_no_car": 0.1988388969521045, "share_owned": 0.6982507288629738, "share_rented": 0.29737609329446063, "share_rent_free": 0.0, "parking_constraint": 0.19711138608267229, "equity_proxy": 0.19711138608267229}, "geometry": {"type": "Polygon", "coordinates": [[[-3.2137042851190167, 51.48267357491101], [-3.2068548883052643, 51.47868957527961], [-3.219144754773728, 51.47549354519034], [-3.2200698342056873, 51.47648457498359], [-3.2151702835762186, 51.48094425564321], [-3.2172901399318237, 51.48466509813638], [-3.2137042851190167, 51.48267357491101]]]}}, {"type": "Feature", "properties": {"LSOA21CD": "W01002024", "LSOA21NM": "Cardiff 048F", "LSOA21NMW": "Caerdydd 048F", "RUC21CD": "UN1", "RUC21NM": "Urban: Nearer to a major town or city", "population": 1199, "median_age": 31.3, "_lsoa_code": "W01002024", "wimd_rank": null, "wimd_decile": null, "wimd_norm": null, "share_flats": 0.9885877318116976, "share_terraced": 0.0028530670470756064, "share_dense_housing": 0.9914407988587732, "share_no_car": 0.21825962910128388, "share_owned": 0.2796005706134094, "share_rented": 0.7189728958630528, "share_rent_free": 0.0, "parking_constraint": 0.7564431764146459, "equity_proxy": 0.7564431764146459}, "geometry": {"type": "Polygon", "coordinates": [[[-3.1751152003285408, 51.45637813881247], [-3.1704190753992982, 51.45616566508319], [-3.1696252345699363, 51.45192694572641], [-3.17791084313571, 51.45062937279366], [-3.1801517211395707, 51.453572281311885], [-3.1776225162167955, 51.45695913538166], [-3.1751152003285408, 51.45637813881247]]]}}, {"type": "Feature", "properties": {"LSOA21CD": "W01002025", "LSOA21NM": "Cardiff 048G", "LSOA21NMW": "Caerdydd 048G", "RUC21CD": "UN1", "RUC21NM": "Urban: Nearer to a major town or city", "population": 1129, "median_age": 32.7, "_lsoa_code": "W01002025", "wimd_rank": null, "wimd_decile": null, "wimd_norm": null, "share_flats": 0.8995215311004785, "share_terraced": 0.09250398724082935, "share_dense_housing": 0.8995215311004785, "share_no_car": 0.20382165605095542, "share_owned": 0.38498402555910544, "share_rented": 0.6118210862619808, "share_rent_free": 0.0, "parking_constraint": 0.699757963016749, "equity_proxy": 0.699757963016749}, "geometry": {"type": "Polygon", "coordinates": [[[-3.1696252345699363, 51.45192694572641], [-3.164129096034426, 51.450829701023565], [-3.1641380082009416, 51.44575755185923], [-3.164407187440752, 51.44581691024976], [-3.164699303455066, 51.445888407532344], [-3.166479843318235, 51.446615622854516], [-3.177121758214773, 51.44701843927361], [-3.1881566984675014, 51.44880611608189], [-3.188892880182263, 51.44929782276037], [-3.1801517211395707, 51.453572281311885], [-3.17791084313571, 51.45062937279366], [-3.1696252345699363, 51.45192694572641]]]}}, {"type": "Feature", "properties": {"LSOA21CD": "W01002036", "LSOA21NM": "Vale of Glamorgan 005G", "LSOA21NMW": "Bro Morgannwg 005G", "RUC21CD": "UN1", "RUC21NM": "Urban: Nearer to a major town or city", "population": 1491, "median_age": 40.0, "_lsoa_code": "W01002036", "wimd_rank": null, "wimd_decile": null, "wimd_norm": null, "share_flats": 0.5090673575129534, "share_terraced": 0.37305699481865284, "share_dense_housing": 0.5284974093264249, "share_no_car": 0.16968911917098445, "share_owned": 0.5873221216041398, "share_rented": 0.4113842173350582, "share_rent_free": 0.0, "parking_constraint": 0.47531755022153116, "equity_proxy": 0.47531755022153116}, "geometry": {"type": "Polygon", "coordinates": [[[-3.177121758214773, 51.44701843927361], [-3.176199553843996, 51.442614003323726], [-3.1766776165014714, 51.44111427488349], [-3.1847095831996333, 51.44309525737633], [-3.189131235974285, 51.44831966391623], [-3.1881566984675014, 51.44880611608189], [-3.177121758214773, 51.44701843927361]]]}}, {"type": "Feature", "properties": {"LSOA21CD": "W01002037", "LSOA21NM": "Vale of Glamorgan 005H", "LSOA21NMW": "Bro Morgannwg 005H", "RUC21CD": "UN1", "RUC21NM": "Urban: Nearer to a major town or city", "population": 1059, "median_age": 47.1, "_lsoa_code": "W01002037", "wimd_rank": null, "wimd_decile": null, "wimd_norm": null, "share_flats": 0.2699822380106572, "share_terraced": 0.5577264653641207, "share_dense_housing": 0.325044404973357, "share_no_car": 0.1524822695035461, "share_owned": 0.5982300884955752, "share_rented": 0.39823008849557523, "share_rent_free": 0.0, "parking_constraint": 0.3629848525335722, "equity_proxy": 0.3629848525335722}, "geometry": {"type": "Polygon", "coordinates": [[[-3.166479843318235, 51.446615622854516], [-3.171808499320903, 51.443024978324445], [-3.176199553843996, 51.442614003323726], [-3.177121758214773, 51.44701843927361], [-3.166479843318235, 51.446615622854516]]]}}]}