{
"type": "FeatureCollection",
"name": "demand_lsoa_cardiff_exact_v2",
"crs": { "type": "name", "properties": { "name": "urn:ogc:def:crs:EPSG::27700" } },
"features": [
{ "type": "Feature", "properties": { "LSOA21CD": "W01001090", "LSOA21NM": "Vale of Glamorgan 006E", "LSOA21NMW": "Bro Morgannwg 006E", "RUC21CD": "UN1", "RUC21NM": "Urban: Nearer to a major town or city" }, "geometry": { "type": "Polygon", "coordinates": [ [ [ 315488.000342304585502, 175782.999794693896547 ], [ 316257.012906410091091, 174815.406495162460487 ], [ 316523.559549484343734, 173980.062258214922622 ], [ 316010.36033208493609, 173868.455402061692439 ], [ 316283.011852230061777, 173576.112002734909765 ], [ 315913.108446045720484, 172635.203942175779957 ], [ 316644.698498190962709, 172458.00169655145146 ], [ 316502.917670307739172, 172040.302559224539436 ], [ 316496.070617546793073, 171933.254759039729834 ], [ 316306.551216295920312, 171541.005345417186618 ], [ 315455.495173629373312, 171597.001596269663423 ], [ 315217.81756880384637, 171985.202764794405084 ], [ 315091.011304383398965, 171707.001967601885553 ], [ 314598.417050510586705, 171969.408858684531879 ], [ 313835.51274101389572, 172938.706698036228772 ], [ 314091.418899700453039, 173068.662665341224056 ], [ 313825.325214722251985, 173902.597890775476117 ], [ 312709.084426039014943, 174802.197760119219311 ], [ 313398.317066558811348, 174692.704751328623388 ], [ 313764.828531533828937, 175205.262511147593614 ], [ 313983.63729100470664, 175378.976129371905699 ], [ 314686.282808077405207, 175652.106135926849674 ], [ 315300.447043252293952, 175815.974086916772649 ], [ 315488.000342304585502, 175782.999794693896547 ] ] ] } },
{ "type": "Feature", "properties": { "LSOA21CD": "W01001104", "LSOA21NM": "Vale of Glamorgan 004E", "LSOA21NMW": "Bro Morgannwg 004E", "RUC21CD": "UN1", "RUC21NM": "Urban: Nearer to a major town or city" }, "geometry": { "type": "Polygon", "coordinates": [ [ [ 316626.011117273010314, 173920.009366094716825 ], [ 316927.823653784755152, 173632.502508314326406 ], [ 317168.917553856153972, 173880.395455367164686 ], [ 317480.934678933233954, 172927.51088345941389 ], [ 317531.201787899713963, 172872.000877372804098 ], [ 317462.606654546398204, 172819.000767377903685 ], [ 317113.503145310562104, 172521.916179479972925 ], [ 316502.917670307739172, 172040.302559224539436 ], [ 316644.698498190962709, 172458.00169655145146 ], [ 315913.108446045720484, 172635.203942175779957 ], [ 316283.011852230061777, 173576.112002734909765 ], [ 316010.36033208493609, 173868.455402061692439 ], [ 316523.559549484343734, 173980.062258214922622 ], [ 316626.011117273010314, 173920.009366094716825 ] ] ] } },
{ "type": "Feature", "properties": { "LSOA21CD": "W01001113", "LSOA21NM": "Vale of Glamorgan 003A", "LSOA21NMW": "Bro Morgannwg 003A", "RUC21CD": "RSN1", "RUC21NM": "Smaller rural: Nearer to a major town or city" }, "geometry": { "type": "Polygon", "coordinates": [ [ [ 307390.662511148606427, 179686.209822051110677 ], [ 309070.813166740001179, 179505.535338236077223 ], [ 310031.698859527881723, 178605.706861816113815 ], [ 311137.023035173595417, 176139.503665459516924 ], [ 311174.332192350004334, 175872.126405866118148 ], [ 311775.011815594043583, 174799.30209789739456 ], [ 311433.722894443490077, 174627.953046467504464 ], [ 310936.918918846175075, 174576.705904878850561 ], [ 310574.109365972923115, 174088.00645463343244 ], [ 310526.256575089821126, 174506.208593439718243 ], [ 309975.654118321137503, 174590.592686262971256 ], [ 308963.701048124581575, 175706.703626278089359 ], [ 308088.279413769370876, 175105.776852572802454 ], [ 307646.074240801506676, 175389.756688724795822 ], [ 306602.669828870915808, 174626.610448242106941 ], [ 306412.105685020214878, 174887.097529690014198 ], [ 305659.351016618253198, 174611.004461064294446 ], [ 305187.823896504472941, 175477.596861273690592 ], [ 304815.106110792956315, 175214.799747982469853 ], [ 304921.638199884386268, 174268.241084072855301 ], [ 303063.218156833667308, 174014.058355134620797 ], [ 302763.867748606484383, 174696.552105162350927 ], [ 301805.262805007980205, 175553.59715391107602 ], [ 300700.330003141192719, 176019.327299566182774 ], [ 300846.511800970183685, 177140.107057745277416 ], [ 301769.511808989976998, 177836.11205361969769 ], [ 302306.106086014187895, 179118.397230715665501 ], [ 302840.511794891324826, 178745.409103662299458 ], [ 303184.918034532514866, 179663.003800057223998 ], [ 303768.741564964933787, 179838.953597300918773 ], [ 304576.664819157216698, 180221.453846066724509 ], [ 304912.85558259539539, 179810.659372626279946 ], [ 305886.19845531496685, 180127.80082560738083 ], [ 307390.662511148606427, 179686.209822051110677 ] ] ] } },
{ "type": "Feature", "properties": { "LSOA21CD": "W01001123", "LSOA21NM": "Vale of Glamorgan 005B", "LSOA21NMW": "Bro Morgannwg 005B", "RUC21CD": "UN1", "RUC21NM": "Urban: Nearer to a major town or city" }, "geometry": { "type": "Polygon", "coordinates": [ [ [ 319156.036209758953191, 172521.375114168913569 ], [ 319095.012171530572232, 172546.40216558118118 ], [ 319087.025521247123834, 172477.748838217172306 ], [ 318954.578276864893269, 171341.661315131466836 ], [ 318935.845478875562549, 171347.502712840680033 ], [ 318705.501878198352642, 171412.812734340317547 ], [ 318671.012542112846859, 171665.002982386271469 ], [ 318656.90761841298081, 172210.821460848499555 ], [ 319033.591208164812997, 172604.212829158408567 ], [ 319156.036209758953191, 172521.375114168913569 ] ] ] } },
{ "type": "Feature", "properties": { "LSOA21CD": "W01001135", "LSOA21NM": "Vale of Glamorgan 003C", "LSOA21NMW": "Bro Morgannwg 003C", "RUC21CD": "RSN1", "RUC21NM": "Smaller rural: Nearer to a major town or city" }, "geometry": { "type": "Polygon", "coordinates": [ [ [ 311433.722894443490077, 174627.953046467504464 ], [ 311829.825901779811829, 174387.041161726228893 ], [ 312122.013442996423692, 173529.003672991064377 ], [ 311452.591775754117407, 172607.994101648801006 ], [ 311851.497498151380569, 172327.787855949776713 ], [ 312024.031266743666492, 172845.706009042216465 ], [ 312256.829709621320944, 172469.590984816139098 ], [ 312260.79118554876186, 172882.654172305890825 ], [ 312878.945788485230878, 172780.172495895414613 ], [ 312272.718076619610656, 173169.852327549248002 ], [ 312740.788367017696146, 173616.249120432592463 ], [ 313119.698203376028687, 173509.053235440282151 ], [ 312532.350770082208328, 174361.786058132245671 ], [ 312557.223597279109526, 174819.874344096693676 ], [ 312700.435636748967227, 174804.590567758306861 ], [ 312709.084426039014943, 174802.197760119219311 ], [ 313825.325214722251985, 173902.597890775476117 ], [ 314091.418899700453039, 173068.662665341224056 ], [ 313835.51274101389572, 172938.706698036228772 ], [ 313056.61071448243456, 172279.610203617310617 ], [ 313245.914594254631083, 171559.350425810844172 ], [ 312594.699268481170293, 171377.30103574891109 ], [ 312575.633259194029961, 170912.277523219236173 ], [ 312445.041618185699917, 170716.206538717146032 ], [ 311715.323632191924844, 171035.504802087554708 ], [ 311309.826196111971512, 170712.410416731319856 ], [ 311069.107553079724312, 170607.406976371596102 ], [ 309773.128173027187586, 170387.205351927492302 ], [ 308893.66762156423647, 169398.014228899555746 ], [ 308055.77072712010704, 168871.022888322302606 ], [ 307765.075306834361982, 172661.102565758745186 ], [ 306632.443395699840039, 171937.465313384309411 ], [ 305881.671174805960618, 171854.302287451282609 ], [ 306279.70423616503831, 172398.710844883637037 ], [ 306080.398124664090574, 173631.601754936098587 ], [ 305352.700311094580684, 173717.204776205820963 ], [ 304921.638199884386268, 174268.241084072855301 ], [ 304815.106110792956315, 175214.799747982469853 ], [ 305187.823896504472941, 175477.596861273690592 ], [ 305659.351016618253198, 174611.004461064294446 ], [ 306412.105685020214878, 174887.097529690014198 ], [ 306602.669828870915808, 174626.610448242106941 ], [ 307646.074240801506676, 175389.756688724795822 ], [ 308088.279413769370876, 175105.776852572802454 ], [ 308963.701048124581575, 175706.703626278089359 ], [ 309975.654118321137503, 174590.592686262971256 ], [ 310526.256575089821126, 174506.208593439718243 ], [ 310574.109365972923115, 174088.00645463343244 ], [ 310936.918918846175075, 174576.705904878850561 ], [ 311433.722894443490077, 174627.953046467504464 ] ] ] } },
{ "type": "Feature", "properties": { "LSOA21CD": "W01001136", "LSOA21NM": "Vale of Glamorgan 003D", "LSOA21NMW": "Bro Morgannwg 003D", "RUC21CD": "UN1", "RUC21NM": "Urban: Nearer to a major town or city" }, "geometry": { "type": "Polygon", "coordinates": [ [ [ 311433.722894443490077, 174627.953046467504464 ], [ 311775.011815594043583, 174799.30209789739456 ], [ 311885.813678937556688, 174801.583000360522419 ], [ 312557.223597279109526, 174819.874344096693676 ], [ 312532.350770082208328, 174361.786058132245671 ], [ 313119.698203376028687, 173509.053235440282151 ], [ 312740.788367017696146, 173616.249120432592463 ], [ 312272.718076619610656, 173169.852327549248002 ], [ 312878.945788485230878, 172780.172495895414613 ], [ 312260.79118554876186, 172882.654172305890825 ], [ 312256.829709621320944, 172469.590984816139098 ], [ 312024.031266743666492, 172845.706009042216465 ], [ 311851.497498151380569, 172327.787855949776713 ], [ 311452.591775754117407, 172607.994101648801006 ], [ 312122.013442996423692, 173529.003672991064377 ], [ 311829.825901779811829, 174387.041161726228893 ], [ 311433.722894443490077, 174627.953046467504464 ] ] ] } },
{ "type": "Feature", "properties": { "LSOA21CD": "W01001197", "LSOA21NM": "Rhondda Cynon Taf 027C", "LSOA21NMW": "Rhondda Cynon Taf 027C", "RUC21CD": "RSN1", "RUC21NM": "Smaller rural: Nearer to a major town or city" }, "geometry": { "type": "Polygon", "coordinates": [ [ [ 310499.418447075993754, 184176.598445470270235 ], [ 309253.41816633194685, 184156.705798474256881 ], [ 309247.012197232514154, 183657.847374468285125 ], [ 308470.66625344514614, 183488.354657806456089 ], [ 308286.793618970667012, 182760.706738025357481 ], [ 307810.824682090256829, 182690.704656276269816 ], [ 307470.512507542152889, 182877.503653642721474 ], [ 307313.801942072983366, 183629.233663869497832 ], [ 307904.136389885563403, 184913.116696968383621 ], [ 308141.012308829755057, 185096.002366403641645 ], [ 308455.835185596952215, 184623.179813109862152 ], [ 309025.326157187228091, 185238.154309278412256 ], [ 309649.60534292308148, 185974.000949472014327 ], [ 310105.291175643913448, 186276.645479022176005 ], [ 310499.418447075993754, 184176.598445470270235 ] ] ] } },
{ "type": "Feature", "properties": { "LSOA21CD": "W01001225", "LSOA21NM": "Rhondda Cynon Taf 031E", "LSOA21NMW": "Rhondda Cynon Taf 031E", "RUC21CD": "UN1", "RUC21NM": "Urban: Nearer to a major town or city" }, "geometry": { "type": "Polygon", "coordinates": [ [ [ 307044.630364584852941, 182657.034691983542871 ], [ 306887.418608676933218, 182081.003665824711788 ], [ 307451.92178596323356, 180839.848753578902688 ], [ 307181.762104933441151, 180375.301027115085162 ], [ 307390.662511148606427, 179686.209822051110677 ], [ 305886.19845531496685, 180127.80082560738083 ], [ 304912.85558259539539, 179810.659372626279946 ], [ 304576.664819157216698, 180221.453846066724509 ], [ 303768.741564964933787, 179838.953597300918773 ], [ 303739.874065726296976, 180976.703683880856261 ], [ 303410.540233074047137, 181204.46339895069832 ], [ 303631.027205085556488, 181379.367404349031858 ], [ 304202.117284698178992, 181286.427505916624796 ], [ 304599.012172160437331, 181014.00499383994611 ], [ 304677.807934056501836, 180435.617686327255797 ], [ 304875.34788848675089, 180372.63435232359916 ], [ 304843.858070712769404, 180712.379390907706693 ], [ 305592.011543635395356, 180364.003372566774487 ], [ 305733.664703258429654, 180989.622618383495137 ], [ 305444.534302740066778, 181539.994933655369096 ], [ 304845.266253358800896, 181404.566992432926781 ], [ 304771.760627624695189, 182333.508533285523299 ], [ 304931.104488551267423, 182365.599704091378953 ], [ 305154.011632003181148, 182128.098013376351446 ], [ 305940.199071191367693, 182678.894893378659617 ], [ 306442.012770662899129, 182462.206902221601922 ], [ 307044.630364584852941, 182657.034691983542871 ] ] ] } },
{ "type": "Feature", "properties": { "LSOA21CD": "W01001240", "LSOA21NM": "Rhondda Cynon Taf 026C", "LSOA21NMW": "Rhondda Cynon Taf 026C", "RUC21CD": "UN1", "RUC21NM": "Urban: Nearer to a major town or city" }, "geometry": { "type": "Polygon", "coordinates": [ [ [ 312466.916738958971109, 186344.228981727908831 ], [ 312554.818994402769022, 186008.652167921653017 ], [ 313509.199195157387294, 186356.50396126403939 ], [ 313787.014399652020074, 186023.909980801632628 ], [ 313978.872408253722824, 185905.127013199497014 ], [ 314295.415971370064653, 184474.207012752071023 ], [ 313721.376589860650711, 183977.979967551829759 ], [ 312748.011580388818402, 183872.004276457242668 ], [ 312646.012606280448381, 183365.003920962975826 ], [ 312111.502179403440095, 184276.81271595711587 ], [ 311788.816511514945887, 183999.644906831090339 ], [ 311816.105267739039846, 184052.801977878145408 ], [ 311951.322636307682842, 184935.11341011361219 ], [ 311564.488196917634923, 185512.01550547441002 ], [ 310940.355664317903575, 186577.753984656766988 ], [ 311982.917932204261888, 185954.754487372236326 ], [ 312466.916738958971109, 186344.228981727908831 ] ] ] } },
{ "type": "Feature", "properties": { "LSOA21CD": "W01001241", "LSOA21NM": "Rhondda Cynon Taf 026D", "LSOA21NMW": "Rhondda Cynon Taf 026D", "RUC21CD": "UN1", "RUC21NM": "Urban: Nearer to a major town or city" }, "geometry": { "type": "Polygon", "coordinates": [ [ [ 313721.376589860650711, 183977.979967551829759 ], [ 313354.199561513145454, 183290.206859165104106 ], [ 312599.608509105280973, 182852.801442678610329 ], [ 311788.816511514945887, 183999.644906831090339 ], [ 312111.502179403440095, 184276.81271595711587 ], [ 312646.012606280448381, 183365.003920962975826 ], [ 312748.011580388818402, 183872.004276457242668 ], [ 313721.376589860650711, 183977.979967551829759 ] ] ] } },
{ "type": "Feature", "properties": { "LSOA21CD": "W01001244", "LSOA21NM": "Rhondda Cynon Taf 025B", "LSOA21NMW": "Rhondda Cynon Taf 025B", "RUC21CD": "UN1", "RUC21NM": "Urban: Nearer to a major town or city" }, "geometry": { "type": "Polygon", "coordinates": [ [ [ 311564.488196917634923, 185512.01550547441002 ], [ 311951.322636307682842, 184935.11341011361219 ], [ 311816.105267739039846, 184052.801977878145408 ], [ 311511.766114198660944, 184436.742612292408012 ], [ 310505.959463347797282, 184178.586443176318426 ], [ 310499.418447075993754, 184176.598445470270235 ], [ 310105.291175643913448, 186276.645479022176005 ], [ 309649.60534292308148, 185974.000949472014327 ], [ 309081.512826448015403, 185934.454354407498613 ], [ 309032.162150021409616, 186164.092801164195407 ], [ 309421.037130105192773, 186448.199422918085475 ], [ 309046.362756139715202, 186245.056215998600237 ], [ 309090.3753015313996, 186597.192740092752501 ], [ 309557.314257523219567, 186883.866160113364458 ], [ 309784.842145640403032, 186517.240876829484478 ], [ 309796.011071012122557, 186991.002512257837225 ], [ 310519.204719508823473, 187008.55555900989566 ], [ 311167.511524356086738, 185625.411256071645766 ], [ 311564.488196917634923, 185512.01550547441002 ] ] ] } },
{ "type": "Feature", "properties": { "LSOA21CD": "W01001419", "LSOA21NM": "Caerphilly 021D", "LSOA21NMW": "Caerffili 021D", "RUC21CD": "RSN1", "RUC21NM": "Smaller rural: Nearer to a major town or city" }, "geometry": { "type": "Polygon", "coordinates": [ [ [ 321602.556547081796452, 188487.08609876508126 ], [ 322256.484357303881552, 188193.534886867273599 ], [ 322367.469341016549151, 187356.246254184865393 ], [ 322838.700523683743086, 187434.299014335032552 ], [ 323536.013195965730119, 186789.50253681500908 ], [ 323861.82510357996216, 186924.40878201223677 ], [ 324537.608405381906778, 186082.003600955475122 ], [ 324243.012189773551654, 185475.300681380322203 ], [ 323589.106204667536076, 185622.003486407571472 ], [ 323837.918480481312145, 185149.301330605987459 ], [ 323239.699101634265389, 184887.395254508475773 ], [ 323093.23062953480985, 184116.894561548135243 ], [ 322509.198244849045295, 183572.002648573601618 ], [ 320749.526982300740201, 184676.520711550896522 ], [ 320183.213151767093223, 184268.865859092504252 ], [ 319855.417975505872164, 184939.40971422434086 ], [ 319283.185861954465508, 185168.063509871426504 ], [ 316709.323006786289625, 184732.602939597854856 ], [ 316953.119689731276594, 185161.915132783120498 ], [ 317397.512413921067491, 185543.503368136705831 ], [ 316922.324298660387285, 186325.907730359234847 ], [ 315985.605732176103629, 186514.004710238950793 ], [ 316278.868923923349939, 186808.795702640607487 ], [ 316508.01185492798686, 187139.004657896060962 ], [ 316514.02031429001363, 187568.987131936650258 ], [ 316930.449053931399249, 187619.222600364708342 ], [ 317639.667636909754947, 187877.149699650180992 ], [ 317728.826580415887292, 188239.414769651892129 ], [ 318110.282281921710819, 188343.015903004445136 ], [ 318744.586579685332254, 188583.596184605965391 ], [ 319345.10646828263998, 188441.408881073468365 ], [ 319964.454282370046712, 188877.769581549044233 ], [ 320309.540581088629551, 188926.393628398247529 ], [ 320301.329386893892661, 188649.667770899366587 ], [ 321056.012971597665455, 188826.002248341217637 ], [ 321394.723537598911207, 188499.620229498192202 ], [ 321435.91671509022126, 188745.953287268406712 ], [ 321602.556547081796452, 188487.08609876508126 ] ] ] } },
{ "type": "Feature", "properties": { "LSOA21CD": "W01001426", "LSOA21NM": "Caerphilly 024E", "LSOA21NMW": "Caerffili 024E", "RUC21CD": "UN1", "RUC21NM": "Urban: Nearer to a major town or city" }, "geometry": { "type": "Polygon", "coordinates": [ [ [ 315509.246750040561892, 186395.261851278773975 ], [ 315446.429732408432756, 185178.755184134817682 ], [ 315740.047686633886769, 185825.826356082165148 ], [ 316464.122237438219599, 185712.671166727377567 ], [ 316953.119689731276594, 185161.915132783120498 ], [ 316709.323006786289625, 184732.602939597854856 ], [ 315794.016567149606999, 184307.300539596239105 ], [ 315842.912002836877946, 184512.274134067411069 ], [ 314968.184228818223346, 184136.140003433101811 ], [ 314295.415971370064653, 184474.207012752071023 ], [ 313978.872408253722824, 185905.127013199497014 ], [ 314816.414978723681998, 185961.669924957444891 ], [ 314493.386751442099921, 186054.53767256019637 ], [ 314672.588857676368207, 186377.532976317801513 ], [ 315012.399145400733687, 186531.164540119934827 ], [ 315509.246750040561892, 186395.261851278773975 ] ] ] } },
{ "type": "Feature", "properties": { "LSOA21CD": "W01001657", "LSOA21NM": "Newport 020C", "LSOA21NMW": "Casnewydd 020C", "RUC21CD": "RSN1", "RUC21NM": "Smaller rural: Nearer to a major town or city" }, "geometry": { "type": "Polygon", "coordinates": [ [ [ 326090.418228665541392, 185063.801441960386001 ], [ 326248.013794494094327, 184164.504188470891677 ], [ 325931.51238891936373, 184045.396871335629839 ], [ 326309.418051001790445, 183544.295452481426764 ], [ 325356.910688122152351, 183543.774379438429605 ], [ 325064.012178620556369, 183274.002516006759834 ], [ 325306.175850801577326, 183137.497474340372719 ], [ 325186.507884587859735, 182685.214265568298288 ], [ 325569.917420043144375, 182452.379726408515126 ], [ 325722.670451625832357, 182665.993434017233085 ], [ 325840.189859537582379, 182339.348196425125934 ], [ 325661.386152329563629, 181581.564152814913541 ], [ 325210.454810045601334, 181369.561751338653266 ], [ 325121.450037409551442, 181964.001969501608983 ], [ 324645.166708085045684, 182117.262490527529735 ], [ 324207.991219055606052, 182434.213077405875083 ], [ 323063.698405416915193, 183652.513532501820009 ], [ 322526.011151867336594, 183494.503572542511392 ], [ 322509.198244849045295, 183572.002648573601618 ], [ 323093.23062953480985, 184116.894561548135243 ], [ 323239.699101634265389, 184887.395254508475773 ], [ 323837.918480481312145, 185149.301330605987459 ], [ 323589.106204667536076, 185622.003486407571472 ], [ 324243.012189773551654, 185475.300681380322203 ], [ 324537.608405381906778, 186082.003600955475122 ], [ 324911.699293920362834, 185669.800718249287456 ], [ 325649.197151637403294, 185681.594639423070475 ], [ 326090.418228665541392, 185063.801441960386001 ] ] ] } },
{ "type": "Feature", "properties": { "LSOA21CD": "W01001658", "LSOA21NM": "Newport 020D", "LSOA21NMW": "Casnewydd 020D", "RUC21CD": "RLN1", "RUC21NM": "Larger rural: Nearer to a major town or city" }, "geometry": { "type": "Polygon", "coordinates": [ [ [ 327579.759300353296567, 183105.088032141560689 ], [ 328003.606385706458241, 182718.003269306791481 ], [ 325526.617937616421841, 180934.106086581596173 ], [ 325210.454810045601334, 181369.561751338653266 ], [ 325661.386152329563629, 181581.564152814913541 ], [ 325840.189859537582379, 182339.348196425125934 ], [ 325722.670451625832357, 182665.993434017233085 ], [ 325569.917420043144375, 182452.379726408515126 ], [ 325186.507884587859735, 182685.214265568298288 ], [ 325306.175850801577326, 183137.497474340372719 ], [ 325064.012178620556369, 183274.002516006759834 ], [ 325356.910688122152351, 183543.774379438429605 ], [ 326309.418051001790445, 183544.295452481426764 ], [ 327064.107142059656326, 183004.706947331491392 ], [ 327579.759300353296567, 183105.088032141560689 ] ] ] } },
{ "type": "Feature", "properties": { "LSOA21CD": "W01001694", "LSOA21NM": "Cardiff 036A", "LSOA21NMW": "Caerdydd 036A", "RUC21CD": "UN1", "RUC21NM": "Urban: Nearer to a major town or city" }, "geometry": { "type": "Polygon", "coordinates": [ [ [ 320102.866517889138777, 176993.306119432323612 ], [ 319985.088905724987853, 176835.439017443044577 ], [ 319954.259526675741654, 176790.219471075281035 ], [ 319608.673247993923724, 176692.661484096373897 ], [ 319461.748241807916202, 177014.105896842316724 ], [ 319578.779473641654477, 177129.235549978446215 ], [ 319914.265973399218637, 177185.762100105057471 ], [ 319934.569494481664151, 176857.088331154722255 ], [ 320102.866517889138777, 176993.306119432323612 ] ] ] } },
{ "type": "Feature", "properties": { "LSOA21CD": "W01001695", "LSOA21NM": "Cardiff 036B", "LSOA21NMW": "Caerdydd 036B", "RUC21CD": "UN1", "RUC21NM": "Urban: Nearer to a major town or city" }, "geometry": { "type": "Polygon", "coordinates": [ [ [ 319411.530991120496765, 176308.72249027423095 ], [ 318743.696408766205423, 176020.710740590526257 ], [ 318808.014615778578445, 176660.707771518966183 ], [ 319263.281516919087153, 176895.544127273315098 ], [ 319411.530991120496765, 176308.72249027423095 ] ] ] } },
{ "type": "Feature", "properties": { "LSOA21CD": "W01001696", "LSOA21NM": "Cardiff 036C", "LSOA21NMW": "Caerdydd 036C", "RUC21CD": "UN1", "RUC21NM": "Urban: Nearer to a major town or city" }, "geometry": { "type": "Polygon", "coordinates": [ [ [ 319954.259526675741654, 176790.219471075281035 ], [ 319863.319311049825046, 176672.155594510375522 ], [ 319411.530991120496765, 176308.72249027423095 ], [ 319263.281516919087153, 176895.544127273315098 ], [ 319461.748241807916202, 177014.105896842316724 ], [ 319608.673247993923724, 176692.661484096373897 ], [ 319954.259526675741654, 176790.219471075281035 ] ] ] } },
{ "type": "Feature", "properties": { "LSOA21CD": "W01001697", "LSOA21NM": "Cardiff 036D", "LSOA21NMW": "Caerdydd 036D", "RUC21CD": "UN1", "RUC21NM": "Urban: Nearer to a major town or city" }, "geometry": { "type": "Polygon", "coordinates": [ [ [ 320769.42112655157689, 177854.195368827262428 ], [ 320102.866517889138777, 176993.306119432323612 ], [ 319934.569494481664151, 176857.088331154722255 ], [ 319914.265973399218637, 177185.762100105057471 ], [ 320196.562138612673152, 177206.457073501427658 ], [ 320213.032802396919578, 177544.617677134578116 ], [ 320782.831441777641885, 177871.50183144811308 ], [ 320769.42112655157689, 177854.195368827262428 ] ] ] } },
{ "type": "Feature", "properties": { "LSOA21CD": "W01001698", "LSOA21NM": "Cardiff 036E", "LSOA21NMW": "Caerdydd 036E", "RUC21CD": "UN1", "RUC21NM": "Urban: Nearer to a major town or city" }, "geometry": { "type": "Polygon", "coordinates": [ [ [ 320213.032802396919578, 177544.617677134578116 ], [ 320196.562138612673152, 177206.457073501427658 ], [ 319914.265973399218637, 177185.762100105057471 ], [ 319578.779473641654477, 177129.235549978446215 ], [ 319942.009136803157162, 177578.505062680400442 ], [ 320213.032802396919578, 177544.617677134578116 ] ] ] } },
{ "type": "Feature", "properties": { "LSOA21CD": "W01001699", "LSOA21NM": "Cardiff 049A", "LSOA21NMW": "Caerdydd 049A", "RUC21CD": "UN1", "RUC21NM": "Urban: Nearer to a major town or city" }, "geometry": { "type": "Polygon", "coordinates": [ [ [ 318768.698570295993704, 175656.551065349078272 ], [ 318919.120055506238714, 175325.660191038099583 ], [ 319078.012367578747217, 174814.002694908762351 ], [ 318781.579238010395784, 174738.147723342583049 ], [ 318762.337465451855678, 174960.627745954261627 ], [ 318472.012745847750921, 175189.003543014230672 ], [ 318746.447630797571037, 175688.433065998367965 ], [ 318768.698570295993704, 175656.551065349078272 ] ] ] } },
{ "type": "Feature", "properties": { "LSOA21CD": "W01001702", "LSOA21NM": "Cardiff 045A", "LSOA21NMW": "Caerdydd 045A", "RUC21CD": "UN1", "RUC21NM": "Urban: Nearer to a major town or city" }, "geometry": { "type": "Polygon", "coordinates": [ [ [ 312857.011387542821467, 175347.001729330746457 ], [ 312626.977641863632016, 175297.972993185685482 ], [ 312700.435636748967227, 174804.590567758306861 ], [ 312557.223597279109526, 174819.874344096693676 ], [ 311885.813678937556688, 174801.583000360522419 ], [ 311977.765668651787564, 175007.124042313254904 ], [ 312797.365255355485715, 175631.174912260496058 ], [ 313034.705635223537683, 175496.213644665898755 ], [ 312857.011387542821467, 175347.001729330746457 ] ] ] } },
{ "type": "Feature", "properties": { "LSOA21CD": "W01001703", "LSOA21NM": "Cardiff 045B", "LSOA21NMW": "Caerdydd 045B", "RUC21CD": "UN1", "RUC21NM": "Urban: Nearer to a major town or city" }, "geometry": { "type": "Polygon", "coordinates": [ [ [ 313734.965656755783129, 175595.704157785919961 ], [ 313983.63729100470664, 175378.976129371905699 ], [ 313764.828531533828937, 175205.262511147593614 ], [ 313372.111496671801433, 175428.970610138960183 ], [ 313373.878851273388136, 175783.326901496038772 ], [ 313734.965656755783129, 175595.704157785919961 ] ] ] } },
{ "type": "Feature", "properties": { "LSOA21CD": "W01001704", "LSOA21NM": "Cardiff 041A", "LSOA21NMW": "Caerdydd 041A", "RUC21CD": "UN1", "RUC21NM": "Urban: Nearer to a major town or city" }, "geometry": { "type": "Polygon", "coordinates": [ [ [ 314686.282808077405207, 175652.106135926849674 ], [ 313983.63729100470664, 175378.976129371905699 ], [ 313734.965656755783129, 175595.704157785919961 ], [ 313722.362827091943473, 175648.903209245181642 ], [ 314074.819727728841826, 176093.225934559653979 ], [ 314686.282808077405207, 175652.106135926849674 ] ] ] } },
{ "type": "Feature", "properties": { "LSOA21CD": "W01001705", "LSOA21NM": "Cardiff 045C", "LSOA21NMW": "Caerdydd 045C", "RUC21CD": "UN1", "RUC21NM": "Urban: Nearer to a major town or city" }, "geometry": { "type": "Polygon", "coordinates": [ [ [ 313764.828531533828937, 175205.262511147593614 ], [ 313398.317066558811348, 174692.704751328623388 ], [ 312709.084426039014943, 174802.197760119219311 ], [ 312700.435636748967227, 174804.590567758306861 ], [ 312626.977641863632016, 175297.972993185685482 ], [ 312857.011387542821467, 175347.001729330746457 ], [ 313372.111496671801433, 175428.970610138960183 ], [ 313764.828531533828937, 175205.262511147593614 ] ] ] } },
{ "type": "Feature", "properties": { "LSOA21CD": "W01001706", "LSOA21NM": "Cardiff 041B", "LSOA21NMW": "Caerdydd 041B", "RUC21CD": "UN1", "RUC21NM": "Urban: Nearer to a major town or city" }, "geometry": { "type": "Polygon", "coordinates": [ [ [ 314884.139789248467423, 176677.726966369838919 ], [ 315364.850152755156159, 175986.494794100348372 ], [ 315427.257124352676328, 175875.216375782561954 ], [ 315488.000342304585502, 175782.999794693896547 ], [ 315300.447043252293952, 175815.974086916772649 ], [ 314229.662284510734025, 176550.151102930307388 ], [ 314546.464400106633548, 176831.006832650338765 ], [ 314884.139789248467423, 176677.726966369838919 ] ] ] } },
{ "type": "Feature", "properties": { "LSOA21CD": "W01001707", "LSOA21NM": "Cardiff 041C", "LSOA21NMW": "Caerdydd 041C", "RUC21CD": "UN1", "RUC21NM": "Urban: Nearer to a major town or city" }, "geometry": { "type": "Polygon", "coordinates": [ [ [ 315300.447043252293952, 175815.974086916772649 ], [ 314686.282808077405207, 175652.106135926849674 ], [ 314074.819727728841826, 176093.225934559653979 ], [ 313722.362827091943473, 175648.903209245181642 ], [ 313501.552055470005143, 176014.634359299670905 ], [ 313875.533026159624569, 176229.506812680163421 ], [ 314060.950477802776732, 176395.045191890501883 ], [ 314229.662284510734025, 176550.151102930307388 ], [ 315300.447043252293952, 175815.974086916772649 ] ] ] } },
{ "type": "Feature", "properties": { "LSOA21CD": "W01001708", "LSOA21NM": "Cardiff 045D", "LSOA21NMW": "Caerdydd 045D", "RUC21CD": "UN1", "RUC21NM": "Urban: Nearer to a major town or city" }, "geometry": { "type": "Polygon", "coordinates": [ [ [ 313722.362827091943473, 175648.903209245181642 ], [ 313734.965656755783129, 175595.704157785919961 ], [ 313373.878851273388136, 175783.326901496038772 ], [ 313372.111496671801433, 175428.970610138960183 ], [ 312857.011387542821467, 175347.001729330746457 ], [ 313034.705635223537683, 175496.213644665898755 ], [ 312797.365255355485715, 175631.174912260496058 ], [ 312844.786446521349717, 175673.624900244409218 ], [ 313483.788069182715844, 176004.527333858888596 ], [ 313501.552055470005143, 176014.634359299670905 ], [ 313722.362827091943473, 175648.903209245181642 ] ] ] } },
{ "type": "Feature", "properties": { "LSOA21CD": "W01001710", "LSOA21NM": "Cardiff 040B", "LSOA21NMW": "Caerdydd 040B", "RUC21CD": "UN1", "RUC21NM": "Urban: Nearer to a major town or city" }, "geometry": { "type": "Polygon", "coordinates": [ [ [ 316270.933604252175428, 176496.88654751284048 ], [ 316379.500510277692229, 176255.101628483796958 ], [ 316286.617541075567715, 176216.505000469100196 ], [ 315818.316900161909871, 176667.404065770679154 ], [ 316131.464287345181219, 176711.162006636557635 ], [ 316270.933604252175428, 176496.88654751284048 ] ] ] } },
{ "type": "Feature", "properties": { "LSOA21CD": "W01001711", "LSOA21NM": "Cardiff 040C", "LSOA21NMW": "Caerdydd 040C", "RUC21CD": "UN1", "RUC21NM": "Urban: Nearer to a major town or city" }, "geometry": { "type": "Polygon", "coordinates": [ [ [ 316640.717333578504622, 176064.265601281367708 ], [ 316975.57064842566615, 175586.269904792890884 ], [ 316257.012906410091091, 174815.406495162460487 ], [ 315488.000342304585502, 175782.999794693896547 ], [ 315427.257124352676328, 175875.216375782561954 ], [ 316286.617541075567715, 176216.505000469100196 ], [ 316379.500510277692229, 176255.101628483796958 ], [ 316640.717333578504622, 176064.265601281367708 ] ] ] } },
{ "type": "Feature", "properties": { "LSOA21CD": "W01001712", "LSOA21NM": "Cardiff 040D", "LSOA21NMW": "Caerdydd 040D", "RUC21CD": "UN1", "RUC21NM": "Urban: Nearer to a major town or city" }, "geometry": { "type": "Polygon", "coordinates": [ [ [ 316533.344505370710976, 176846.093694728973787 ], [ 316627.760033484199084, 176576.965474817960057 ], [ 316270.933604252175428, 176496.88654751284048 ], [ 316131.464287345181219, 176711.162006636557635 ], [ 316095.869068693486042, 176830.633002167392988 ], [ 316363.118268173653632, 177089.846916091337334 ], [ 316533.344505370710976, 176846.093694728973787 ] ] ] } },
{ "type": "Feature", "properties": { "LSOA21CD": "W01001713", "LSOA21NM": "Cardiff 040E", "LSOA21NMW": "Caerdydd 040E", "RUC21CD": "UN1", "RUC21NM": "Urban: Nearer to a major town or city" }, "geometry": { "type": "Polygon", "coordinates": [ [ [ 316629.352053524460644, 176567.373887261317577 ], [ 316683.462256888800766, 176482.96896351739997 ], [ 316640.717333578504622, 176064.265601281367708 ], [ 316379.500510277692229, 176255.101628483796958 ], [ 316270.933604252175428, 176496.88654751284048 ], [ 316627.760033484199084, 176576.965474817960057 ], [ 316629.352053524460644, 176567.373887261317577 ] ] ] } },
{ "type": "Feature", "properties": { "LSOA21CD": "W01001714", "LSOA21NM": "Cardiff 035A", "LSOA21NMW": "Caerdydd 035A", "RUC21CD": "UN1", "RUC21NM": "Urban: Nearer to a major town or city" }, "geometry": { "type": "Polygon", "coordinates": [ [ [ 315699.256945867848117, 177393.486472537508234 ], [ 315704.54988718527602, 177274.766119737934787 ], [ 315573.011568495829124, 176893.003357713401783 ], [ 315713.331820673774928, 176476.7806510431692 ], [ 315308.447134017944336, 176678.634597095253412 ], [ 315217.012960289721377, 177330.848132779996376 ], [ 315438.984942463808693, 177398.364145590923727 ], [ 315699.256945867848117, 177393.486472537508234 ] ] ] } },
{ "type": "Feature", "properties": { "LSOA21CD": "W01001715", "LSOA21NM": "Cardiff 035B", "LSOA21NMW": "Caerdydd 035B", "RUC21CD": "UN1", "RUC21NM": "Urban: Nearer to a major town or city" }, "geometry": { "type": "Polygon", "coordinates": [ [ [ 316278.652872788778041, 177296.254213850537781 ], [ 316363.118268173653632, 177089.846916091337334 ], [ 316095.869068693486042, 176830.633002167392988 ], [ 315704.54988718527602, 177274.766119737934787 ], [ 315699.256945867848117, 177393.486472537508234 ], [ 316278.652872788778041, 177296.254213850537781 ] ] ] } },
{ "type": "Feature", "properties": { "LSOA21CD": "W01001716", "LSOA21NM": "Cardiff 035C", "LSOA21NMW": "Caerdydd 035C", "RUC21CD": "UN1", "RUC21NM": "Urban: Nearer to a major town or city" }, "geometry": { "type": "Polygon", "coordinates": [ [ [ 315308.447134017944336, 176678.634597095253412 ], [ 314884.139789248467423, 176677.726966369838919 ], [ 314546.464400106633548, 176831.006832650338765 ], [ 314827.304544929706026, 177152.487286716932431 ], [ 315217.012960289721377, 177330.848132779996376 ], [ 315308.447134017944336, 176678.634597095253412 ] ] ] } },
{ "type": "Feature", "properties": { "LSOA21CD": "W01001717", "LSOA21NM": "Cardiff 035D", "LSOA21NMW": "Caerdydd 035D", "RUC21CD": "UN1", "RUC21NM": "Urban: Nearer to a major town or city" }, "geometry": { "type": "Polygon", "coordinates": [ [ [ 316095.869068693486042, 176830.633002167392988 ], [ 316131.464287345181219, 176711.162006636557635 ], [ 315818.316900161909871, 176667.404065770679154 ], [ 315573.011568495829124, 176893.003357713401783 ], [ 315704.54988718527602, 177274.766119737934787 ], [ 316095.869068693486042, 176830.633002167392988 ] ] ] } },
{ "type": "Feature", "properties": { "LSOA21CD": "W01001718", "LSOA21NM": "Cardiff 028A", "LSOA21NMW": "Caerdydd 028A", "RUC21CD": "UN1", "RUC21NM": "Urban: Nearer to a major town or city" }, "geometry": { "type": "Polygon", "coordinates": [ [ [ 318478.152591598685831, 178397.354496661981102 ], [ 318530.442767808679491, 178108.016862854477949 ], [ 318054.845422378508374, 178220.307564487331547 ], [ 318476.575600135140121, 178405.867505838396028 ], [ 318478.152591598685831, 178397.354496661981102 ] ] ] } },
{ "type": "Feature", "properties": { "LSOA21CD": "W01001719", "LSOA21NM": "Cardiff 028B", "LSOA21NMW": "Caerdydd 028B", "RUC21CD": "UN1", "RUC21NM": "Urban: Nearer to a major town or city" }, "geometry": { "type": "Polygon", "coordinates": [ [ [ 318047.060724173323251, 178226.056371715618297 ], [ 318045.262392810429446, 178089.229511155455839 ], [ 317882.113433948485181, 178219.554667892749421 ], [ 317811.705423786421306, 177887.388605074083898 ], [ 317387.025928873685189, 178090.736612939683255 ], [ 317327.34186393226264, 178257.891679182008374 ], [ 317500.212040486279875, 178394.930730565160047 ], [ 318047.060724173323251, 178226.056371715618297 ] ] ] } },
{ "type": "Feature", "properties": { "LSOA21CD": "W01001720", "LSOA21NM": "Cardiff 028C", "LSOA21NMW": "Caerdydd 028C", "RUC21CD": "UN1", "RUC21NM": "Urban: Nearer to a major town or city" }, "geometry": { "type": "Polygon", "coordinates": [ [ [ 318054.845422378508374, 178220.307564487331547 ], [ 318530.442767808679491, 178108.016862854477949 ], [ 318581.28851051669335, 177841.579813872172963 ], [ 318300.013048834225629, 177734.002332031202968 ], [ 318217.86510403745342, 177688.522101631329861 ], [ 318154.996192124788649, 177728.977208137861453 ], [ 318045.262392810429446, 178089.229511155455839 ], [ 318047.060724173323251, 178226.056371715618297 ], [ 318054.845422378508374, 178220.307564487331547 ] ] ] } },
{ "type": "Feature", "properties": { "LSOA21CD": "W01001721", "LSOA21NM": "Cardiff 032A", "LSOA21NMW": "Caerdydd 032A", "RUC21CD": "UN1", "RUC21NM": "Urban: Nearer to a major town or city" }, "geometry": { "type": "Polygon", "coordinates": [ [ [ 317811.705423786421306, 177887.388605074083898 ], [ 318154.996192124788649, 177728.977208137861453 ], [ 318217.86510403745342, 177688.522101631329861 ], [ 318165.090213645540643, 177457.037136161816306 ], [ 318098.772538158867974, 177456.52806133008562 ], [ 317809.325132645608392, 177245.11284264002461 ], [ 317270.122797916992567, 177995.49115963280201 ], [ 317387.025928873685189, 178090.736612939683255 ], [ 317811.705423786421306, 177887.388605074083898 ] ] ] } },
{ "type": "Feature", "properties": { "LSOA21CD": "W01001722", "LSOA21NM": "Cardiff 028D", "LSOA21NMW": "Caerdydd 028D", "RUC21CD": "UN1", "RUC21NM": "Urban: Nearer to a major town or city" }, "geometry": { "type": "Polygon", "coordinates": [ [ [ 318045.262392810429446, 178089.229511155455839 ], [ 318154.996192124788649, 177728.977208137861453 ], [ 317811.705423786421306, 177887.388605074083898 ], [ 317882.113433948485181, 178219.554667892749421 ], [ 318045.262392810429446, 178089.229511155455839 ] ] ] } },
{ "type": "Feature", "properties": { "LSOA21CD": "W01001724", "LSOA21NM": "Cardiff 032C", "LSOA21NMW": "Caerdydd 032C", "RUC21CD": "UN1", "RUC21NM": "Urban: Nearer to a major town or city" }, "geometry": { "type": "Polygon", "coordinates": [ [ [ 318611.520663691335358, 177677.964581540727522 ], [ 318627.930792379542254, 177589.133445243060123 ], [ 318589.07783655176172, 177582.679496321768966 ], [ 318300.013048834225629, 177734.002332031202968 ], [ 318581.28851051669335, 177841.579813872172963 ], [ 318611.520663691335358, 177677.964581540727522 ] ] ] } },
{ "type": "Feature", "properties": { "LSOA21CD": "W01001725", "LSOA21NM": "Cardiff 032D", "LSOA21NMW": "Caerdydd 032D", "RUC21CD": "UN1", "RUC21NM": "Urban: Nearer to a major town or city" }, "geometry": { "type": "Polygon", "coordinates": [ [ [ 318589.07783655176172, 177582.679496321768966 ], [ 318446.302403191686608, 177210.261396635731217 ], [ 318165.090213645540643, 177457.037136161816306 ], [ 318217.86510403745342, 177688.522101631329861 ], [ 318300.013048834225629, 177734.002332031202968 ], [ 318589.07783655176172, 177582.679496321768966 ] ] ] } },
{ "type": "Feature", "properties": { "LSOA21CD": "W01001726", "LSOA21NM": "Cardiff 028E", "LSOA21NMW": "Caerdydd 028E", "RUC21CD": "UN1", "RUC21NM": "Urban: Nearer to a major town or city" }, "geometry": { "type": "Polygon", "coordinates": [ [ [ 318379.557107703585643, 178940.516214430448599 ], [ 318476.575600135140121, 178405.867505838396028 ], [ 318054.845422378508374, 178220.307564487331547 ], [ 318047.060724173323251, 178226.056371715618297 ], [ 317500.212040486279875, 178394.930730565160047 ], [ 317734.878258459619246, 178580.028767157287803 ], [ 317886.327415912528522, 178412.104710023209918 ], [ 317962.705305361771025, 179068.596049225190654 ], [ 318379.557107703585643, 178940.516214430448599 ] ] ] } },
{ "type": "Feature", "properties": { "LSOA21CD": "W01001727", "LSOA21NM": "Cardiff 014A", "LSOA21NMW": "Caerdydd 014A", "RUC21CD": "RSN1", "RUC21NM": "Smaller rural: Nearer to a major town or city" }, "geometry": { "type": "Polygon", "coordinates": [ [ [ 307810.824682090256829, 182690.704656276269816 ], [ 308992.262238444585819, 181905.735201678413432 ], [ 308991.699436436756514, 181178.597168591804802 ], [ 309600.41753494029399, 180708.909698820847552 ], [ 310942.196806125808507, 180947.473519217805006 ], [ 311192.450444601476192, 180514.535468957619742 ], [ 309070.813166740001179, 179505.535338236077223 ], [ 307390.662511148606427, 179686.209822051110677 ], [ 307181.762104933441151, 180375.301027115085162 ], [ 307451.92178596323356, 180839.848753578902688 ], [ 306887.418608676933218, 182081.003665824711788 ], [ 307044.630364584852941, 182657.034691983542871 ], [ 307470.512507542152889, 182877.503653642721474 ], [ 307810.824682090256829, 182690.704656276269816 ] ], [ [ 308141.012695666053332, 181572.003872097353451 ], [ 307828.133389511785936, 181454.370066676056013 ], [ 308065.38863496662816, 181337.832037049171049 ], [ 307735.012377423176076, 181189.003311591397505 ], [ 307747.52350343123544, 180782.146613045828417 ], [ 308684.683922528463881, 180375.932254836836364 ], [ 308460.457445087376982, 181008.744113104534335 ], [ 308854.012688719201833, 180453.003284770762548 ], [ 308976.370489425375126, 180853.928224116447382 ], [ 308141.012695666053332, 181572.003872097353451 ] ] ] } },
{ "type": "Feature", "properties": { "LSOA21CD": "W01001728", "LSOA21NM": "Cardiff 014B", "LSOA21NMW": "Caerdydd 014B", "RUC21CD": "RLN1", "RUC21NM": "Larger rural: Nearer to a major town or city" }, "geometry": { "type": "Polygon", "coordinates": [ [ [ 308141.012695666053332, 181572.003872097353451 ], [ 308976.370489425375126, 180853.928224116447382 ], [ 308854.012688719201833, 180453.003284770762548 ], [ 308460.457445087376982, 181008.744113104534335 ], [ 308684.683922528463881, 180375.932254836836364 ], [ 307747.52350343123544, 180782.146613045828417 ], [ 307735.012377423176076, 181189.003311591397505 ], [ 308065.38863496662816, 181337.832037049171049 ], [ 307828.133389511785936, 181454.370066676056013 ], [ 308141.012695666053332, 181572.003872097353451 ] ] ] } },
{ "type": "Feature", "properties": { "LSOA21CD": "W01001729", "LSOA21NM": "Cardiff 014C", "LSOA21NMW": "Caerdydd 014C", "RUC21CD": "UN1", "RUC21NM": "Urban: Nearer to a major town or city" }, "geometry": { "type": "Polygon", "coordinates": [ [ [ 313382.254294446087442, 179297.291397054796107 ], [ 313453.015140925883316, 179245.705126320128329 ], [ 313084.372687059803866, 178954.901909226784483 ], [ 312957.251294757123105, 178300.059475641406607 ], [ 312604.474544675671495, 178244.70085114124231 ], [ 312923.875612618867308, 177750.083936996408738 ], [ 313045.710604452062398, 177206.404742021579295 ], [ 313267.95871681405697, 176926.665525825053919 ], [ 313133.673400952946395, 176876.277877019078005 ], [ 312422.670983481511939, 176825.365704497497063 ], [ 312513.729644321021624, 176178.539085657510441 ], [ 312498.418277400429361, 176113.503386050229892 ], [ 312305.357267309795134, 176124.838464141066652 ], [ 311137.023035173595417, 176139.503665459516924 ], [ 310031.698859527881723, 178605.706861816113815 ], [ 309070.813166740001179, 179505.535338236077223 ], [ 311192.450444601476192, 180514.535468957619742 ], [ 311269.169461343612056, 180551.480591811530758 ], [ 311461.509886907122564, 179917.703388536407147 ], [ 313382.254294446087442, 179297.291397054796107 ] ] ] } },
{ "type": "Feature", "properties": { "LSOA21CD": "W01001730", "LSOA21NM": "Cardiff 008A", "LSOA21NMW": "Caerdydd 008A", "RUC21CD": "UN1", "RUC21NM": "Urban: Nearer to a major town or city" }, "geometry": { "type": "Polygon", "coordinates": [ [ [ 319709.771295379963703, 181163.300012417894322 ], [ 320048.511811658157967, 180837.003853826085106 ], [ 319709.274305037863087, 180690.440935700084083 ], [ 319506.17222808743827, 180541.152740207850002 ], [ 319031.818127511360217, 180616.76664992060978 ], [ 318927.823137812723871, 180800.761398260656279 ], [ 319118.785201132472139, 181290.419179949210957 ], [ 319265.012068623269442, 181039.003455968224443 ], [ 319707.724693844618741, 181613.066210079297889 ], [ 319354.39516559173353, 181863.545421388291288 ], [ 319743.324285782873631, 181942.447993364359718 ], [ 319956.692934195802081, 181593.909572356264107 ], [ 319709.771295379963703, 181163.300012417894322 ] ] ] } },
{ "type": "Feature", "properties": { "LSOA21CD": "W01001731", "LSOA21NM": "Cardiff 008B", "LSOA21NMW": "Caerdydd 008B", "RUC21CD": "UN1", "RUC21NM": "Urban: Nearer to a major town or city" }, "geometry": { "type": "Polygon", "coordinates": [ [ [ 319118.785201132472139, 181290.419179949210957 ], [ 318927.823137812723871, 180800.761398260656279 ], [ 318674.645276007591747, 181083.338000561459921 ], [ 318103.99259520805208, 180610.31497207673965 ], [ 318104.011606116837356, 180617.300571751839016 ], [ 318117.352724965254311, 181330.804549994878471 ], [ 318942.264350767654832, 181559.139681615808513 ], [ 319118.785201132472139, 181290.419179949210957 ] ] ] } },
{ "type": "Feature", "properties": { "LSOA21CD": "W01001732", "LSOA21NM": "Cardiff 019A", "LSOA21NMW": "Caerdydd 019A", "RUC21CD": "UN1", "RUC21NM": "Urban: Nearer to a major town or city" }, "geometry": { "type": "Polygon", "coordinates": [ [ [ 318927.823137812723871, 180800.761398260656279 ], [ 319031.818127511360217, 180616.76664992060978 ], [ 318780.210571446456015, 180135.901440711400937 ], [ 318666.669866597861983, 180535.085269768431317 ], [ 318114.25752675475087, 180364.833585465850774 ], [ 318103.99259520805208, 180610.31497207673965 ], [ 318674.645276007591747, 181083.338000561459921 ], [ 318927.823137812723871, 180800.761398260656279 ] ] ] } },
{ "type": "Feature", "properties": { "LSOA21CD": "W01001733", "LSOA21NM": "Cardiff 019B", "LSOA21NMW": "Caerdydd 019B", "RUC21CD": "UN1", "RUC21NM": "Urban: Nearer to a major town or city" }, "geometry": { "type": "Polygon", "coordinates": [ [ [ 319506.17222808743827, 180541.152740207850002 ], [ 319604.131240534188692, 179994.831762488756794 ], [ 319690.607418000232428, 179859.337762194103561 ], [ 319688.047418923757505, 179789.819764165324159 ], [ 319761.004617921076715, 179304.707108642382082 ], [ 319526.403662376105785, 179410.232677744643297 ], [ 319305.502089126151986, 179929.473274043819401 ], [ 318793.578266131691635, 180045.425553187495098 ], [ 318780.210571446456015, 180135.901440711400937 ], [ 319031.818127511360217, 180616.76664992060978 ], [ 319506.17222808743827, 180541.152740207850002 ] ] ] } },
{ "type": "Feature", "properties": { "LSOA21CD": "W01001734", "LSOA21NM": "Cardiff 019C", "LSOA21NMW": "Caerdydd 019C", "RUC21CD": "UN1", "RUC21NM": "Urban: Nearer to a major town or city" }, "geometry": { "type": "Polygon", "coordinates": [ [ [ 318780.210571446456015, 180135.901440711400937 ], [ 318793.578266131691635, 180045.425553187495098 ], [ 318973.125061775906943, 179896.506681645347271 ], [ 318648.011357513663825, 179659.003238567267545 ], [ 318652.011613309616223, 180113.003271263849456 ], [ 318423.011741432943381, 180096.002969664346892 ], [ 318286.10142613411881, 179436.092853307840414 ], [ 318130.914501225110143, 180250.635798253293615 ], [ 318114.25752675475087, 180364.833585465850774 ], [ 318666.669866597861983, 180535.085269768431317 ], [ 318780.210571446456015, 180135.901440711400937 ] ] ] } },
{ "type": "Feature", "properties": { "LSOA21CD": "W01001735", "LSOA21NM": "Cardiff 019D", "LSOA21NMW": "Caerdydd 019D", "RUC21CD": "UN1", "RUC21NM": "Urban: Nearer to a major town or city" }, "geometry": { "type": "Polygon", "coordinates": [ [ [ 318793.578266131691635, 180045.425553187495098 ], [ 319305.502089126151986, 179929.473274043819401 ], [ 319526.403662376105785, 179410.232677744643297 ], [ 319245.212754539214075, 179635.728464760468341 ], [ 319204.871977965114638, 179415.759789293457288 ], [ 318658.604650387424044, 179386.64831515221158 ], [ 318593.79081497353036, 178852.221754555939697 ], [ 318379.557107703585643, 178940.516214430448599 ], [ 318286.10142613411881, 179436.092853307840414 ], [ 318423.011741432943381, 180096.002969664346892 ], [ 318652.011613309616223, 180113.003271263849456 ], [ 318648.011357513663825, 179659.003238567267545 ], [ 318973.125061775906943, 179896.506681645347271 ], [ 318793.578266131691635, 180045.425553187495098 ] ] ] } },
{ "type": "Feature", "properties": { "LSOA21CD": "W01001736", "LSOA21NM": "Cardiff 008C", "LSOA21NMW": "Caerdydd 008C", "RUC21CD": "UN1", "RUC21NM": "Urban: Nearer to a major town or city" }, "geometry": { "type": "Polygon", "coordinates": [ [ [ 319699.960840370098595, 182060.52192657336127 ], [ 319743.324285782873631, 181942.447993364359718 ], [ 319354.39516559173353, 181863.545421388291288 ], [ 319707.724693844618741, 181613.066210079297889 ], [ 319265.012068623269442, 181039.003455968224443 ], [ 319118.785201132472139, 181290.419179949210957 ], [ 318942.264350767654832, 181559.139681615808513 ], [ 319004.286927252775058, 181823.656240227574017 ], [ 319174.323321240372024, 182174.403699142974801 ], [ 319699.960840370098595, 182060.52192657336127 ] ] ] } },
{ "type": "Feature", "properties": { "LSOA21CD": "W01001737", "LSOA21NM": "Cardiff 039A", "LSOA21NMW": "Caerdydd 039A", "RUC21CD": "UN1", "RUC21NM": "Urban: Nearer to a major town or city" }, "geometry": { "type": "Polygon", "coordinates": [ [ [ 313525.921073021716438, 176958.156631413323339 ], [ 313627.438041532295756, 176918.314987093326636 ], [ 314060.950477802776732, 176395.045191890501883 ], [ 313875.533026159624569, 176229.506812680163421 ], [ 313650.430751920095645, 176466.792791359999683 ], [ 313267.95871681405697, 176926.665525825053919 ], [ 313045.710604452062398, 177206.404742021579295 ], [ 313525.921073021716438, 176958.156631413323339 ] ] ] } },
{ "type": "Feature", "properties": { "LSOA21CD": "W01001738", "LSOA21NM": "Cardiff 039B", "LSOA21NMW": "Caerdydd 039B", "RUC21CD": "UN1", "RUC21NM": "Urban: Nearer to a major town or city" }, "geometry": { "type": "Polygon", "coordinates": [ [ [ 313128.490885989391245, 176614.352765320683829 ], [ 312513.729644321021624, 176178.539085657510441 ], [ 312422.670983481511939, 176825.365704497497063 ], [ 313133.673400952946395, 176876.277877019078005 ], [ 313128.490885989391245, 176614.352765320683829 ] ] ] } },
{ "type": "Feature", "properties": { "LSOA21CD": "W01001739", "LSOA21NM": "Cardiff 039C", "LSOA21NMW": "Caerdydd 039C", "RUC21CD": "UN1", "RUC21NM": "Urban: Nearer to a major town or city" }, "geometry": { "type": "Polygon", "coordinates": [ [ [ 313650.430751920095645, 176466.792791359999683 ], [ 313315.011452403792646, 176320.003467814996839 ], [ 313001.028134495427366, 176357.308532793598715 ], [ 313128.490885989391245, 176614.352765320683829 ], [ 313133.673400952946395, 176876.277877019078005 ], [ 313267.95871681405697, 176926.665525825053919 ], [ 313650.430751920095645, 176466.792791359999683 ] ] ] } },
{ "type": "Feature", "properties": { "LSOA21CD": "W01001740", "LSOA21NM": "Cardiff 039D", "LSOA21NMW": "Caerdydd 039D", "RUC21CD": "UN1", "RUC21NM": "Urban: Nearer to a major town or city" }, "geometry": { "type": "Polygon", "coordinates": [ [ [ 313875.533026159624569, 176229.506812680163421 ], [ 313501.552055470005143, 176014.634359299670905 ], [ 313483.788069182715844, 176004.527333858888596 ], [ 313032.522605242265854, 176020.644107386702672 ], [ 313315.011452403792646, 176320.003467814996839 ], [ 313650.430751920095645, 176466.792791359999683 ], [ 313875.533026159624569, 176229.506812680163421 ] ] ] } },
{ "type": "Feature", "properties": { "LSOA21CD": "W01001741", "LSOA21NM": "Cardiff 039E", "LSOA21NMW": "Caerdydd 039E", "RUC21CD": "UN1", "RUC21NM": "Urban: Nearer to a major town or city" }, "geometry": { "type": "Polygon", "coordinates": [ [ [ 313315.011452403792646, 176320.003467814996839 ], [ 313032.522605242265854, 176020.644107386702672 ], [ 312533.0129548565601, 175918.003071665705647 ], [ 312498.418277400429361, 176113.503386050229892 ], [ 312513.729644321021624, 176178.539085657510441 ], [ 313128.490885989391245, 176614.352765320683829 ], [ 313001.028134495427366, 176357.308532793598715 ], [ 313315.011452403792646, 176320.003467814996839 ] ] ] } },
{ "type": "Feature", "properties": { "LSOA21CD": "W01001742", "LSOA21NM": "Cardiff 043A", "LSOA21NMW": "Caerdydd 043A", "RUC21CD": "UN1", "RUC21NM": "Urban: Nearer to a major town or city" }, "geometry": { "type": "Polygon", "coordinates": [ [ [ 313483.788069182715844, 176004.527333858888596 ], [ 312844.786446521349717, 175673.624900244409218 ], [ 312433.224551964027341, 175667.613153852580581 ], [ 312533.0129548565601, 175918.003071665705647 ], [ 313032.522605242265854, 176020.644107386702672 ], [ 313483.788069182715844, 176004.527333858888596 ] ] ] } },
{ "type": "Feature", "properties": { "LSOA21CD": "W01001743", "LSOA21NM": "Cardiff 043B", "LSOA21NMW": "Caerdydd 043B", "RUC21CD": "UN1", "RUC21NM": "Urban: Nearer to a major town or city" }, "geometry": { "type": "Polygon", "coordinates": [ [ [ 312305.357267309795134, 176124.838464141066652 ], [ 311924.042734160437249, 175628.4814715408138 ], [ 311654.89068923360901, 175463.185680417227559 ], [ 311174.332192350004334, 175872.126405866118148 ], [ 311137.023035173595417, 176139.503665459516924 ], [ 312305.357267309795134, 176124.838464141066652 ] ] ] } },
{ "type": "Feature", "properties": { "LSOA21CD": "W01001744", "LSOA21NM": "Cardiff 043C", "LSOA21NMW": "Caerdydd 043C", "RUC21CD": "UN1", "RUC21NM": "Urban: Nearer to a major town or city" }, "geometry": { "type": "Polygon", "coordinates": [ [ [ 312498.418277400429361, 176113.503386050229892 ], [ 312533.0129548565601, 175918.003071665705647 ], [ 312433.224551964027341, 175667.613153852580581 ], [ 312844.786446521349717, 175673.624900244409218 ], [ 312797.365255355485715, 175631.174912260496058 ], [ 311977.765668651787564, 175007.124042313254904 ], [ 311924.042734160437249, 175628.4814715408138 ], [ 312305.357267309795134, 176124.838464141066652 ], [ 312498.418277400429361, 176113.503386050229892 ] ] ] } },
{ "type": "Feature", "properties": { "LSOA21CD": "W01001745", "LSOA21NM": "Cardiff 043D", "LSOA21NMW": "Caerdydd 043D", "RUC21CD": "UN1", "RUC21NM": "Urban: Nearer to a major town or city" }, "geometry": { "type": "Polygon", "coordinates": [ [ [ 311924.042734160437249, 175628.4814715408138 ], [ 311977.765668651787564, 175007.124042313254904 ], [ 311885.813678937556688, 174801.583000360522419 ], [ 311775.011815594043583, 174799.30209789739456 ], [ 311174.332192350004334, 175872.126405866118148 ], [ 311654.89068923360901, 175463.185680417227559 ], [ 311924.042734160437249, 175628.4814715408138 ] ] ] } },
{ "type": "Feature", "properties": { "LSOA21CD": "W01001746", "LSOA21NM": "Cardiff 041D", "LSOA21NMW": "Caerdydd 041D", "RUC21CD": "UN1", "RUC21NM": "Urban: Nearer to a major town or city" }, "geometry": { "type": "Polygon", "coordinates": [ [ [ 314546.464400106633548, 176831.006832650338765 ], [ 314229.662284510734025, 176550.151102930307388 ], [ 314060.950477802776732, 176395.045191890501883 ], [ 313627.438041532295756, 176918.314987093326636 ], [ 314004.325141368433833, 177065.580605332448613 ], [ 314546.464400106633548, 176831.006832650338765 ] ] ] } },
{ "type": "Feature", "properties": { "LSOA21CD": "W01001747", "LSOA21NM": "Cardiff 027A", "LSOA21NMW": "Caerdydd 027A", "RUC21CD": "UN1", "RUC21NM": "Urban: Nearer to a major town or city" }, "geometry": { "type": "Polygon", "coordinates": [ [ [ 313614.110215171705931, 179103.065416650089901 ], [ 314404.149880239740014, 178540.133814779866952 ], [ 314385.867101222160272, 178222.827745302231051 ], [ 314446.019228437449783, 177949.148277604719624 ], [ 314092.226754986157175, 178120.003010976070073 ], [ 314064.283095296414103, 178523.850137479894329 ], [ 313589.520937002496794, 178638.308280414377805 ], [ 313594.603386442759074, 178413.254068473819643 ], [ 313084.372687059803866, 178954.901909226784483 ], [ 313453.015140925883316, 179245.705126320128329 ], [ 313614.110215171705931, 179103.065416650089901 ] ] ] } },
{ "type": "Feature", "properties": { "LSOA21CD": "W01001748", "LSOA21NM": "Cardiff 027B", "LSOA21NMW": "Caerdydd 027B", "RUC21CD": "UN1", "RUC21NM": "Urban: Nearer to a major town or city" }, "geometry": { "type": "Polygon", "coordinates": [ [ [ 314092.226754986157175, 178120.003010976070073 ], [ 313857.026017258758657, 177899.002279076550622 ], [ 313642.028683256241493, 178142.001920099311974 ], [ 313594.603386442759074, 178413.254068473819643 ], [ 313589.520937002496794, 178638.308280414377805 ], [ 314064.283095296414103, 178523.850137479894329 ], [ 314092.226754986157175, 178120.003010976070073 ] ] ] } },
{ "type": "Feature", "properties": { "LSOA21CD": "W01001749", "LSOA21NM": "Cardiff 027C", "LSOA21NMW": "Caerdydd 027C", "RUC21CD": "UN1", "RUC21NM": "Urban: Nearer to a major town or city" }, "geometry": { "type": "Polygon", "coordinates": [ [ [ 313594.603386442759074, 178413.254068473819643 ], [ 313642.028683256241493, 178142.001920099311974 ], [ 313424.928834767313674, 178241.212100396573078 ], [ 312839.395854313508607, 178108.625397691735998 ], [ 312952.781818781571928, 177826.34889625525102 ], [ 312923.875612618867308, 177750.083936996408738 ], [ 312604.474544675671495, 178244.70085114124231 ], [ 312957.251294757123105, 178300.059475641406607 ], [ 313084.372687059803866, 178954.901909226784483 ], [ 313594.603386442759074, 178413.254068473819643 ] ] ] } },
{ "type": "Feature", "properties": { "LSOA21CD": "W01001750", "LSOA21NM": "Cardiff 031A", "LSOA21NMW": "Caerdydd 031A", "RUC21CD": "UN1", "RUC21NM": "Urban: Nearer to a major town or city" }, "geometry": { "type": "Polygon", "coordinates": [ [ [ 313642.028683256241493, 178142.001920099311974 ], [ 313857.026017258758657, 177899.002279076550622 ], [ 314092.226754986157175, 178120.003010976070073 ], [ 314446.019228437449783, 177949.148277604719624 ], [ 314585.990834159951191, 177598.420113403117284 ], [ 314592.356249207048677, 177582.669617138803005 ], [ 314496.884310850466136, 177553.901696970686316 ], [ 313593.874288873048499, 177656.184716664778534 ], [ 313424.928834767313674, 178241.212100396573078 ], [ 313642.028683256241493, 178142.001920099311974 ] ] ] } },
{ "type": "Feature", "properties": { "LSOA21CD": "W01001751", "LSOA21NM": "Cardiff 027D", "LSOA21NMW": "Caerdydd 027D", "RUC21CD": "UN1", "RUC21NM": "Urban: Nearer to a major town or city" }, "geometry": { "type": "Polygon", "coordinates": [ [ [ 313593.874288873048499, 177656.184716664778534 ], [ 313433.990050389897078, 177437.063234818226192 ], [ 312952.781818781571928, 177826.34889625525102 ], [ 312839.395854313508607, 178108.625397691735998 ], [ 313424.928834767313674, 178241.212100396573078 ], [ 313593.874288873048499, 177656.184716664778534 ] ] ] } },
{ "type": "Feature", "properties": { "LSOA21CD": "W01001752", "LSOA21NM": "Cardiff 031B", "LSOA21NMW": "Caerdydd 031B", "RUC21CD": "UN1", "RUC21NM": "Urban: Nearer to a major town or city" }, "geometry": { "type": "Polygon", "coordinates": [ [ [ 314496.884310850466136, 177553.901696970686316 ], [ 314178.342312410706654, 177553.762312927865423 ], [ 314004.325141368433833, 177065.580605332448613 ], [ 313627.438041532295756, 176918.314987093326636 ], [ 313525.921073021716438, 176958.156631413323339 ], [ 313433.990050389897078, 177437.063234818226192 ], [ 313593.874288873048499, 177656.184716664778534 ], [ 314496.884310850466136, 177553.901696970686316 ] ] ] } },
{ "type": "Feature", "properties": { "LSOA21CD": "W01001753", "LSOA21NM": "Cardiff 031C", "LSOA21NMW": "Caerdydd 031C", "RUC21CD": "UN1", "RUC21NM": "Urban: Nearer to a major town or city" }, "geometry": { "type": "Polygon", "coordinates": [ [ [ 313433.990050389897078, 177437.063234818226192 ], [ 313525.921073021716438, 176958.156631413323339 ], [ 313045.710604452062398, 177206.404742021579295 ], [ 312923.875612618867308, 177750.083936996408738 ], [ 312952.781818781571928, 177826.34889625525102 ], [ 313433.990050389897078, 177437.063234818226192 ] ] ] } },
{ "type": "Feature", "properties": { "LSOA21CD": "W01001754", "LSOA21NM": "Cardiff 031D", "LSOA21NMW": "Caerdydd 031D", "RUC21CD": "UN1", "RUC21NM": "Urban: Nearer to a major town or city" }, "geometry": { "type": "Polygon", "coordinates": [ [ [ 314827.304544929706026, 177152.487286716932431 ], [ 314546.464400106633548, 176831.006832650338765 ], [ 314004.325141368433833, 177065.580605332448613 ], [ 314178.342312410706654, 177553.762312927865423 ], [ 314496.884310850466136, 177553.901696970686316 ], [ 314592.356249207048677, 177582.669617138803005 ], [ 314827.304544929706026, 177152.487286716932431 ] ] ] } },
{ "type": "Feature", "properties": { "LSOA21CD": "W01001755", "LSOA21NM": "Cardiff 025A", "LSOA21NMW": "Caerdydd 025A", "RUC21CD": "UN1", "RUC21NM": "Urban: Nearer to a major town or city" }, "geometry": { "type": "Polygon", "coordinates": [ [ [ 317734.878258459619246, 178580.028767157287803 ], [ 317500.212040486279875, 178394.930730565160047 ], [ 317327.34186393226264, 178257.891679182008374 ], [ 317225.012838037568145, 178750.003704470407683 ], [ 317554.578140309546143, 178831.86750084819505 ], [ 317734.878258459619246, 178580.028767157287803 ] ] ] } },
{ "type": "Feature", "properties": { "LSOA21CD": "W01001756", "LSOA21NM": "Cardiff 025B", "LSOA21NMW": "Caerdydd 025B", "RUC21CD": "UN1", "RUC21NM": "Urban: Nearer to a major town or city" }, "geometry": { "type": "Polygon", "coordinates": [ [ [ 317225.012838037568145, 178750.003704470407683 ], [ 317327.34186393226264, 178257.891679182008374 ], [ 317387.025928873685189, 178090.736612939683255 ], [ 317270.122797916992567, 177995.49115963280201 ], [ 317077.51258445426356, 178056.50356676481897 ], [ 316145.44177163724089, 178255.492886037915014 ], [ 316420.569350255012978, 178749.11768460588064 ], [ 316916.502057547331788, 179101.605659826716874 ], [ 316984.265931009256747, 179147.849379450490233 ], [ 317225.012838037568145, 178750.003704470407683 ] ] ] } },
{ "type": "Feature", "properties": { "LSOA21CD": "W01001757", "LSOA21NM": "Cardiff 025C", "LSOA21NMW": "Caerdydd 025C", "RUC21CD": "UN1", "RUC21NM": "Urban: Nearer to a major town or city" }, "geometry": { "type": "Polygon", "coordinates": [ [ [ 317476.663197744812351, 179177.881060127459932 ], [ 317554.578140309546143, 178831.86750084819505 ], [ 317225.012838037568145, 178750.003704470407683 ], [ 316984.265931009256747, 179147.849379450490233 ], [ 317307.155132701911498, 179215.117115487868432 ], [ 317476.663197744812351, 179177.881060127459932 ] ] ] } },
{ "type": "Feature", "properties": { "LSOA21CD": "W01001758", "LSOA21NM": "Cardiff 025D", "LSOA21NMW": "Caerdydd 025D", "RUC21CD": "UN1", "RUC21NM": "Urban: Nearer to a major town or city" }, "geometry": { "type": "Polygon", "coordinates": [ [ [ 317962.705305361771025, 179068.596049225190654 ], [ 317886.327415912528522, 178412.104710023209918 ], [ 317734.878258459619246, 178580.028767157287803 ], [ 317554.578140309546143, 178831.86750084819505 ], [ 317476.663197744812351, 179177.881060127459932 ], [ 317962.705305361771025, 179068.596049225190654 ] ] ] } },
{ "type": "Feature", "properties": { "LSOA21CD": "W01001759", "LSOA21NM": "Cardiff 046A", "LSOA21NMW": "Caerdydd 046A", "RUC21CD": "UN1", "RUC21NM": "Urban: Nearer to a major town or city" }, "geometry": { "type": "Polygon", "coordinates": [ [ [ 317099.03020479681436, 175973.011492155550513 ], [ 317146.208411647879984, 175968.428472371771932 ], [ 317207.208686195430346, 175593.204940594034269 ], [ 317306.667804904282093, 175296.528424233547412 ], [ 317472.102911242225673, 175022.729248076560907 ], [ 317516.864663593296427, 174875.150337853294332 ], [ 316626.011117273010314, 173920.009366094716825 ], [ 316523.559549484343734, 173980.062258214922622 ], [ 316257.012906410091091, 174815.406495162460487 ], [ 316975.57064842566615, 175586.269904792890884 ], [ 316640.717333578504622, 176064.265601281367708 ], [ 317099.03020479681436, 175973.011492155550513 ] ] ] } },
{ "type": "Feature", "properties": { "LSOA21CD": "W01001760", "LSOA21NM": "Cardiff 046B", "LSOA21NMW": "Caerdydd 046B", "RUC21CD": "UN1", "RUC21NM": "Urban: Nearer to a major town or city" }, "geometry": { "type": "Polygon", "coordinates": [ [ [ 318403.963197054690681, 174934.842569411324803 ], [ 318518.25118227355415, 174882.226675603480544 ], [ 318587.330006226431578, 174639.304995711543597 ], [ 318179.281869054888375, 174230.263019360485487 ], [ 318068.011450974736363, 174491.003928283811547 ], [ 318049.006556962616742, 174602.790635430021212 ], [ 318049.011991876875982, 174945.002769960090518 ], [ 318403.963197054690681, 174934.842569411324803 ] ] ] } },
{ "type": "Feature", "properties": { "LSOA21CD": "W01001761", "LSOA21NM": "Cardiff 046C", "LSOA21NMW": "Caerdydd 046C", "RUC21CD": "UN1", "RUC21NM": "Urban: Nearer to a major town or city" }, "geometry": { "type": "Polygon", "coordinates": [ [ [ 317591.349811424734071, 174948.69339898385806 ], [ 318015.546044190530665, 174973.194779623823706 ], [ 318049.011991876875982, 174945.002769960090518 ], [ 318049.006556962616742, 174602.790635430021212 ], [ 317584.011478309286758, 174640.003409005235881 ], [ 317516.864663593296427, 174875.150337853294332 ], [ 317472.102911242225673, 175022.729248076560907 ], [ 317591.349811424734071, 174948.69339898385806 ] ] ] } },
{ "type": "Feature", "properties": { "LSOA21CD": "W01001762", "LSOA21NM": "Cardiff 046D", "LSOA21NMW": "Caerdydd 046D", "RUC21CD": "UN1", "RUC21NM": "Urban: Nearer to a major town or city" }, "geometry": { "type": "Polygon", "coordinates": [ [ [ 318049.006556962616742, 174602.790635430021212 ], [ 318068.011450974736363, 174491.003928283811547 ], [ 317800.011105664656498, 174378.004703134880401 ], [ 317952.643866846570745, 173945.951603793422692 ], [ 317687.26888763072202, 174080.489520585397258 ], [ 317584.011478309286758, 174640.003409005235881 ], [ 318049.006556962616742, 174602.790635430021212 ] ] ] } },
{ "type": "Feature", "properties": { "LSOA21CD": "W01001764", "LSOA21NM": "Cardiff 044A", "LSOA21NMW": "Caerdydd 044A", "RUC21CD": "UN1", "RUC21NM": "Urban: Nearer to a major town or city" }, "geometry": { "type": "Polygon", "coordinates": [ [ [ 317472.718299443542492, 175913.948301470838487 ], [ 317991.204306978965178, 175844.109830402419902 ], [ 318042.711779582430609, 175250.599765652790666 ], [ 317771.422806866874453, 175621.018967604846694 ], [ 317639.857375497929752, 175816.974126483779401 ], [ 317207.208686195430346, 175593.204940594034269 ], [ 317146.208411647879984, 175968.428472371771932 ], [ 317472.718299443542492, 175913.948301470838487 ] ] ] } },
{ "type": "Feature", "properties": { "LSOA21CD": "W01001765", "LSOA21NM": "Cardiff 044B", "LSOA21NMW": "Caerdydd 044B", "RUC21CD": "UN1", "RUC21NM": "Urban: Nearer to a major town or city" }, "geometry": { "type": "Polygon", "coordinates": [ [ [ 318042.711779582430609, 175250.599765652790666 ], [ 318403.963197054690681, 174934.842569411324803 ], [ 318049.011991876875982, 174945.002769960090518 ], [ 318015.546044190530665, 174973.194779623823706 ], [ 317704.012625877163373, 175220.003759625949897 ], [ 317674.012377315200865, 175477.002883435692638 ], [ 317771.422806866874453, 175621.018967604846694 ], [ 318042.711779582430609, 175250.599765652790666 ] ] ] } },
{ "type": "Feature", "properties": { "LSOA21CD": "W01001766", "LSOA21NM": "Cardiff 044C", "LSOA21NMW": "Caerdydd 044C", "RUC21CD": "UN1", "RUC21NM": "Urban: Nearer to a major town or city" }, "geometry": { "type": "Polygon", "coordinates": [ [ [ 317771.422806866874453, 175621.018967604846694 ], [ 317674.012377315200865, 175477.002883435692638 ], [ 317306.667804904282093, 175296.528424233547412 ], [ 317207.208686195430346, 175593.204940594034269 ], [ 317639.857375497929752, 175816.974126483779401 ], [ 317771.422806866874453, 175621.018967604846694 ] ] ] } },
{ "type": "Feature", "properties": { "LSOA21CD": "W01001767", "LSOA21NM": "Cardiff 044D", "LSOA21NMW": "Caerdydd 044D", "RUC21CD": "UN1", "RUC21NM": "Urban: Nearer to a major town or city" }, "geometry": { "type": "Polygon", "coordinates": [ [ [ 317704.012625877163373, 175220.003759625949897 ], [ 317591.349811424734071, 174948.69339898385806 ], [ 317472.102911242225673, 175022.729248076560907 ], [ 317306.667804904282093, 175296.528424233547412 ], [ 317674.012377315200865, 175477.002883435692638 ], [ 317704.012625877163373, 175220.003759625949897 ] ] ] } },
{ "type": "Feature", "properties": { "LSOA21CD": "W01001768", "LSOA21NM": "Cardiff 044E", "LSOA21NMW": "Caerdydd 044E", "RUC21CD": "UN1", "RUC21NM": "Urban: Nearer to a major town or city" }, "geometry": { "type": "Polygon", "coordinates": [ [ [ 318015.546044190530665, 174973.194779623823706 ], [ 317591.349811424734071, 174948.69339898385806 ], [ 317704.012625877163373, 175220.003759625949897 ], [ 318015.546044190530665, 174973.194779623823706 ] ] ] } },
{ "type": "Feature", "properties": { "LSOA21CD": "W01001769", "LSOA21NM": "Cardiff 018A", "LSOA21NMW": "Caerdydd 018A", "RUC21CD": "UN1", "RUC21NM": "Urban: Nearer to a major town or city" }, "geometry": { "type": "Polygon", "coordinates": [ [ [ 318104.011606116837356, 180617.300571751839016 ], [ 318103.99259520805208, 180610.31497207673965 ], [ 318114.25752675475087, 180364.833585465850774 ], [ 318130.914501225110143, 180250.635798253293615 ], [ 317500.065073481469881, 180169.056005443271715 ], [ 317394.35231396695599, 180977.44709851796506 ], [ 318104.011606116837356, 180617.300571751839016 ] ] ] } },
{ "type": "Feature", "properties": { "LSOA21CD": "W01001770", "LSOA21NM": "Cardiff 018B", "LSOA21NMW": "Caerdydd 018B", "RUC21CD": "UN1", "RUC21NM": "Urban: Nearer to a major town or city" }, "geometry": { "type": "Polygon", "coordinates": [ [ [ 318286.10142613411881, 179436.092853307840414 ], [ 318379.557107703585643, 178940.516214430448599 ], [ 317962.705305361771025, 179068.596049225190654 ], [ 317476.663197744812351, 179177.881060127459932 ], [ 317307.155132701911498, 179215.117115487868432 ], [ 317333.013190491008572, 179627.002748286817223 ], [ 317347.012638555606827, 180010.003023048571777 ], [ 317500.065073481469881, 180169.056005443271715 ], [ 318130.914501225110143, 180250.635798253293615 ], [ 318286.10142613411881, 179436.092853307840414 ] ] ] } },
{ "type": "Feature", "properties": { "LSOA21CD": "W01001771", "LSOA21NM": "Cardiff 018C", "LSOA21NMW": "Caerdydd 018C", "RUC21CD": "UN1", "RUC21NM": "Urban: Nearer to a major town or city" }, "geometry": { "type": "Polygon", "coordinates": [ [ [ 317394.35231396695599, 180977.44709851796506 ], [ 317500.065073481469881, 180169.056005443271715 ], [ 317347.012638555606827, 180010.003023048571777 ], [ 317057.221553064882755, 180294.66873203846626 ], [ 317083.012924683105666, 180761.004226331890095 ], [ 316749.854352727415971, 180740.107942433969583 ], [ 316723.609765903034713, 180973.505305798840709 ], [ 317035.22145896370057, 180986.447621720202733 ], [ 317394.35231396695599, 180977.44709851796506 ] ] ] } },
{ "type": "Feature", "properties": { "LSOA21CD": "W01001772", "LSOA21NM": "Cardiff 021A", "LSOA21NMW": "Caerdydd 021A", "RUC21CD": "UN1", "RUC21NM": "Urban: Nearer to a major town or city" }, "geometry": { "type": "Polygon", "coordinates": [ [ [ 316472.069648815493565, 180127.060023216821719 ], [ 316541.048016572603956, 179725.899428468081169 ], [ 316154.224108916416299, 180102.130983650917187 ], [ 315664.908176099823322, 180488.512030314013828 ], [ 315818.169215088360943, 180519.461651134304702 ], [ 316242.603325031930581, 180663.509278036362957 ], [ 316472.069648815493565, 180127.060023216821719 ] ] ] } },
{ "type": "Feature", "properties": { "LSOA21CD": "W01001773", "LSOA21NM": "Cardiff 012A", "LSOA21NMW": "Caerdydd 012A", "RUC21CD": "UN1", "RUC21NM": "Urban: Nearer to a major town or city" }, "geometry": { "type": "Polygon", "coordinates": [ [ [ 317057.221553064882755, 180294.66873203846626 ], [ 316840.978790304507129, 180291.636092601809651 ], [ 316636.347654164186679, 180447.921492669731379 ], [ 316472.069648815493565, 180127.060023216821719 ], [ 316242.603325031930581, 180663.509278036362957 ], [ 316749.854352727415971, 180740.107942433969583 ], [ 317083.012924683105666, 180761.004226331890095 ], [ 317057.221553064882755, 180294.66873203846626 ] ] ] } },
{ "type": "Feature", "properties": { "LSOA21CD": "W01001774", "LSOA21NM": "Cardiff 018D", "LSOA21NMW": "Caerdydd 018D", "RUC21CD": "UN1", "RUC21NM": "Urban: Nearer to a major town or city" }, "geometry": { "type": "Polygon", "coordinates": [ [ [ 317347.012638555606827, 180010.003023048571777 ], [ 317333.013190491008572, 179627.002748286817223 ], [ 316840.757049597916193, 179839.044485007238109 ], [ 316840.978790304507129, 180291.636092601809651 ], [ 317057.221553064882755, 180294.66873203846626 ], [ 317347.012638555606827, 180010.003023048571777 ] ] ] } },
{ "type": "Feature", "properties": { "LSOA21CD": "W01001775", "LSOA21NM": "Cardiff 021B", "LSOA21NMW": "Caerdydd 021B", "RUC21CD": "UN1", "RUC21NM": "Urban: Nearer to a major town or city" }, "geometry": { "type": "Polygon", "coordinates": [ [ [ 316840.978790304507129, 180291.636092601809651 ], [ 316840.757049597916193, 179839.044485007238109 ], [ 316830.167055371566676, 179379.079269252077211 ], [ 316541.048016572603956, 179725.899428468081169 ], [ 316472.069648815493565, 180127.060023216821719 ], [ 316636.347654164186679, 180447.921492669731379 ], [ 316840.978790304507129, 180291.636092601809651 ] ] ] } },
{ "type": "Feature", "properties": { "LSOA21CD": "W01001776", "LSOA21NM": "Cardiff 021C", "LSOA21NMW": "Caerdydd 021C", "RUC21CD": "UN1", "RUC21NM": "Urban: Nearer to a major town or city" }, "geometry": { "type": "Polygon", "coordinates": [ [ [ 317333.013190491008572, 179627.002748286817223 ], [ 317307.155132701911498, 179215.117115487868432 ], [ 316984.265931009256747, 179147.849379450490233 ], [ 316916.502057547331788, 179101.605659826716874 ], [ 316878.51294645993039, 179232.00336388987489 ], [ 316830.167055371566676, 179379.079269252077211 ], [ 316840.757049597916193, 179839.044485007238109 ], [ 317333.013190491008572, 179627.002748286817223 ] ] ] } },
{ "type": "Feature", "properties": { "LSOA21CD": "W01001777", "LSOA21NM": "Cardiff 001A", "LSOA21NMW": "Caerdydd 001A", "RUC21CD": "UN1", "RUC21NM": "Urban: Nearer to a major town or city" }, "geometry": { "type": "Polygon", "coordinates": [ [ [ 320183.213151767093223, 184268.865859092504252 ], [ 319956.716985161416233, 183856.49873970146291 ], [ 320208.671690768154804, 183585.268090508994646 ], [ 320409.454653586086351, 183282.809599130589049 ], [ 319686.25937354483176, 182847.848150646081194 ], [ 319793.281778767588548, 182021.515677881136071 ], [ 319699.960840370098595, 182060.52192657336127 ], [ 319174.323321240372024, 182174.403699142974801 ], [ 318245.504610565898474, 182585.226899625267833 ], [ 318489.661685340106487, 183538.274388478079345 ], [ 318884.427637210814282, 183576.438501528347842 ], [ 319137.171094573219307, 184089.638832782686222 ], [ 319283.185861954465508, 185168.063509871426504 ], [ 319855.417975505872164, 184939.40971422434086 ], [ 320183.213151767093223, 184268.865859092504252 ] ] ] } },
{ "type": "Feature", "properties": { "LSOA21CD": "W01001778", "LSOA21NM": "Cardiff 001B", "LSOA21NMW": "Caerdydd 001B", "RUC21CD": "UN1", "RUC21NM": "Urban: Nearer to a major town or city" }, "geometry": { "type": "Polygon", "coordinates": [ [ [ 318245.504610565898474, 182585.226899625267833 ], [ 317992.415035136800725, 182733.175564898818266 ], [ 317698.642151736828964, 183598.692258735420182 ], [ 316711.514984325796831, 183497.197349998867139 ], [ 316421.741761176264845, 183338.124569880485069 ], [ 316222.106920581427403, 184144.096392853243742 ], [ 315794.016567149606999, 184307.300539596239105 ], [ 316709.323006786289625, 184732.602939597854856 ], [ 319283.185861954465508, 185168.063509871426504 ], [ 319137.171094573219307, 184089.638832782686222 ], [ 318884.427637210814282, 183576.438501528347842 ], [ 318489.661685340106487, 183538.274388478079345 ], [ 318245.504610565898474, 182585.226899625267833 ] ] ] } },
{ "type": "Feature", "properties": { "LSOA21CD": "W01001779", "LSOA21NM": "Cardiff 026A", "LSOA21NMW": "Caerdydd 026A", "RUC21CD": "UN1", "RUC21NM": "Urban: Nearer to a major town or city" }, "geometry": { "type": "Polygon", "coordinates": [ [ [ 315208.012090163188986, 177546.003216326644178 ], [ 315128.011986963567324, 177974.00324698962504 ], [ 314585.990834159951191, 177598.420113403117284 ], [ 314446.019228437449783, 177949.148277604719624 ], [ 314385.867101222160272, 178222.827745302231051 ], [ 315035.228064992174041, 178109.265348163084127 ], [ 315197.545067330007441, 178417.704154492705129 ], [ 315543.323138090665452, 178459.104181943228468 ], [ 315208.012090163188986, 177546.003216326644178 ] ] ] } },
{ "type": "Feature", "properties": { "LSOA21CD": "W01001780", "LSOA21NM": "Cardiff 026B", "LSOA21NMW": "Caerdydd 026B", "RUC21CD": "UN1", "RUC21NM": "Urban: Nearer to a major town or city" }, "geometry": { "type": "Polygon", "coordinates": [ [ [ 314624.660753818287048, 178977.522762942302506 ], [ 315197.545067330007441, 178417.704154492705129 ], [ 315035.228064992174041, 178109.265348163084127 ], [ 314385.867101222160272, 178222.827745302231051 ], [ 314404.149880239740014, 178540.133814779866952 ], [ 314194.957693650270812, 179136.371518305037171 ], [ 313928.819604795949999, 179035.672003031126224 ], [ 314320.868882479378954, 179369.442988752445672 ], [ 314624.660753818287048, 178977.522762942302506 ] ] ] } },
{ "type": "Feature", "properties": { "LSOA21CD": "W01001781", "LSOA21NM": "Cardiff 026C", "LSOA21NMW": "Caerdydd 026C", "RUC21CD": "UN1", "RUC21NM": "Urban: Nearer to a major town or city" }, "geometry": { "type": "Polygon", "coordinates": [ [ [ 315685.857149537478108, 178394.375219727691729 ], [ 316145.44177163724089, 178255.492886037915014 ], [ 315818.204115233849734, 177717.770977644366212 ], [ 316313.897886797494721, 177307.892712323751766 ], [ 316278.652872788778041, 177296.254213850537781 ], [ 315699.256945867848117, 177393.486472537508234 ], [ 315438.984942463808693, 177398.364145590923727 ], [ 315100.453140458732378, 177357.760395038523711 ], [ 315208.012090163188986, 177546.003216326644178 ], [ 315543.323138090665452, 178459.104181943228468 ], [ 315685.857149537478108, 178394.375219727691729 ] ] ] } },
{ "type": "Feature", "properties": { "LSOA21CD": "W01001782", "LSOA21NM": "Cardiff 026D", "LSOA21NMW": "Caerdydd 026D", "RUC21CD": "UN1", "RUC21NM": "Urban: Nearer to a major town or city" }, "geometry": { "type": "Polygon", "coordinates": [ [ [ 315208.012090163188986, 177546.003216326644178 ], [ 315100.453140458732378, 177357.760395038523711 ], [ 315438.984942463808693, 177398.364145590923727 ], [ 315217.012960289721377, 177330.848132779996376 ], [ 314827.304544929706026, 177152.487286716932431 ], [ 314592.356249207048677, 177582.669617138803005 ], [ 314585.990834159951191, 177598.420113403117284 ], [ 315128.011986963567324, 177974.00324698962504 ], [ 315208.012090163188986, 177546.003216326644178 ] ] ] } },
{ "type": "Feature", "properties": { "LSOA21CD": "W01001783", "LSOA21NM": "Cardiff 026E", "LSOA21NMW": "Caerdydd 026E", "RUC21CD": "UN1", "RUC21NM": "Urban: Nearer to a major town or city" }, "geometry": { "type": "Polygon", "coordinates": [ [ [ 314320.868882479378954, 179369.442988752445672 ], [ 313928.819604795949999, 179035.672003031126224 ], [ 313614.110215171705931, 179103.065416650089901 ], [ 313453.015140925883316, 179245.705126320128329 ], [ 313382.254294446087442, 179297.291397054796107 ], [ 313926.47625736502232, 179634.279317763634026 ], [ 314320.868882479378954, 179369.442988752445672 ] ] ] } },
{ "type": "Feature", "properties": { "LSOA21CD": "W01001784", "LSOA21NM": "Cardiff 026F", "LSOA21NMW": "Caerdydd 026F", "RUC21CD": "UN1", "RUC21NM": "Urban: Nearer to a major town or city" }, "geometry": { "type": "Polygon", "coordinates": [ [ [ 314404.149880239740014, 178540.133814779866952 ], [ 313614.110215171705931, 179103.065416650089901 ], [ 313928.819604795949999, 179035.672003031126224 ], [ 314194.957693650270812, 179136.371518305037171 ], [ 314404.149880239740014, 178540.133814779866952 ] ] ] } },
{ "type": "Feature", "properties": { "LSOA21CD": "W01001785", "LSOA21NM": "Cardiff 023A", "LSOA21NMW": "Caerdydd 023A", "RUC21CD": "UN1", "RUC21NM": "Urban: Nearer to a major town or city" }, "geometry": { "type": "Polygon", "coordinates": [ [ [ 315904.196838668431155, 179225.340843224781565 ], [ 316034.409400734817609, 178887.454424686904531 ], [ 315686.01227389939595, 178805.003288101637736 ], [ 315377.897195315395948, 178862.291319944837596 ], [ 315488.451999811979476, 179108.647919756709598 ], [ 315616.493599009758327, 179281.672150774218608 ], [ 315663.674659622716717, 179347.256347290007398 ], [ 315904.196838668431155, 179225.340843224781565 ] ] ] } },
{ "type": "Feature", "properties": { "LSOA21CD": "W01001786", "LSOA21NM": "Cardiff 023B", "LSOA21NMW": "Caerdydd 023B", "RUC21CD": "UN1", "RUC21NM": "Urban: Nearer to a major town or city" }, "geometry": { "type": "Polygon", "coordinates": [ [ [ 315686.01227389939595, 178805.003288101637736 ], [ 315685.857149537478108, 178394.375219727691729 ], [ 315543.323138090665452, 178459.104181943228468 ], [ 315197.545067330007441, 178417.704154492705129 ], [ 314624.660753818287048, 178977.522762942302506 ], [ 315120.520076199783944, 178976.138463251525536 ], [ 315488.451999811979476, 179108.647919756709598 ], [ 315377.897195315395948, 178862.291319944837596 ], [ 315686.01227389939595, 178805.003288101637736 ] ] ] } },
{ "type": "Feature", "properties": { "LSOA21CD": "W01001787", "LSOA21NM": "Cardiff 023C", "LSOA21NMW": "Caerdydd 023C", "RUC21CD": "UN1", "RUC21NM": "Urban: Nearer to a major town or city" }, "geometry": { "type": "Polygon", "coordinates": [ [ [ 316916.502057547331788, 179101.605659826716874 ], [ 316420.569350255012978, 178749.11768460588064 ], [ 316034.409400734817609, 178887.454424686904531 ], [ 315904.196838668431155, 179225.340843224781565 ], [ 316326.588713036209811, 179176.224387325870339 ], [ 316878.51294645993039, 179232.00336388987489 ], [ 316916.502057547331788, 179101.605659826716874 ] ] ] } },
{ "type": "Feature", "properties": { "LSOA21CD": "W01001788", "LSOA21NM": "Cardiff 023D", "LSOA21NMW": "Caerdydd 023D", "RUC21CD": "UN1", "RUC21NM": "Urban: Nearer to a major town or city" }, "geometry": { "type": "Polygon", "coordinates": [ [ [ 316420.569350255012978, 178749.11768460588064 ], [ 316145.44177163724089, 178255.492886037915014 ], [ 315685.857149537478108, 178394.375219727691729 ], [ 315686.01227389939595, 178805.003288101637736 ], [ 316034.409400734817609, 178887.454424686904531 ], [ 316420.569350255012978, 178749.11768460588064 ] ] ] } },
{ "type": "Feature", "properties": { "LSOA21CD": "W01001789", "LSOA21NM": "Cardiff 023E", "LSOA21NMW": "Caerdydd 023E", "RUC21CD": "UN1", "RUC21NM": "Urban: Nearer to a major town or city" }, "geometry": { "type": "Polygon", "coordinates": [ [ [ 314647.987952667113859, 179613.944844805577304 ], [ 314888.846521753002889, 179570.967926910961978 ], [ 315108.715525172650814, 179519.7686547235935 ], [ 314900.659910552436486, 179122.292601248074789 ], [ 315120.520076199783944, 178976.138463251525536 ], [ 314624.660753818287048, 178977.522762942302506 ], [ 314320.868882479378954, 179369.442988752445672 ], [ 313926.47625736502232, 179634.279317763634026 ], [ 314068.268995025136974, 179871.928760348877404 ], [ 314647.987952667113859, 179613.944844805577304 ] ] ] } },
{ "type": "Feature", "properties": { "LSOA21CD": "W01001790", "LSOA21NM": "Cardiff 023F", "LSOA21NMW": "Caerdydd 023F", "RUC21CD": "UN1", "RUC21NM": "Urban: Nearer to a major town or city" }, "geometry": { "type": "Polygon", "coordinates": [ [ [ 315616.493599009758327, 179281.672150774218608 ], [ 315488.451999811979476, 179108.647919756709598 ], [ 315120.520076199783944, 178976.138463251525536 ], [ 314900.659910552436486, 179122.292601248074789 ], [ 315108.715525172650814, 179519.7686547235935 ], [ 315616.493599009758327, 179281.672150774218608 ] ] ] } },
{ "type": "Feature", "properties": { "LSOA21CD": "W01001791", "LSOA21NM": "Cardiff 005A", "LSOA21NMW": "Caerdydd 005A", "RUC21CD": "UN1", "RUC21NM": "Urban: Nearer to a major town or city" }, "geometry": { "type": "Polygon", "coordinates": [ [ [ 319004.286927252775058, 181823.656240227574017 ], [ 318942.264350767654832, 181559.139681615808513 ], [ 318117.352724965254311, 181330.804549994878471 ], [ 317936.43585313129006, 181587.40321332734311 ], [ 317222.013460239802953, 181122.004287882067729 ], [ 317224.014165085332934, 181570.004371134389658 ], [ 317351.741021408000961, 181723.208786691597197 ], [ 317791.488072503823787, 181869.770269695029128 ], [ 317775.317090629658196, 182142.764999735809397 ], [ 319004.286927252775058, 181823.656240227574017 ] ] ] } },
{ "type": "Feature", "properties": { "LSOA21CD": "W01001792", "LSOA21NM": "Cardiff 005B", "LSOA21NMW": "Caerdydd 005B", "RUC21CD": "UN1", "RUC21NM": "Urban: Nearer to a major town or city" }, "geometry": { "type": "Polygon", "coordinates": [ [ [ 318117.352724965254311, 181330.804549994878471 ], [ 318104.011606116837356, 180617.300571751839016 ], [ 317394.35231396695599, 180977.44709851796506 ], [ 317035.22145896370057, 180986.447621720202733 ], [ 317107.799614850839134, 181114.111589079722762 ], [ 317222.013460239802953, 181122.004287882067729 ], [ 317936.43585313129006, 181587.40321332734311 ], [ 318117.352724965254311, 181330.804549994878471 ] ] ] } },
{ "type": "Feature", "properties": { "LSOA21CD": "W01001793", "LSOA21NM": "Cardiff 002A", "LSOA21NMW": "Caerdydd 002A", "RUC21CD": "UN1", "RUC21NM": "Urban: Nearer to a major town or city" }, "geometry": { "type": "Polygon", "coordinates": [ [ [ 317504.738275866722688, 182857.366042627894785 ], [ 317200.959857002017088, 183344.684429808985442 ], [ 316711.514984325796831, 183497.197349998867139 ], [ 317698.642151736828964, 183598.692258735420182 ], [ 317504.738275866722688, 182857.366042627894785 ] ] ] } },
{ "type": "Feature", "properties": { "LSOA21CD": "W01001794", "LSOA21NM": "Cardiff 001C", "LSOA21NMW": "Caerdydd 001C", "RUC21CD": "UN1", "RUC21NM": "Urban: Nearer to a major town or city" }, "geometry": { "type": "Polygon", "coordinates": [ [ [ 317992.415035136800725, 182733.175564898818266 ], [ 317878.979742086434271, 182651.224108592607081 ], [ 317538.013207508425694, 182874.004008703690488 ], [ 317504.738275866722688, 182857.366042627894785 ], [ 317698.642151736828964, 183598.692258735420182 ], [ 317992.415035136800725, 182733.175564898818266 ] ] ] } },
{ "type": "Feature", "properties": { "LSOA21CD": "W01001795", "LSOA21NM": "Cardiff 002B", "LSOA21NMW": "Caerdydd 002B", "RUC21CD": "UN1", "RUC21NM": "Urban: Nearer to a major town or city" }, "geometry": { "type": "Polygon", "coordinates": [ [ [ 317200.959857002017088, 183344.684429808985442 ], [ 317368.320581795589533, 182795.968217100598849 ], [ 316919.999336679407861, 182800.135968846792821 ], [ 316416.981529750744812, 182904.830934878787957 ], [ 316421.741761176264845, 183338.124569880485069 ], [ 316711.514984325796831, 183497.197349998867139 ], [ 317200.959857002017088, 183344.684429808985442 ] ] ] } },
{ "type": "Feature", "properties": { "LSOA21CD": "W01001796", "LSOA21NM": "Cardiff 002C", "LSOA21NMW": "Caerdydd 002C", "RUC21CD": "UN1", "RUC21NM": "Urban: Nearer to a major town or city" }, "geometry": { "type": "Polygon", "coordinates": [ [ [ 317504.738275866722688, 182857.366042627894785 ], [ 317538.013207508425694, 182874.004008703690488 ], [ 317201.553785366413649, 182371.257478093903046 ], [ 317023.516291441745125, 182384.393977793049999 ], [ 316919.999336679407861, 182800.135968846792821 ], [ 317368.320581795589533, 182795.968217100598849 ], [ 317200.959857002017088, 183344.684429808985442 ], [ 317504.738275866722688, 182857.366042627894785 ] ] ] } },
{ "type": "Feature", "properties": { "LSOA21CD": "W01001797", "LSOA21NM": "Cardiff 005C", "LSOA21NMW": "Caerdydd 005C", "RUC21CD": "UN1", "RUC21NM": "Urban: Nearer to a major town or city" }, "geometry": { "type": "Polygon", "coordinates": [ [ [ 317878.979742086434271, 182651.224108592607081 ], [ 317993.811641341017094, 182136.074560990091413 ], [ 317775.317090629658196, 182142.764999735809397 ], [ 317791.488072503823787, 181869.770269695029128 ], [ 317351.741021408000961, 181723.208786691597197 ], [ 317519.644857801846229, 182343.556556661671493 ], [ 317201.553785366413649, 182371.257478093903046 ], [ 317538.013207508425694, 182874.004008703690488 ], [ 317878.979742086434271, 182651.224108592607081 ] ] ] } },
{ "type": "Feature", "properties": { "LSOA21CD": "W01001798", "LSOA21NM": "Cardiff 002D", "LSOA21NMW": "Caerdydd 002D", "RUC21CD": "UN1", "RUC21NM": "Urban: Nearer to a major town or city" }, "geometry": { "type": "Polygon", "coordinates": [ [ [ 316919.999336679407861, 182800.135968846792821 ], [ 317023.516291441745125, 182384.393977793049999 ], [ 316761.754108482738957, 182307.242759801330976 ], [ 316494.611015119415242, 182212.403630066663027 ], [ 316431.609770667506382, 182430.078305082744919 ], [ 316416.981529750744812, 182904.830934878787957 ], [ 316919.999336679407861, 182800.135968846792821 ] ] ] } },
{ "type": "Feature", "properties": { "LSOA21CD": "W01001799", "LSOA21NM": "Cardiff 001D", "LSOA21NMW": "Caerdydd 001D", "RUC21CD": "UN1", "RUC21NM": "Urban: Nearer to a major town or city" }, "geometry": { "type": "Polygon", "coordinates": [ [ [ 318245.504610565898474, 182585.226899625267833 ], [ 319174.323321240372024, 182174.403699142974801 ], [ 319004.286927252775058, 181823.656240227574017 ], [ 317775.317090629658196, 182142.764999735809397 ], [ 317993.811641341017094, 182136.074560990091413 ], [ 317878.979742086434271, 182651.224108592607081 ], [ 317992.415035136800725, 182733.175564898818266 ], [ 318245.504610565898474, 182585.226899625267833 ] ] ] } },
{ "type": "Feature", "properties": { "LSOA21CD": "W01001800", "LSOA21NM": "Cardiff 005D", "LSOA21NMW": "Caerdydd 005D", "RUC21CD": "UN1", "RUC21NM": "Urban: Nearer to a major town or city" }, "geometry": { "type": "Polygon", "coordinates": [ [ [ 317201.553785366413649, 182371.257478093903046 ], [ 317519.644857801846229, 182343.556556661671493 ], [ 317351.741021408000961, 181723.208786691597197 ], [ 317224.014165085332934, 181570.004371134389658 ], [ 316761.754108482738957, 182307.242759801330976 ], [ 317023.516291441745125, 182384.393977793049999 ], [ 317201.553785366413649, 182371.257478093903046 ] ] ] } },
{ "type": "Feature", "properties": { "LSOA21CD": "W01001802", "LSOA21NM": "Cardiff 007A", "LSOA21NMW": "Caerdydd 007A", "RUC21CD": "UN1", "RUC21NM": "Urban: Nearer to a major town or city" }, "geometry": { "type": "Polygon", "coordinates": [ [ [ 322734.811642589338589, 180874.254448769846931 ], [ 322621.118729280715343, 180603.00347028800752 ], [ 322293.01073238265235, 180698.001075948763173 ], [ 322283.914780946797691, 180765.989686992368661 ], [ 322292.6351769194589, 181161.581932125613093 ], [ 322385.573362364899367, 181338.502282931702211 ], [ 322656.611277202318888, 181734.680487476522103 ], [ 322734.811642589338589, 180874.254448769846931 ] ] ] } },
{ "type": "Feature", "properties": { "LSOA21CD": "W01001803", "LSOA21NM": "Cardiff 015A", "LSOA21NMW": "Caerdydd 015A", "RUC21CD": "UN1", "RUC21NM": "Urban: Nearer to a major town or city" }, "geometry": { "type": "Polygon", "coordinates": [ [ [ 322621.118729280715343, 180603.00347028800752 ], [ 322031.103601301612798, 179983.881497927883174 ], [ 321954.560263118648436, 179881.533910243597347 ], [ 321881.197325840417761, 179796.934126082109287 ], [ 321802.388048515887931, 180048.404807219165377 ], [ 322293.01073238265235, 180698.001075948763173 ], [ 322621.118729280715343, 180603.00347028800752 ] ] ] } },
{ "type": "Feature", "properties": { "LSOA21CD": "W01001804", "LSOA21NM": "Cardiff 015B", "LSOA21NMW": "Caerdydd 015B", "RUC21CD": "UN1", "RUC21NM": "Urban: Nearer to a major town or city" }, "geometry": { "type": "Polygon", "coordinates": [ [ [ 322292.6351769194589, 181161.581932125613093 ], [ 322283.914780946797691, 180765.989686992368661 ], [ 321483.431504833512008, 180800.461294963548426 ], [ 321506.017249639844522, 181322.984700677392539 ], [ 322292.6351769194589, 181161.581932125613093 ] ] ] } },
{ "type": "Feature", "properties": { "LSOA21CD": "W01001805", "LSOA21NM": "Cardiff 015C", "LSOA21NMW": "Caerdydd 015C", "RUC21CD": "UN1", "RUC21NM": "Urban: Nearer to a major town or city" }, "geometry": { "type": "Polygon", "coordinates": [ [ [ 322283.914780946797691, 180765.989686992368661 ], [ 322293.01073238265235, 180698.001075948763173 ], [ 321802.388048515887931, 180048.404807219165377 ], [ 321570.007477534702048, 180415.000968020642176 ], [ 321445.720748322783038, 180143.013971563137602 ], [ 320901.100935185328126, 180513.934174966416322 ], [ 321483.431504833512008, 180800.461294963548426 ], [ 322283.914780946797691, 180765.989686992368661 ] ] ] } },
{ "type": "Feature", "properties": { "LSOA21CD": "W01001806", "LSOA21NM": "Cardiff 015D", "LSOA21NMW": "Caerdydd 015D", "RUC21CD": "UN1", "RUC21NM": "Urban: Nearer to a major town or city" }, "geometry": { "type": "Polygon", "coordinates": [ [ [ 321802.388048515887931, 180048.404807219165377 ], [ 321881.197325840417761, 179796.934126082109287 ], [ 321011.156408745911904, 179085.961620614863932 ], [ 320931.09091767022619, 179154.456545656837989 ], [ 320745.910810347995721, 179415.611582921992522 ], [ 320901.100935185328126, 180513.934174966416322 ], [ 321445.720748322783038, 180143.013971563137602 ], [ 321570.007477534702048, 180415.000968020642176 ], [ 321802.388048515887931, 180048.404807219165377 ] ] ] } },
{ "type": "Feature", "properties": { "LSOA21CD": "W01001807", "LSOA21NM": "Cardiff 007B", "LSOA21NMW": "Caerdydd 007B", "RUC21CD": "UN1", "RUC21NM": "Urban: Nearer to a major town or city" }, "geometry": { "type": "Polygon", "coordinates": [ [ [ 322555.549397935334127, 181797.161997198360041 ], [ 322656.611277202318888, 181734.680487476522103 ], [ 322385.573362364899367, 181338.502282931702211 ], [ 322163.565231591754127, 181254.00600936653791 ], [ 322347.011642843659502, 181572.003667214070447 ], [ 322111.030389018531423, 181385.790140165307093 ], [ 322020.129801537201274, 181820.19933347334154 ], [ 322555.549397935334127, 181797.161997198360041 ] ] ] } },
{ "type": "Feature", "properties": { "LSOA21CD": "W01001808", "LSOA21NM": "Cardiff 007C", "LSOA21NMW": "Caerdydd 007C", "RUC21CD": "UN1", "RUC21NM": "Urban: Nearer to a major town or city" }, "geometry": { "type": "Polygon", "coordinates": [ [ [ 322385.573362364899367, 181338.502282931702211 ], [ 322292.6351769194589, 181161.581932125613093 ], [ 321506.017249639844522, 181322.984700677392539 ], [ 321540.674395722686313, 181494.918971085746307 ], [ 322020.129801537201274, 181820.19933347334154 ], [ 322111.030389018531423, 181385.790140165307093 ], [ 322347.011642843659502, 181572.003667214070447 ], [ 322163.565231591754127, 181254.00600936653791 ], [ 322385.573362364899367, 181338.502282931702211 ] ] ] } },
{ "type": "Feature", "properties": { "LSOA21CD": "W01001809", "LSOA21NM": "Cardiff 017A", "LSOA21NMW": "Caerdydd 017A", "RUC21CD": "UN1", "RUC21NM": "Urban: Nearer to a major town or city" }, "geometry": { "type": "Polygon", "coordinates": [ [ [ 319960.649205269874074, 180610.412763179512694 ], [ 319604.131240534188692, 179994.831762488756794 ], [ 319506.17222808743827, 180541.152740207850002 ], [ 319709.274305037863087, 180690.440935700084083 ], [ 319960.649205269874074, 180610.412763179512694 ] ] ] } },
{ "type": "Feature", "properties": { "LSOA21CD": "W01001810", "LSOA21NM": "Cardiff 017B", "LSOA21NMW": "Caerdydd 017B", "RUC21CD": "UN1", "RUC21NM": "Urban: Nearer to a major town or city" }, "geometry": { "type": "Polygon", "coordinates": [ [ [ 320216.031796211958863, 180811.267902629158925 ], [ 320674.819738945050631, 180491.384675162669737 ], [ 320440.218704116705339, 180132.964175245899241 ], [ 319945.811494442517869, 180418.612719297409058 ], [ 320207.014562567346729, 180442.383695957658347 ], [ 319960.649205269874074, 180610.412763179512694 ], [ 319709.274305037863087, 180690.440935700084083 ], [ 320048.511811658157967, 180837.003853826085106 ], [ 320216.031796211958863, 180811.267902629158925 ] ] ] } },
{ "type": "Feature", "properties": { "LSOA21CD": "W01001811", "LSOA21NM": "Cardiff 009A", "LSOA21NMW": "Caerdydd 009A", "RUC21CD": "UN1", "RUC21NM": "Urban: Nearer to a major town or city" }, "geometry": { "type": "Polygon", "coordinates": [ [ [ 321502.129014031088445, 181537.287477818434127 ], [ 321540.674395722686313, 181494.918971085746307 ], [ 321506.017249639844522, 181322.984700677392539 ], [ 321483.431504833512008, 180800.461294963548426 ], [ 320901.100935185328126, 180513.934174966416322 ], [ 320745.910810347995721, 179415.611582921992522 ], [ 320408.010392417665571, 179339.768646019685548 ], [ 320264.546454824216198, 179588.004618184175342 ], [ 320440.218704116705339, 180132.964175245899241 ], [ 320674.819738945050631, 180491.384675162669737 ], [ 320216.031796211958863, 180811.267902629158925 ], [ 320497.928135192254558, 181176.058701188594569 ], [ 320977.10361484560417, 181070.194364169205073 ], [ 321457.953448994434439, 181615.925317343324423 ], [ 321502.129014031088445, 181537.287477818434127 ] ] ] } },
{ "type": "Feature", "properties": { "LSOA21CD": "W01001812", "LSOA21NM": "Cardiff 017C", "LSOA21NMW": "Caerdydd 017C", "RUC21CD": "UN1", "RUC21NM": "Urban: Nearer to a major town or city" }, "geometry": { "type": "Polygon", "coordinates": [ [ [ 319945.811494442517869, 180418.612719297409058 ], [ 319965.030007096705958, 179909.644751461280975 ], [ 319690.607418000232428, 179859.337762194103561 ], [ 319604.131240534188692, 179994.831762488756794 ], [ 319960.649205269874074, 180610.412763179512694 ], [ 320207.014562567346729, 180442.383695957658347 ], [ 319945.811494442517869, 180418.612719297409058 ] ] ] } },
{ "type": "Feature", "properties": { "LSOA21CD": "W01001813", "LSOA21NM": "Cardiff 017D", "LSOA21NMW": "Caerdydd 017D", "RUC21CD": "UN1", "RUC21NM": "Urban: Nearer to a major town or city" }, "geometry": { "type": "Polygon", "coordinates": [ [ [ 320440.218704116705339, 180132.964175245899241 ], [ 320264.546454824216198, 179588.004618184175342 ], [ 319688.047418923757505, 179789.819764165324159 ], [ 319690.607418000232428, 179859.337762194103561 ], [ 319965.030007096705958, 179909.644751461280975 ], [ 319945.811494442517869, 180418.612719297409058 ], [ 320440.218704116705339, 180132.964175245899241 ] ] ] } },
{ "type": "Feature", "properties": { "LSOA21CD": "W01001814", "LSOA21NM": "Cardiff 017E", "LSOA21NMW": "Caerdydd 017E", "RUC21CD": "UN1", "RUC21NM": "Urban: Nearer to a major town or city" }, "geometry": { "type": "Polygon", "coordinates": [ [ [ 320264.546454824216198, 179588.004618184175342 ], [ 320408.010392417665571, 179339.768646019685548 ], [ 320361.897093529638369, 179345.435757595172618 ], [ 319761.004617921076715, 179304.707108642382082 ], [ 319688.047418923757505, 179789.819764165324159 ], [ 320264.546454824216198, 179588.004618184175342 ] ] ] } },
{ "type": "Feature", "properties": { "LSOA21CD": "W01001815", "LSOA21NM": "Cardiff 008D", "LSOA21NMW": "Caerdydd 008D", "RUC21CD": "UN1", "RUC21NM": "Urban: Nearer to a major town or city" }, "geometry": { "type": "Polygon", "coordinates": [ [ [ 319793.281778767588548, 182021.515677881136071 ], [ 320089.800945780822076, 181923.2949168967898 ], [ 320343.707826670608483, 181900.689869200868998 ], [ 320287.010915414139163, 181463.003863845195156 ], [ 319709.771295379963703, 181163.300012417894322 ], [ 319956.692934195802081, 181593.909572356264107 ], [ 319743.324285782873631, 181942.447993364359718 ], [ 319699.960840370098595, 182060.52192657336127 ], [ 319793.281778767588548, 182021.515677881136071 ] ] ] } },
{ "type": "Feature", "properties": { "LSOA21CD": "W01001816", "LSOA21NM": "Cardiff 009B", "LSOA21NMW": "Caerdydd 009B", "RUC21CD": "UN1", "RUC21NM": "Urban: Nearer to a major town or city" }, "geometry": { "type": "Polygon", "coordinates": [ [ [ 321457.953448994434439, 181615.925317343324423 ], [ 320977.10361484560417, 181070.194364169205073 ], [ 320497.928135192254558, 181176.058701188594569 ], [ 320382.116901933564804, 181435.783707260969095 ], [ 320742.559151601744816, 181910.202052652603015 ], [ 321457.953448994434439, 181615.925317343324423 ] ] ] } },
{ "type": "Feature", "properties": { "LSOA21CD": "W01001817", "LSOA21NM": "Cardiff 009C", "LSOA21NMW": "Caerdydd 009C", "RUC21CD": "UN1", "RUC21NM": "Urban: Nearer to a major town or city" }, "geometry": { "type": "Polygon", "coordinates": [ [ [ 320382.116901933564804, 181435.783707260969095 ], [ 320287.010915414139163, 181463.003863845195156 ], [ 320343.707826670608483, 181900.689869200868998 ], [ 320742.559151601744816, 181910.202052652603015 ], [ 320382.116901933564804, 181435.783707260969095 ] ] ] } },
{ "type": "Feature", "properties": { "LSOA21CD": "W01001818", "LSOA21NM": "Cardiff 009D", "LSOA21NMW": "Caerdydd 009D", "RUC21CD": "UN1", "RUC21NM": "Urban: Nearer to a major town or city" }, "geometry": { "type": "Polygon", "coordinates": [ [ [ 320382.116901933564804, 181435.783707260969095 ], [ 320497.928135192254558, 181176.058701188594569 ], [ 320216.031796211958863, 180811.267902629158925 ], [ 320048.511811658157967, 180837.003853826085106 ], [ 319709.771295379963703, 181163.300012417894322 ], [ 320287.010915414139163, 181463.003863845195156 ], [ 320382.116901933564804, 181435.783707260969095 ] ] ] } },
{ "type": "Feature", "properties": { "LSOA21CD": "W01001819", "LSOA21NM": "Cardiff 014D", "LSOA21NMW": "Caerdydd 014D", "RUC21CD": "RLN1", "RUC21NM": "Larger rural: Nearer to a major town or city" }, "geometry": { "type": "Polygon", "coordinates": [ [ [ 312009.057804477866739, 181999.674963728350122 ], [ 311628.025918559345882, 181671.145381638722029 ], [ 311836.25883474200964, 181326.931955945095979 ], [ 311609.97020665241871, 181016.301655339892022 ], [ 311269.169461343612056, 180551.480591811530758 ], [ 311192.450444601476192, 180514.535468957619742 ], [ 310942.196806125808507, 180947.473519217805006 ], [ 309600.41753494029399, 180708.909698820847552 ], [ 308991.699436436756514, 181178.597168591804802 ], [ 308992.262238444585819, 181905.735201678413432 ], [ 307810.824682090256829, 182690.704656276269816 ], [ 308286.793618970667012, 182760.706738025357481 ], [ 308470.66625344514614, 183488.354657806456089 ], [ 309247.012197232514154, 183657.847374468285125 ], [ 309253.41816633194685, 184156.705798474256881 ], [ 310499.418447075993754, 184176.598445470270235 ], [ 310505.959463347797282, 184178.586443176318426 ], [ 311142.013782827823889, 183378.003165024972986 ], [ 311168.097566831042059, 182611.540570908633526 ], [ 312111.244174316583667, 183007.164521071536001 ], [ 312009.057804477866739, 181999.674963728350122 ] ] ] } },
{ "type": "Feature", "properties": { "LSOA21CD": "W01001820", "LSOA21NM": "Cardiff 006A", "LSOA21NMW": "Caerdydd 006A", "RUC21CD": "UN1", "RUC21NM": "Urban: Nearer to a major town or city" }, "geometry": { "type": "Polygon", "coordinates": [ [ [ 311816.105267739039846, 184052.801977878145408 ], [ 311788.816511514945887, 183999.644906831090339 ], [ 312599.608509105280973, 182852.801442678610329 ], [ 312864.815821396070533, 182288.445167589234188 ], [ 312442.838604144926649, 182127.797004059015308 ], [ 312009.057804477866739, 181999.674963728350122 ], [ 312111.244174316583667, 183007.164521071536001 ], [ 311168.097566831042059, 182611.540570908633526 ], [ 311142.013782827823889, 183378.003165024972986 ], [ 310505.959463347797282, 184178.586443176318426 ], [ 311511.766114198660944, 184436.742612292408012 ], [ 311816.105267739039846, 184052.801977878145408 ] ] ] } },
{ "type": "Feature", "properties": { "LSOA21CD": "W01001821", "LSOA21NM": "Cardiff 024A", "LSOA21NMW": "Caerdydd 024A", "RUC21CD": "UN1", "RUC21NM": "Urban: Nearer to a major town or city" }, "geometry": { "type": "Polygon", "coordinates": [ [ [ 319603.00945231015794, 178699.004806502896827 ], [ 319500.339036610967014, 178461.174571445852052 ], [ 319814.536803958006203, 178314.600795063422993 ], [ 319781.008124155632686, 178282.005080113187432 ], [ 319355.517174955049995, 178307.79101543338038 ], [ 319136.906996381178033, 178456.61168924649246 ], [ 319027.155781602952629, 179155.003710023942403 ], [ 319319.011302179656923, 179278.004898669547401 ], [ 319603.00945231015794, 178699.004806502896827 ] ] ] } },
{ "type": "Feature", "properties": { "LSOA21CD": "W01001822", "LSOA21NM": "Cardiff 029A", "LSOA21NMW": "Caerdydd 029A", "RUC21CD": "UN1", "RUC21NM": "Urban: Nearer to a major town or city" }, "geometry": { "type": "Polygon", "coordinates": [ [ [ 321011.156408745911904, 179085.961620614863932 ], [ 320969.427020177361555, 178948.824772205378395 ], [ 321005.12384146329714, 178623.618176460498944 ], [ 320849.005073688051198, 178248.003482385305688 ], [ 320079.026264230837114, 178334.276377912261523 ], [ 319874.514175124873873, 178023.637111654563341 ], [ 319814.536803958006203, 178314.600795063422993 ], [ 319500.339036610967014, 178461.174571445852052 ], [ 319603.00945231015794, 178699.004806502896827 ], [ 319623.009492829442024, 178749.004778073402122 ], [ 319860.031272518215701, 178387.336371118144598 ], [ 319819.081495866004843, 178640.192335089261178 ], [ 320282.778377754671965, 178557.01689147669822 ], [ 320931.09091767022619, 179154.456545656837989 ], [ 321011.156408745911904, 179085.961620614863932 ] ] ] } },
{ "type": "Feature", "properties": { "LSOA21CD": "W01001823", "LSOA21NM": "Cardiff 029B", "LSOA21NMW": "Caerdydd 029B", "RUC21CD": "UN1", "RUC21NM": "Urban: Nearer to a major town or city" }, "geometry": { "type": "Polygon", "coordinates": [ [ [ 319874.514175124873873, 178023.637111654563341 ], [ 319812.259924934478477, 177863.480795746319927 ], [ 319372.055036620702595, 178209.650926899863407 ], [ 319781.008124155632686, 178282.005080113187432 ], [ 319814.536803958006203, 178314.600795063422993 ], [ 319874.514175124873873, 178023.637111654563341 ] ] ] } },
{ "type": "Feature", "properties": { "LSOA21CD": "W01001824", "LSOA21NM": "Cardiff 029C", "LSOA21NMW": "Caerdydd 029C", "RUC21CD": "UN1", "RUC21NM": "Urban: Nearer to a major town or city" }, "geometry": { "type": "Polygon", "coordinates": [ [ [ 319781.008124155632686, 178282.005080113187432 ], [ 319372.055036620702595, 178209.650926899863407 ], [ 319812.259924934478477, 177863.480795746319927 ], [ 319856.189179982000496, 177696.097791229374707 ], [ 319545.803234869497828, 177801.152921518834773 ], [ 319318.740763055393472, 177930.136498044885229 ], [ 319231.700456582009792, 178092.057178746443242 ], [ 319355.517174955049995, 178307.79101543338038 ], [ 319781.008124155632686, 178282.005080113187432 ] ] ] } },
{ "type": "Feature", "properties": { "LSOA21CD": "W01001825", "LSOA21NM": "Cardiff 029D", "LSOA21NMW": "Caerdydd 029D", "RUC21CD": "UN1", "RUC21NM": "Urban: Nearer to a major town or city" }, "geometry": { "type": "Polygon", "coordinates": [ [ [ 321236.811784710967913, 178290.202040864154696 ], [ 320782.831441777641885, 177871.50183144811308 ], [ 320213.032802396919578, 177544.617677134578116 ], [ 319942.009136803157162, 177578.505062680400442 ], [ 319856.189179982000496, 177696.097791229374707 ], [ 319812.259924934478477, 177863.480795746319927 ], [ 319874.514175124873873, 178023.637111654563341 ], [ 320079.026264230837114, 178334.276377912261523 ], [ 320849.005073688051198, 178248.003482385305688 ], [ 321005.12384146329714, 178623.618176460498944 ], [ 321236.811784710967913, 178290.202040864154696 ] ] ] } },
{ "type": "Feature", "properties": { "LSOA21CD": "W01001826", "LSOA21NM": "Cardiff 024B", "LSOA21NMW": "Caerdydd 024B", "RUC21CD": "UN1", "RUC21NM": "Urban: Nearer to a major town or city" }, "geometry": { "type": "Polygon", "coordinates": [ [ [ 319526.403662376105785, 179410.232677744643297 ], [ 319761.004617921076715, 179304.707108642382082 ], [ 320361.897093529638369, 179345.435757595172618 ], [ 319623.009492829442024, 178749.004778073402122 ], [ 319603.00945231015794, 178699.004806502896827 ], [ 319319.011302179656923, 179278.004898669547401 ], [ 319204.871977965114638, 179415.759789293457288 ], [ 319245.212754539214075, 179635.728464760468341 ], [ 319526.403662376105785, 179410.232677744643297 ] ] ] } },
{ "type": "Feature", "properties": { "LSOA21CD": "W01001827", "LSOA21NM": "Cardiff 024C", "LSOA21NMW": "Caerdydd 024C", "RUC21CD": "UN1", "RUC21NM": "Urban: Nearer to a major town or city" }, "geometry": { "type": "Polygon", "coordinates": [ [ [ 319319.011302179656923, 179278.004898669547401 ], [ 319027.155781602952629, 179155.003710023942403 ], [ 319136.906996381178033, 178456.61168924649246 ], [ 318593.79081497353036, 178852.221754555939697 ], [ 318658.604650387424044, 179386.64831515221158 ], [ 319204.871977965114638, 179415.759789293457288 ], [ 319319.011302179656923, 179278.004898669547401 ] ] ] } },
{ "type": "Feature", "properties": { "LSOA21CD": "W01001828", "LSOA21NM": "Cardiff 024D", "LSOA21NMW": "Caerdydd 024D", "RUC21CD": "UN1", "RUC21NM": "Urban: Nearer to a major town or city" }, "geometry": { "type": "Polygon", "coordinates": [ [ [ 320931.09091767022619, 179154.456545656837989 ], [ 320282.778377754671965, 178557.01689147669822 ], [ 319819.081495866004843, 178640.192335089261178 ], [ 319860.031272518215701, 178387.336371118144598 ], [ 319623.009492829442024, 178749.004778073402122 ], [ 320361.897093529638369, 179345.435757595172618 ], [ 320408.010392417665571, 179339.768646019685548 ], [ 320745.910810347995721, 179415.611582921992522 ], [ 320931.09091767022619, 179154.456545656837989 ] ] ] } },
{ "type": "Feature", "properties": { "LSOA21CD": "W01001829", "LSOA21NM": "Cardiff 033A", "LSOA21NMW": "Caerdydd 033A", "RUC21CD": "UN1", "RUC21NM": "Urban: Nearer to a major town or city" }, "geometry": { "type": "Polygon", "coordinates": [ [ [ 319184.206807333393954, 177597.825483170396183 ], [ 318966.014195416937582, 177350.001420469314326 ], [ 318751.012576420616824, 177717.002456454385538 ], [ 318960.216552853700705, 177807.352350979403127 ], [ 319184.206807333393954, 177597.825483170396183 ] ] ] } },
{ "type": "Feature", "properties": { "LSOA21CD": "W01001830", "LSOA21NM": "Cardiff 033B", "LSOA21NMW": "Caerdydd 033B", "RUC21CD": "UN1", "RUC21NM": "Urban: Nearer to a major town or city" }, "geometry": { "type": "Polygon", "coordinates": [ [ [ 319545.803234869497828, 177801.152921518834773 ], [ 319595.000731848413125, 177425.343786654411815 ], [ 319325.346232058247551, 177624.252000993757974 ], [ 319267.417377297126222, 177731.672062673373148 ], [ 319318.740763055393472, 177930.136498044885229 ], [ 319545.803234869497828, 177801.152921518834773 ] ] ] } },
{ "type": "Feature", "properties": { "LSOA21CD": "W01001831", "LSOA21NM": "Cardiff 030A", "LSOA21NMW": "Caerdydd 030A", "RUC21CD": "UN1", "RUC21NM": "Urban: Nearer to a major town or city" }, "geometry": { "type": "Polygon", "coordinates": [ [ [ 319231.700456582009792, 178092.057178746443242 ], [ 319318.740763055393472, 177930.136498044885229 ], [ 319267.417377297126222, 177731.672062673373148 ], [ 319184.206807333393954, 177597.825483170396183 ], [ 318960.216552853700705, 177807.352350979403127 ], [ 318958.264971215161495, 178011.938696066732518 ], [ 319157.815957113634795, 178134.334537884511519 ], [ 319231.700456582009792, 178092.057178746443242 ] ] ] } },
{ "type": "Feature", "properties": { "LSOA21CD": "W01001832", "LSOA21NM": "Cardiff 033C", "LSOA21NMW": "Caerdydd 033C", "RUC21CD": "UN1", "RUC21NM": "Urban: Nearer to a major town or city" }, "geometry": { "type": "Polygon", "coordinates": [ [ [ 318966.014195416937582, 177350.001420469314326 ], [ 318951.566937430819962, 177095.46290364745073 ], [ 318724.324813615472522, 177072.535490924608894 ], [ 318627.930792379542254, 177589.133445243060123 ], [ 318611.520663691335358, 177677.964581540727522 ], [ 318751.012576420616824, 177717.002456454385538 ], [ 318966.014195416937582, 177350.001420469314326 ] ] ] } },
{ "type": "Feature", "properties": { "LSOA21CD": "W01001833", "LSOA21NM": "Cardiff 033D", "LSOA21NMW": "Caerdydd 033D", "RUC21CD": "UN1", "RUC21NM": "Urban: Nearer to a major town or city" }, "geometry": { "type": "Polygon", "coordinates": [ [ [ 319856.189179982000496, 177696.097791229374707 ], [ 319942.009136803157162, 177578.505062680400442 ], [ 319578.779473641654477, 177129.235549978446215 ], [ 319403.39672786812298, 177318.543927690363489 ], [ 319325.346232058247551, 177624.252000993757974 ], [ 319595.000731848413125, 177425.343786654411815 ], [ 319545.803234869497828, 177801.152921518834773 ], [ 319856.189179982000496, 177696.097791229374707 ] ] ] } },
{ "type": "Feature", "properties": { "LSOA21CD": "W01001834", "LSOA21NM": "Cardiff 033E", "LSOA21NMW": "Caerdydd 033E", "RUC21CD": "UN1", "RUC21NM": "Urban: Nearer to a major town or city" }, "geometry": { "type": "Polygon", "coordinates": [ [ [ 319325.346232058247551, 177624.252000993757974 ], [ 319403.39672786812298, 177318.543927690363489 ], [ 318951.566937430819962, 177095.46290364745073 ], [ 318966.014195416937582, 177350.001420469314326 ], [ 319184.206807333393954, 177597.825483170396183 ], [ 319267.417377297126222, 177731.672062673373148 ], [ 319325.346232058247551, 177624.252000993757974 ] ] ] } },
{ "type": "Feature", "properties": { "LSOA21CD": "W01001835", "LSOA21NM": "Cardiff 033F", "LSOA21NMW": "Caerdydd 033F", "RUC21CD": "UN1", "RUC21NM": "Urban: Nearer to a major town or city" }, "geometry": { "type": "Polygon", "coordinates": [ [ [ 319578.779473641654477, 177129.235549978446215 ], [ 319461.748241807916202, 177014.105896842316724 ], [ 319263.281516919087153, 176895.544127273315098 ], [ 318808.014615778578445, 176660.707771518966183 ], [ 318787.098213580437005, 176760.521166073507629 ], [ 318724.324813615472522, 177072.535490924608894 ], [ 318951.566937430819962, 177095.46290364745073 ], [ 319403.39672786812298, 177318.543927690363489 ], [ 319578.779473641654477, 177129.235549978446215 ] ] ] } },
{ "type": "Feature", "properties": { "LSOA21CD": "W01001836", "LSOA21NM": "Cardiff 030B", "LSOA21NMW": "Caerdydd 030B", "RUC21CD": "UN1", "RUC21NM": "Urban: Nearer to a major town or city" }, "geometry": { "type": "Polygon", "coordinates": [ [ [ 318593.79081497353036, 178852.221754555939697 ], [ 319136.906996381178033, 178456.61168924649246 ], [ 319355.517174955049995, 178307.79101543338038 ], [ 319231.700456582009792, 178092.057178746443242 ], [ 319157.815957113634795, 178134.334537884511519 ], [ 318659.012624622613657, 178380.0034136606846 ], [ 318478.152591598685831, 178397.354496661981102 ], [ 318476.575600135140121, 178405.867505838396028 ], [ 318379.557107703585643, 178940.516214430448599 ], [ 318593.79081497353036, 178852.221754555939697 ] ] ] } },
{ "type": "Feature", "properties": { "LSOA21CD": "W01001837", "LSOA21NM": "Cardiff 030C", "LSOA21NMW": "Caerdydd 030C", "RUC21CD": "UN1", "RUC21NM": "Urban: Nearer to a major town or city" }, "geometry": { "type": "Polygon", "coordinates": [ [ [ 318659.012624622613657, 178380.0034136606846 ], [ 318724.084384557558224, 178213.1811656068312 ], [ 318751.012576420616824, 177717.002456454385538 ], [ 318611.520663691335358, 177677.964581540727522 ], [ 318581.28851051669335, 177841.579813872172963 ], [ 318530.442767808679491, 178108.016862854477949 ], [ 318478.152591598685831, 178397.354496661981102 ], [ 318659.012624622613657, 178380.0034136606846 ] ] ] } },
{ "type": "Feature", "properties": { "LSOA21CD": "W01001838", "LSOA21NM": "Cardiff 030D", "LSOA21NMW": "Caerdydd 030D", "RUC21CD": "UN1", "RUC21NM": "Urban: Nearer to a major town or city" }, "geometry": { "type": "Polygon", "coordinates": [ [ [ 319157.815957113634795, 178134.334537884511519 ], [ 318958.264971215161495, 178011.938696066732518 ], [ 318724.084384557558224, 178213.1811656068312 ], [ 318659.012624622613657, 178380.0034136606846 ], [ 319157.815957113634795, 178134.334537884511519 ] ] ] } },
{ "type": "Feature", "properties": { "LSOA21CD": "W01001839", "LSOA21NM": "Cardiff 030E", "LSOA21NMW": "Caerdydd 030E", "RUC21CD": "UN1", "RUC21NM": "Urban: Nearer to a major town or city" }, "geometry": { "type": "Polygon", "coordinates": [ [ [ 318958.264971215161495, 178011.938696066732518 ], [ 318960.216552853700705, 177807.352350979403127 ], [ 318751.012576420616824, 177717.002456454385538 ], [ 318724.084384557558224, 178213.1811656068312 ], [ 318958.264971215161495, 178011.938696066732518 ] ] ] } },
{ "type": "Feature", "properties": { "LSOA21CD": "W01001840", "LSOA21NM": "Cardiff 007D", "LSOA21NMW": "Caerdydd 007D", "RUC21CD": "UN1", "RUC21NM": "Urban: Nearer to a major town or city" }, "geometry": { "type": "Polygon", "coordinates": [ [ [ 323633.010834847751539, 181805.000113782880362 ], [ 323385.516280432697386, 181616.810687271528877 ], [ 322871.808249001740478, 180904.996360431076027 ], [ 322734.811642589338589, 180874.254448769846931 ], [ 322656.611277202318888, 181734.680487476522103 ], [ 322555.549397935334127, 181797.161997198360041 ], [ 322884.809942499967292, 181802.470761793549173 ], [ 322927.922617918462493, 182120.266832324618008 ], [ 323633.010834847751539, 181805.000113782880362 ] ] ] } },
{ "type": "Feature", "properties": { "LSOA21CD": "W01001841", "LSOA21NM": "Cardiff 003A", "LSOA21NMW": "Caerdydd 003A", "RUC21CD": "UN1", "RUC21NM": "Urban: Nearer to a major town or city" }, "geometry": { "type": "Polygon", "coordinates": [ [ [ 320902.501144125475548, 182259.800127042690292 ], [ 320089.800945780822076, 181923.2949168967898 ], [ 319793.281778767588548, 182021.515677881136071 ], [ 319686.25937354483176, 182847.848150646081194 ], [ 320409.454653586086351, 183282.809599130589049 ], [ 320208.671690768154804, 183585.268090508994646 ], [ 320840.414245782129001, 183429.511712475446984 ], [ 320895.011660181044135, 182720.002931573137175 ], [ 320641.011904639017303, 182650.002869273361284 ], [ 320902.501144125475548, 182259.800127042690292 ] ] ] } },
{ "type": "Feature", "properties": { "LSOA21CD": "W01001842", "LSOA21NM": "Cardiff 003B", "LSOA21NMW": "Caerdydd 003B", "RUC21CD": "UN1", "RUC21NM": "Urban: Nearer to a major town or city" }, "geometry": { "type": "Polygon", "coordinates": [ [ [ 322509.198244849045295, 183572.002648573601618 ], [ 322526.011151867336594, 183494.503572542511392 ], [ 322489.01091200101655, 183094.002487107762136 ], [ 321811.01193763158517, 183121.496251504926477 ], [ 321863.481314811331686, 182764.344264071027283 ], [ 321917.421714450698346, 182560.843858280801214 ], [ 321582.178253695601597, 182190.004581546469126 ], [ 321558.39738371031126, 182726.248804835777264 ], [ 321302.425611739687156, 182508.332596381078474 ], [ 320902.501144125475548, 182259.800127042690292 ], [ 320641.011904639017303, 182650.002869273361284 ], [ 320895.011660181044135, 182720.002931573137175 ], [ 320840.414245782129001, 183429.511712475446984 ], [ 320208.671690768154804, 183585.268090508994646 ], [ 319956.716985161416233, 183856.49873970146291 ], [ 320183.213151767093223, 184268.865859092504252 ], [ 320749.526982300740201, 184676.520711550896522 ], [ 322509.198244849045295, 183572.002648573601618 ] ] ] } },
{ "type": "Feature", "properties": { "LSOA21CD": "W01001844", "LSOA21NM": "Cardiff 003D", "LSOA21NMW": "Caerdydd 003D", "RUC21CD": "UN1", "RUC21NM": "Urban: Nearer to a major town or city" }, "geometry": { "type": "Polygon", "coordinates": [ [ [ 321457.953448994434439, 181615.925317343324423 ], [ 320742.559151601744816, 181910.202052652603015 ], [ 320343.707826670608483, 181900.689869200868998 ], [ 320089.800945780822076, 181923.2949168967898 ], [ 320902.501144125475548, 182259.800127042690292 ], [ 321302.425611739687156, 182508.332596381078474 ], [ 321457.953448994434439, 181615.925317343324423 ] ] ] } },
{ "type": "Feature", "properties": { "LSOA21CD": "W01001846", "LSOA21NM": "Cardiff 006C", "LSOA21NMW": "Caerdydd 006C", "RUC21CD": "UN1", "RUC21NM": "Urban: Nearer to a major town or city" }, "geometry": { "type": "Polygon", "coordinates": [ [ [ 311836.25883474200964, 181326.931955945095979 ], [ 311628.025918559345882, 181671.145381638722029 ], [ 312009.057804477866739, 181999.674963728350122 ], [ 312442.838604144926649, 182127.797004059015308 ], [ 312268.054950849968009, 181780.68791223160224 ], [ 312697.012614079401828, 181924.00320229929639 ], [ 312989.530683945631608, 181466.061627482937183 ], [ 312379.672084645077121, 181506.655024752952158 ], [ 312315.555522382317577, 180805.724506325030234 ], [ 311836.25883474200964, 181326.931955945095979 ] ] ] } },
{ "type": "Feature", "properties": { "LSOA21CD": "W01001847", "LSOA21NM": "Cardiff 006D", "LSOA21NMW": "Caerdydd 006D", "RUC21CD": "UN1", "RUC21NM": "Urban: Nearer to a major town or city" }, "geometry": { "type": "Polygon", "coordinates": [ [ [ 313157.012577551417053, 181471.709786335704848 ], [ 313011.941368940752, 181083.893854766502045 ], [ 312705.779842945048586, 181273.370480445038993 ], [ 312813.735497945395764, 180724.025910716736689 ], [ 312409.013338321470656, 180798.003578518459108 ], [ 312533.013113511609845, 180569.003828741435427 ], [ 311609.97020665241871, 181016.301655339892022 ], [ 311836.25883474200964, 181326.931955945095979 ], [ 312315.555522382317577, 180805.724506325030234 ], [ 312379.672084645077121, 181506.655024752952158 ], [ 312989.530683945631608, 181466.061627482937183 ], [ 312697.012614079401828, 181924.00320229929639 ], [ 312268.054950849968009, 181780.68791223160224 ], [ 312442.838604144926649, 182127.797004059015308 ], [ 312864.815821396070533, 182288.445167589234188 ], [ 313157.012577551417053, 181471.709786335704848 ] ] ] } },
{ "type": "Feature", "properties": { "LSOA21CD": "W01001848", "LSOA21NM": "Cardiff 012B", "LSOA21NMW": "Caerdydd 012B", "RUC21CD": "UN1", "RUC21NM": "Urban: Nearer to a major town or city" }, "geometry": { "type": "Polygon", "coordinates": [ [ [ 316685.463249394437298, 181281.497757579141762 ], [ 316723.609765903034713, 180973.505305798840709 ], [ 316749.854352727415971, 180740.107942433969583 ], [ 316242.603325031930581, 180663.509278036362957 ], [ 315818.169215088360943, 180519.461651134304702 ], [ 316148.011055567709263, 180817.004922801395878 ], [ 316665.589633819938172, 181418.005934139073361 ], [ 316685.463249394437298, 181281.497757579141762 ] ] ] } },
{ "type": "Feature", "properties": { "LSOA21CD": "W01001849", "LSOA21NM": "Cardiff 004A", "LSOA21NMW": "Caerdydd 004A", "RUC21CD": "UN1", "RUC21NM": "Urban: Nearer to a major town or city" }, "geometry": { "type": "Polygon", "coordinates": [ [ [ 315605.707680916471872, 181494.56996390450513 ], [ 314945.011275550117716, 181126.599632286874112 ], [ 314253.235472178086638, 181545.111973419087008 ], [ 314653.071542754245456, 181957.941343323502224 ], [ 314465.15457145817345, 182294.899366457771976 ], [ 314959.056211189308669, 182609.821481170307379 ], [ 314774.508237264351919, 183065.322850393364206 ], [ 315284.273194463807158, 182310.472535707056522 ], [ 314974.27324638562277, 182203.87159749615239 ], [ 314980.41888350690715, 181779.435117266722955 ], [ 315605.707680916471872, 181494.56996390450513 ] ] ] } },
{ "type": "Feature", "properties": { "LSOA21CD": "W01001850", "LSOA21NM": "Cardiff 012C", "LSOA21NMW": "Caerdydd 012C", "RUC21CD": "UN1", "RUC21NM": "Urban: Nearer to a major town or city" }, "geometry": { "type": "Polygon", "coordinates": [ [ [ 316599.916406631527934, 181559.422677686146926 ], [ 316652.244118536473252, 181507.047796158236451 ], [ 316665.589633819938172, 181418.005934139073361 ], [ 316148.011055567709263, 180817.004922801395878 ], [ 315406.03685913386289, 181247.173865883727558 ], [ 315826.011369297397323, 181361.005207876558416 ], [ 315684.584078346088063, 181562.494914959941525 ], [ 315638.700003361911513, 181619.521781945892144 ], [ 316599.916406631527934, 181559.422677686146926 ] ] ] } },
{ "type": "Feature", "properties": { "LSOA21CD": "W01001851", "LSOA21NM": "Cardiff 012D", "LSOA21NMW": "Caerdydd 012D", "RUC21CD": "UN1", "RUC21NM": "Urban: Nearer to a major town or city" }, "geometry": { "type": "Polygon", "coordinates": [ [ [ 316148.011055567709263, 180817.004922801395878 ], [ 315818.169215088360943, 180519.461651134304702 ], [ 315664.908176099823322, 180488.512030314013828 ], [ 315603.459631328005344, 180535.091475845023524 ], [ 315166.966919749975204, 180911.968758371134754 ], [ 314945.011275550117716, 181126.599632286874112 ], [ 315605.707680916471872, 181494.56996390450513 ], [ 315684.584078346088063, 181562.494914959941525 ], [ 315826.011369297397323, 181361.005207876558416 ], [ 315406.03685913386289, 181247.173865883727558 ], [ 316148.011055567709263, 180817.004922801395878 ] ] ] } },
{ "type": "Feature", "properties": { "LSOA21CD": "W01001852", "LSOA21NM": "Cardiff 004B", "LSOA21NMW": "Caerdydd 004B", "RUC21CD": "UN1", "RUC21NM": "Urban: Nearer to a major town or city" }, "geometry": { "type": "Polygon", "coordinates": [ [ [ 315794.016567149606999, 184307.300539596239105 ], [ 316222.106920581427403, 184144.096392853243742 ], [ 316421.741761176264845, 183338.124569880485069 ], [ 316416.981529750744812, 182904.830934878787957 ], [ 316431.609770667506382, 182430.078305082744919 ], [ 316002.613391173072159, 182417.767905491054989 ], [ 315946.500930118432734, 182129.976223623438273 ], [ 315722.012214001209941, 182184.003918875998352 ], [ 315638.700003361911513, 181619.521781945892144 ], [ 315684.584078346088063, 181562.494914959941525 ], [ 315605.707680916471872, 181494.56996390450513 ], [ 314980.41888350690715, 181779.435117266722955 ], [ 314974.27324638562277, 182203.87159749615239 ], [ 315284.273194463807158, 182310.472535707056522 ], [ 314774.508237264351919, 183065.322850393364206 ], [ 314968.184228818223346, 184136.140003433101811 ], [ 315842.912002836877946, 184512.274134067411069 ], [ 315794.016567149606999, 184307.300539596239105 ] ] ] } },
{ "type": "Feature", "properties": { "LSOA21CD": "W01001853", "LSOA21NM": "Cardiff 004C", "LSOA21NMW": "Caerdydd 004C", "RUC21CD": "UN1", "RUC21NM": "Urban: Nearer to a major town or city" }, "geometry": { "type": "Polygon", "coordinates": [ [ [ 316494.611015119415242, 182212.403630066663027 ], [ 316670.665596482576802, 181848.060824595973827 ], [ 316652.244118536473252, 181507.047796158236451 ], [ 316599.916406631527934, 181559.422677686146926 ], [ 316580.767240345536266, 181826.883274354331661 ], [ 316574.181855434319004, 181918.862134967930615 ], [ 316560.976202747260686, 181915.441527828865219 ], [ 315930.012272397638299, 181752.004813985142391 ], [ 315946.500930118432734, 182129.976223623438273 ], [ 316002.613391173072159, 182417.767905491054989 ], [ 316431.609770667506382, 182430.078305082744919 ], [ 316494.611015119415242, 182212.403630066663027 ] ] ] } },
{ "type": "Feature", "properties": { "LSOA21CD": "W01001854", "LSOA21NM": "Cardiff 004D", "LSOA21NMW": "Caerdydd 004D", "RUC21CD": "UN1", "RUC21NM": "Urban: Nearer to a major town or city" }, "geometry": { "type": "Polygon", "coordinates": [ [ [ 315946.500930118432734, 182129.976223623438273 ], [ 315930.012272397638299, 181752.004813985142391 ], [ 316560.976202747260686, 181915.441527828865219 ], [ 316574.181855434319004, 181918.862134967930615 ], [ 316580.767240345536266, 181826.883274354331661 ], [ 316599.916406631527934, 181559.422677686146926 ], [ 315638.700003361911513, 181619.521781945892144 ], [ 315722.012214001209941, 182184.003918875998352 ], [ 315946.500930118432734, 182129.976223623438273 ] ] ] } },
{ "type": "Feature", "properties": { "LSOA21CD": "W01001855", "LSOA21NM": "Cardiff 042A", "LSOA21NMW": "Caerdydd 042A", "RUC21CD": "UN1", "RUC21NM": "Urban: Nearer to a major town or city" }, "geometry": { "type": "Polygon", "coordinates": [ [ [ 317338.16984386293916, 176166.334413710224908 ], [ 317472.718299443542492, 175913.948301470838487 ], [ 317146.208411647879984, 175968.428472371771932 ], [ 317099.03020479681436, 175973.011492155550513 ], [ 316884.941653128713369, 176272.275311101751868 ], [ 317264.187638608971611, 176278.935906976286788 ], [ 317338.16984386293916, 176166.334413710224908 ] ] ] } },
{ "type": "Feature", "properties": { "LSOA21CD": "W01001856", "LSOA21NM": "Cardiff 042B", "LSOA21NMW": "Caerdydd 042B", "RUC21CD": "UN1", "RUC21NM": "Urban: Nearer to a major town or city" }, "geometry": { "type": "Polygon", "coordinates": [ [ [ 317991.204306978965178, 175844.109830402419902 ], [ 317472.718299443542492, 175913.948301470838487 ], [ 317338.16984386293916, 176166.334413710224908 ], [ 317586.061590335215442, 176027.588321624090895 ], [ 317752.957116837380454, 176457.813751085079275 ], [ 317991.204306978965178, 175844.109830402419902 ] ] ] } },
{ "type": "Feature", "properties": { "LSOA21CD": "W01001857", "LSOA21NM": "Cardiff 042C", "LSOA21NMW": "Caerdydd 042C", "RUC21CD": "UN1", "RUC21NM": "Urban: Nearer to a major town or city" }, "geometry": { "type": "Polygon", "coordinates": [ [ [ 317264.187638608971611, 176278.935906976286788 ], [ 316884.941653128713369, 176272.275311101751868 ], [ 317099.03020479681436, 175973.011492155550513 ], [ 316640.717333578504622, 176064.265601281367708 ], [ 316683.462256888800766, 176482.96896351739997 ], [ 317460.128014275222085, 176622.409601148858201 ], [ 317264.187638608971611, 176278.935906976286788 ] ] ] } },
{ "type": "Feature", "properties": { "LSOA21CD": "W01001858", "LSOA21NM": "Cardiff 034A", "LSOA21NMW": "Caerdydd 034A", "RUC21CD": "UN1", "RUC21NM": "Urban: Nearer to a major town or city" }, "geometry": { "type": "Polygon", "coordinates": [ [ [ 317077.51258445426356, 178056.50356676481897 ], [ 317348.832835895824246, 177329.06146079080645 ], [ 317170.889723144762684, 176960.424268662405666 ], [ 316888.371571883559227, 177124.732014342793263 ], [ 316639.308346119942144, 177283.903950330161024 ], [ 316313.897886797494721, 177307.892712323751766 ], [ 315818.204115233849734, 177717.770977644366212 ], [ 316145.44177163724089, 178255.492886037915014 ], [ 317077.51258445426356, 178056.50356676481897 ] ] ] } },
{ "type": "Feature", "properties": { "LSOA21CD": "W01001859", "LSOA21NM": "Cardiff 034B", "LSOA21NMW": "Caerdydd 034B", "RUC21CD": "UN1", "RUC21NM": "Urban: Nearer to a major town or city" }, "geometry": { "type": "Polygon", "coordinates": [ [ [ 316639.308346119942144, 177283.903950330161024 ], [ 316818.055634513613768, 176927.403821533196606 ], [ 316533.344505370710976, 176846.093694728973787 ], [ 316363.118268173653632, 177089.846916091337334 ], [ 316278.652872788778041, 177296.254213850537781 ], [ 316313.897886797494721, 177307.892712323751766 ], [ 316639.308346119942144, 177283.903950330161024 ] ] ] } },
{ "type": "Feature", "properties": { "LSOA21CD": "W01001860", "LSOA21NM": "Cardiff 034C", "LSOA21NMW": "Caerdydd 034C", "RUC21CD": "UN1", "RUC21NM": "Urban: Nearer to a major town or city" }, "geometry": { "type": "Polygon", "coordinates": [ [ [ 316888.371571883559227, 177124.732014342793263 ], [ 317047.566840214771219, 176710.26209786569234 ], [ 316629.352053524460644, 176567.373887261317577 ], [ 316627.760033484199084, 176576.965474817960057 ], [ 316533.344505370710976, 176846.093694728973787 ], [ 316818.055634513613768, 176927.403821533196606 ], [ 316639.308346119942144, 177283.903950330161024 ], [ 316888.371571883559227, 177124.732014342793263 ] ] ] } },
{ "type": "Feature", "properties": { "LSOA21CD": "W01001861", "LSOA21NM": "Cardiff 034D", "LSOA21NMW": "Caerdydd 034D", "RUC21CD": "UN1", "RUC21NM": "Urban: Nearer to a major town or city" }, "geometry": { "type": "Polygon", "coordinates": [ [ [ 317631.305325955792796, 176729.704976562527008 ], [ 317460.128014275222085, 176622.409601148858201 ], [ 316683.462256888800766, 176482.96896351739997 ], [ 316629.352053524460644, 176567.373887261317577 ], [ 317047.566840214771219, 176710.26209786569234 ], [ 316888.371571883559227, 177124.732014342793263 ], [ 317170.889723144762684, 176960.424268662405666 ], [ 317348.832835895824246, 177329.06146079080645 ], [ 317631.305325955792796, 176729.704976562527008 ] ] ] } },
{ "type": "Feature", "properties": { "LSOA21CD": "W01001862", "LSOA21NM": "Cardiff 042D", "LSOA21NMW": "Caerdydd 042D", "RUC21CD": "UN1", "RUC21NM": "Urban: Nearer to a major town or city" }, "geometry": { "type": "Polygon", "coordinates": [ [ [ 317752.957116837380454, 176457.813751085079275 ], [ 317586.061590335215442, 176027.588321624090895 ], [ 317338.16984386293916, 176166.334413710224908 ], [ 317264.187638608971611, 176278.935906976286788 ], [ 317460.128014275222085, 176622.409601148858201 ], [ 317631.305325955792796, 176729.704976562527008 ], [ 317752.957116837380454, 176457.813751085079275 ] ] ] } },
{ "type": "Feature", "properties": { "LSOA21CD": "W01001863", "LSOA21NM": "Cardiff 022A", "LSOA21NMW": "Caerdydd 022A", "RUC21CD": "UN1", "RUC21NM": "Urban: Nearer to a major town or city" }, "geometry": { "type": "Polygon", "coordinates": [ [ [ 322356.346585830266122, 179185.191366869257763 ], [ 322538.720643024600577, 179139.22429236676544 ], [ 322253.02164245408494, 178997.705438002827577 ], [ 322429.431340006645769, 178605.750085455365479 ], [ 322005.407709536433686, 178454.903876446245704 ], [ 321701.092353214335162, 178848.972789276740514 ], [ 321665.875601809821092, 179273.725924040249083 ], [ 322356.346585830266122, 179185.191366869257763 ] ] ] } },
{ "type": "Feature", "properties": { "LSOA21CD": "W01001864", "LSOA21NM": "Cardiff 022B", "LSOA21NMW": "Caerdydd 022B", "RUC21CD": "UN1", "RUC21NM": "Urban: Nearer to a major town or city" }, "geometry": { "type": "Polygon", "coordinates": [ [ [ 321665.875601809821092, 179273.725924040249083 ], [ 321701.092353214335162, 178848.972789276740514 ], [ 320969.427020177361555, 178948.824772205378395 ], [ 321011.156408745911904, 179085.961620614863932 ], [ 321881.197325840417761, 179796.934126082109287 ], [ 321954.560263118648436, 179881.533910243597347 ], [ 321665.875601809821092, 179273.725924040249083 ] ] ] } },
{ "type": "Feature", "properties": { "LSOA21CD": "W01001865", "LSOA21NM": "Cardiff 022C", "LSOA21NMW": "Caerdydd 022C", "RUC21CD": "UN1", "RUC21NM": "Urban: Nearer to a major town or city" }, "geometry": { "type": "Polygon", "coordinates": [ [ [ 321701.092353214335162, 178848.972789276740514 ], [ 322005.407709536433686, 178454.903876446245704 ], [ 322429.431340006645769, 178605.750085455365479 ], [ 323027.318825569935143, 178008.49419430521084 ], [ 322776.529286680044606, 177677.72939669113839 ], [ 322761.715726381633431, 177680.402084036672022 ], [ 322246.613829920417629, 177436.502447734004818 ], [ 322199.101897505868692, 177324.507014242291916 ], [ 321527.42443846113747, 177573.407312199065927 ], [ 321676.324950310343411, 178013.29847534612054 ], [ 321236.811784710967913, 178290.202040864154696 ], [ 321005.12384146329714, 178623.618176460498944 ], [ 320969.427020177361555, 178948.824772205378395 ], [ 321701.092353214335162, 178848.972789276740514 ] ] ] } },
{ "type": "Feature", "properties": { "LSOA21CD": "W01001866", "LSOA21NM": "Cardiff 016A", "LSOA21NMW": "Caerdydd 016A", "RUC21CD": "UN1", "RUC21NM": "Urban: Nearer to a major town or city" }, "geometry": { "type": "Polygon", "coordinates": [ [ [ 322883.447921118233353, 180883.000717540096957 ], [ 322872.996195382322185, 180368.757411947590299 ], [ 322830.561692164512351, 179745.111845062463544 ], [ 322813.283880450064316, 179718.552839578769635 ], [ 322436.342638252303004, 179844.277491845889017 ], [ 322600.973364111967385, 180086.295442658069078 ], [ 322191.753566958010197, 179945.696621197042987 ], [ 322031.103601301612798, 179983.881497927883174 ], [ 322621.118729280715343, 180603.00347028800752 ], [ 322734.811642589338589, 180874.254448769846931 ], [ 322871.808249001740478, 180904.996360431076027 ], [ 322883.447921118233353, 180883.000717540096957 ] ] ] } },
{ "type": "Feature", "properties": { "LSOA21CD": "W01001867", "LSOA21NM": "Cardiff 016B", "LSOA21NMW": "Caerdydd 016B", "RUC21CD": "UN1", "RUC21NM": "Urban: Nearer to a major town or city" }, "geometry": { "type": "Polygon", "coordinates": [ [ [ 322813.283880450064316, 179718.552839578769635 ], [ 322538.720643024600577, 179139.22429236676544 ], [ 322356.346585830266122, 179185.191366869257763 ], [ 322191.753566958010197, 179945.696621197042987 ], [ 322600.973364111967385, 180086.295442658069078 ], [ 322436.342638252303004, 179844.277491845889017 ], [ 322813.283880450064316, 179718.552839578769635 ] ] ] } },
{ "type": "Feature", "properties": { "LSOA21CD": "W01001868", "LSOA21NM": "Cardiff 022D", "LSOA21NMW": "Caerdydd 022D", "RUC21CD": "UN1", "RUC21NM": "Urban: Nearer to a major town or city" }, "geometry": { "type": "Polygon", "coordinates": [ [ [ 322191.753566958010197, 179945.696621197042987 ], [ 322356.346585830266122, 179185.191366869257763 ], [ 321665.875601809821092, 179273.725924040249083 ], [ 321954.560263118648436, 179881.533910243597347 ], [ 322031.103601301612798, 179983.881497927883174 ], [ 322191.753566958010197, 179945.696621197042987 ] ] ] } },
{ "type": "Feature", "properties": { "LSOA21CD": "W01001869", "LSOA21NM": "Cardiff 038A", "LSOA21NMW": "Caerdydd 038A", "RUC21CD": "UN1", "RUC21NM": "Urban: Nearer to a major town or city" }, "geometry": { "type": "Polygon", "coordinates": [ [ [ 320796.575638739042915, 177832.694231389148626 ], [ 320710.542204138764646, 177683.423439321632031 ], [ 320519.323129016149323, 177191.043928073544521 ], [ 320374.745128442766145, 176831.246916770003736 ], [ 319985.088905724987853, 176835.439017443044577 ], [ 320102.866517889138777, 176993.306119432323612 ], [ 320769.42112655157689, 177854.195368827262428 ], [ 320796.575638739042915, 177832.694231389148626 ] ] ] } },
{ "type": "Feature", "properties": { "LSOA21CD": "W01001870", "LSOA21NM": "Cardiff 037A", "LSOA21NMW": "Caerdydd 037A", "RUC21CD": "UN1", "RUC21NM": "Urban: Nearer to a major town or city" }, "geometry": { "type": "Polygon", "coordinates": [ [ [ 320645.273413034738041, 177016.142783804738428 ], [ 320660.0109479194507, 176490.005002510908525 ], [ 320579.079328583960887, 176482.552256700233556 ], [ 320395.67720799590461, 176668.977902919228654 ], [ 320374.745128442766145, 176831.246916770003736 ], [ 320519.323129016149323, 177191.043928073544521 ], [ 320645.273413034738041, 177016.142783804738428 ] ] ] } },
{ "type": "Feature", "properties": { "LSOA21CD": "W01001871", "LSOA21NM": "Cardiff 037B", "LSOA21NMW": "Caerdydd 037B", "RUC21CD": "UN1", "RUC21NM": "Urban: Nearer to a major town or city" }, "geometry": { "type": "Polygon", "coordinates": [ [ [ 321443.012295006017666, 176672.003470373747405 ], [ 320660.0109479194507, 176490.005002510908525 ], [ 320645.273413034738041, 177016.142783804738428 ], [ 320995.41318180662347, 177206.394169745850377 ], [ 321250.593355185643304, 177387.566722857882269 ], [ 321257.828931580064818, 177095.168625468155369 ], [ 321549.647883128724061, 177116.746443465934135 ], [ 321443.012295006017666, 176672.003470373747405 ] ] ] } },
{ "type": "Feature", "properties": { "LSOA21CD": "W01001872", "LSOA21NM": "Cardiff 038B", "LSOA21NMW": "Caerdydd 038B", "RUC21CD": "UN1", "RUC21NM": "Urban: Nearer to a major town or city" }, "geometry": { "type": "Polygon", "coordinates": [ [ [ 320374.745128442766145, 176831.246916770003736 ], [ 320395.67720799590461, 176668.977902919228654 ], [ 319940.228021382004954, 176437.533902299008332 ], [ 319863.319311049825046, 176672.155594510375522 ], [ 319954.259526675741654, 176790.219471075281035 ], [ 319985.088905724987853, 176835.439017443044577 ], [ 320374.745128442766145, 176831.246916770003736 ] ] ] } },
{ "type": "Feature", "properties": { "LSOA21CD": "W01001873", "LSOA21NM": "Cardiff 038C", "LSOA21NMW": "Caerdydd 038C", "RUC21CD": "UN1", "RUC21NM": "Urban: Nearer to a major town or city" }, "geometry": { "type": "Polygon", "coordinates": [ [ [ 320579.079328583960887, 176482.552256700233556 ], [ 320408.304512101400178, 175924.484407390176784 ], [ 320005.011480834684335, 175895.004060773178935 ], [ 319940.228021382004954, 176437.533902299008332 ], [ 320395.67720799590461, 176668.977902919228654 ], [ 320579.079328583960887, 176482.552256700233556 ] ] ] } },
{ "type": "Feature", "properties": { "LSOA21CD": "W01001874", "LSOA21NM": "Cardiff 038D", "LSOA21NMW": "Caerdydd 038D", "RUC21CD": "UN1", "RUC21NM": "Urban: Nearer to a major town or city" }, "geometry": { "type": "Polygon", "coordinates": [ [ [ 319940.228021382004954, 176437.533902299008332 ], [ 320005.011480834684335, 175895.004060773178935 ], [ 320408.304512101400178, 175924.484407390176784 ], [ 320864.012411459931172, 175505.211932454491034 ], [ 319938.41781852231361, 174972.800649980548769 ], [ 319551.490685041877441, 175706.426939111261163 ], [ 319411.530991120496765, 176308.72249027423095 ], [ 319863.319311049825046, 176672.155594510375522 ], [ 319940.228021382004954, 176437.533902299008332 ] ] ] } },
{ "type": "Feature", "properties": { "LSOA21CD": "W01001876", "LSOA21NM": "Cardiff 037D", "LSOA21NMW": "Caerdydd 037D", "RUC21CD": "UN1", "RUC21NM": "Urban: Nearer to a major town or city" }, "geometry": { "type": "Polygon", "coordinates": [ [ [ 320995.41318180662347, 177206.394169745850377 ], [ 320645.273413034738041, 177016.142783804738428 ], [ 320519.323129016149323, 177191.043928073544521 ], [ 320710.542204138764646, 177683.423439321632031 ], [ 321053.046576228458434, 177515.510193384077866 ], [ 320995.41318180662347, 177206.394169745850377 ] ] ] } },
{ "type": "Feature", "properties": { "LSOA21CD": "W01001877", "LSOA21NM": "Cardiff 011A", "LSOA21NMW": "Caerdydd 011A", "RUC21CD": "UN1", "RUC21NM": "Urban: Nearer to a major town or city" }, "geometry": { "type": "Polygon", "coordinates": [ [ [ 324645.166708085045684, 182117.262490527529735 ], [ 324642.972162406775169, 181182.540046022157185 ], [ 324375.012667594070081, 181134.002380272082519 ], [ 324147.172711280582007, 181470.533039053319953 ], [ 323845.570630528614856, 182010.149045887868851 ], [ 324207.991219055606052, 182434.213077405875083 ], [ 324645.166708085045684, 182117.262490527529735 ] ] ] } },
{ "type": "Feature", "properties": { "LSOA21CD": "W01001878", "LSOA21NM": "Cardiff 011B", "LSOA21NMW": "Caerdydd 011B", "RUC21CD": "UN1", "RUC21NM": "Urban: Nearer to a major town or city" }, "geometry": { "type": "Polygon", "coordinates": [ [ [ 324147.172711280582007, 181470.533039053319953 ], [ 324060.466338766680565, 181258.850333777663764 ], [ 323966.05978410464013, 181483.743230184481945 ], [ 323661.111911910353228, 181186.160265777260065 ], [ 323478.27832143555861, 181343.896937002253253 ], [ 323385.516280432697386, 181616.810687271528877 ], [ 323633.010834847751539, 181805.000113782880362 ], [ 323845.570630528614856, 182010.149045887868851 ], [ 324147.172711280582007, 181470.533039053319953 ] ] ] } },
{ "type": "Feature", "properties": { "LSOA21CD": "W01001879", "LSOA21NM": "Cardiff 013A", "LSOA21NMW": "Caerdydd 013A", "RUC21CD": "UN1", "RUC21NM": "Urban: Nearer to a major town or city" }, "geometry": { "type": "Polygon", "coordinates": [ [ [ 324060.466338766680565, 181258.850333777663764 ], [ 324015.316635650582612, 181017.329351054329891 ], [ 323525.014728789450601, 180655.999579267809168 ], [ 323438.511651906010229, 180249.057394615490921 ], [ 323285.677438905288, 180366.631196459813509 ], [ 323326.012871768325567, 180861.998704284254927 ], [ 323478.27832143555861, 181343.896937002253253 ], [ 323661.111911910353228, 181186.160265777260065 ], [ 323966.05978410464013, 181483.743230184481945 ], [ 324060.466338766680565, 181258.850333777663764 ] ] ] } },
{ "type": "Feature", "properties": { "LSOA21CD": "W01001880", "LSOA21NM": "Cardiff 013B", "LSOA21NMW": "Caerdydd 013B", "RUC21CD": "UN1", "RUC21NM": "Urban: Nearer to a major town or city" }, "geometry": { "type": "Polygon", "coordinates": [ [ [ 324375.012667594070081, 181134.002380272082519 ], [ 324077.285485529224388, 180498.886241319356486 ], [ 324015.316635650582612, 181017.329351054329891 ], [ 324060.466338766680565, 181258.850333777663764 ], [ 324147.172711280582007, 181470.533039053319953 ], [ 324375.012667594070081, 181134.002380272082519 ] ] ] } },
{ "type": "Feature", "properties": { "LSOA21CD": "W01001881", "LSOA21NM": "Cardiff 013C", "LSOA21NMW": "Caerdydd 013C", "RUC21CD": "UN1", "RUC21NM": "Urban: Nearer to a major town or city" }, "geometry": { "type": "Polygon", "coordinates": [ [ [ 323478.27832143555861, 181343.896937002253253 ], [ 323326.012871768325567, 180861.998704284254927 ], [ 322883.447921118233353, 180883.000717540096957 ], [ 322871.808249001740478, 180904.996360431076027 ], [ 323385.516280432697386, 181616.810687271528877 ], [ 323478.27832143555861, 181343.896937002253253 ] ] ] } },
{ "type": "Feature", "properties": { "LSOA21CD": "W01001882", "LSOA21NM": "Cardiff 011C", "LSOA21NMW": "Caerdydd 011C", "RUC21CD": "UN1", "RUC21NM": "Urban: Nearer to a major town or city" }, "geometry": { "type": "Polygon", "coordinates": [ [ [ 325210.454810045601334, 181369.561751338653266 ], [ 325526.617937616421841, 180934.106086581596173 ], [ 325932.710520153050311, 180690.38849956379272 ], [ 325004.325019680371042, 180099.83095674199285 ], [ 325137.093756462272722, 179834.689858124707825 ], [ 324320.622301499533933, 180504.490217747166753 ], [ 323926.634861461701803, 180183.684286313306075 ], [ 323857.603868112899363, 180387.622554119909182 ], [ 324077.285485529224388, 180498.886241319356486 ], [ 324375.012667594070081, 181134.002380272082519 ], [ 324642.972162406775169, 181182.540046022157185 ], [ 324645.166708085045684, 182117.262490527529735 ], [ 325121.450037409551442, 181964.001969501608983 ], [ 325210.454810045601334, 181369.561751338653266 ] ] ] } },
{ "type": "Feature", "properties": { "LSOA21CD": "W01001883", "LSOA21NM": "Cardiff 016C", "LSOA21NMW": "Caerdydd 016C", "RUC21CD": "UN1", "RUC21NM": "Urban: Nearer to a major town or city" }, "geometry": { "type": "Polygon", "coordinates": [ [ [ 323326.012871768325567, 180861.998704284254927 ], [ 323285.677438905288, 180366.631196459813509 ], [ 322969.015330172667746, 180124.000617783283815 ], [ 322872.996195382322185, 180368.757411947590299 ], [ 322883.447921118233353, 180883.000717540096957 ], [ 323326.012871768325567, 180861.998704284254927 ] ] ] } },
{ "type": "Feature", "properties": { "LSOA21CD": "W01001884", "LSOA21NM": "Cardiff 013D", "LSOA21NMW": "Caerdydd 013D", "RUC21CD": "UN1", "RUC21NM": "Urban: Nearer to a major town or city" }, "geometry": { "type": "Polygon", "coordinates": [ [ [ 324077.285485529224388, 180498.886241319356486 ], [ 323857.603868112899363, 180387.622554119909182 ], [ 323525.014728789450601, 180655.999579267809168 ], [ 324015.316635650582612, 181017.329351054329891 ], [ 324077.285485529224388, 180498.886241319356486 ] ] ] } },
{ "type": "Feature", "properties": { "LSOA21CD": "W01001885", "LSOA21NM": "Cardiff 011D", "LSOA21NMW": "Caerdydd 011D", "RUC21CD": "UN1", "RUC21NM": "Urban: Nearer to a major town or city" }, "geometry": { "type": "Polygon", "coordinates": [ [ [ 323857.603868112899363, 180387.622554119909182 ], [ 323926.634861461701803, 180183.684286313306075 ], [ 324320.622301499533933, 180504.490217747166753 ], [ 325137.093756462272722, 179834.689858124707825 ], [ 324427.858628588495776, 179563.70636937225936 ], [ 324900.007821789942682, 178622.3984520767699 ], [ 323294.914908596721943, 177584.199963541876059 ], [ 322776.529286680044606, 177677.72939669113839 ], [ 323027.318825569935143, 178008.49419430521084 ], [ 322429.431340006645769, 178605.750085455365479 ], [ 322253.02164245408494, 178997.705438002827577 ], [ 322538.720643024600577, 179139.22429236676544 ], [ 322813.283880450064316, 179718.552839578769635 ], [ 322830.561692164512351, 179745.111845062463544 ], [ 323438.511651906010229, 180249.057394615490921 ], [ 323525.014728789450601, 180655.999579267809168 ], [ 323857.603868112899363, 180387.622554119909182 ] ] ] } },
{ "type": "Feature", "properties": { "LSOA21CD": "W01001886", "LSOA21NM": "Cardiff 016D", "LSOA21NMW": "Caerdydd 016D", "RUC21CD": "UN1", "RUC21NM": "Urban: Nearer to a major town or city" }, "geometry": { "type": "Polygon", "coordinates": [ [ [ 323285.677438905288, 180366.631196459813509 ], [ 323438.511651906010229, 180249.057394615490921 ], [ 322830.561692164512351, 179745.111845062463544 ], [ 322872.996195382322185, 180368.757411947590299 ], [ 322969.015330172667746, 180124.000617783283815 ], [ 323285.677438905288, 180366.631196459813509 ] ] ] } },
{ "type": "Feature", "properties": { "LSOA21CD": "W01001887", "LSOA21NM": "Cardiff 020A", "LSOA21NMW": "Caerdydd 020A", "RUC21CD": "UN1", "RUC21NM": "Urban: Nearer to a major town or city" }, "geometry": { "type": "Polygon", "coordinates": [ [ [ 315381.011650679865852, 180030.003962124406826 ], [ 315309.759411345934495, 179564.957294865918811 ], [ 314888.846521753002889, 179570.967926910961978 ], [ 314647.987952667113859, 179613.944844805577304 ], [ 314751.751216351636685, 179923.752167752245441 ], [ 314742.396695998089854, 180349.383721081947442 ], [ 315041.294689145695884, 180459.897763981018215 ], [ 315381.011650679865852, 180030.003962124406826 ] ] ] } },
{ "type": "Feature", "properties": { "LSOA21CD": "W01001888", "LSOA21NM": "Cardiff 010A", "LSOA21NMW": "Caerdydd 010A", "RUC21CD": "UN1", "RUC21NM": "Urban: Nearer to a major town or city" }, "geometry": { "type": "Polygon", "coordinates": [ [ [ 314751.751216351636685, 179923.752167752245441 ], [ 314647.987952667113859, 179613.944844805577304 ], [ 314068.268995025136974, 179871.928760348877404 ], [ 314182.697776525979862, 180363.301642558246385 ], [ 313540.106899718928616, 180485.385348803247325 ], [ 313533.812499988358468, 180487.717349557962734 ], [ 313518.092420327826403, 180756.774338552204426 ], [ 314428.340755124459974, 180689.508862997754477 ], [ 314751.751216351636685, 179923.752167752245441 ] ] ] } },
{ "type": "Feature", "properties": { "LSOA21CD": "W01001889", "LSOA21NM": "Cardiff 020B", "LSOA21NMW": "Caerdydd 020B", "RUC21CD": "UN1", "RUC21NM": "Urban: Nearer to a major town or city" }, "geometry": { "type": "Polygon", "coordinates": [ [ [ 315664.908176099823322, 180488.512030314013828 ], [ 316154.224108916416299, 180102.130983650917187 ], [ 316244.012933279387653, 179649.003281927900389 ], [ 315827.167850882804487, 179534.005123571667355 ], [ 315446.836595033761114, 180086.935020248813089 ], [ 315603.459631328005344, 180535.091475845023524 ], [ 315664.908176099823322, 180488.512030314013828 ] ] ] } },
{ "type": "Feature", "properties": { "LSOA21CD": "W01001890", "LSOA21NM": "Cardiff 021D", "LSOA21NMW": "Caerdydd 021D", "RUC21CD": "UN1", "RUC21NM": "Urban: Nearer to a major town or city" }, "geometry": { "type": "Polygon", "coordinates": [ [ [ 316541.048016572603956, 179725.899428468081169 ], [ 316830.167055371566676, 179379.079269252077211 ], [ 316878.51294645993039, 179232.00336388987489 ], [ 316326.588713036209811, 179176.224387325870339 ], [ 316552.107074501574971, 179496.854231494478881 ], [ 316244.012933279387653, 179649.003281927900389 ], [ 316154.224108916416299, 180102.130983650917187 ], [ 316541.048016572603956, 179725.899428468081169 ] ] ] } },
{ "type": "Feature", "properties": { "LSOA21CD": "W01001891", "LSOA21NM": "Cardiff 020C", "LSOA21NMW": "Caerdydd 020C", "RUC21CD": "UN1", "RUC21NM": "Urban: Nearer to a major town or city" }, "geometry": { "type": "Polygon", "coordinates": [ [ [ 315827.167850882804487, 179534.005123571667355 ], [ 315663.674659622716717, 179347.256347290007398 ], [ 315616.493599009758327, 179281.672150774218608 ], [ 315108.715525172650814, 179519.7686547235935 ], [ 314888.846521753002889, 179570.967926910961978 ], [ 315309.759411345934495, 179564.957294865918811 ], [ 315381.011650679865852, 180030.003962124406826 ], [ 315446.836595033761114, 180086.935020248813089 ], [ 315827.167850882804487, 179534.005123571667355 ] ] ] } },
{ "type": "Feature", "properties": { "LSOA21CD": "W01001892", "LSOA21NM": "Cardiff 020D", "LSOA21NMW": "Caerdydd 020D", "RUC21CD": "UN1", "RUC21NM": "Urban: Nearer to a major town or city" }, "geometry": { "type": "Polygon", "coordinates": [ [ [ 316326.588713036209811, 179176.224387325870339 ], [ 315904.196838668431155, 179225.340843224781565 ], [ 315663.674659622716717, 179347.256347290007398 ], [ 315827.167850882804487, 179534.005123571667355 ], [ 316244.012933279387653, 179649.003281927900389 ], [ 316552.107074501574971, 179496.854231494478881 ], [ 316326.588713036209811, 179176.224387325870339 ] ] ] } },
{ "type": "Feature", "properties": { "LSOA21CD": "W01001893", "LSOA21NM": "Cardiff 010B", "LSOA21NMW": "Caerdydd 010B", "RUC21CD": "RLN1", "RUC21NM": "Larger rural: Nearer to a major town or city" }, "geometry": { "type": "Polygon", "coordinates": [ [ [ 314968.184228818223346, 184136.140003433101811 ], [ 314774.508237264351919, 183065.322850393364206 ], [ 314959.056211189308669, 182609.821481170307379 ], [ 314465.15457145817345, 182294.899366457771976 ], [ 314653.071542754245456, 181957.941343323502224 ], [ 314253.235472178086638, 181545.111973419087008 ], [ 314172.666603479185142, 181422.089566552720498 ], [ 313157.012577551417053, 181471.709786335704848 ], [ 312864.815821396070533, 182288.445167589234188 ], [ 312599.608509105280973, 182852.801442678610329 ], [ 313354.199561513145454, 183290.206859165104106 ], [ 313721.376589860650711, 183977.979967551829759 ], [ 314295.415971370064653, 184474.207012752071023 ], [ 314968.184228818223346, 184136.140003433101811 ] ] ] } },
{ "type": "Feature", "properties": { "LSOA21CD": "W01001894", "LSOA21NM": "Cardiff 010C", "LSOA21NMW": "Caerdydd 010C", "RUC21CD": "UN1", "RUC21NM": "Urban: Nearer to a major town or city" }, "geometry": { "type": "Polygon", "coordinates": [ [ [ 314945.011275550117716, 181126.599632286874112 ], [ 315166.966919749975204, 180911.968758371134754 ], [ 314862.433907497208565, 180795.12076236383291 ], [ 314172.666603479185142, 181422.089566552720498 ], [ 314253.235472178086638, 181545.111973419087008 ], [ 314945.011275550117716, 181126.599632286874112 ] ] ] } },
{ "type": "Feature", "properties": { "LSOA21CD": "W01001895", "LSOA21NM": "Cardiff 010D", "LSOA21NMW": "Caerdydd 010D", "RUC21CD": "UN1", "RUC21NM": "Urban: Nearer to a major town or city" }, "geometry": { "type": "Polygon", "coordinates": [ [ [ 314172.666603479185142, 181422.089566552720498 ], [ 314862.433907497208565, 180795.12076236383291 ], [ 315041.294689145695884, 180459.897763981018215 ], [ 314742.396695998089854, 180349.383721081947442 ], [ 314751.751216351636685, 179923.752167752245441 ], [ 314428.340755124459974, 180689.508862997754477 ], [ 313518.092420327826403, 180756.774338552204426 ], [ 313533.812499988358468, 180487.717349557962734 ], [ 313011.941368940752, 181083.893854766502045 ], [ 313157.012577551417053, 181471.709786335704848 ], [ 314172.666603479185142, 181422.089566552720498 ] ] ] } },
{ "type": "Feature", "properties": { "LSOA21CD": "W01001896", "LSOA21NM": "Cardiff 020E", "LSOA21NMW": "Caerdydd 020E", "RUC21CD": "UN1", "RUC21NM": "Urban: Nearer to a major town or city" }, "geometry": { "type": "Polygon", "coordinates": [ [ [ 315603.459631328005344, 180535.091475845023524 ], [ 315446.836595033761114, 180086.935020248813089 ], [ 315381.011650679865852, 180030.003962124406826 ], [ 315041.294689145695884, 180459.897763981018215 ], [ 314862.433907497208565, 180795.12076236383291 ], [ 315166.966919749975204, 180911.968758371134754 ], [ 315603.459631328005344, 180535.091475845023524 ] ] ] } },
{ "type": "Feature", "properties": { "LSOA21CD": "W01001912", "LSOA21NM": "Newport 020E", "LSOA21NMW": "Casnewydd 020E", "RUC21CD": "RSN1", "RUC21NM": "Smaller rural: Nearer to a major town or city" }, "geometry": { "type": "Polygon", "coordinates": [ [ [ 331045.058077818306629, 184563.063833753752988 ], [ 330965.913038137485273, 184671.301593078358565 ], [ 331064.112555730738677, 183897.003741029649973 ], [ 331448.216722971759737, 183738.807856785191689 ], [ 331060.312885882449336, 182412.304119347652886 ], [ 328802.812946184072644, 180688.002186166413594 ], [ 327773.51623957947595, 180684.901906946790405 ], [ 327461.040039260056801, 179999.989405491272919 ], [ 327423.315473247610498, 179917.301492423284799 ], [ 325685.611323656514287, 178804.70092711772304 ], [ 325445.412609965424053, 179035.804174063436221 ], [ 324948.710964459809475, 178653.900347872753628 ], [ 324900.007821789942682, 178622.3984520767699 ], [ 324427.858628588495776, 179563.70636937225936 ], [ 325137.093756462272722, 179834.689858124707825 ], [ 325004.325019680371042, 180099.83095674199285 ], [ 325932.710520153050311, 180690.38849956379272 ], [ 325526.617937616421841, 180934.106086581596173 ], [ 328003.606385706458241, 182718.003269306791481 ], [ 327579.759300353296567, 183105.088032141560689 ], [ 328977.511918624397367, 183907.00352284964174 ], [ 329239.571580209536478, 184170.99569262744626 ], [ 328956.612684942490887, 184185.603688581031747 ], [ 329020.946197780373041, 184509.534921699902043 ], [ 329088.964197548048105, 184515.623929599358235 ], [ 330015.558553392940667, 184240.807476008078083 ], [ 330312.10831326036714, 185204.705537391884718 ], [ 330679.513532862300053, 184748.597304743016139 ], [ 331089.19916901452234, 185114.597089176182635 ], [ 331045.058077818306629, 184563.063833753752988 ] ] ] } },
{ "type": "Feature", "properties": { "LSOA21CD": "W01001922", "LSOA21NM": "Cardiff 032E", "LSOA21NMW": "Caerdydd 032E", "RUC21CD": "UN1", "RUC21NM": "Urban: Nearer to a major town or city" }, "geometry": { "type": "Polygon", "coordinates": [ [ [ 318724.324813615472522, 177072.535490924608894 ], [ 318787.098213580437005, 176760.521166073507629 ], [ 318098.772538158867974, 177456.52806133008562 ], [ 318165.090213645540643, 177457.037136161816306 ], [ 318446.302403191686608, 177210.261396635731217 ], [ 318589.07783655176172, 177582.679496321768966 ], [ 318627.930792379542254, 177589.133445243060123 ], [ 318724.324813615472522, 177072.535490924608894 ] ] ] } },
{ "type": "Feature", "properties": { "LSOA21CD": "W01001940", "LSOA21NM": "Cardiff 048A", "LSOA21NMW": "Caerdydd 048A", "RUC21CD": "UN1", "RUC21NM": "Urban: Nearer to a major town or city" }, "geometry": { "type": "MultiPolygon", "coordinates": [ [ [ [ 322047.713509722147137, 165130.047607814136427 ], [ 322294.461299033660907, 164598.353181005571969 ], [ 321786.810116411768831, 164813.905342802754603 ], [ 322000.343404676881619, 165119.035907409328502 ], [ 322047.713509722147137, 165130.047607814136427 ] ] ], [ [ [ 319551.490685041877441, 175706.426939111261163 ], [ 319938.41781852231361, 174972.800649980548769 ], [ 320864.012411459931172, 175505.211932454491034 ], [ 320947.11400727450382, 175393.927913649007678 ], [ 321181.212828962132335, 174826.703041184926406 ], [ 320175.798476594209205, 173668.367986011784524 ], [ 319495.501032709667925, 174456.740296252071857 ], [ 319793.194942237983923, 174719.400532090163324 ], [ 319569.01217066985555, 175083.003163234156091 ], [ 319349.734176810947247, 175594.453700249374378 ], [ 319551.490685041877441, 175706.426939111261163 ] ] ] ] } },
{ "type": "Feature", "properties": { "LSOA21CD": "W01001942", "LSOA21NM": "Cardiff 049B", "LSOA21NMW": "Caerdydd 049B", "RUC21CD": "UN1", "RUC21NM": "Urban: Nearer to a major town or city" }, "geometry": { "type": "Polygon", "coordinates": [ [ [ 318450.928524495451711, 173699.454113646352198 ], [ 318277.766159302555025, 173766.865906400955282 ], [ 318259.327994369028602, 173798.477186751086265 ], [ 318179.281869054888375, 174230.263019360485487 ], [ 318587.330006226431578, 174639.304995711543597 ], [ 318610.930782492563594, 174373.426323302905075 ], [ 318781.579238010395784, 174738.147723342583049 ], [ 319078.012367578747217, 174814.002694908762351 ], [ 318980.411910519062076, 174166.014839698502328 ], [ 318450.928524495451711, 173699.454113646352198 ] ] ] } },
{ "type": "Feature", "properties": { "LSOA21CD": "W01001943", "LSOA21NM": "Cardiff 048B", "LSOA21NMW": "Caerdydd 048B", "RUC21CD": "UN1", "RUC21NM": "Urban: Nearer to a major town or city" }, "geometry": { "type": "Polygon", "coordinates": [ [ [ 319569.01217066985555, 175083.003163234156091 ], [ 319793.194942237983923, 174719.400532090163324 ], [ 319495.501032709667925, 174456.740296252071857 ], [ 320175.798476594209205, 173668.367986011784524 ], [ 320000.024548781802878, 173465.859089352830779 ], [ 319724.909896829165518, 173148.89981092652306 ], [ 319206.311920457403176, 173182.700135762512218 ], [ 319205.167528309393674, 173115.391992741322611 ], [ 319204.399833576986566, 173070.239330963289831 ], [ 318824.4499368807883, 173198.342830207082443 ], [ 318776.823734501958825, 173670.596546001848765 ], [ 318450.928524495451711, 173699.454113646352198 ], [ 318980.411910519062076, 174166.014839698502328 ], [ 319078.012367578747217, 174814.002694908762351 ], [ 318919.120055506238714, 175325.660191038099583 ], [ 319569.01217066985555, 175083.003163234156091 ] ] ] } },
{ "type": "Feature", "properties": { "LSOA21CD": "W01001944", "LSOA21NM": "Cardiff 048C", "LSOA21NMW": "Caerdydd 048C", "RUC21CD": "UN1", "RUC21NM": "Urban: Nearer to a major town or city" }, "geometry": { "type": "Polygon", "coordinates": [ [ [ 319349.734176810947247, 175594.453700249374378 ], [ 319569.01217066985555, 175083.003163234156091 ], [ 318919.120055506238714, 175325.660191038099583 ], [ 318768.698570295993704, 175656.551065349078272 ], [ 319349.734176810947247, 175594.453700249374378 ] ] ] } },
{ "type": "Feature", "properties": { "LSOA21CD": "W01001946", "LSOA21NM": "Cardiff 049C", "LSOA21NMW": "Caerdydd 049C", "RUC21CD": "UN1", "RUC21NM": "Urban: Nearer to a major town or city" }, "geometry": { "type": "Polygon", "coordinates": [ [ [ 318179.281869054888375, 174230.263019360485487 ], [ 318259.327994369028602, 173798.477186751086265 ], [ 317959.655673375003971, 173629.987797863548622 ], [ 317687.26888763072202, 174080.489520585397258 ], [ 317952.643866846570745, 173945.951603793422692 ], [ 317800.011105664656498, 174378.004703134880401 ], [ 318068.011450974736363, 174491.003928283811547 ], [ 318179.281869054888375, 174230.263019360485487 ] ] ] } },
{ "type": "Feature", "properties": { "LSOA21CD": "W01001947", "LSOA21NM": "Cardiff 048E", "LSOA21NMW": "Caerdydd 048E", "RUC21CD": "UN1", "RUC21NM": "Urban: Nearer to a major town or city" }, "geometry": { "type": "Polygon", "coordinates": [ [ [ 317584.011478309286758, 174640.003409005235881 ], [ 317687.26888763072202, 174080.489520585397258 ], [ 317959.655673375003971, 173629.987797863548622 ], [ 318259.327994369028602, 173798.477186751086265 ], [ 318277.766159302555025, 173766.865906400955282 ], [ 318095.981200398760848, 173393.051136246649548 ], [ 317480.934678933233954, 172927.51088345941389 ], [ 317168.917553856153972, 173880.395455367164686 ], [ 316927.823653784755152, 173632.502508314326406 ], [ 316626.011117273010314, 173920.009366094716825 ], [ 317516.864663593296427, 174875.150337853294332 ], [ 317584.011478309286758, 174640.003409005235881 ] ] ] } },
{ "type": "Feature", "properties": { "LSOA21CD": "W01001948", "LSOA21NM": "Cardiff 006E", "LSOA21NMW": "Caerdydd 006E", "RUC21CD": "UN1", "RUC21NM": "Urban: Nearer to a major town or city" }, "geometry": { "type": "Polygon", "coordinates": [ [ [ 312533.013113511609845, 180569.003828741435427 ], [ 312626.718137590331025, 180123.039448299445212 ], [ 313333.697829088370781, 179946.565789813874289 ], [ 313540.106899718928616, 180485.385348803247325 ], [ 314182.697776525979862, 180363.301642558246385 ], [ 314068.268995025136974, 179871.928760348877404 ], [ 313926.47625736502232, 179634.279317763634026 ], [ 313382.254294446087442, 179297.291397054796107 ], [ 311461.509886907122564, 179917.703388536407147 ], [ 311269.169461343612056, 180551.480591811530758 ], [ 311609.97020665241871, 181016.301655339892022 ], [ 312533.013113511609845, 180569.003828741435427 ] ] ] } },
{ "type": "Feature", "properties": { "LSOA21CD": "W01001949", "LSOA21NM": "Cardiff 005F", "LSOA21NMW": "Caerdydd 005F", "RUC21CD": "UN1", "RUC21NM": "Urban: Nearer to a major town or city" }, "geometry": { "type": "Polygon", "coordinates": [ [ [ 317107.799614850839134, 181114.111589079722762 ], [ 317035.22145896370057, 180986.447621720202733 ], [ 316723.609765903034713, 180973.505305798840709 ], [ 316685.463249394437298, 181281.497757579141762 ], [ 316990.331434117630124, 181434.893268962216098 ], [ 317107.799614850839134, 181114.111589079722762 ] ] ] } },
{ "type": "Feature", "properties": { "LSOA21CD": "W01001950", "LSOA21NM": "Cardiff 049D", "LSOA21NMW": "Caerdydd 049D", "RUC21CD": "UN1", "RUC21NM": "Urban: Nearer to a major town or city" }, "geometry": { "type": "Polygon", "coordinates": [ [ [ 318781.579238010395784, 174738.147723342583049 ], [ 318610.930782492563594, 174373.426323302905075 ], [ 318587.330006226431578, 174639.304995711543597 ], [ 318518.25118227355415, 174882.226675603480544 ], [ 318762.337465451855678, 174960.627745954261627 ], [ 318781.579238010395784, 174738.147723342583049 ] ] ] } },
{ "type": "Feature", "properties": { "LSOA21CD": "W01001951", "LSOA21NM": "Cardiff 049E", "LSOA21NMW": "Caerdydd 049E", "RUC21CD": "UN1", "RUC21NM": "Urban: Nearer to a major town or city" }, "geometry": { "type": "Polygon", "coordinates": [ [ [ 319551.490685041877441, 175706.426939111261163 ], [ 319349.734176810947247, 175594.453700249374378 ], [ 318768.698570295993704, 175656.551065349078272 ], [ 318746.447630797571037, 175688.433065998367965 ], [ 318743.696408766205423, 176020.710740590526257 ], [ 319411.530991120496765, 176308.72249027423095 ], [ 319551.490685041877441, 175706.426939111261163 ] ] ] } },
{ "type": "Feature", "properties": { "LSOA21CD": "W01001952", "LSOA21NM": "Cardiff 049F", "LSOA21NMW": "Caerdydd 049F", "RUC21CD": "UN1", "RUC21NM": "Urban: Nearer to a major town or city" }, "geometry": { "type": "Polygon", "coordinates": [ [ [ 318746.447630797571037, 175688.433065998367965 ], [ 318472.012745847750921, 175189.003543014230672 ], [ 318762.337465451855678, 174960.627745954261627 ], [ 318518.25118227355415, 174882.226675603480544 ], [ 318403.963197054690681, 174934.842569411324803 ], [ 318042.711779582430609, 175250.599765652790666 ], [ 317991.204306978965178, 175844.109830402419902 ], [ 318743.696408766205423, 176020.710740590526257 ], [ 318746.447630797571037, 175688.433065998367965 ] ] ] } },
{ "type": "Feature", "properties": { "LSOA21CD": "W01001953", "LSOA21NM": "Cardiff 005G", "LSOA21NMW": "Caerdydd 005G", "RUC21CD": "UN1", "RUC21NM": "Urban: Nearer to a major town or city" }, "geometry": { "type": "Polygon", "coordinates": [ [ [ 317224.014165085332934, 181570.004371134389658 ], [ 317222.013460239802953, 181122.004287882067729 ], [ 317107.799614850839134, 181114.111589079722762 ], [ 316990.331434117630124, 181434.893268962216098 ], [ 316685.463249394437298, 181281.497757579141762 ], [ 316665.589633819938172, 181418.005934139073361 ], [ 316652.244118536473252, 181507.047796158236451 ], [ 316670.665596482576802, 181848.060824595973827 ], [ 316494.611015119415242, 182212.403630066663027 ], [ 316761.754108482738957, 182307.242759801330976 ], [ 317224.014165085332934, 181570.004371134389658 ] ] ] } },
{ "type": "Feature", "properties": { "LSOA21CD": "W01001954", "LSOA21NM": "Cardiff 006F", "LSOA21NMW": "Caerdydd 006F", "RUC21CD": "UN1", "RUC21NM": "Urban: Nearer to a major town or city" }, "geometry": { "type": "Polygon", "coordinates": [ [ [ 313011.941368940752, 181083.893854766502045 ], [ 313533.812499988358468, 180487.717349557962734 ], [ 313540.106899718928616, 180485.385348803247325 ], [ 313333.697829088370781, 179946.565789813874289 ], [ 312626.718137590331025, 180123.039448299445212 ], [ 312533.013113511609845, 180569.003828741435427 ], [ 312409.013338321470656, 180798.003578518459108 ], [ 312813.735497945395764, 180724.025910716736689 ], [ 312705.779842945048586, 181273.370480445038993 ], [ 313011.941368940752, 181083.893854766502045 ] ] ] } },
{ "type": "Feature", "properties": { "LSOA21CD": "W01002016", "LSOA21NM": "Cardiff 003E", "LSOA21NMW": "Caerdydd 003E", "RUC21CD": "UN1", "RUC21NM": "Urban: Nearer to a major town or city" }, "geometry": { "type": "Polygon", "coordinates": [ [ [ 324207.991219055606052, 182434.213077405875083 ], [ 323845.570630528614856, 182010.149045887868851 ], [ 323633.010834847751539, 181805.000113782880362 ], [ 322927.922617918462493, 182120.266832324618008 ], [ 321863.481314811331686, 182764.344264071027283 ], [ 321811.01193763158517, 183121.496251504926477 ], [ 322489.01091200101655, 183094.002487107762136 ], [ 322526.011151867336594, 183494.503572542511392 ], [ 323063.698405416915193, 183652.513532501820009 ], [ 324207.991219055606052, 182434.213077405875083 ] ] ] } },
{ "type": "Feature", "properties": { "LSOA21CD": "W01002017", "LSOA21NM": "Cardiff 003F", "LSOA21NMW": "Caerdydd 003F", "RUC21CD": "UN1", "RUC21NM": "Urban: Nearer to a major town or city" }, "geometry": { "type": "Polygon", "coordinates": [ [ [ 322927.922617918462493, 182120.266832324618008 ], [ 322884.809942499967292, 181802.470761793549173 ], [ 322555.549397935334127, 181797.161997198360041 ], [ 322020.129801537201274, 181820.19933347334154 ], [ 321540.674395722686313, 181494.918971085746307 ], [ 321502.129014031088445, 181537.287477818434127 ], [ 321917.421714450698346, 182560.843858280801214 ], [ 321863.481314811331686, 182764.344264071027283 ], [ 322927.922617918462493, 182120.266832324618008 ] ] ] } },
{ "type": "Feature", "properties": { "LSOA21CD": "W01002018", "LSOA21NM": "Cardiff 003G", "LSOA21NMW": "Caerdydd 003G", "RUC21CD": "UN1", "RUC21NM": "Urban: Nearer to a major town or city" }, "geometry": { "type": "Polygon", "coordinates": [ [ [ 321917.421714450698346, 182560.843858280801214 ], [ 321502.129014031088445, 181537.287477818434127 ], [ 321457.953448994434439, 181615.925317343324423 ], [ 321302.425611739687156, 182508.332596381078474 ], [ 321558.39738371031126, 182726.248804835777264 ], [ 321582.178253695601597, 182190.004581546469126 ], [ 321917.421714450698346, 182560.843858280801214 ] ] ] } },
{ "type": "Feature", "properties": { "LSOA21CD": "W01002019", "LSOA21NM": "Cardiff 032H", "LSOA21NMW": "Caerdydd 032H", "RUC21CD": "UN1", "RUC21NM": "Urban: Nearer to a major town or city" }, "geometry": { "type": "Polygon", "coordinates": [ [ [ 317270.122797916992567, 177995.49115963280201 ], [ 317809.325132645608392, 177245.11284264002461 ], [ 318098.772538158867974, 177456.52806133008562 ], [ 318787.098213580437005, 176760.521166073507629 ], [ 318808.014615778578445, 176660.707771518966183 ], [ 318743.696408766205423, 176020.710740590526257 ], [ 317991.204306978965178, 175844.109830402419902 ], [ 317752.957116837380454, 176457.813751085079275 ], [ 317631.305325955792796, 176729.704976562527008 ], [ 317348.832835895824246, 177329.06146079080645 ], [ 317077.51258445426356, 178056.50356676481897 ], [ 317270.122797916992567, 177995.49115963280201 ] ] ] } },
{ "type": "Feature", "properties": { "LSOA21CD": "W01002020", "LSOA21NM": "Cardiff 037E", "LSOA21NMW": "Caerdydd 037E", "RUC21CD": "UN1", "RUC21NM": "Urban: Nearer to a major town or city" }, "geometry": { "type": "Polygon", "coordinates": [ [ [ 321443.012295006017666, 176672.003470373747405 ], [ 321549.647883128724061, 177116.746443465934135 ], [ 321257.828931580064818, 177095.168625468155369 ], [ 321250.593355185643304, 177387.566722857882269 ], [ 320995.41318180662347, 177206.394169745850377 ], [ 321053.046576228458434, 177515.510193384077866 ], [ 320710.542204138764646, 177683.423439321632031 ], [ 320796.575638739042915, 177832.694231389148626 ], [ 322024.013631169276778, 177110.002860876265913 ], [ 321607.012009532074444, 176544.003506461333018 ], [ 321443.012295006017666, 176672.003470373747405 ] ] ] } },
{ "type": "Feature", "properties": { "LSOA21CD": "W01002021", "LSOA21NM": "Cardiff 037F", "LSOA21NMW": "Caerdydd 037F", "RUC21CD": "UN1", "RUC21NM": "Urban: Nearer to a major town or city" }, "geometry": { "type": "Polygon", "coordinates": [ [ [ 322199.101897505868692, 177324.507014242291916 ], [ 321475.913473483175039, 175619.803458148555364 ], [ 320900.297659954871051, 175507.364429044770077 ], [ 320947.11400727450382, 175393.927913649007678 ], [ 320864.012411459931172, 175505.211932454491034 ], [ 320408.304512101400178, 175924.484407390176784 ], [ 320579.079328583960887, 176482.552256700233556 ], [ 320660.0109479194507, 176490.005002510908525 ], [ 321443.012295006017666, 176672.003470373747405 ], [ 321607.012009532074444, 176544.003506461333018 ], [ 322024.013631169276778, 177110.002860876265913 ], [ 320796.575638739042915, 177832.694231389148626 ], [ 320769.42112655157689, 177854.195368827262428 ], [ 320782.831441777641885, 177871.50183144811308 ], [ 321236.811784710967913, 178290.202040864154696 ], [ 321676.324950310343411, 178013.29847534612054 ], [ 321527.42443846113747, 177573.407312199065927 ], [ 322199.101897505868692, 177324.507014242291916 ] ] ] } },
{ "type": "Feature", "properties": { "LSOA21CD": "W01002022", "LSOA21NM": "Cardiff 040F", "LSOA21NMW": "Caerdydd 040F", "RUC21CD": "UN1", "RUC21NM": "Urban: Nearer to a major town or city" }, "geometry": { "type": "Polygon", "coordinates": [ [ [ 315713.331820673774928, 176476.7806510431692 ], [ 315364.850152755156159, 175986.494794100348372 ], [ 314884.139789248467423, 176677.726966369838919 ], [ 315308.447134017944336, 176678.634597095253412 ], [ 315713.331820673774928, 176476.7806510431692 ] ] ] } },
{ "type": "Feature", "properties": { "LSOA21CD": "W01002023", "LSOA21NM": "Cardiff 040G", "LSOA21NMW": "Caerdydd 040G", "RUC21CD": "UN1", "RUC21NM": "Urban: Nearer to a major town or city" }, "geometry": { "type": "Polygon", "coordinates": [ [ [ 315818.316900161909871, 176667.404065770679154 ], [ 316286.617541075567715, 176216.505000469100196 ], [ 315427.257124352676328, 175875.216375782561954 ], [ 315364.850152755156159, 175986.494794100348372 ], [ 315713.331820673774928, 176476.7806510431692 ], [ 315573.011568495829124, 176893.003357713401783 ], [ 315818.316900161909871, 176667.404065770679154 ] ] ] } },
{ "type": "Feature", "properties": { "LSOA21CD": "W01002024", "LSOA21NM": "Cardiff 048F", "LSOA21NMW": "Caerdydd 048F", "RUC21CD": "UN1", "RUC21NM": "Urban: Nearer to a major town or city" }, "geometry": { "type": "Polygon", "coordinates": [ [ [ 318450.928524495451711, 173699.454113646352198 ], [ 318776.823734501958825, 173670.596546001848765 ], [ 318824.4499368807883, 173198.342830207082443 ], [ 318246.418718312110286, 173063.269599289924372 ], [ 318095.981200398760848, 173393.051136246649548 ], [ 318277.766159302555025, 173766.865906400955282 ], [ 318450.928524495451711, 173699.454113646352198 ] ] ] } },
{ "type": "Feature", "properties": { "LSOA21CD": "W01002025", "LSOA21NM": "Cardiff 048G", "LSOA21NMW": "Caerdydd 048G", "RUC21CD": "UN1", "RUC21NM": "Urban: Nearer to a major town or city" }, "geometry": { "type": "Polygon", "coordinates": [ [ [ 318824.4499368807883, 173198.342830207082443 ], [ 319204.399833576986566, 173070.239330963289831 ], [ 319194.810433471226133, 172506.20358077128185 ], [ 319176.209522386721801, 172513.101696694735438 ], [ 319156.036209758953191, 172521.375114168913569 ], [ 319033.591208164812997, 172604.212829158408567 ], [ 318294.79454025242012, 172660.830556860601064 ], [ 317531.201787899713963, 172872.000877372804098 ], [ 317480.934678933233954, 172927.51088345941389 ], [ 318095.981200398760848, 173393.051136246649548 ], [ 318246.418718312110286, 173063.269599289924372 ], [ 318824.4499368807883, 173198.342830207082443 ] ] ] } },
{ "type": "Feature", "properties": { "LSOA21CD": "W01002036", "LSOA21NM": "Vale of Glamorgan 005G", "LSOA21NMW": "Bro Morgannwg 005G", "RUC21CD": "UN1", "RUC21NM": "Urban: Nearer to a major town or city" }, "geometry": { "type": "Polygon", "coordinates": [ [ [ 318294.79454025242012, 172660.830556860601064 ], [ 318351.012788308085874, 172170.003101827460341 ], [ 318315.109756811056286, 172003.756966988206841 ], [ 317760.460177878616378, 172233.039599645650014 ], [ 317462.606654546398204, 172819.000767377903685 ], [ 317531.201787899713963, 172872.000877372804098 ], [ 318294.79454025242012, 172660.830556860601064 ] ] ] } },
{ "type": "Feature", "properties": { "LSOA21CD": "W01002037", "LSOA21NM": "Vale of Glamorgan 005H", "LSOA21NMW": "Bro Morgannwg 005H", "RUC21CD": "UN1", "RUC21NM": "Urban: Nearer to a major town or city" }, "geometry": { "type": "Polygon", "coordinates": [ [ [ 319033.591208164812997, 172604.212829158408567 ], [ 318656.90761841298081, 172210.821460848499555 ], [ 318351.012788308085874, 172170.003101827460341 ], [ 318294.79454025242012, 172660.830556860601064 ], [ 319033.591208164812997, 172604.212829158408567 ] ] ] } }
]
}
