{
"type": "FeatureCollection",
"name": "demand_lsoa_cardiff_exact_pop_wgs84_enriched",
"crs": { "type": "name", "properties": { "name": "urn:ogc:def:crs:EPSG::27700" } },
"features": [
{ "type": "Feature", "properties": { "LSOA21CD": "W01001090", "LSOA21NM": "Vale of Glamorgan 006E", "LSOA21NMW": "Bro Morgannwg 006E", "RUC21CD": "UN1", "RUC21NM": "Urban: Nearer to a major town or city", "population": 1484, "median_age": 49.3, "_lsoa_code": "W01001090", "wimd_rank": 568.0, "wimd_decile": 3.0, "wimd_norm": 0.70283018867924529, "share_flats": 0.011075949367088608, "share_terraced": 0.25791139240506328, "share_dense_housing": 0.020569620253164556, "share_no_car": 0.085578446909667191, "share_owned": 0.87697160883280756, "share_rented": 0.12145110410094637, "share_rent_free": 0.0, "parking_constraint": 0.078324282234556564, "equity_proxy": 0.39057723545690093 }, "geometry": { "type": "Polygon", "coordinates": [ [ [ 315487.372096438601147, 175783.071496541495435 ], [ 316256.368637557083275, 174815.44715839944547 ], [ 316522.906748548499309, 173980.108437932794914 ], [ 316009.696964211238082, 173868.496378013282083 ], [ 316282.350347716244869, 173576.155578064906877 ], [ 315912.431780799641274, 172635.242811710864771 ], [ 316644.040411871159449, 172458.041316362272482 ], [ 316502.256487146602012, 172040.33755187666975 ], [ 316495.409491949540097, 171933.287669366807677 ], [ 316305.886585803003982, 171541.032274482655339 ], [ 315454.810421787726227, 171597.036804405332077 ], [ 315217.122194367169868, 171985.23714631004259 ], [ 315090.31396855681669, 171707.034255728474818 ], [ 314597.704726454336196, 171969.436311451194342 ], [ 313834.800476098258514, 172938.730320538801607 ], [ 314090.71196161780972, 173068.687474609410856 ], [ 313824.629995061899535, 173902.625309576222207 ], [ 312708.393082553055137, 174802.238554088049568 ], [ 313397.637137414654717, 174692.746420731244143 ], [ 313764.160341636859812, 175205.313521174131893 ], [ 313982.973964746925049, 175379.031590800324921 ], [ 314685.63729927764507, 175652.172112111700699 ], [ 315299.816490024852101, 175816.046963284956291 ], [ 315487.372096438601147, 175783.071496541495435 ] ] ] } },
{ "type": "Feature", "properties": { "LSOA21CD": "W01001104", "LSOA21NM": "Vale of Glamorgan 004E", "LSOA21NMW": "Bro Morgannwg 004E", "RUC21CD": "UN1", "RUC21NM": "Urban: Nearer to a major town or city", "population": 2105, "median_age": 45.1, "_lsoa_code": "W01001104", "wimd_rank": 785.0, "wimd_decile": 5.0, "wimd_norm": 0.58909853249475896, "share_flats": 0.2297447280799112, "share_terraced": 0.17203107658157601, "share_dense_housing": 0.24084350721420644, "share_no_car": 0.13399778516057587, "share_owned": 0.75389755011135862, "share_rented": 0.24276169265033407, "share_rent_free": 0.0, "parking_constraint": 0.22363718610106562, "equity_proxy": 0.4063678592979123 }, "geometry": { "type": "Polygon", "coordinates": [ [ [ 316625.35960067610722, 173920.056530097383074 ], [ 316927.175904341449495, 173632.545752429054119 ], [ 317168.276939421717543, 173880.436601452995092 ], [ 317480.293708844459616, 172927.542548706522211 ], [ 317530.561752149777021, 172872.031025477335788 ], [ 317461.965083287563175, 172819.031276723369956 ], [ 317112.854148489364889, 172521.948595612426288 ], [ 316502.256487146602012, 172040.33755187666975 ], [ 316644.040411871159449, 172458.041316362272482 ], [ 315912.431780799641274, 172635.242811710864771 ], [ 316282.350347716244869, 173576.155578064906877 ], [ 316009.696964211238082, 173868.496378013282083 ], [ 316522.906748548499309, 173980.108437932794914 ], [ 316625.35960067610722, 173920.056530097383074 ] ] ] } },
{ "type": "Feature", "properties": { "LSOA21CD": "W01001113", "LSOA21NM": "Vale of Glamorgan 003A", "LSOA21NMW": "Bro Morgannwg 003A", "RUC21CD": "RSN1", "RUC21NM": "Smaller rural: Nearer to a major town or city", "population": 2403, "median_age": 51.4, "_lsoa_code": "W01001113", "wimd_rank": 189.0, "wimd_decile": 1.0, "wimd_norm": 0.90146750524109009, "share_flats": 0.028421052631578948, "share_terraced": 0.098947368421052631, "share_dense_housing": 0.075789473684210532, "share_no_car": 0.038014783526927137, "share_owned": 0.87341772151898733, "share_rented": 0.12447257383966245, "share_rent_free": 0.0, "parking_constraint": 0.071122658968095345, "equity_proxy": 0.48629508210459271 }, "geometry": { "type": "Polygon", "coordinates": [ [ [ 307389.890222370566335, 179686.323132590157911 ], [ 309070.088456040248275, 179505.612746874045115 ], [ 310030.98137214302551, 178605.764674974023364 ], [ 311136.283612227765843, 176139.540120549441781 ], [ 311173.592873163055629, 175872.160879614704754 ], [ 311774.295887241198216, 174799.334027004952077 ], [ 311432.998973030946217, 174627.980357335705776 ], [ 310936.184611968114041, 174576.729461838491261 ], [ 310573.374812075984664, 174088.026772949378937 ], [ 310525.517248405900318, 174506.231808898213785 ], [ 309974.907204209361225, 174590.617537134094164 ], [ 308962.944025907083414, 175706.742937712580897 ], [ 308087.510398411424831, 175105.811337968858425 ], [ 307645.300912364327814, 175389.797343627316877 ], [ 306601.882017054769676, 174626.637621588888578 ], [ 306411.31711299775634, 174887.12823120993562 ], [ 305658.551148462342098, 174611.029964149580337 ], [ 305187.02430430543609, 175477.636685431119986 ], [ 304814.299927133193705, 175214.834544711047783 ], [ 304920.826491007290315, 174268.25956745777512 ], [ 303062.37950661580544, 174014.06978559459094 ], [ 302763.029623189591803, 174696.574573490244802 ], [ 301804.415528891666327, 175553.631751759909093 ], [ 300699.468519955873489, 176019.367317767289933 ], [ 300845.667172821238637, 177140.168767294439021 ], [ 301768.687886176398024, 177836.189801107917447 ], [ 302305.28244718402857, 179118.503893340297509 ], [ 302839.693842035485432, 178745.509510374104138 ], [ 303184.097692755050957, 179663.125044518150389 ], [ 303767.924354390299413, 179839.080189810716547 ], [ 304575.850787021685392, 180221.591863850073423 ], [ 304912.045698898145929, 179810.789720463566482 ], [ 305885.395943574723788, 180127.938277347886469 ], [ 307389.890222370566335, 179686.323132590157911 ] ] ] } },
{ "type": "Feature", "properties": { "LSOA21CD": "W01001123", "LSOA21NM": "Vale of Glamorgan 005B", "LSOA21NMW": "Bro Morgannwg 005B", "RUC21CD": "UN1", "RUC21NM": "Urban: Nearer to a major town or city", "population": 1468, "median_age": 54.1, "_lsoa_code": "W01001123", "wimd_rank": 1685.0, "wimd_decile": 9.0, "wimd_norm": 0.11740041928721175, "share_flats": 0.50318471337579618, "share_terraced": 0.20636942675159237, "share_dense_housing": 0.61273885350318469, "share_no_car": 0.22391857506361323, "share_owned": 0.70408163265306123, "share_rented": 0.29336734693877553, "share_rent_free": 0.0, "parking_constraint": 0.4523640539018155, "equity_proxy": 0.28488223659451362 }, "geometry": { "type": "Polygon", "coordinates": [ [ [ 319155.417411305825226, 172521.386399352282751 ], [ 319094.392599712009542, 172546.414370346057694 ], [ 319086.406112863332964, 172477.759201424370985 ], [ 318953.959072041558102, 171341.647818098485004 ], [ 318935.226003137941007, 171347.489525459997822 ], [ 318704.878762325854041, 171412.803687095525675 ], [ 318670.388822858629283, 171664.999038064212073 ], [ 318656.283405870897695, 172210.828317392442841 ], [ 319032.970747679588385, 172604.226836303074379 ], [ 319155.417411305825226, 172521.386399352282751 ] ] ] } },
{ "type": "Feature", "properties": { "LSOA21CD": "W01001135", "LSOA21NM": "Vale of Glamorgan 003C", "LSOA21NMW": "Bro Morgannwg 003C", "RUC21CD": "RSN1", "RUC21NM": "Smaller rural: Nearer to a major town or city", "population": 2500, "median_age": 43.2, "_lsoa_code": "W01001135", "wimd_rank": 412.0, "wimd_decile": 3.0, "wimd_norm": 0.78459119496855345, "share_flats": 0.039215686274509803, "share_terraced": 0.11971104231166151, "share_dense_housing": 0.04540763673890609, "share_no_car": 0.063786008230452676, "share_owned": 0.83744855967078191, "share_rented": 0.16049382716049382, "share_rent_free": 0.0, "parking_constraint": 0.0735491597548701, "equity_proxy": 0.42907017736171177 }, "geometry": { "type": "Polygon", "coordinates": [ [ [ 311432.998973030946217, 174627.980357335705776 ], [ 311829.109996790240984, 174387.068015708413441 ], [ 312121.291460616106633, 173529.024634777393658 ], [ 311451.85837070690468, 172608.004866969247814 ], [ 311850.760598691471387, 172327.800616037566215 ], [ 312023.299117978196591, 172845.72325931530213 ], [ 312256.095246241835412, 172469.607135710015427 ], [ 312260.061492525506765, 172882.672391118772794 ], [ 312878.219996101921424, 172780.192343900736887 ], [ 312271.991914063575678, 173169.872003211232368 ], [ 312740.075059882830828, 173616.272129619319458 ], [ 313118.987425496685319, 173509.076695852796547 ], [ 312531.647509474714752, 174361.81648440414574 ], [ 312556.528461201989558, 174819.913989089371171 ], [ 312699.744106558617204, 174804.631326568836812 ], [ 312708.393082553055137, 174802.238554088049568 ], [ 313824.629995061899535, 173902.625309576222207 ], [ 314090.71196161780972, 173068.687474609410856 ], [ 313834.800476098258514, 172938.730320538801607 ], [ 313055.877707575447857, 172279.62941331678303 ], [ 313245.171333215490449, 171559.368272059597075 ], [ 312593.955574246821925, 171377.310885001090355 ], [ 312574.888423667231109, 170912.283257936593145 ], [ 312444.29896515281871, 170716.208259050734341 ], [ 311714.588889434933662, 171035.500829328724649 ], [ 311309.094921073177829, 170712.403659197094385 ], [ 311068.377781704533845, 170607.400587689131498 ], [ 309772.386806646012701, 170387.200741534703411 ], [ 308892.894467430887744, 169397.966584199166391 ], [ 308054.978338369517587, 168870.952744628302753 ], [ 307764.295523128297646, 172661.10599165171152 ], [ 306631.647981906426139, 171937.455125696083996 ], [ 305880.86754093086347, 171854.287738502549473 ], [ 306278.904711457551457, 172398.707538394432049 ], [ 306079.598678854177706, 173631.614157126343343 ], [ 305351.892006118257996, 173717.216481847281102 ], [ 304920.826491007290315, 174268.25956745777512 ], [ 304814.299927133193705, 175214.834544711047783 ], [ 305187.02430430543609, 175477.636685431119986 ], [ 305658.551148462342098, 174611.029964149580337 ], [ 306411.31711299775634, 174887.12823120993562 ], [ 306601.882017054769676, 174626.637621588888578 ], [ 307645.300912364327814, 175389.797343627316877 ], [ 308087.510398411424831, 175105.811337968858425 ], [ 308962.944025907083414, 175706.742937712580897 ], [ 309974.907204209361225, 174590.617537134094164 ], [ 310525.517248405900318, 174506.231808898213785 ], [ 310573.374812075984664, 174088.026772949378937 ], [ 310936.184611968114041, 174576.729461838491261 ], [ 311432.998973030946217, 174627.980357335705776 ] ] ] } },
{ "type": "Feature", "properties": { "LSOA21CD": "W01001136", "LSOA21NM": "Vale of Glamorgan 003D", "LSOA21NMW": "Bro Morgannwg 003D", "RUC21CD": "UN1", "RUC21NM": "Urban: Nearer to a major town or city", "population": 1651, "median_age": 50.0, "_lsoa_code": "W01001136", "wimd_rank": 948.0, "wimd_decile": 5.0, "wimd_norm": 0.50366876310272535, "share_flats": 0.033189033189033192, "share_terraced": 0.10822510822510822, "share_dense_housing": 0.041847041847041848, "share_no_car": 0.10473457675753228, "share_owned": 0.8477011494252874, "share_rented": 0.15086206896551724, "share_rent_free": 0.0, "parking_constraint": 0.066771989185782296, "equity_proxy": 0.28522037614425383 }, "geometry": { "type": "Polygon", "coordinates": [ [ [ 311432.998973030946217, 174627.980357335705776 ], [ 311774.295887241198216, 174799.334027004952077 ], [ 311885.1005363194854, 174801.615899313474074 ], [ 312556.528461201989558, 174819.913989089371171 ], [ 312531.647509474714752, 174361.81648440414574 ], [ 313118.987425496685319, 173509.076695852796547 ], [ 312740.075059882830828, 173616.272129619319458 ], [ 312271.991914063575678, 173169.872003211232368 ], [ 312878.219996101921424, 172780.192343900736887 ], [ 312260.061492525506765, 172882.672391118772794 ], [ 312256.095246241835412, 172469.607135710015427 ], [ 312023.299117978196591, 172845.72325931530213 ], [ 311850.760598691471387, 172327.800616037566215 ], [ 311451.85837070690468, 172608.004866969247814 ], [ 312121.291460616106633, 173529.024634777393658 ], [ 311829.109996790240984, 174387.068015708413441 ], [ 311432.998973030946217, 174627.980357335705776 ] ] ] } },
{ "type": "Feature", "properties": { "LSOA21CD": "W01001197", "LSOA21NM": "Rhondda Cynon Taf 027C", "LSOA21NMW": "Rhondda Cynon Taf 027C", "RUC21CD": "RSN1", "RUC21NM": "Smaller rural: Nearer to a major town or city", "population": 1205, "median_age": 54.2, "_lsoa_code": "W01001197", "wimd_rank": 1525.0, "wimd_decile": 8.0, "wimd_norm": 0.20125786163522014, "share_flats": 0.0, "share_terraced": 0.048582995951417005, "share_dense_housing": 0.012145748987854251, "share_no_car": 0.052631578947368418, "share_owned": 0.9513184584178499, "share_rented": 0.048681541582150101, "share_rent_free": 0.0, "parking_constraint": 0.020256054397188163, "equity_proxy": 0.11075695801620415 }, "geometry": { "type": "Polygon", "coordinates": [ [ [ 310498.729408940300345, 184176.717819574987516 ], [ 309252.703353317687288, 184156.857258614792954 ], [ 309246.306645701057278, 183657.982878597686067 ], [ 308469.939002859115135, 183488.505570756853558 ], [ 308286.063207054277882, 182760.842010604857933 ], [ 307810.079111503844615, 182690.848783155088313 ], [ 307469.75563406420406, 182877.660127044015098 ], [ 307313.03533426951617, 183629.417680760205258 ], [ 307903.358712740708143, 184913.349662996828556 ], [ 308140.236455227539409, 185096.234416400780901 ], [ 308455.08266434178222, 184623.379804525757208 ], [ 309024.571884400967974, 185238.348218091996387 ], [ 309648.846439294866286, 185974.161593550350517 ], [ 310104.533339289715514, 186276.785642076341901 ], [ 310498.729408940300345, 184176.717819574987516 ] ] ] } },
{ "type": "Feature", "properties": { "LSOA21CD": "W01001225", "LSOA21NM": "Rhondda Cynon Taf 031E", "LSOA21NMW": "Rhondda Cynon Taf 031E", "RUC21CD": "UN1", "RUC21NM": "Urban: Nearer to a major town or city", "population": 1496, "median_age": 50.3, "_lsoa_code": "W01001225", "wimd_rank": 1596.0, "wimd_decile": 9.0, "wimd_norm": 0.16404612159329141, "share_flats": 0.0045801526717557254, "share_terraced": 0.27175572519083968, "share_dense_housing": 0.012213740458015267, "share_no_car": 0.070229007633587789, "share_owned": 0.89449541284403666, "share_rented": 0.10244648318042814, "share_rent_free": 0.0, "parking_constraint": 0.07360864050548202, "equity_proxy": 0.11882738104938671 }, "geometry": { "type": "Polygon", "coordinates": [ [ [ 307043.860346749715973, 182657.194953978003468 ], [ 306886.641766946064308, 182081.158428681257647 ], [ 307451.157089568267111, 180839.975598111981526 ], [ 307180.987466459569987, 180375.42701387318084 ], [ 307389.890222370566335, 179686.323132590157911 ], [ 305885.395943574723788, 180127.938277347886469 ], [ 304912.045698898145929, 179810.789720463566482 ], [ 304575.850787021685392, 180221.591863850073423 ], [ 303767.924354390299413, 179839.080189810716547 ], [ 303739.050201757287141, 180976.855100576067343 ], [ 303409.711204894119874, 181204.619018418190535 ], [ 303630.199035276542418, 181379.527664275257848 ], [ 304201.295563208754174, 181286.587370702531189 ], [ 304598.194404960493557, 181014.160335535183549 ], [ 304676.993438644101843, 180435.760870425205212 ], [ 304874.534931976813823, 180372.777014592371415 ], [ 304843.043214432254899, 180712.529419000784401 ], [ 305591.205150550813414, 180364.146339097409509 ], [ 305732.858482453564648, 180989.777345988259185 ], [ 305443.722426229564007, 181540.161286111513618 ], [ 304844.448395355371758, 181404.731375569070224 ], [ 304770.937866240448784, 182333.69304437370738 ], [ 304930.283498651813716, 182365.784931375354063 ], [ 305153.193907696986571, 182128.278253511060029 ], [ 305939.397662043280434, 182679.07648365345085 ], [ 306441.223520500818267, 182462.37606901495019 ], [ 307043.860346749715973, 182657.194953978003468 ] ] ] } },
{ "type": "Feature", "properties": { "LSOA21CD": "W01001240", "LSOA21NM": "Rhondda Cynon Taf 026C", "LSOA21NMW": "Rhondda Cynon Taf 026C", "RUC21CD": "UN1", "RUC21NM": "Urban: Nearer to a major town or city", "population": 1882, "median_age": 50.0, "_lsoa_code": "W01001240", "wimd_rank": 798.0, "wimd_decile": 5.0, "wimd_norm": 0.58228511530398319, "share_flats": 0.036088474970896393, "share_terraced": 0.30267753201396974, "share_dense_housing": 0.057043073341094298, "share_no_car": 0.10801393728222997, "share_owned": 0.8214702450408401, "share_rented": 0.17852975495915985, "share_rent_free": 0.0, "parking_constraint": 0.11538332316801216, "equity_proxy": 0.34883421923599767 }, "geometry": { "type": "Polygon", "coordinates": [ [ [ 312466.158142470172606, 186344.38322916807374 ], [ 312554.07059891812969, 186008.808197979873512 ], [ 313508.438792680273764, 186356.686122547835112 ], [ 313786.271587661234662, 186024.091319828468841 ], [ 313978.140006495639682, 185905.30758286366472 ], [ 314294.732606509467587, 184474.370552448439412 ], [ 313720.695720124873333, 183978.133719963952899 ], [ 312747.333364527381491, 183872.1427714342135 ], [ 312645.337511135148816, 183365.139569871244021 ], [ 312110.821155810786877, 184276.94334618881112 ], [ 311788.137583248550072, 183999.769252483791206 ], [ 311815.425780565012246, 184052.926973781490233 ], [ 311950.614096111850813, 184935.249192366492935 ], [ 311563.762294218060561, 185512.142850295582321 ], [ 310939.602525756810792, 186577.867339246557094 ], [ 311982.174510067445226, 185954.894494423468132 ], [ 312466.158142470172606, 186344.38322916807374 ] ] ] } },
{ "type": "Feature", "properties": { "LSOA21CD": "W01001241", "LSOA21NM": "Rhondda Cynon Taf 026D", "LSOA21NMW": "Rhondda Cynon Taf 026D", "RUC21CD": "UN1", "RUC21NM": "Urban: Nearer to a major town or city", "population": 1653, "median_age": 43.0, "_lsoa_code": "W01001241", "wimd_rank": 911.0, "wimd_decile": 5.0, "wimd_norm": 0.52306079664570226, "share_flats": 0.12664907651715041, "share_terraced": 0.3970976253298153, "share_dense_housing": 0.16622691292875991, "share_no_car": 0.19363395225464192, "share_owned": 0.66005291005291, "share_rented": 0.3306878306878307, "share_rent_free": 0.0052910052910052907, "parking_constraint": 0.22113656563964393, "equity_proxy": 0.37209868114267308 }, "geometry": { "type": "Polygon", "coordinates": [ [ [ 313720.695720124873333, 183978.133719963952899 ], [ 313353.519827932701446, 183290.354838176921476 ], [ 312598.931075404747389, 182852.937953023938462 ], [ 311788.137583248550072, 183999.769252483791206 ], [ 312110.821155810786877, 184276.94334618881112 ], [ 312645.337511135148816, 183365.139569871244021 ], [ 312747.333364527381491, 183872.1427714342135 ], [ 313720.695720124873333, 183978.133719963952899 ] ] ] } },
{ "type": "Feature", "properties": { "LSOA21CD": "W01001244", "LSOA21NM": "Rhondda Cynon Taf 025B", "LSOA21NMW": "Rhondda Cynon Taf 025B", "RUC21CD": "UN1", "RUC21NM": "Urban: Nearer to a major town or city", "population": 1403, "median_age": 55.4, "_lsoa_code": "W01001244", "wimd_rank": 1451.0, "wimd_decile": 8.0, "wimd_norm": 0.240041928721174, "share_flats": 0.015923566878980892, "share_terraced": 0.047770700636942678, "share_dense_housing": 0.023885350318471339, "share_no_car": 0.11323763955342903, "share_owned": 0.9138755980861244, "share_rented": 0.084529505582137163, "share_rent_free": 0.0, "parking_constraint": 0.034094379937490905, "equity_proxy": 0.13706815432933245 }, "geometry": { "type": "Polygon", "coordinates": [ [ [ 311563.762294218060561, 185512.142850295582321 ], [ 311950.614096111850813, 184935.249192366492935 ], [ 311815.425780565012246, 184052.926973781490233 ], [ 311511.077049464976881, 184436.864720122655854 ], [ 310505.270454843121115, 184178.705764958111104 ], [ 310498.729408940300345, 184176.717819574987516 ], [ 310104.533339289715514, 186276.785642076341901 ], [ 309648.846439294866286, 185974.161593550350517 ], [ 309080.738600611744914, 185934.650991518807132 ], [ 309031.379371194227133, 186164.294578356784768 ], [ 309420.25701600802131, 186448.377085340791382 ], [ 309045.577989341923967, 186245.257165444025304 ], [ 309089.581444220151752, 186597.390744637523312 ], [ 309556.524674405285623, 186884.037031374988146 ], [ 309784.070169510960113, 186517.396524071751628 ], [ 309795.224634214537218, 186991.160230612382293 ], [ 310518.431830918299966, 187008.68448563083075 ], [ 311166.785765558364801, 185625.526315109105781 ], [ 311563.762294218060561, 185512.142850295582321 ] ] ] } },
{ "type": "Feature", "properties": { "LSOA21CD": "W01001419", "LSOA21NM": "Caerphilly 021D", "LSOA21NMW": "Caerffili 021D", "RUC21CD": "RSN1", "RUC21NM": "Smaller rural: Nearer to a major town or city", "population": 1615, "median_age": 49.6, "_lsoa_code": "W01001419", "wimd_rank": 187.0, "wimd_decile": 1.0, "wimd_norm": 0.90251572327044027, "share_flats": 0.056971514242878558, "share_terraced": 0.26536731634182908, "share_dense_housing": 0.085457271364317841, "share_no_car": 0.11676646706586827, "share_owned": 0.78710644677661168, "share_rented": 0.20989505247376311, "share_rent_free": 0.0, "parking_constraint": 0.12853573213393302, "equity_proxy": 0.51552572770218663 }, "geometry": { "type": "Polygon", "coordinates": [ [ [ 321602.014146387518849, 188487.248154083325062 ], [ 322255.947749649814796, 188193.699480408045929 ], [ 322366.914809920534026, 187356.396805799391586 ], [ 322838.153232303273398, 187434.462289809889626 ], [ 323535.452522790932562, 186789.681002779456321 ], [ 323861.268586795544252, 186924.601974965713453 ], [ 324537.034546646638773, 186082.209968564508017 ], [ 324242.428631493297871, 185475.487712116737384 ], [ 323588.51786067453213, 185622.164095350191928 ], [ 323837.321127733332105, 185149.464559356449172 ], [ 323239.093937131052371, 184887.530105820507742 ], [ 323092.613691270700656, 184117.014168826281093 ], [ 322508.564311048365198, 183572.090677974745631 ], [ 320748.875847201794386, 184676.61236666777404 ], [ 320182.540921742445789, 184268.958983290067408 ], [ 319854.748479930916801, 184939.516772977774963 ], [ 319282.505881041637622, 185168.181893076747656 ], [ 316708.625833783706184, 184732.789202335989103 ], [ 316952.42143878468778, 185162.096152521087788 ], [ 317396.814779030857608, 185543.671841004630551 ], [ 316921.62302292289678, 186326.088990205375012 ], [ 315984.900356551341247, 186514.198684448900167 ], [ 316278.162523128674366, 186808.987097667239141 ], [ 316507.306426157301757, 187139.193697227339726 ], [ 316513.316330178175122, 187569.179074142128229 ], [ 316929.751302346412558, 187619.407626890460961 ], [ 317638.990690622536931, 187877.329566331522074 ], [ 317728.155812214768957, 188239.603403018205427 ], [ 318109.62616770126624, 188343.202627230202779 ], [ 318743.95673348964192, 188583.782333245151676 ], [ 319344.493912130827084, 188441.586343340575695 ], [ 319963.86434945295332, 188877.954711321508512 ], [ 320308.959987877402455, 188926.578473882982507 ], [ 320300.751186008448713, 188649.841155334142968 ], [ 321055.45974308042787, 188826.17473551229341 ], [ 321394.176185109885409, 188499.782013237534557 ], [ 321435.375901076069567, 188746.119534016645048 ], [ 321602.014146387518849, 188487.248154083325062 ] ] ] } },
{ "type": "Feature", "properties": { "LSOA21CD": "W01001426", "LSOA21NM": "Caerphilly 024E", "LSOA21NMW": "Caerffili 024E", "RUC21CD": "UN1", "RUC21NM": "Urban: Nearer to a major town or city", "population": 1460, "median_age": 44.3, "_lsoa_code": "W01001426", "wimd_rank": 1595.0, "wimd_decile": 9.0, "wimd_norm": 0.16457023060796647, "share_flats": 0.019130434782608695, "share_terraced": 0.020869565217391306, "share_dense_housing": 0.020869565217391306, "share_no_car": 0.088082901554404139, "share_owned": 0.88888888888888884, "share_rented": 0.1111111111111111, "share_rent_free": 0.0, "parking_constraint": 0.032322061191626415, "equity_proxy": 0.098446145899796444 }, "geometry": { "type": "Polygon", "coordinates": [ [ [ 315508.536577874969225, 186395.458601446822286 ], [ 315445.73938938480569, 185178.936730955727398 ], [ 315739.349061168788467, 185826.016743789019529 ], [ 316463.422926331346389, 185712.857238063588738 ], [ 316952.42143878468778, 185162.096152521087788 ], [ 316708.625833783706184, 184732.789202335989103 ], [ 315793.325998063781299, 184307.488904091878794 ], [ 315842.220901732274797, 184512.461449776194058 ], [ 314967.498798854183406, 184136.315519655996468 ], [ 314294.732606509467587, 184474.370552448439412 ], [ 313978.140006495639682, 185905.30758286366472 ], [ 314815.69676621851977, 185961.858714560279623 ], [ 314492.657464360701852, 186054.72717967297649 ], [ 314671.855039281537756, 186377.73037169163581 ], [ 315011.671793297748081, 186531.364419543999247 ], [ 315508.536577874969225, 186395.458601446822286 ] ] ] } },
{ "type": "Feature", "properties": { "LSOA21CD": "W01001657", "LSOA21NM": "Newport 020C", "LSOA21NMW": "Casnewydd 020C", "RUC21CD": "RSN1", "RUC21NM": "Smaller rural: Nearer to a major town or city", "population": 1420, "median_age": 46.7, "_lsoa_code": "W01001657", "wimd_rank": 392.0, "wimd_decile": 3.0, "wimd_norm": 0.79507337526205446, "share_flats": 0.037453183520599252, "share_terraced": 0.026217228464419477, "share_dense_housing": 0.058052434456928842, "share_no_car": 0.041044776119402986, "share_owned": 0.9196261682242991, "share_rented": 0.080373831775700941, "share_rent_free": 0.0, "parking_constraint": 0.04779516258882005, "equity_proxy": 0.42143426892543723 }, "geometry": { "type": "Polygon", "coordinates": [ [ [ 326089.844030496198684, 185064.012309857294895 ], [ 326247.446219589794055, 184164.705544466851279 ], [ 325930.945744239259511, 184045.598154694715049 ], [ 326308.855011130450293, 183544.488251440925524 ], [ 325356.34767636784818, 183543.971954585169442 ], [ 325063.448285938065965, 183274.194930028170347 ], [ 325305.6123131881468, 183137.687119628069922 ], [ 325185.945947976200841, 182685.395308451727033 ], [ 325569.357006522477604, 182452.550498109601904 ], [ 325722.109690044948366, 182666.168782808526885 ], [ 325839.630009281798266, 182339.5108874909929 ], [ 325660.830438839271665, 181581.704053314984776 ], [ 325209.898270433128346, 181369.700313322769944 ], [ 325120.89106427115621, 181964.165559956803918 ], [ 324644.602241669548675, 182117.431630914856214 ], [ 324207.41429054911714, 182434.373338340374175 ], [ 323063.07987167139072, 183652.628232214425225 ], [ 322525.376800340483896, 183494.591098617296666 ], [ 322508.564311048365198, 183572.090677974745631 ], [ 323092.613691270700656, 184117.014168826281093 ], [ 323239.093937131052371, 184887.530105820507742 ], [ 323837.321127733332105, 185149.464559356449172 ], [ 323588.51786067453213, 185622.164095350191928 ], [ 324242.428631493297871, 185475.487712116737384 ], [ 324537.034546646638773, 186082.209968564508017 ], [ 324911.125083299004473, 185670.018886569247115 ], [ 325648.625371838395949, 185681.819147787289694 ], [ 326089.844030496198684, 185064.012309857294895 ] ] ] } },
{ "type": "Feature", "properties": { "LSOA21CD": "W01001658", "LSOA21NM": "Newport 020D", "LSOA21NMW": "Casnewydd 020D", "RUC21CD": "RLN1", "RUC21NM": "Larger rural: Nearer to a major town or city", "population": 2058, "median_age": 44.1, "_lsoa_code": "W01001658", "wimd_rank": 1443.0, "wimd_decile": 8.0, "wimd_norm": 0.24423480083857443, "share_flats": 0.01804123711340206, "share_terraced": 0.20360824742268041, "share_dense_housing": 0.023195876288659795, "share_no_car": 0.094072164948453607, "share_owned": 0.83762886597938147, "share_rented": 0.16108247422680413, "share_rent_free": 0.001288659793814433, "parking_constraint": 0.075945017182130592, "equity_proxy": 0.16008990901035253 }, "geometry": { "type": "Polygon", "coordinates": [ [ [ 327579.203851019439753, 183105.259558109624777 ], [ 328003.058098575100303, 182718.162453609635122 ], [ 325526.065032581740525, 180934.227116751368158 ], [ 325209.898270433128346, 181369.700313322769944 ], [ 325660.830438839271665, 181581.704053314984776 ], [ 325839.630009281798266, 182339.5108874909929 ], [ 325722.109690044948366, 182666.168782808526885 ], [ 325569.357006522477604, 182452.550498109601904 ], [ 325185.945947976200841, 182685.395308451727033 ], [ 325305.6123131881468, 183137.687119628069922 ], [ 325063.448285938065965, 183274.194930028170347 ], [ 325356.34767636784818, 183543.971954585169442 ], [ 326308.855011130450293, 183544.488251440925524 ], [ 327063.549058398406487, 183004.878640639130026 ], [ 327579.203851019439753, 183105.259558109624777 ] ] ] } },
{ "type": "Feature", "properties": { "LSOA21CD": "W01001694", "LSOA21NM": "Cardiff 036A", "LSOA21NMW": "Caerdydd 036A", "RUC21CD": "UN1", "RUC21NM": "Urban: Nearer to a major town or city", "population": 2238, "median_age": 31.2, "_lsoa_code": "W01001694", "wimd_rank": 773.0, "wimd_decile": 5.0, "wimd_norm": 0.59538784067085959, "share_flats": 0.18305084745762712, "share_terraced": 0.48700564971751414, "share_dense_housing": 0.41129943502824856, "share_no_car": 0.48700564971751414, "share_owned": 0.34085778781038373, "share_rented": 0.65237020316027083, "share_rent_free": 0.0033860045146726862, "parking_constraint": 0.38250058452683083, "equity_proxy": 0.48894421259884524 }, "geometry": { "type": "Polygon", "coordinates": [ [ [ 320102.262060708890203, 176993.413770031416789 ], [ 319984.479845026158728, 176835.546060934429988 ], [ 319953.649260681821033, 176790.326264081988484 ], [ 319608.065336426603608, 176692.757874555885792 ], [ 319461.149890793196391, 177014.196881601936184 ], [ 319578.183167140581645, 177129.328925013309345 ], [ 319913.66965249273926, 177185.86230559280375 ], [ 319933.961794476897921, 176857.193571258801967 ], [ 320102.262060708890203, 176993.413770031416789 ] ] ] } },
{ "type": "Feature", "properties": { "LSOA21CD": "W01001695", "LSOA21NM": "Cardiff 036B", "LSOA21NMW": "Caerdydd 036B", "RUC21CD": "UN1", "RUC21NM": "Urban: Nearer to a major town or city", "population": 4973, "median_age": 22.7, "_lsoa_code": "W01001695", "wimd_rank": 349.0, "wimd_decile": 2.0, "wimd_norm": 0.8176100628930818, "share_flats": 0.54374158815612383, "share_terraced": 0.19246298788694483, "share_dense_housing": 0.71601615074024227, "share_no_car": 0.57563587684069617, "share_owned": 0.1395973154362416, "share_rented": 0.84832214765100666, "share_rent_free": 0.010738255033557046, "parking_constraint": 0.5715214635629785, "equity_proxy": 0.69456576322803021 }, "geometry": { "type": "Polygon", "coordinates": [ [ [ 319410.918230110255536, 176308.813088126073126 ], [ 318743.079789794748649, 176020.78931454080157 ], [ 318807.413122872007079, 176660.784268264833372 ], [ 319262.682568020420149, 176895.62972497328883 ], [ 319410.918230110255536, 176308.813088126073126 ] ] ] } },
{ "type": "Feature", "properties": { "LSOA21CD": "W01001696", "LSOA21NM": "Cardiff 036C", "LSOA21NMW": "Caerdydd 036C", "RUC21CD": "UN1", "RUC21NM": "Urban: Nearer to a major town or city", "population": 1643, "median_age": 31.0, "_lsoa_code": "W01001696", "wimd_rank": 584.0, "wimd_decile": 4.0, "wimd_norm": 0.69444444444444442, "share_flats": 0.20508982035928144, "share_terraced": 0.57485029940119758, "share_dense_housing": 0.32634730538922158, "share_no_car": 0.4962630792227205, "share_owned": 0.29835082458770612, "share_rented": 0.6926536731634183, "share_rent_free": 0.0089955022488755615, "parking_constraint": 0.38446959155152954, "equity_proxy": 0.53945701799798695 }, "geometry": { "type": "Polygon", "coordinates": [ [ [ 319953.649260681821033, 176790.326264081988484 ], [ 319862.707520705589559, 176672.259957016154658 ], [ 319410.918230110255536, 176308.813088126073126 ], [ 319262.682568020420149, 176895.62972497328883 ], [ 319461.149890793196391, 177014.196881601936184 ], [ 319608.065336426603608, 176692.757874555885792 ], [ 319953.649260681821033, 176790.326264081988484 ] ] ] } },
{ "type": "Feature", "properties": { "LSOA21CD": "W01001697", "LSOA21NM": "Cardiff 036D", "LSOA21NMW": "Caerdydd 036D", "RUC21CD": "UN1", "RUC21NM": "Urban: Nearer to a major town or city", "population": 2146, "median_age": 32.0, "_lsoa_code": "W01001697", "wimd_rank": 853.0, "wimd_decile": 5.0, "wimd_norm": 0.55345911949685533, "share_flats": 0.20601851851851852, "share_terraced": 0.59143518518518523, "share_dense_housing": 0.34606481481481483, "share_no_car": 0.38381502890173408, "share_owned": 0.44341801385681295, "share_rented": 0.54965357967667439, "share_rent_free": 0.0034642032332563512, "parking_constraint": 0.37560195877170477, "equity_proxy": 0.46453053913428005 }, "geometry": { "type": "Polygon", "coordinates": [ [ [ 320768.834518121671863, 177854.299416567198932 ], [ 320102.262060708890203, 176993.413770031416789 ], [ 319933.961794476897921, 176857.193571258801967 ], [ 319913.66965249273926, 177185.86230559280375 ], [ 320195.965651676873676, 177206.562618174008094 ], [ 320212.449704178608954, 177544.716980489378329 ], [ 320782.244070794666186, 177871.605840443458874 ], [ 320768.834518121671863, 177854.299416567198932 ] ] ] } },
{ "type": "Feature", "properties": { "LSOA21CD": "W01001698", "LSOA21NM": "Cardiff 036E", "LSOA21NMW": "Caerdydd 036E", "RUC21CD": "UN1", "RUC21NM": "Urban: Nearer to a major town or city", "population": 2226, "median_age": 31.2, "_lsoa_code": "W01001698", "wimd_rank": 786.0, "wimd_decile": 5.0, "wimd_norm": 0.58857442348008382, "share_flats": 0.37658227848101267, "share_terraced": 0.25632911392405061, "share_dense_housing": 0.689873417721519, "share_no_car": 0.47940865892291445, "share_owned": 0.26187961985216474, "share_rented": 0.72861668426610349, "share_rent_free": 0.0063357972544878568, "parking_constraint": 0.50389994608780109, "equity_proxy": 0.54623718478394245 }, "geometry": { "type": "Polygon", "coordinates": [ [ [ 320212.449704178608954, 177544.716980489378329 ], [ 320195.965651676873676, 177206.562618174008094 ], [ 319913.66965249273926, 177185.86230559280375 ], [ 319578.183167140581645, 177129.328925013309345 ], [ 319941.426151965395547, 177578.600387813698035 ], [ 320212.449704178608954, 177544.716980489378329 ] ] ] } },
{ "type": "Feature", "properties": { "LSOA21CD": "W01001699", "LSOA21NM": "Cardiff 049A", "LSOA21NMW": "Caerdydd 049A", "RUC21CD": "UN1", "RUC21NM": "Urban: Nearer to a major town or city", "population": 2770, "median_age": 29.3, "_lsoa_code": "W01001699", "wimd_rank": 463.0, "wimd_decile": 3.0, "wimd_norm": 0.75786163522012584, "share_flats": 0.70999030067895252, "share_terraced": 0.15809893307468478, "share_dense_housing": 0.73811833171677987, "share_no_car": 0.48981571290009701, "share_owned": 0.19592628516003879, "share_rented": 0.78467507274490789, "share_rent_free": 0.017458777885548012, "parking_constraint": 0.61894600711283554, "equity_proxy": 0.68840382116648069 }, "geometry": { "type": "Polygon", "coordinates": [ [ [ 318768.076753906323574, 175656.628060826857109 ], [ 318918.497144765977282, 175325.733912339259405 ], [ 319077.389656846993603, 174814.068166991928592 ], [ 318780.956025939434767, 174738.207659255247563 ], [ 318761.71436909143813, 174960.691844663349912 ], [ 318471.390576168720145, 175189.066828944312874 ], [ 318745.826020947133657, 175688.510158178280108 ], [ 318768.076753906323574, 175656.628060826857109 ] ] ] } },
{ "type": "Feature", "properties": { "LSOA21CD": "W01001702", "LSOA21NM": "Cardiff 045A", "LSOA21NMW": "Caerdydd 045A", "RUC21CD": "UN1", "RUC21NM": "Urban: Nearer to a major town or city", "population": 1829, "median_age": 39.6, "_lsoa_code": "W01001702", "wimd_rank": 848.0, "wimd_decile": 5.0, "wimd_norm": 0.55607966457023061, "share_flats": 0.056833558863328824, "share_terraced": 0.20297699594046009, "share_dense_housing": 0.066305818673883632, "share_no_car": 0.19267299864314791, "share_owned": 0.61329715061058343, "share_rented": 0.38263229308005425, "share_rent_free": 0.0013568521031207597, "parking_constraint": 0.13265949744450342, "equity_proxy": 0.34436958100736703 }, "geometry": { "type": "Polygon", "coordinates": [ [ [ 312856.324094537645578, 175347.052096122759394 ], [ 312626.283664491435047, 175298.019956253818236 ], [ 312699.744106558617204, 174804.631326568836812 ], [ 312556.528461201989558, 174819.913989089371171 ], [ 311885.1005363194854, 174801.615899313474074 ], [ 311977.055897572485264, 175007.16069536661962 ], [ 312796.672698057140224, 175631.227566223940812 ], [ 313034.022384112293366, 175496.267980153905228 ], [ 312856.324094537645578, 175347.052096122759394 ] ] ] } },
{ "type": "Feature", "properties": { "LSOA21CD": "W01001703", "LSOA21NM": "Cardiff 045B", "LSOA21NMW": "Caerdydd 045B", "RUC21CD": "UN1", "RUC21NM": "Urban: Nearer to a major town or city", "population": 1236, "median_age": 35.7, "_lsoa_code": "W01001703", "wimd_rank": 610.0, "wimd_decile": 4.0, "wimd_norm": 0.6808176100628931, "share_flats": 0.22381930184804927, "share_terraced": 0.13963039014373715, "share_dense_housing": 0.22381930184804927, "share_no_car": 0.29774127310061604, "share_owned": 0.45267489711934156, "share_rented": 0.54115226337448563, "share_rent_free": 0.00205761316872428, "parking_constraint": 0.24929258104404503, "equity_proxy": 0.46505509555346908 }, "geometry": { "type": "Polygon", "coordinates": [ [ [ 313734.299020868609659, 175595.764559591014404 ], [ 313982.973964746925049, 175379.031590800324921 ], [ 313764.160341636859812, 175205.313521174131893 ], [ 313371.437290402653161, 175429.026436779764481 ], [ 313373.202917568734847, 175783.388417038251646 ], [ 313734.299020868609659, 175595.764559591014404 ] ] ] } },
{ "type": "Feature", "properties": { "LSOA21CD": "W01001704", "LSOA21NM": "Cardiff 041A", "LSOA21NMW": "Caerdydd 041A", "RUC21CD": "UN1", "RUC21NM": "Urban: Nearer to a major town or city", "population": 1717, "median_age": 30.7, "_lsoa_code": "W01001704", "wimd_rank": 317.0, "wimd_decile": 2.0, "wimd_norm": 0.83438155136268344, "share_flats": 0.2552166934189406, "share_terraced": 0.26324237560192615, "share_dense_housing": 0.26003210272873195, "share_no_car": 0.41148325358851673, "share_owned": 0.3125, "share_rented": 0.68269230769230771, "share_rent_free": 0.004807692307692308, "parking_constraint": 0.31542371486191711, "equity_proxy": 0.57490263311230028 }, "geometry": { "type": "Polygon", "coordinates": [ [ [ 314685.63729927764507, 175652.172112111700699 ], [ 313982.973964746925049, 175379.031590800324921 ], [ 313734.299020868609659, 175595.764559591014404 ], [ 313721.696132673241664, 175648.96478897088673 ], [ 314074.165551417507231, 176093.301679903292097 ], [ 314685.63729927764507, 175652.172112111700699 ] ] ] } },
{ "type": "Feature", "properties": { "LSOA21CD": "W01001705", "LSOA21NM": "Cardiff 045C", "LSOA21NMW": "Caerdydd 045C", "RUC21CD": "UN1", "RUC21NM": "Urban: Nearer to a major town or city", "population": 2047, "median_age": 34.8, "_lsoa_code": "W01001705", "wimd_rank": 625.0, "wimd_decile": 4.0, "wimd_norm": 0.67295597484276726, "share_flats": 0.10613810741687979, "share_terraced": 0.24296675191815856, "share_dense_housing": 0.11125319693094629, "share_no_car": 0.27016645326504479, "share_owned": 0.51658163265306123, "share_rented": 0.4732142857142857, "share_rent_free": 0.01020408163265306, "parking_constraint": 0.18415235659481186, "equity_proxy": 0.42855416571878957 }, "geometry": { "type": "Polygon", "coordinates": [ [ [ 313764.160341636859812, 175205.313521174131893 ], [ 313397.637137414654717, 174692.746420731244143 ], [ 312708.393082553055137, 174802.238554088049568 ], [ 312699.744106558617204, 174804.631326568836812 ], [ 312626.283664491435047, 175298.019956253818236 ], [ 312856.324094537645578, 175347.052096122759394 ], [ 313371.437290402653161, 175429.026436779764481 ], [ 313764.160341636859812, 175205.313521174131893 ] ] ] } },
{ "type": "Feature", "properties": { "LSOA21CD": "W01001706", "LSOA21NM": "Cardiff 041B", "LSOA21NMW": "Caerdydd 041B", "RUC21CD": "UN1", "RUC21NM": "Urban: Nearer to a major town or city", "population": 1363, "median_age": 41.4, "_lsoa_code": "W01001706", "wimd_rank": 1398.0, "wimd_decile": 8.0, "wimd_norm": 0.26781970649895176, "share_flats": 0.17206132879045996, "share_terraced": 0.33219761499148209, "share_dense_housing": 0.20783645655877342, "share_no_car": 0.2440677966101695, "share_owned": 0.66269165247018735, "share_rented": 0.32879045996592843, "share_rent_free": 0.0017035775127768314, "parking_constraint": 0.23691084611016469, "equity_proxy": 0.25236527630455824 }, "geometry": { "type": "Polygon", "coordinates": [ [ [ 314883.507169497490395, 176677.819263502024114 ], [ 315364.22283542790683, 175986.572603094857186 ], [ 315426.630627034464851, 175875.291796904348303 ], [ 315487.372096438601147, 175783.071496541495435 ], [ 315299.816490024852101, 175816.046963284956291 ], [ 314229.015331231057644, 176550.238397867244203 ], [ 314545.82727742404677, 176831.101911084260792 ], [ 314883.507169497490395, 176677.819263502024114 ] ] ] } },
{ "type": "Feature", "properties": { "LSOA21CD": "W01001707", "LSOA21NM": "Cardiff 041C", "LSOA21NMW": "Caerdydd 041C", "RUC21CD": "UN1", "RUC21NM": "Urban: Nearer to a major town or city", "population": 2029, "median_age": 37.4, "_lsoa_code": "W01001707", "wimd_rank": 597.0, "wimd_decile": 4.0, "wimd_norm": 0.68763102725366876, "share_flats": 0.094175960346964058, "share_terraced": 0.24039653035935563, "share_dense_housing": 0.11400247831474597, "share_no_car": 0.29579207920792078, "share_owned": 0.4344059405940594, "share_rented": 0.55074257425742579, "share_rent_free": 0.0061881188118811884, "parking_constraint": 0.19090446219343127, "equity_proxy": 0.43926774472355001 }, "geometry": { "type": "Polygon", "coordinates": [ [ [ 315299.816490024852101, 175816.046963284956291 ], [ 314685.63729927764507, 175652.172112111700699 ], [ 314074.165551417507231, 176093.301679903292097 ], [ 313721.696132673241664, 175648.96478897088673 ], [ 313500.878698868153151, 176014.701735981856473 ], [ 313874.871764081763104, 176229.583228251489345 ], [ 314060.296254634391516, 176395.127287680399604 ], [ 314229.015331231057644, 176550.238397867244203 ], [ 315299.816490024852101, 175816.046963284956291 ] ] ] } },
{ "type": "Feature", "properties": { "LSOA21CD": "W01001708", "LSOA21NM": "Cardiff 045D", "LSOA21NMW": "Caerdydd 045D", "RUC21CD": "UN1", "RUC21NM": "Urban: Nearer to a major town or city", "population": 1788, "median_age": 38.0, "_lsoa_code": "W01001708", "wimd_rank": 821.0, "wimd_decile": 5.0, "wimd_norm": 0.57023060796645697, "share_flats": 0.40710382513661203, "share_terraced": 0.24590163934426229, "share_dense_housing": 0.42349726775956287, "share_no_car": 0.40245566166439289, "share_owned": 0.39889958734525449, "share_rented": 0.59284731774415411, "share_rent_free": 0.008253094910591471, "parking_constraint": 0.40509366786679796, "equity_proxy": 0.48766213791662749 }, "geometry": { "type": "Polygon", "coordinates": [ [ [ 313721.696132673241664, 175648.96478897088673 ], [ 313734.299020868609659, 175595.764559591014404 ], [ 313373.202917568734847, 175783.388417038251646 ], [ 313371.437290402653161, 175429.026436779764481 ], [ 312856.324094537645578, 175347.052096122759394 ], [ 313034.022384112293366, 175496.267980153905228 ], [ 312796.672698057140224, 175631.227566223940812 ], [ 312844.094962257950101, 175673.678660494857468 ], [ 313483.114201863587368, 176004.594278412172571 ], [ 313500.878698868153151, 176014.701735981856473 ], [ 313721.696132673241664, 175648.96478897088673 ] ] ] } },
{ "type": "Feature", "properties": { "LSOA21CD": "W01001710", "LSOA21NM": "Cardiff 040B", "LSOA21NMW": "Caerdydd 040B", "RUC21CD": "UN1", "RUC21NM": "Urban: Nearer to a major town or city", "population": 1883, "median_age": 34.4, "_lsoa_code": "W01001710", "wimd_rank": 1339.0, "wimd_decile": 8.0, "wimd_norm": 0.29874213836477986, "share_flats": 0.11083437110834371, "share_terraced": 0.61394769613947697, "share_dense_housing": 0.26027397260273971, "share_no_car": 0.32627646326276466, "share_owned": 0.5785536159600998, "share_rented": 0.41645885286783041, "share_rent_free": 0.0, "parking_constraint": 0.30202016751396726, "equity_proxy": 0.30038115293937356 }, "geometry": { "type": "Polygon", "coordinates": [ [ [ 316270.314886559266597, 176496.969224524043966 ], [ 316378.880761891312432, 176255.178207242628559 ], [ 316285.997065264091361, 176216.581547626876272 ], [ 315817.695983396784868, 176667.49446949880803 ], [ 316130.845904972113203, 176711.250534196675289 ], [ 316270.314886559266597, 176496.969224524043966 ] ] ] } },
{ "type": "Feature", "properties": { "LSOA21CD": "W01001711", "LSOA21NM": "Cardiff 040C", "LSOA21NMW": "Caerdydd 040C", "RUC21CD": "UN1", "RUC21NM": "Urban: Nearer to a major town or city", "population": 2077, "median_age": 36.6, "_lsoa_code": "W01001711", "wimd_rank": 429.0, "wimd_decile": 3.0, "wimd_norm": 0.77568134171907754, "share_flats": 0.21305841924398625, "share_terraced": 0.24856815578465064, "share_dense_housing": 0.24398625429553264, "share_no_car": 0.32990867579908678, "share_owned": 0.51598173515981738, "share_rented": 0.47831050228310501, "share_rent_free": 0.0057077625570776253, "parking_constraint": 0.26583658930785042, "equity_proxy": 0.52075896551346401 }, "geometry": { "type": "Polygon", "coordinates": [ [ [ 316640.097270280530211, 176064.335951168555766 ], [ 316974.947248084004968, 175586.328113467083313 ], [ 316256.368637557083275, 174815.44715839944547 ], [ 315487.372096438601147, 175783.071496541495435 ], [ 315426.630627034464851, 175875.291796904348303 ], [ 316285.997065264091361, 176216.581547626876272 ], [ 316378.880761891312432, 176255.178207242628559 ], [ 316640.097270280530211, 176064.335951168555766 ] ] ] } },
{ "type": "Feature", "properties": { "LSOA21CD": "W01001712", "LSOA21NM": "Cardiff 040D", "LSOA21NMW": "Caerdydd 040D", "RUC21CD": "UN1", "RUC21NM": "Urban: Nearer to a major town or city", "population": 1544, "median_age": 38.1, "_lsoa_code": "W01001712", "wimd_rank": 1483.0, "wimd_decile": 8.0, "wimd_norm": 0.22327044025157233, "share_flats": 0.11904761904761904, "share_terraced": 0.62605042016806722, "share_dense_housing": 0.2857142857142857, "share_no_car": 0.30014025245441794, "share_owned": 0.62412342215988781, "share_rented": 0.37587657784011219, "share_rent_free": 0.0, "parking_constraint": 0.31024759599959667, "equity_proxy": 0.2667590181255845 }, "geometry": { "type": "Polygon", "coordinates": [ [ [ 316532.729785705974791, 176846.181193132302724 ], [ 316627.144291292119306, 176577.04667955590412 ], [ 316270.314886559266597, 176496.969224524043966 ], [ 316130.845904972113203, 176711.250534196675289 ], [ 316095.250669720000587, 176830.724287558055948 ], [ 316362.501799079764169, 177089.940340214641765 ], [ 316532.729785705974791, 176846.181193132302724 ] ] ] } },
{ "type": "Feature", "properties": { "LSOA21CD": "W01001713", "LSOA21NM": "Cardiff 040E", "LSOA21NMW": "Caerdydd 040E", "RUC21CD": "UN1", "RUC21NM": "Urban: Nearer to a major town or city", "population": 1751, "median_age": 36.7, "_lsoa_code": "W01001713", "wimd_rank": 1541.0, "wimd_decile": 9.0, "wimd_norm": 0.19287211740041929, "share_flats": 0.11757105943152454, "share_terraced": 0.6472868217054264, "share_dense_housing": 0.2454780361757106, "share_no_car": 0.30569948186528495, "share_owned": 0.64507772020725385, "share_rented": 0.35362694300518133, "share_rent_free": 0.0, "parking_constraint": 0.29762398861085448, "equity_proxy": 0.2452480530056369 }, "geometry": { "type": "Polygon", "coordinates": [ [ [ 316628.736240845639259, 176567.45487662195228 ], [ 316682.846070983738173, 176483.047707393066958 ], [ 316640.097270280530211, 176064.335951168555766 ], [ 316378.880761891312432, 176255.178207242628559 ], [ 316270.314886559266597, 176496.969224524043966 ], [ 316627.144291292119306, 176577.04667955590412 ], [ 316628.736240845639259, 176567.45487662195228 ] ] ] } },
{ "type": "Feature", "properties": { "LSOA21CD": "W01001714", "LSOA21NM": "Cardiff 035A", "LSOA21NMW": "Caerdydd 035A", "RUC21CD": "UN1", "RUC21NM": "Urban: Nearer to a major town or city", "population": 1586, "median_age": 45.1, "_lsoa_code": "W01001714", "wimd_rank": 1763.0, "wimd_decile": 10.0, "wimd_norm": 0.076519916142557654, "share_flats": 0.014729950900163666, "share_terraced": 0.36824877250409166, "share_dense_housing": 0.047463175122749592, "share_no_car": 0.13651315789473684, "share_owned": 0.88980263157894735, "share_rented": 0.10855263157894737, "share_rent_free": 0.0, "parking_constraint": 0.1088544807189824, "equity_proxy": 0.092687198430770029 }, "geometry": { "type": "Polygon", "coordinates": [ [ [ 315698.630422543967143, 177393.59190117235994 ], [ 315703.92446784110507, 177274.869286306668073 ], [ 315572.388257607701235, 176893.100648090417963 ], [ 315712.709492832422256, 176476.867793283017818 ], [ 315307.820883535314351, 176678.727561063540634 ], [ 315216.379721337230876, 177330.95402582740644 ], [ 315438.354466453485657, 177398.471305333834607 ], [ 315698.630422543967143, 177393.59190117235994 ] ] ] } },
{ "type": "Feature", "properties": { "LSOA21CD": "W01001715", "LSOA21NM": "Cardiff 035B", "LSOA21NMW": "Caerdydd 035B", "RUC21CD": "UN1", "RUC21NM": "Urban: Nearer to a major town or city", "population": 1498, "median_age": 42.0, "_lsoa_code": "W01001715", "wimd_rank": 1551.0, "wimd_decile": 9.0, "wimd_norm": 0.18763102725366876, "share_flats": 0.28373266078184112, "share_terraced": 0.42370744010088274, "share_dense_housing": 0.42622950819672129, "share_no_car": 0.26574307304785894, "share_owned": 0.61586901763224178, "share_rented": 0.37909319899244331, "share_rent_free": 0.0, "parking_constraint": 0.37194130421202315, "equity_proxy": 0.27978616573284598 }, "geometry": { "type": "Polygon", "coordinates": [ [ [ 316278.034998440300114, 177296.352147085475735 ], [ 316362.501799079764169, 177089.940340214641765 ], [ 316095.250669720000587, 176830.724287558055948 ], [ 315703.92446784110507, 177274.869286306668073 ], [ 315698.630422543967143, 177393.59190117235994 ], [ 316278.034998440300114, 177296.352147085475735 ] ] ] } },
{ "type": "Feature", "properties": { "LSOA21CD": "W01001716", "LSOA21NM": "Cardiff 035C", "LSOA21NMW": "Caerdydd 035C", "RUC21CD": "UN1", "RUC21NM": "Urban: Nearer to a major town or city", "population": 1270, "median_age": 42.2, "_lsoa_code": "W01001716", "wimd_rank": 1470.0, "wimd_decile": 8.0, "wimd_norm": 0.23008385744234802, "share_flats": 0.060998151571164512, "share_terraced": 0.51940850277264328, "share_dense_housing": 0.097966728280961188, "share_no_car": 0.18148148148148149, "share_owned": 0.8243992606284658, "share_rented": 0.17375231053604437, "share_rent_free": 0.0018484288354898336, "parking_constraint": 0.18003696857670981, "equity_proxy": 0.20506041300952893 }, "geometry": { "type": "Polygon", "coordinates": [ [ [ 315307.820883535314351, 176678.727561063540634 ], [ 314883.507169497490395, 176677.819263502024114 ], [ 314545.82727742404677, 176831.101911084260792 ], [ 314826.667415634146892, 177152.589477426139638 ], [ 315216.379721337230876, 177330.95402582740644 ], [ 315307.820883535314351, 176678.727561063540634 ] ] ] } },
{ "type": "Feature", "properties": { "LSOA21CD": "W01001717", "LSOA21NM": "Cardiff 035D", "LSOA21NMW": "Caerdydd 035D", "RUC21CD": "UN1", "RUC21NM": "Urban: Nearer to a major town or city", "population": 1521, "median_age": 37.2, "_lsoa_code": "W01001717", "wimd_rank": 1358.0, "wimd_decile": 8.0, "wimd_norm": 0.28878406708595389, "share_flats": 0.12768817204301075, "share_terraced": 0.71505376344086025, "share_dense_housing": 0.16935483870967741, "share_no_car": 0.27456258411843876, "share_owned": 0.60723860589812328, "share_rented": 0.39142091152815012, "share_rent_free": 0.0, "parking_constraint": 0.2942145444761548, "equity_proxy": 0.29149930578105432 }, "geometry": { "type": "Polygon", "coordinates": [ [ [ 316095.250669720000587, 176830.724287558055948 ], [ 316130.845904972113203, 176711.250534196675289 ], [ 315817.695983396784868, 176667.49446949880803 ], [ 315572.388257607701235, 176893.100648090417963 ], [ 315703.92446784110507, 177274.869286306668073 ], [ 316095.250669720000587, 176830.724287558055948 ] ] ] } },
{ "type": "Feature", "properties": { "LSOA21CD": "W01001718", "LSOA21NM": "Cardiff 028A", "LSOA21NMW": "Caerdydd 028A", "RUC21CD": "UN1", "RUC21NM": "Urban: Nearer to a major town or city", "population": 1761, "median_age": 24.3, "_lsoa_code": "W01001718", "wimd_rank": 738.0, "wimd_decile": 4.0, "wimd_norm": 0.61373165618448633, "share_flats": 0.10806451612903226, "share_terraced": 0.65, "share_dense_housing": 0.26935483870967741, "share_no_car": 0.33279742765273312, "share_owned": 0.29629629629629628, "share_rented": 0.69404186795491141, "share_rent_free": 0.0032206119162640902, "parking_constraint": 0.34834536734022475, "equity_proxy": 0.48103851176235557 }, "geometry": { "type": "Polygon", "coordinates": [ [ [ 318477.561810977873392, 178397.453521311283112 ], [ 318529.851677923754323, 178108.110964486375451 ], [ 318054.247739383659791, 178220.406206333369482 ], [ 318475.984828065615147, 178405.966677097603679 ], [ 318477.561810977873392, 178397.453521311283112 ] ] ] } },
{ "type": "Feature", "properties": { "LSOA21CD": "W01001719", "LSOA21NM": "Cardiff 028B", "LSOA21NMW": "Caerdydd 028B", "RUC21CD": "UN1", "RUC21NM": "Urban: Nearer to a major town or city", "population": 2012, "median_age": 23.2, "_lsoa_code": "W01001719", "wimd_rank": 1431.0, "wimd_decile": 8.0, "wimd_norm": 0.25052410901467503, "share_flats": 0.061837455830388695, "share_terraced": 0.77561837455830385, "share_dense_housing": 0.11837455830388692, "share_no_car": 0.24911660777385158, "share_owned": 0.47964601769911502, "share_rented": 0.52035398230088492, "share_rent_free": 0.0, "parking_constraint": 0.28457487726320391, "equity_proxy": 0.2675494931389395 }, "geometry": { "type": "Polygon", "coordinates": [ [ [ 318046.462947890744545, 178226.155158125329763 ], [ 318044.664078371541109, 178089.325937261863146 ], [ 317881.513201062451117, 178219.654292040271685 ], [ 317811.103184720268473, 177887.482848948624451 ], [ 317386.419973977084737, 178090.838347704557236 ], [ 317326.735257282678504, 178257.996972719207406 ], [ 317499.607584719546139, 178395.036924221669324 ], [ 318046.462947890744545, 178226.155158125329763 ] ] ] } },
{ "type": "Feature", "properties": { "LSOA21CD": "W01001720", "LSOA21NM": "Cardiff 028C", "LSOA21NMW": "Caerdydd 028C", "RUC21CD": "UN1", "RUC21NM": "Urban: Nearer to a major town or city", "population": 2506, "median_age": 22.4, "_lsoa_code": "W01001720", "wimd_rank": 751.0, "wimd_decile": 4.0, "wimd_norm": 0.60691823899371067, "share_flats": 0.17129629629629631, "share_terraced": 0.53703703703703709, "share_dense_housing": 0.3888888888888889, "share_no_car": 0.37037037037037035, "share_owned": 0.1346749226006192, "share_rented": 0.86377708978328172, "share_rent_free": 0.0015479876160990713, "parking_constraint": 0.40930608110690675, "equity_proxy": 0.50811216005030868 }, "geometry": { "type": "Polygon", "coordinates": [ [ [ 318054.247739383659791, 178220.406206333369482 ], [ 318529.851677923754323, 178108.110964486375451 ], [ 318580.69717670569662, 177841.669458093703724 ], [ 318299.41716509195976, 177734.091513567080256 ], [ 318217.267838735831901, 177688.610876278893556 ], [ 318154.398150352761149, 177729.066930986416992 ], [ 318044.664078371541109, 178089.325937261863146 ], [ 318046.462947890744545, 178226.155158125329763 ], [ 318054.247739383659791, 178220.406206333369482 ] ] ] } },
{ "type": "Feature", "properties": { "LSOA21CD": "W01001721", "LSOA21NM": "Cardiff 032A", "LSOA21NMW": "Caerdydd 032A", "RUC21CD": "UN1", "RUC21NM": "Urban: Nearer to a major town or city", "population": 3252, "median_age": 21.2, "_lsoa_code": "W01001721", "wimd_rank": 415.0, "wimd_decile": 3.0, "wimd_norm": 0.78301886792452835, "share_flats": 0.37521815008726006, "share_terraced": 0.28970331588132636, "share_dense_housing": 0.58813263525305415, "share_no_car": 0.48691099476439792, "share_owned": 0.17047451669595781, "share_rented": 0.82073813708260102, "share_rent_free": 0.0017574692442882249, "parking_constraint": 0.48848934323405019, "equity_proxy": 0.63575410557928924 }, "geometry": { "type": "Polygon", "coordinates": [ [ [ 317811.103184720268473, 177887.482848948624451 ], [ 318154.398150352761149, 177729.066930986416992 ], [ 318217.267838735831901, 177688.610876278893556 ], [ 318164.490604370541405, 177457.122475142474286 ], [ 318098.17205543332966, 177456.613553492119536 ], [ 317808.720155460061505, 177245.195461667492054 ], [ 317269.515691556269303, 177995.592229508096352 ], [ 317386.419973977084737, 178090.838347704557236 ], [ 317811.103184720268473, 177887.482848948624451 ] ] ] } },
{ "type": "Feature", "properties": { "LSOA21CD": "W01001722", "LSOA21NM": "Cardiff 028D", "LSOA21NMW": "Caerdydd 028D", "RUC21CD": "UN1", "RUC21NM": "Urban: Nearer to a major town or city", "population": 1813, "median_age": 22.4, "_lsoa_code": "W01001722", "wimd_rank": 897.0, "wimd_decile": 5.0, "wimd_norm": 0.53039832285115307, "share_flats": 0.0817490494296578, "share_terraced": 0.70912547528517111, "share_dense_housing": 0.22053231939163498, "share_no_car": 0.36882129277566539, "share_owned": 0.19433962264150945, "share_rented": 0.79622641509433967, "share_rent_free": 0.0018867924528301887, "parking_constraint": 0.34874907334337713, "equity_proxy": 0.4395736980972651 }, "geometry": { "type": "Polygon", "coordinates": [ [ [ 318044.664078371541109, 178089.325937261863146 ], [ 318154.398150352761149, 177729.066930986416992 ], [ 317811.103184720268473, 177887.482848948624451 ], [ 317881.513201062451117, 178219.654292040271685 ], [ 318044.664078371541109, 178089.325937261863146 ] ] ] } },
{ "type": "Feature", "properties": { "LSOA21CD": "W01001724", "LSOA21NM": "Cardiff 032C", "LSOA21NMW": "Caerdydd 032C", "RUC21CD": "UN1", "RUC21NM": "Urban: Nearer to a major town or city", "population": 2731, "median_age": 22.1, "_lsoa_code": "W01001724", "wimd_rank": 609.0, "wimd_decile": 4.0, "wimd_norm": 0.68134171907756813, "share_flats": 0.1069078947368421, "share_terraced": 0.65460526315789469, "share_dense_housing": 0.25328947368421051, "share_no_car": 0.30870279146141216, "share_owned": 0.12685337726523888, "share_rented": 0.86985172981878089, "share_rent_free": 0.0016474464579901153, "parking_constraint": 0.36696707274776724, "equity_proxy": 0.52415439591266766 }, "geometry": { "type": "Polygon", "coordinates": [ [ [ 318610.929166007437743, 177678.051536924322136 ], [ 318627.338647309574299, 177589.219234430696815 ], [ 318588.485074518248439, 177582.765343859209679 ], [ 318299.41716509195976, 177734.091513567080256 ], [ 318580.69717670569662, 177841.669458093703724 ], [ 318610.929166007437743, 177678.051536924322136 ] ] ] } },
{ "type": "Feature", "properties": { "LSOA21CD": "W01001725", "LSOA21NM": "Cardiff 032D", "LSOA21NMW": "Caerdydd 032D", "RUC21CD": "UN1", "RUC21NM": "Urban: Nearer to a major town or city", "population": 2448, "median_age": 22.0, "_lsoa_code": "W01001725", "wimd_rank": 476.0, "wimd_decile": 3.0, "wimd_norm": 0.75104821802935007, "share_flats": 0.11153846153846154, "share_terraced": 0.4826923076923077, "share_dense_housing": 0.38076923076923075, "share_no_car": 0.36781609195402298, "share_owned": 0.080769230769230774, "share_rented": 0.91730769230769227, "share_rent_free": 0.0019230769230769232, "parking_constraint": 0.38294871794871793, "equity_proxy": 0.56699846798903397 }, "geometry": { "type": "Polygon", "coordinates": [ [ [ 318588.485074518248439, 177582.765343859209679 ], [ 318445.704272998147644, 177210.342697500134818 ], [ 318164.490604370541405, 177457.122475142474286 ], [ 318217.267838735831901, 177688.610876278893556 ], [ 318299.41716509195976, 177734.091513567080256 ], [ 318588.485074518248439, 177582.765343859209679 ] ] ] } },
{ "type": "Feature", "properties": { "LSOA21CD": "W01001726", "LSOA21NM": "Cardiff 028E", "LSOA21NMW": "Caerdydd 028E", "RUC21CD": "UN1", "RUC21NM": "Urban: Nearer to a major town or city", "population": 1912, "median_age": 23.5, "_lsoa_code": "W01001726", "wimd_rank": 983.0, "wimd_decile": 6.0, "wimd_norm": 0.48532494758909855, "share_flats": 0.094717668488160295, "share_terraced": 0.68306010928961747, "share_dense_housing": 0.20947176684881602, "share_no_car": 0.26824817518248173, "share_owned": 0.30181818181818182, "share_rented": 0.68545454545454543, "share_rent_free": 0.005454545454545455, "parking_constraint": 0.32940243969752164, "equity_proxy": 0.4073636936433101 }, "geometry": { "type": "Polygon", "coordinates": [ [ [ 318378.964816843799781, 178940.623510216246359 ], [ 318475.984828065615147, 178405.966677097603679 ], [ 318054.247739383659791, 178220.406206333369482 ], [ 318046.462947890744545, 178226.155158125329763 ], [ 317499.607584719546139, 178395.036924221669324 ], [ 317734.277290630387142, 178580.136146977485623 ], [ 317885.727965962782037, 178412.207742154190782 ], [ 317962.110690449480899, 179068.709366751310881 ], [ 318378.964816843799781, 178940.623510216246359 ] ] ] } },
{ "type": "Feature", "properties": { "LSOA21CD": "W01001727", "LSOA21NM": "Cardiff 014A", "LSOA21NMW": "Caerdydd 014A", "RUC21CD": "RSN1", "RUC21NM": "Smaller rural: Nearer to a major town or city", "population": 1800, "median_age": 40.5, "_lsoa_code": "W01001727", "wimd_rank": 1718.0, "wimd_decile": 9.0, "wimd_norm": 0.10010482180293501, "share_flats": 0.03125, "share_terraced": 0.185546875, "share_dense_housing": 0.0390625, "share_no_car": 0.07421875, "share_owned": 0.83040935672514615, "share_rented": 0.16959064327485379, "share_rent_free": 0.0, "parking_constraint": 0.083158960769980514, "equity_proxy": 0.091631891286457767 }, "geometry": { "type": "Polygon", "coordinates": [ [ [ 307810.079111503844615, 182690.848783155088313 ], [ 308991.551723280746955, 181905.841430765809491 ], [ 308990.98440471268259, 181178.695191075967159 ], [ 309599.715766422043089, 180708.990784299501684 ], [ 310941.509038798278198, 180947.557589764823206 ], [ 311191.758503152115736, 180514.620770105684642 ], [ 309070.088456040248275, 179505.612746874045115 ], [ 307389.890222370566335, 179686.323132590157911 ], [ 307180.987466459569987, 180375.42701387318084 ], [ 307451.157089568267111, 180839.975598111981526 ], [ 306886.641766946064308, 182081.158428681257647 ], [ 307043.860346749715973, 182657.194953978003468 ], [ 307469.75563406420406, 182877.660127044015098 ], [ 307810.079111503844615, 182690.848783155088313 ] ], [ [ 308140.27348530566087, 181572.125053587718867 ], [ 307827.383787009690423, 181454.496658613730688 ], [ 308064.645886332378723, 181337.951910134928767 ], [ 307734.258454401278868, 181189.128531738941092 ], [ 307746.767837151885033, 180782.266314006294124 ], [ 308683.955805859703105, 180376.026507884147577 ], [ 308459.725576713797636, 181008.851134210126474 ], [ 308853.289346979698166, 180453.095447522529867 ], [ 308975.652933525852859, 180854.022817795455921 ], [ 308140.27348530566087, 181572.125053587718867 ] ] ] } },
{ "type": "Feature", "properties": { "LSOA21CD": "W01001728", "LSOA21NM": "Cardiff 014B", "LSOA21NMW": "Caerdydd 014B", "RUC21CD": "RLN1", "RUC21NM": "Larger rural: Nearer to a major town or city", "population": 1478, "median_age": 49.8, "_lsoa_code": "W01001728", "wimd_rank": 1899.0, "wimd_decile": 10.0, "wimd_norm": 0.0052410901467505244, "share_flats": 0.0016806722689075631, "share_terraced": 0.12100840336134454, "share_dense_housing": 0.0050420168067226894, "share_no_car": 0.050420168067226892, "share_owned": 0.92773109243697482, "share_rented": 0.070588235294117646, "share_rent_free": 0.0, "parking_constraint": 0.035854341736694682, "equity_proxy": 0.020547715941722604 }, "geometry": { "type": "Polygon", "coordinates": [ [ [ 308140.27348530566087, 181572.125053587718867 ], [ 308975.652933525852859, 180854.022817795455921 ], [ 308853.289346979698166, 180453.095447522529867 ], [ 308459.725576713797636, 181008.851134210126474 ], [ 308683.955805859703105, 180376.026507884147577 ], [ 307746.767837151885033, 180782.266314006294124 ], [ 307734.258454401278868, 181189.128531738941092 ], [ 308064.645886332378723, 181337.951910134928767 ], [ 307827.383787009690423, 181454.496658613730688 ], [ 308140.27348530566087, 181572.125053587718867 ] ] ] } },
{ "type": "Feature", "properties": { "LSOA21CD": "W01001729", "LSOA21NM": "Cardiff 014C", "LSOA21NMW": "Caerdydd 014C", "RUC21CD": "UN1", "RUC21NM": "Urban: Nearer to a major town or city", "population": 3576, "median_age": 39.3, "_lsoa_code": "W01001729", "wimd_rank": 1148.0, "wimd_decile": 7.0, "wimd_norm": 0.39884696016771487, "share_flats": 0.044444444444444446, "share_terraced": 0.13247863247863248, "share_dense_housing": 0.048717948717948718, "share_no_car": 0.050470487596236097, "share_owned": 0.8374679213002566, "share_rented": 0.16082121471343028, "share_rent_free": 0.0, "parking_constraint": 0.078992686178314911, "equity_proxy": 0.23891982317301488 }, "geometry": { "type": "Polygon", "coordinates": [ [ [ 313381.559445700491779, 179297.42280181159731 ], [ 313452.320930684276391, 179245.837176568049472 ], [ 313083.672366744838655, 178955.021151564433239 ], [ 312956.546043276495766, 178300.165372208633926 ], [ 312603.764049633580726, 178244.796951060940046 ], [ 312923.167853571474552, 177750.180159488343634 ], [ 313045.009331672103144, 177206.492296237847768 ], [ 313267.267425550147891, 176926.750714974885341 ], [ 313132.977614074246958, 176876.359980638604611 ], [ 312421.952492448268458, 176825.434566537092905 ], [ 312513.021100040175952, 176178.596047075872775 ], [ 312497.709914661885705, 176113.558759527921211 ], [ 312304.642213417333551, 176124.891124143498018 ], [ 311136.283612227765843, 176139.540120549441781 ], [ 310030.98137214302551, 178605.764674974023364 ], [ 309070.088456040248275, 179505.612746874045115 ], [ 311191.758503152115736, 180514.620770105684642 ], [ 311268.478228717169259, 180551.568378956289962 ], [ 311460.811345549998805, 179917.788624366687145 ], [ 313381.559445700491779, 179297.42280181159731 ] ] ] } },
{ "type": "Feature", "properties": { "LSOA21CD": "W01001730", "LSOA21NM": "Cardiff 008A", "LSOA21NMW": "Caerdydd 008A", "RUC21CD": "UN1", "RUC21NM": "Urban: Nearer to a major town or city", "population": 1599, "median_age": 52.4, "_lsoa_code": "W01001730", "wimd_rank": 1814.0, "wimd_decile": 10.0, "wimd_norm": 0.04979035639412998, "share_flats": 0.14896988906497624, "share_terraced": 0.0095087163232963554, "share_dense_housing": 0.15689381933438987, "share_no_car": 0.1, "share_owned": 0.9202551834130781, "share_rented": 0.079744816586921854, "share_rent_free": 0.0, "parking_constraint": 0.11448895494270422, "equity_proxy": 0.082139655668417105 }, "geometry": { "type": "Polygon", "coordinates": [ [ [ 319709.132129241595976, 181163.402428214554675 ], [ 320047.86659254663391, 180837.095460323907901 ], [ 319708.6370290814084, 180690.539779069717042 ], [ 319505.541432772879489, 180541.254752692591865 ], [ 319031.199214754684363, 180616.87990225921385 ], [ 318927.20108467945829, 180800.880431319470517 ], [ 319118.152048169169575, 181290.540057858161163 ], [ 319264.381034054618794, 181039.116814159904607 ], [ 319707.078133765375242, 181613.172346548584756 ], [ 319353.743317158368882, 181863.665002595225815 ], [ 319742.668893654947169, 181942.55578415771015 ], [ 319956.045199460349977, 181594.007767333183438 ], [ 319709.132129241595976, 181163.402428214554675 ] ] ] } },
{ "type": "Feature", "properties": { "LSOA21CD": "W01001731", "LSOA21NM": "Cardiff 008B", "LSOA21NMW": "Caerdydd 008B", "RUC21CD": "UN1", "RUC21NM": "Urban: Nearer to a major town or city", "population": 1578, "median_age": 43.0, "_lsoa_code": "W01001731", "wimd_rank": 1710.0, "wimd_decile": 9.0, "wimd_norm": 0.10429769392033543, "share_flats": 0.033644859813084113, "share_terraced": 0.0074766355140186919, "share_dense_housing": 0.056074766355140186, "share_no_car": 0.065789473684210523, "share_owned": 0.88868274582560292, "share_rented": 0.11131725417439703, "share_rent_free": 0.0, "parking_constraint": 0.046244169715464772, "equity_proxy": 0.075270931817900094 }, "geometry": { "type": "Polygon", "coordinates": [ [ [ 319118.152048169169575, 181290.540057858161163 ], [ 318927.20108467945829, 180800.880431319470517 ], [ 318674.017508127551991, 181083.469457795494236 ], [ 318103.381759922020137, 180610.453035042970441 ], [ 318103.400538208894432, 180617.438796252303291 ], [ 318116.71782194415573, 181330.958959441515617 ], [ 318941.623551754630171, 181559.269477036781609 ], [ 319118.152048169169575, 181290.540057858161163 ] ] ] } },
{ "type": "Feature", "properties": { "LSOA21CD": "W01001732", "LSOA21NM": "Cardiff 019A", "LSOA21NMW": "Caerdydd 019A", "RUC21CD": "UN1", "RUC21NM": "Urban: Nearer to a major town or city", "population": 1837, "median_age": 43.3, "_lsoa_code": "W01001732", "wimd_rank": 1757.0, "wimd_decile": 10.0, "wimd_norm": 0.079664570230607967, "share_flats": 0.20029673590504452, "share_terraced": 0.040059347181008904, "share_dense_housing": 0.22255192878338279, "share_no_car": 0.11028315946348734, "share_owned": 0.83134328358208953, "share_rented": 0.16865671641791044, "share_rent_free": 0.0, "parking_constraint": 0.17144898652139895, "equity_proxy": 0.12555677837600346 }, "geometry": { "type": "Polygon", "coordinates": [ [ [ 318927.20108467945829, 180800.880431319470517 ], [ 319031.199214754684363, 180616.87990225921385 ], [ 318779.603536198323127, 180136.015833406301681 ], [ 318666.05607256985968, 180535.20687789254589 ], [ 318113.652934194891714, 180364.966291926277336 ], [ 318103.381759922020137, 180610.453035042970441 ], [ 318674.017508127551991, 181083.469457795494236 ], [ 318927.20108467945829, 180800.880431319470517 ] ] ] } },
{ "type": "Feature", "properties": { "LSOA21CD": "W01001733", "LSOA21NM": "Cardiff 019B", "LSOA21NMW": "Caerdydd 019B", "RUC21CD": "UN1", "RUC21NM": "Urban: Nearer to a major town or city", "population": 1635, "median_age": 39.9, "_lsoa_code": "W01001733", "wimd_rank": 1643.0, "wimd_decile": 9.0, "wimd_norm": 0.13941299790356393, "share_flats": 0.28368794326241137, "share_terraced": 0.053191489361702128, "share_dense_housing": 0.2978723404255319, "share_no_car": 0.17198581560283688, "share_owned": 0.75, "share_rented": 0.25, "share_rent_free": 0.0, "parking_constraint": 0.23782505910165483, "equity_proxy": 0.18861902850260936 }, "geometry": { "type": "Polygon", "coordinates": [ [ [ 319505.541432772879489, 180541.254752692591865 ], [ 319603.499407835071906, 179994.930779809015803 ], [ 319689.971638348419219, 179859.435516378318425 ], [ 319687.411745855875779, 179789.917611298325937 ], [ 319760.371572764357552, 179304.803512396290898 ], [ 319525.780514068668708, 179410.33202748815529 ], [ 319304.884578825440258, 179929.576816537824925 ], [ 318792.972804103628732, 180045.538876396429259 ], [ 318779.603536198323127, 180136.015833406301681 ], [ 319031.199214754684363, 180616.87990225921385 ], [ 319505.541432772879489, 180541.254752692591865 ] ] ] } },
{ "type": "Feature", "properties": { "LSOA21CD": "W01001734", "LSOA21NM": "Cardiff 019C", "LSOA21NMW": "Caerdydd 019C", "RUC21CD": "UN1", "RUC21NM": "Urban: Nearer to a major town or city", "population": 1695, "median_age": 44.5, "_lsoa_code": "W01001734", "wimd_rank": 1878.0, "wimd_decile": 10.0, "wimd_norm": 0.016247379454926623, "share_flats": 0.04770017035775128, "share_terraced": 0.0051107325383304937, "share_dense_housing": 0.054514480408858604, "share_no_car": 0.08673469387755102, "share_owned": 0.88775510204081631, "share_rented": 0.11224489795918367, "share_rent_free": 0.0, "parking_constraint": 0.050059683157760548, "equity_proxy": 0.033153531306343589 }, "geometry": { "type": "Polygon", "coordinates": [ [ [ 318779.603536198323127, 180136.015833406301681 ], [ 318792.972804103628732, 180045.538876396429259 ], [ 318972.521033694094513, 179896.615345358848572 ], [ 318647.414039821829647, 179659.115581518912222 ], [ 318651.406120900996029, 180113.120214386784937 ], [ 318422.408519399119541, 180096.124586145568173 ], [ 318285.508339146152139, 179436.207729934190866 ], [ 318130.311452899710275, 180250.766170973656699 ], [ 318113.652934194891714, 180364.966291926277336 ], [ 318666.05607256985968, 180535.20687789254589 ], [ 318779.603536198323127, 180136.015833406301681 ] ] ] } },
{ "type": "Feature", "properties": { "LSOA21CD": "W01001735", "LSOA21NM": "Cardiff 019D", "LSOA21NMW": "Caerdydd 019D", "RUC21CD": "UN1", "RUC21NM": "Urban: Nearer to a major town or city", "population": 2188, "median_age": 35.0, "_lsoa_code": "W01001735", "wimd_rank": 1535.0, "wimd_decile": 9.0, "wimd_norm": 0.1960167714884696, "share_flats": 0.14729950900163666, "share_terraced": 0.24058919803600654, "share_dense_housing": 0.17839607201309329, "share_no_car": 0.11639344262295082, "share_owned": 0.77049180327868849, "share_rented": 0.22459016393442624, "share_rent_free": 0.0, "parking_constraint": 0.1866283884700348, "equity_proxy": 0.1913225799792522 }, "geometry": { "type": "Polygon", "coordinates": [ [ [ 318792.972804103628732, 180045.538876396429259 ], [ 319304.884578825440258, 179929.576816537824925 ], [ 319525.780514068668708, 179410.33202748815529 ], [ 319244.602024431864265, 179635.831919351941906 ], [ 319204.267244015703909, 179415.862591770710424 ], [ 318658.010763625381514, 179386.757658915477805 ], [ 318593.200722565583419, 178852.326009125565179 ], [ 318378.964816843799781, 178940.623510216246359 ], [ 318285.508339146152139, 179436.207729934190866 ], [ 318422.408519399119541, 180096.124586145568173 ], [ 318651.406120900996029, 180113.120214386784937 ], [ 318647.414039821829647, 179659.115581518912222 ], [ 318972.521033694094513, 179896.615345358848572 ], [ 318792.972804103628732, 180045.538876396429259 ] ] ] } },
{ "type": "Feature", "properties": { "LSOA21CD": "W01001736", "LSOA21NM": "Cardiff 008C", "LSOA21NMW": "Caerdydd 008C", "RUC21CD": "UN1", "RUC21NM": "Urban: Nearer to a major town or city", "population": 1569, "median_age": 44.9, "_lsoa_code": "W01001736", "wimd_rank": 1877.0, "wimd_decile": 10.0, "wimd_norm": 0.016771488469601678, "share_flats": 0.082630691399662726, "share_terraced": 0.0033726812816188868, "share_dense_housing": 0.096121416526138273, "share_no_car": 0.10135135135135136, "share_owned": 0.90725126475548057, "share_rented": 0.09274873524451939, "share_rent_free": 0.0, "parking_constraint": 0.072625070264193362, "equity_proxy": 0.04469827936689752 }, "geometry": { "type": "Polygon", "coordinates": [ [ [ 319699.302422923326958, 182060.632127654913347 ], [ 319742.668893654947169, 181942.55578415771015 ], [ 319353.743317158368882, 181863.665002595225815 ], [ 319707.078133765375242, 181613.172346548584756 ], [ 319264.381034054618794, 181039.116814159904607 ], [ 319118.152048169169575, 181290.540057858161163 ], [ 318941.623551754630171, 181559.269477036781609 ], [ 319003.637336739629973, 181823.786704649101011 ], [ 319173.662036745925434, 182174.532194258004893 ], [ 319699.302422923326958, 182060.632127654913347 ] ] ] } },
{ "type": "Feature", "properties": { "LSOA21CD": "W01001737", "LSOA21NM": "Cardiff 039A", "LSOA21NMW": "Caerdydd 039A", "RUC21CD": "UN1", "RUC21NM": "Urban: Nearer to a major town or city", "population": 1690, "median_age": 33.6, "_lsoa_code": "W01001737", "wimd_rank": 346.0, "wimd_decile": 2.0, "wimd_norm": 0.8191823899371069, "share_flats": 0.15772870662460567, "share_terraced": 0.23659305993690852, "share_dense_housing": 0.18611987381703471, "share_no_car": 0.41521394611727419, "share_owned": 0.40253565768621236, "share_rented": 0.58954041204437402, "share_rent_free": 0.0079239302694136295, "parking_constraint": 0.24054019374051169, "equity_proxy": 0.52986129183880926 }, "geometry": { "type": "Polygon", "coordinates": [ [ [ 313525.241189646127168, 176958.245265802193899 ], [ 313626.763270673167426, 176918.403815971279982 ], [ 314060.296254634391516, 176395.127287680399604 ], [ 313874.871764081763104, 176229.583228251489345 ], [ 313649.760035516461357, 176466.871881967876107 ], [ 313267.267425550147891, 176926.750714974885341 ], [ 313045.009331672103144, 177206.492296237847768 ], [ 313525.241189646127168, 176958.245265802193899 ] ] ] } },
{ "type": "Feature", "properties": { "LSOA21CD": "W01001738", "LSOA21NM": "Cardiff 039B", "LSOA21NMW": "Caerdydd 039B", "RUC21CD": "UN1", "RUC21NM": "Urban: Nearer to a major town or city", "population": 1468, "median_age": 27.9, "_lsoa_code": "W01001738", "wimd_rank": 280.0, "wimd_decile": 2.0, "wimd_norm": 0.85377358490566035, "share_flats": 0.0076923076923076927, "share_terraced": 0.25384615384615383, "share_dense_housing": 0.021153846153846155, "share_no_car": 0.38491295938104447, "share_owned": 0.29150579150579148, "share_rented": 0.70463320463320467, "share_rent_free": 0.0038610038610038611, "parking_constraint": 0.15433570933570936, "equity_proxy": 0.50405464712068482 }, "geometry": { "type": "Polygon", "coordinates": [ [ [ 313127.797965235717129, 176614.428957343741786 ], [ 312513.021100040175952, 176178.596047075872775 ], [ 312421.952492448268458, 176825.434566537092905 ], [ 313132.977614074246958, 176876.359980638604611 ], [ 313127.797965235717129, 176614.428957343741786 ] ] ] } },
{ "type": "Feature", "properties": { "LSOA21CD": "W01001739", "LSOA21NM": "Cardiff 039C", "LSOA21NMW": "Caerdydd 039C", "RUC21CD": "UN1", "RUC21NM": "Urban: Nearer to a major town or city", "population": 1542, "median_age": 28.4, "_lsoa_code": "W01001739", "wimd_rank": 428.0, "wimd_decile": 3.0, "wimd_norm": 0.77620545073375258, "share_flats": 0.09107468123861566, "share_terraced": 0.18761384335154827, "share_dense_housing": 0.098360655737704916, "share_no_car": 0.39382940108892922, "share_owned": 0.29433272394881171, "share_rented": 0.69104204753199272, "share_rent_free": 0.012797074954296161, "parking_constraint": 0.1928068206666822, "equity_proxy": 0.48450613570021739 }, "geometry": { "type": "Polygon", "coordinates": [ [ [ 313649.760035516461357, 176466.871881967876107 ], [ 313314.328781690099277, 176320.075530992064159 ], [ 313000.334011544648092, 176357.376955494866706 ], [ 313127.797965235717129, 176614.428957343741786 ], [ 313132.977614074246958, 176876.359980638604611 ], [ 313267.267425550147891, 176926.750714974885341 ], [ 313649.760035516461357, 176466.871881967876107 ] ] ] } },
{ "type": "Feature", "properties": { "LSOA21CD": "W01001740", "LSOA21NM": "Cardiff 039D", "LSOA21NMW": "Caerdydd 039D", "RUC21CD": "UN1", "RUC21NM": "Urban: Nearer to a major town or city", "population": 1510, "median_age": 34.6, "_lsoa_code": "W01001740", "wimd_rank": 519.0, "wimd_decile": 3.0, "wimd_norm": 0.72851153039832284, "share_flats": 0.20381231671554254, "share_terraced": 0.25219941348973607, "share_dense_housing": 0.20821114369501467, "share_no_car": 0.43088235294117649, "share_owned": 0.40942562592047127, "share_rented": 0.58321060382916057, "share_rent_free": 0.004418262150220913, "parking_constraint": 0.26554245001202104, "equity_proxy": 0.49702699020517194 }, "geometry": { "type": "Polygon", "coordinates": [ [ [ 313874.871764081763104, 176229.583228251489345 ], [ 313500.878698868153151, 176014.701735981856473 ], [ 313483.114201863587368, 176004.594278412172571 ], [ 313031.833508186391555, 176020.705583479139023 ], [ 313314.328781690099277, 176320.075530992064159 ], [ 313649.760035516461357, 176466.871881967876107 ], [ 313874.871764081763104, 176229.583228251489345 ] ] ] } },
{ "type": "Feature", "properties": { "LSOA21CD": "W01001741", "LSOA21NM": "Cardiff 039E", "LSOA21NMW": "Caerdydd 039E", "RUC21CD": "UN1", "RUC21NM": "Urban: Nearer to a major town or city", "population": 1712, "median_age": 28.0, "_lsoa_code": "W01001741", "wimd_rank": 410.0, "wimd_decile": 3.0, "wimd_norm": 0.78563941299790352, "share_flats": 0.042622950819672129, "share_terraced": 0.32622950819672131, "share_dense_housing": 0.049180327868852458, "share_no_car": 0.43914473684210525, "share_owned": 0.25573770491803277, "share_rented": 0.73770491803278693, "share_rent_free": 0.0049180327868852463, "parking_constraint": 0.19420765027322404, "equity_proxy": 0.48992353163556379 }, "geometry": { "type": "Polygon", "coordinates": [ [ [ 313314.328781690099277, 176320.075530992064159 ], [ 313031.833508186391555, 176020.705583479139023 ], [ 312532.307899586623535, 175918.054930493410211 ], [ 312497.709914661885705, 176113.558759527921211 ], [ 312513.021100040175952, 176178.596047075872775 ], [ 313127.797965235717129, 176614.428957343741786 ], [ 313000.334011544648092, 176357.376955494866706 ], [ 313314.328781690099277, 176320.075530992064159 ] ] ] } },
{ "type": "Feature", "properties": { "LSOA21CD": "W01001742", "LSOA21NM": "Cardiff 043A", "LSOA21NMW": "Caerdydd 043A", "RUC21CD": "UN1", "RUC21NM": "Urban: Nearer to a major town or city", "population": 1744, "median_age": 30.9, "_lsoa_code": "W01001742", "wimd_rank": 696.0, "wimd_decile": 4.0, "wimd_norm": 0.63574423480083853, "share_flats": 0.071539657853810265, "share_terraced": 0.35147744945567649, "share_dense_housing": 0.091757387247278388, "share_no_car": 0.39224806201550388, "share_owned": 0.3297045101088647, "share_rented": 0.66096423017107309, "share_rent_free": 0.0093312597200622092, "parking_constraint": 0.2128564022809746, "equity_proxy": 0.42430031854090655 }, "geometry": { "type": "Polygon", "coordinates": [ [ [ 313483.114201863587368, 176004.594278412172571 ], [ 312844.094962257950101, 175673.678660494857468 ], [ 312432.519470108847599, 175667.661200390721206 ], [ 312532.307899586623535, 175918.054930493410211 ], [ 313031.833508186391555, 176020.705583479139023 ], [ 313483.114201863587368, 176004.594278412172571 ] ] ] } },
{ "type": "Feature", "properties": { "LSOA21CD": "W01001743", "LSOA21NM": "Cardiff 043B", "LSOA21NMW": "Caerdydd 043B", "RUC21CD": "UN1", "RUC21NM": "Urban: Nearer to a major town or city", "population": 1561, "median_age": 46.9, "_lsoa_code": "W01001743", "wimd_rank": 1016.0, "wimd_decile": 6.0, "wimd_norm": 0.46802935010482183, "share_flats": 0.065420560747663545, "share_terraced": 0.17757009345794392, "share_dense_housing": 0.076323987538940805, "share_no_car": 0.16848673946957879, "share_owned": 0.80655226209048358, "share_rented": 0.19032761310452417, "share_rent_free": 0.0015600624024960999, "parking_constraint": 0.10813921653439346, "equity_proxy": 0.28808428331960767 }, "geometry": { "type": "Polygon", "coordinates": [ [ [ 312304.642213417333551, 176124.891124143498018 ], [ 311923.322517129126936, 175628.522530042740982 ], [ 311654.166323353420012, 175463.222532748186495 ], [ 311173.592873163055629, 175872.160879614704754 ], [ 311136.283612227765843, 176139.540120549441781 ], [ 312304.642213417333551, 176124.891124143498018 ] ] ] } },
{ "type": "Feature", "properties": { "LSOA21CD": "W01001744", "LSOA21NM": "Cardiff 043C", "LSOA21NMW": "Caerdydd 043C", "RUC21CD": "UN1", "RUC21NM": "Urban: Nearer to a major town or city", "population": 1784, "median_age": 34.9, "_lsoa_code": "W01001744", "wimd_rank": 454.0, "wimd_decile": 3.0, "wimd_norm": 0.76257861635220126, "share_flats": 0.25857519788918204, "share_terraced": 0.27704485488126651, "share_dense_housing": 0.28100263852242746, "share_no_car": 0.38339920948616601, "share_owned": 0.32189973614775724, "share_rented": 0.65831134564643801, "share_rent_free": 0.019788918205804751, "parking_constraint": 0.32304309586631486, "equity_proxy": 0.54281085610925806 }, "geometry": { "type": "Polygon", "coordinates": [ [ [ 312497.709914661885705, 176113.558759527921211 ], [ 312532.307899586623535, 175918.054930493410211 ], [ 312432.519470108847599, 175667.661200390721206 ], [ 312844.094962257950101, 175673.678660494857468 ], [ 312796.672698057140224, 175631.227566223940812 ], [ 311977.055897572485264, 175007.16069536661962 ], [ 311923.322517129126936, 175628.522530042740982 ], [ 312304.642213417333551, 176124.891124143498018 ], [ 312497.709914661885705, 176113.558759527921211 ] ] ] } },
{ "type": "Feature", "properties": { "LSOA21CD": "W01001745", "LSOA21NM": "Cardiff 043D", "LSOA21NMW": "Caerdydd 043D", "RUC21CD": "UN1", "RUC21NM": "Urban: Nearer to a major town or city", "population": 1278, "median_age": 42.0, "_lsoa_code": "W01001745", "wimd_rank": 1304.0, "wimd_decile": 7.0, "wimd_norm": 0.31708595387840671, "share_flats": 0.025594149908592323, "share_terraced": 0.21572212065813529, "share_dense_housing": 0.032906764168190127, "share_no_car": 0.11517367458866545, "share_owned": 0.85974499089253187, "share_rented": 0.13661202185792351, "share_rent_free": 0.0, "parking_constraint": 0.080859665071611006, "equity_proxy": 0.19897280947500887 }, "geometry": { "type": "Polygon", "coordinates": [ [ [ 311923.322517129126936, 175628.522530042740982 ], [ 311977.055897572485264, 175007.16069536661962 ], [ 311885.1005363194854, 174801.615899313474074 ], [ 311774.295887241198216, 174799.334027004952077 ], [ 311173.592873163055629, 175872.160879614704754 ], [ 311654.166323353420012, 175463.222532748186495 ], [ 311923.322517129126936, 175628.522530042740982 ] ] ] } },
{ "type": "Feature", "properties": { "LSOA21CD": "W01001746", "LSOA21NM": "Cardiff 041D", "LSOA21NMW": "Caerdydd 041D", "RUC21CD": "UN1", "RUC21NM": "Urban: Nearer to a major town or city", "population": 1585, "median_age": 36.5, "_lsoa_code": "W01001746", "wimd_rank": 912.0, "wimd_decile": 5.0, "wimd_norm": 0.52253668763102723, "share_flats": 0.17404580152671756, "share_terraced": 0.39236641221374047, "share_dense_housing": 0.20458015267175572, "share_no_car": 0.40396341463414637, "share_owned": 0.4222560975609756, "share_rented": 0.56707317073170727, "share_rent_free": 0.007621951219512195, "parking_constraint": 0.28029168993980019, "equity_proxy": 0.40141418878541368 }, "geometry": { "type": "Polygon", "coordinates": [ [ [ 314545.82727742404677, 176831.101911084260792 ], [ 314229.015331231057644, 176550.238397867244203 ], [ 314060.296254634391516, 176395.127287680399604 ], [ 313626.763270673167426, 176918.403815971279982 ], [ 314003.665625706664287, 177065.676697603717912 ], [ 314545.82727742404677, 176831.101911084260792 ] ] ] } },
{ "type": "Feature", "properties": { "LSOA21CD": "W01001747", "LSOA21NM": "Cardiff 027A", "LSOA21NMW": "Caerdydd 027A", "RUC21CD": "UN1", "RUC21NM": "Urban: Nearer to a major town or city", "population": 2079, "median_age": 38.2, "_lsoa_code": "W01001747", "wimd_rank": 1804.0, "wimd_decile": 10.0, "wimd_norm": 0.055031446540880505, "share_flats": 0.15617433414043583, "share_terraced": 0.36319612590799033, "share_dense_housing": 0.16222760290556901, "share_no_car": 0.16304347826086957, "share_owned": 0.7439613526570048, "share_rented": 0.25362318840579712, "share_rent_free": 0.0, "parking_constraint": 0.21258962931770595, "equity_proxy": 0.13381053792929323 }, "geometry": { "type": "Polygon", "coordinates": [ [ [ 313613.418018998228945, 179103.198388945660554 ], [ 314403.479654233262409, 178540.269698475312907 ], [ 314385.203821094240993, 178222.955247462436091 ], [ 314445.363556056749076, 177949.268560391152278 ], [ 314091.555564335722011, 178120.123992553679273 ], [ 314063.604255399666727, 178523.980286441743374 ], [ 313588.828660587547347, 178638.433178519480862 ], [ 313593.912650149723049, 178413.374505906598642 ], [ 313083.672366744838655, 178955.021151564433239 ], [ 313452.320930684276391, 179245.837176568049472 ], [ 313613.418018998228945, 179103.198388945660554 ] ] ] } },
{ "type": "Feature", "properties": { "LSOA21CD": "W01001748", "LSOA21NM": "Cardiff 027B", "LSOA21NMW": "Caerdydd 027B", "RUC21CD": "UN1", "RUC21NM": "Urban: Nearer to a major town or city", "population": 1581, "median_age": 39.3, "_lsoa_code": "W01001748", "wimd_rank": 1445.0, "wimd_decile": 8.0, "wimd_norm": 0.24318658280922431, "share_flats": 0.16512345679012347, "share_terraced": 0.30401234567901236, "share_dense_housing": 0.18518518518518517, "share_no_car": 0.2678018575851393, "share_owned": 0.61145510835913308, "share_rented": 0.37770897832817335, "share_rent_free": 0.0015479876160990713, "parking_constraint": 0.22793321357132848, "equity_proxy": 0.2355598981902764 }, "geometry": { "type": "Polygon", "coordinates": [ [ [ 314091.555564335722011, 178120.123992553679273 ], [ 313856.349226064921822, 177899.115282937127631 ], [ 313641.34136997902533, 178142.117486111761536 ], [ 313593.912650149723049, 178413.374505906598642 ], [ 313588.828660587547347, 178638.433178519480862 ], [ 314063.604255399666727, 178523.980286441743374 ], [ 314091.555564335722011, 178120.123992553679273 ] ] ] } },
{ "type": "Feature", "properties": { "LSOA21CD": "W01001749", "LSOA21NM": "Cardiff 027C", "LSOA21NMW": "Caerdydd 027C", "RUC21CD": "UN1", "RUC21NM": "Urban: Nearer to a major town or city", "population": 1656, "median_age": 37.8, "_lsoa_code": "W01001749", "wimd_rank": 917.0, "wimd_decile": 5.0, "wimd_norm": 0.51991614255765195, "share_flats": 0.16989567809239942, "share_terraced": 0.24590163934426229, "share_dense_housing": 0.17138599105812222, "share_no_car": 0.27421758569299554, "share_owned": 0.61698956780923997, "share_rented": 0.37555886736214605, "share_rent_free": 0.0044709388971684054, "parking_constraint": 0.2130153999006458, "equity_proxy": 0.36646577122914886 }, "geometry": { "type": "Polygon", "coordinates": [ [ [ 313593.912650149723049, 178413.374505906598642 ], [ 313641.34136997902533, 178142.117486111761536 ], [ 313424.233588054252323, 178241.326709637069143 ], [ 312838.688059144595172, 178108.725330040033441 ], [ 312952.074694324051961, 177826.447080930694938 ], [ 312923.167853571474552, 177750.180159488343634 ], [ 312603.764049633580726, 178244.796951060940046 ], [ 312956.546043276495766, 178300.165372208633926 ], [ 313083.672366744838655, 178955.021151564433239 ], [ 313593.912650149723049, 178413.374505906598642 ] ] ] } },
{ "type": "Feature", "properties": { "LSOA21CD": "W01001750", "LSOA21NM": "Cardiff 031A", "LSOA21NMW": "Caerdydd 031A", "RUC21CD": "UN1", "RUC21NM": "Urban: Nearer to a major town or city", "population": 1657, "median_age": 46.0, "_lsoa_code": "W01001750", "wimd_rank": 1173.0, "wimd_decile": 7.0, "wimd_norm": 0.38574423480083858, "share_flats": 0.40389294403892945, "share_terraced": 0.26399026763990269, "share_dense_housing": 0.41849148418491483, "share_no_car": 0.42251815980629542, "share_owned": 0.45586457073760578, "share_rented": 0.53446191051995162, "share_rent_free": 0.009673518742442563, "parking_constraint": 0.39818778433858881, "equity_proxy": 0.39196600956971372 }, "geometry": { "type": "Polygon", "coordinates": [ [ [ 313641.34136997902533, 178142.117486111761536 ], [ 313856.349226064921822, 177899.115282937127631 ], [ 314091.555564335722011, 178120.123992553679273 ], [ 314445.363556056749076, 177949.268560391152278 ], [ 314585.344144572154619, 177598.531778538890649 ], [ 314591.709872288862243, 177582.780937788949814 ], [ 314496.236758191953413, 177554.012458815821446 ], [ 313593.189076743205078, 177656.28958238294581 ], [ 313424.233588054252323, 178241.326709637069143 ], [ 313641.34136997902533, 178142.117486111761536 ] ] ] } },
{ "type": "Feature", "properties": { "LSOA21CD": "W01001751", "LSOA21NM": "Cardiff 027D", "LSOA21NMW": "Caerdydd 027D", "RUC21CD": "UN1", "RUC21NM": "Urban: Nearer to a major town or city", "population": 1986, "median_age": 31.6, "_lsoa_code": "W01001751", "wimd_rank": 423.0, "wimd_decile": 3.0, "wimd_norm": 0.77882599580712786, "share_flats": 0.52439024390243905, "share_terraced": 0.25, "share_dense_housing": 0.53658536585365857, "share_no_car": 0.40537240537240538, "share_owned": 0.35531135531135533, "share_rented": 0.63858363858363854, "share_rent_free": 0.004884004884004884, "parking_constraint": 0.48880302172985096, "equity_proxy": 0.63381450876848944 }, "geometry": { "type": "Polygon", "coordinates": [ [ [ 313593.189076743205078, 177656.28958238294581 ], [ 313433.300405541318469, 177437.161552396370098 ], [ 312952.074694324051961, 177826.447080930694938 ], [ 312838.688059144595172, 178108.725330040033441 ], [ 313424.233588054252323, 178241.326709637069143 ], [ 313593.189076743205078, 177656.28958238294581 ] ] ] } },
{ "type": "Feature", "properties": { "LSOA21CD": "W01001752", "LSOA21NM": "Cardiff 031B", "LSOA21NMW": "Caerdydd 031B", "RUC21CD": "UN1", "RUC21NM": "Urban: Nearer to a major town or city", "population": 1597, "median_age": 44.2, "_lsoa_code": "W01001752", "wimd_rank": 1868.0, "wimd_decile": 10.0, "wimd_norm": 0.021488469601677149, "share_flats": 0.031818181818181815, "share_terraced": 0.1393939393939394, "share_dense_housing": 0.040909090909090909, "share_no_car": 0.13787878787878788, "share_owned": 0.88787878787878793, "share_rented": 0.11212121212121212, "share_rent_free": 0.0, "parking_constraint": 0.067070707070707072, "equity_proxy": 0.044279588336192111 }, "geometry": { "type": "Polygon", "coordinates": [ [ [ 314496.236758191953413, 177554.012458815821446 ], [ 314177.683970195008442, 177553.871016710007098 ], [ 314003.665625706664287, 177065.676697603717912 ], [ 313626.763270673167426, 176918.403815971279982 ], [ 313525.241189646127168, 176958.245265802193899 ], [ 313433.300405541318469, 177437.161552396370098 ], [ 313593.189076743205078, 177656.28958238294581 ], [ 314496.236758191953413, 177554.012458815821446 ] ] ] } },
{ "type": "Feature", "properties": { "LSOA21CD": "W01001753", "LSOA21NM": "Cardiff 031C", "LSOA21NMW": "Caerdydd 031C", "RUC21CD": "UN1", "RUC21NM": "Urban: Nearer to a major town or city", "population": 1672, "median_age": 33.5, "_lsoa_code": "W01001753", "wimd_rank": 487.0, "wimd_decile": 3.0, "wimd_norm": 0.74528301886792447, "share_flats": 0.14263322884012539, "share_terraced": 0.4670846394984326, "share_dense_housing": 0.15673981191222572, "share_no_car": 0.30660377358490565, "share_owned": 0.42113564668769715, "share_rented": 0.57886435331230279, "share_rent_free": 0.0, "parking_constraint": 0.27038985525877729, "equity_proxy": 0.50783643706335091 }, "geometry": { "type": "Polygon", "coordinates": [ [ [ 313433.300405541318469, 177437.161552396370098 ], [ 313525.241189646127168, 176958.245265802193899 ], [ 313045.009331672103144, 177206.492296237847768 ], [ 312923.167853571474552, 177750.180159488343634 ], [ 312952.074694324051961, 177826.447080930694938 ], [ 313433.300405541318469, 177437.161552396370098 ] ] ] } },
{ "type": "Feature", "properties": { "LSOA21CD": "W01001754", "LSOA21NM": "Cardiff 031D", "LSOA21NMW": "Caerdydd 031D", "RUC21CD": "UN1", "RUC21NM": "Urban: Nearer to a major town or city", "population": 1737, "median_age": 45.2, "_lsoa_code": "W01001754", "wimd_rank": 1351.0, "wimd_decile": 8.0, "wimd_norm": 0.29245283018867924, "share_flats": 0.24716267339218159, "share_terraced": 0.20807061790668349, "share_dense_housing": 0.26481715006305168, "share_no_car": 0.23047858942065491, "share_owned": 0.79345088161209065, "share_rented": 0.20151133501259447, "share_rent_free": 0.0, "parking_constraint": 0.23914224273476037, "equity_proxy": 0.26579753646171977 }, "geometry": { "type": "Polygon", "coordinates": [ [ [ 314826.667415634146892, 177152.589477426139638 ], [ 314545.82727742404677, 176831.101911084260792 ], [ 314003.665625706664287, 177065.676697603717912 ], [ 314177.683970195008442, 177553.871016710007098 ], [ 314496.236758191953413, 177554.012458815821446 ], [ 314591.709872288862243, 177582.780937788949814 ], [ 314826.667415634146892, 177152.589477426139638 ] ] ] } },
{ "type": "Feature", "properties": { "LSOA21CD": "W01001755", "LSOA21NM": "Cardiff 025A", "LSOA21NMW": "Caerdydd 025A", "RUC21CD": "UN1", "RUC21NM": "Urban: Nearer to a major town or city", "population": 1632, "median_age": 28.8, "_lsoa_code": "W01001755", "wimd_rank": 1848.0, "wimd_decile": 10.0, "wimd_norm": 0.031970649895178199, "share_flats": 0.17084639498432602, "share_terraced": 0.63949843260188088, "share_dense_housing": 0.31974921630094044, "share_no_car": 0.23937007874015748, "share_owned": 0.45826771653543308, "share_rented": 0.53700787401574801, "share_rent_free": 0.0, "parking_constraint": 0.36303260681756472, "equity_proxy": 0.19750162835637147 }, "geometry": { "type": "Polygon", "coordinates": [ [ [ 317734.277290630387142, 178580.136146977485623 ], [ 317499.607584719546139, 178395.036924221669324 ], [ 317326.735257282678504, 178257.996972719207406 ], [ 317224.404722695238888, 178750.118810554384254 ], [ 317553.975630637258291, 178831.980904563330114 ], [ 317734.277290630387142, 178580.136146977485623 ] ] ] } },
{ "type": "Feature", "properties": { "LSOA21CD": "W01001756", "LSOA21NM": "Cardiff 025B", "LSOA21NMW": "Caerdydd 025B", "RUC21CD": "UN1", "RUC21NM": "Urban: Nearer to a major town or city", "population": 4337, "median_age": 19.7, "_lsoa_code": "W01001756", "wimd_rank": 543.0, "wimd_decile": 3.0, "wimd_norm": 0.71593291404612158, "share_flats": 0.1958266452648475, "share_terraced": 0.10272873194221509, "share_dense_housing": 0.23113964686998395, "share_no_car": 0.297427652733119, "share_owned": 0.47596153846153844, "share_rented": 0.51762820512820518, "share_rent_free": 0.00641025641025641, "parking_constraint": 0.23188493778381422, "equity_proxy": 0.47390892591496792 }, "geometry": { "type": "Polygon", "coordinates": [ [ [ 317224.404722695238888, 178750.118810554384254 ], [ 317326.735257282678504, 178257.996972719207406 ], [ 317386.419973977084737, 178090.838347704557236 ], [ 317269.515691556269303, 177995.592229508096352 ], [ 317076.903506467991974, 178056.607477819605265 ], [ 316144.815542183525395, 178255.609633223793935 ], [ 316419.945617478922941, 178749.240685360215139 ], [ 316915.887866441393271, 179101.730217647796962 ], [ 316983.652972875570413, 179147.974103685002774 ], [ 317224.404722695238888, 178750.118810554384254 ] ] ] } },
{ "type": "Feature", "properties": { "LSOA21CD": "W01001757", "LSOA21NM": "Cardiff 025C", "LSOA21NMW": "Caerdydd 025C", "RUC21CD": "UN1", "RUC21NM": "Urban: Nearer to a major town or city", "population": 1616, "median_age": 29.1, "_lsoa_code": "W01001757", "wimd_rank": 1328.0, "wimd_decile": 7.0, "wimd_norm": 0.30450733752620546, "share_flats": 0.18666666666666668, "share_terraced": 0.58333333333333337, "share_dense_housing": 0.365, "share_no_car": 0.2976588628762542, "share_owned": 0.48408710217755446, "share_rented": 0.5058626465661642, "share_rent_free": 0.0050251256281407036, "parking_constraint": 0.36800390843104408, "equity_proxy": 0.33625562297862477 }, "geometry": { "type": "Polygon", "coordinates": [ [ [ 317476.060527551686391, 179178.001244772225618 ], [ 317553.975630637258291, 178831.980904563330114 ], [ 317224.404722695238888, 178750.118810554384254 ], [ 316983.652972875570413, 179147.974103685002774 ], [ 317306.548927824827842, 179215.239719365083147 ], [ 317476.060527551686391, 179178.001244772225618 ] ] ] } },
{ "type": "Feature", "properties": { "LSOA21CD": "W01001758", "LSOA21NM": "Cardiff 025D", "LSOA21NMW": "Caerdydd 025D", "RUC21CD": "UN1", "RUC21NM": "Urban: Nearer to a major town or city", "population": 2439, "median_age": 23.5, "_lsoa_code": "W01001758", "wimd_rank": 1675.0, "wimd_decile": 9.0, "wimd_norm": 0.12264150943396226, "share_flats": 0.04573170731707317, "share_terraced": 0.77896341463414631, "share_dense_housing": 0.15701219512195122, "share_no_car": 0.24122137404580152, "share_owned": 0.47256097560975607, "share_rented": 0.52439024390243905, "share_rent_free": 0.0, "parking_constraint": 0.29329268292682925, "equity_proxy": 0.20796709618039577 }, "geometry": { "type": "Polygon", "coordinates": [ [ [ 317962.110690449480899, 179068.709366751310881 ], [ 317885.727965962782037, 178412.207742154190782 ], [ 317734.277290630387142, 178580.136146977485623 ], [ 317553.975630637258291, 178831.980904563330114 ], [ 317476.060527551686391, 179178.001244772225618 ], [ 317962.110690449480899, 179068.709366751310881 ] ] ] } },
{ "type": "Feature", "properties": { "LSOA21CD": "W01001759", "LSOA21NM": "Cardiff 046A", "LSOA21NMW": "Caerdydd 046A", "RUC21CD": "UN1", "RUC21NM": "Urban: Nearer to a major town or city", "population": 1685, "median_age": 37.7, "_lsoa_code": "W01001759", "wimd_rank": 1259.0, "wimd_decile": 7.0, "wimd_norm": 0.34067085953878407, "share_flats": 0.11798561151079137, "share_terraced": 0.4762589928057554, "share_dense_housing": 0.1251798561151079, "share_no_car": 0.24028776978417266, "share_owned": 0.64604316546762586, "share_rented": 0.34820143884892085, "share_rent_free": 0.0, "parking_constraint": 0.22273381294964026, "equity_proxy": 0.28170233624421215 }, "geometry": { "type": "Polygon", "coordinates": [ [ [ 317098.412286038219463, 175973.076952653529588 ], [ 317145.590765757195186, 175968.493543128366582 ], [ 317206.587176408967935, 175593.262705695058685 ], [ 317306.043349268846214, 175296.580932135111652 ], [ 317471.476668399875052, 175022.777986393368337 ], [ 317516.237343186046928, 174875.197382351616398 ], [ 316625.35960067610722, 173920.056530097383074 ], [ 316522.906748548499309, 173980.108437932794914 ], [ 316256.368637557083275, 174815.44715839944547 ], [ 316974.947248084004968, 175586.328113467083313 ], [ 316640.097270280530211, 176064.335951168555766 ], [ 317098.412286038219463, 175973.076952653529588 ] ] ] } },
{ "type": "Feature", "properties": { "LSOA21CD": "W01001760", "LSOA21NM": "Cardiff 046B", "LSOA21NMW": "Caerdydd 046B", "RUC21CD": "UN1", "RUC21NM": "Urban: Nearer to a major town or city", "population": 1712, "median_age": 35.8, "_lsoa_code": "W01001760", "wimd_rank": 1348.0, "wimd_decile": 8.0, "wimd_norm": 0.29402515723270439, "share_flats": 0.2359882005899705, "share_terraced": 0.26548672566371684, "share_dense_housing": 0.26696165191740412, "share_no_car": 0.29985228951255538, "share_owned": 0.60235640648011779, "share_rented": 0.39469808541973489, "share_rent_free": 0.0014727540500736377, "parking_constraint": 0.2733737073578329, "equity_proxy": 0.28369943229526862 }, "geometry": { "type": "Polygon", "coordinates": [ [ [ 318403.339825829607435, 174934.900834661733825 ], [ 318517.627716685237829, 174882.285752721654717 ], [ 318586.706457487365697, 174639.360308628936764 ], [ 318178.656885309494101, 174230.305777857196517 ], [ 318067.38668510626303, 174491.049873345531523 ], [ 318048.381991572096013, 174602.838220811914653 ], [ 318048.388440225389786, 174945.055883448454551 ], [ 318403.339825829607435, 174934.900834661733825 ] ] ] } },
{ "type": "Feature", "properties": { "LSOA21CD": "W01001761", "LSOA21NM": "Cardiff 046C", "LSOA21NMW": "Caerdydd 046C", "RUC21CD": "UN1", "RUC21NM": "Urban: Nearer to a major town or city", "population": 1884, "median_age": 33.6, "_lsoa_code": "W01001761", "wimd_rank": 814.0, "wimd_decile": 5.0, "wimd_norm": 0.57389937106918243, "share_flats": 0.18978102189781021, "share_terraced": 0.59416058394160587, "share_dense_housing": 0.32554744525547447, "share_no_car": 0.38686131386861317, "share_owned": 0.50145772594752192, "share_rented": 0.49271137026239065, "share_rent_free": 0.0043731778425655978, "parking_constraint": 0.3563031218744015, "equity_proxy": 0.46510124647179196 }, "geometry": { "type": "Polygon", "coordinates": [ [ [ 317590.723898524884135, 174948.741758803080302 ], [ 318014.92271652573254, 174973.247722574393265 ], [ 318048.388440225389786, 174945.055883448454551 ], [ 318048.381991572096013, 174602.838220811914653 ], [ 317583.383633262885269, 174640.048126049572602 ], [ 317516.237343186046928, 174875.197382351616398 ], [ 317471.476668399875052, 175022.777986393368337 ], [ 317590.723898524884135, 174948.741758803080302 ] ] ] } },
{ "type": "Feature", "properties": { "LSOA21CD": "W01001762", "LSOA21NM": "Cardiff 046D", "LSOA21NMW": "Caerdydd 046D", "RUC21CD": "UN1", "RUC21NM": "Urban: Nearer to a major town or city", "population": 1943, "median_age": 31.4, "_lsoa_code": "W01001762", "wimd_rank": 629.0, "wimd_decile": 4.0, "wimd_norm": 0.67085953878406712, "share_flats": 0.25669957686882933, "share_terraced": 0.44710860366713684, "share_dense_housing": 0.37235543018335682, "share_no_car": 0.39521800281293951, "share_owned": 0.379746835443038, "share_rented": 0.61040787623066106, "share_rent_free": 0.0056258790436005627, "parking_constraint": 0.38049443991491083, "equity_proxy": 0.52567698934948903 }, "geometry": { "type": "Polygon", "coordinates": [ [ [ 318048.381991572096013, 174602.838220811914653 ], [ 318067.38668510626303, 174491.049873345531523 ], [ 317799.385390821436886, 174378.04562275740318 ], [ 317952.017389076063409, 173945.987488096579909 ], [ 317686.640201838396024, 174080.526750986347906 ], [ 317583.383633262885269, 174640.048126049572602 ], [ 318048.381991572096013, 174602.838220811914653 ] ] ] } },
{ "type": "Feature", "properties": { "LSOA21CD": "W01001764", "LSOA21NM": "Cardiff 044A", "LSOA21NMW": "Caerdydd 044A", "RUC21CD": "UN1", "RUC21NM": "Urban: Nearer to a major town or city", "population": 2050, "median_age": 27.9, "_lsoa_code": "W01001764", "wimd_rank": 870.0, "wimd_decile": 5.0, "wimd_norm": 0.54454926624737943, "share_flats": 0.16666666666666666, "share_terraced": 0.58922558922558921, "share_dense_housing": 0.30303030303030304, "share_no_car": 0.37647058823529411, "share_owned": 0.45378151260504201, "share_rented": 0.54117647058823526, "share_rent_free": 0.0033613445378151263, "parking_constraint": 0.34656763715587252, "equity_proxy": 0.445558451701626 }, "geometry": { "type": "Polygon", "coordinates": [ [ [ 317472.102369531814475, 175914.010310176759958 ], [ 317990.588967092626262, 175844.172245569061488 ], [ 318042.090846767649055, 175250.656403965200298 ], [ 317770.805939965241123, 175621.075489447684959 ], [ 317639.241727945220191, 175817.033526694402099 ], [ 317206.587176408967935, 175593.262705695058685 ], [ 317145.590765757195186, 175968.493543128366582 ], [ 317472.102369531814475, 175914.010310176759958 ] ] ] } },
{ "type": "Feature", "properties": { "LSOA21CD": "W01001765", "LSOA21NM": "Cardiff 044B", "LSOA21NMW": "Caerdydd 044B", "RUC21CD": "UN1", "RUC21NM": "Urban: Nearer to a major town or city", "population": 1508, "median_age": 31.7, "_lsoa_code": "W01001765", "wimd_rank": 1225.0, "wimd_decile": 7.0, "wimd_norm": 0.35849056603773582, "share_flats": 0.11753371868978806, "share_terraced": 0.61849710982658956, "share_dense_housing": 0.25626204238921002, "share_no_car": 0.33333333333333331, "share_owned": 0.5684007707129094, "share_rented": 0.4277456647398844, "share_rent_free": 0.0019267822736030828, "parking_constraint": 0.30533076429030187, "equity_proxy": 0.33191066516401885 }, "geometry": { "type": "Polygon", "coordinates": [ [ [ 318042.090846767649055, 175250.656403965200298 ], [ 318403.339825829607435, 174934.900834661733825 ], [ 318048.388440225389786, 174945.055883448454551 ], [ 318014.92271652573254, 174973.247722574393265 ], [ 317703.390829571522772, 175220.055862721637823 ], [ 317673.393167901667766, 175477.057987663953099 ], [ 317770.805939965241123, 175621.075489447684959 ], [ 318042.090846767649055, 175250.656403965200298 ] ] ] } },
{ "type": "Feature", "properties": { "LSOA21CD": "W01001766", "LSOA21NM": "Cardiff 044C", "LSOA21NMW": "Caerdydd 044C", "RUC21CD": "UN1", "RUC21NM": "Urban: Nearer to a major town or city", "population": 1786, "median_age": 32.7, "_lsoa_code": "W01001766", "wimd_rank": 1286.0, "wimd_decile": 7.0, "wimd_norm": 0.32651991614255765, "share_flats": 0.08608321377331421, "share_terraced": 0.69727403156384504, "share_dense_housing": 0.15638450502152079, "share_no_car": 0.40719424460431652, "share_owned": 0.49784791965566716, "share_rented": 0.49497847919655669, "share_rent_free": 0.0028694404591104736, "parking_constraint": 0.28627450980392155, "equity_proxy": 0.30639721297323963 }, "geometry": { "type": "Polygon", "coordinates": [ [ [ 317770.805939965241123, 175621.075489447684959 ], [ 317673.393167901667766, 175477.057987663953099 ], [ 317306.043349268846214, 175296.580932135111652 ], [ 317206.587176408967935, 175593.262705695058685 ], [ 317639.241727945220191, 175817.033526694402099 ], [ 317770.805939965241123, 175621.075489447684959 ] ] ] } },
{ "type": "Feature", "properties": { "LSOA21CD": "W01001767", "LSOA21NM": "Cardiff 044D", "LSOA21NMW": "Caerdydd 044D", "RUC21CD": "UN1", "RUC21NM": "Urban: Nearer to a major town or city", "population": 1985, "median_age": 32.3, "_lsoa_code": "W01001767", "wimd_rank": 1308.0, "wimd_decile": 7.0, "wimd_norm": 0.31498951781970652, "share_flats": 0.17654986522911051, "share_terraced": 0.63611859838274931, "share_dense_housing": 0.26549865229110514, "share_no_car": 0.39189189189189189, "share_owned": 0.45540540540540542, "share_rented": 0.54054054054054057, "share_rent_free": 0.0027027027027027029, "parking_constraint": 0.34664529758869383, "equity_proxy": 0.33081740770420021 }, "geometry": { "type": "Polygon", "coordinates": [ [ [ 317703.390829571522772, 175220.055862721637823 ], [ 317590.723898524884135, 174948.741758803080302 ], [ 317471.476668399875052, 175022.777986393368337 ], [ 317306.043349268846214, 175296.580932135111652 ], [ 317673.393167901667766, 175477.057987663953099 ], [ 317703.390829571522772, 175220.055862721637823 ] ] ] } },
{ "type": "Feature", "properties": { "LSOA21CD": "W01001768", "LSOA21NM": "Cardiff 044E", "LSOA21NMW": "Caerdydd 044E", "RUC21CD": "UN1", "RUC21NM": "Urban: Nearer to a major town or city", "population": 1741, "median_age": 30.5, "_lsoa_code": "W01001768", "wimd_rank": 1313.0, "wimd_decile": 7.0, "wimd_norm": 0.31236897274633124, "share_flats": 0.098076923076923075, "share_terraced": 0.61538461538461542, "share_dense_housing": 0.28653846153846152, "share_no_car": 0.30725190839694655, "share_owned": 0.52207293666026866, "share_rented": 0.47600767754318618, "share_rent_free": 0.0019193857965451055, "parking_constraint": 0.31474974162114278, "equity_proxy": 0.31355935718373701 }, "geometry": { "type": "Polygon", "coordinates": [ [ [ 318014.92271652573254, 174973.247722574393265 ], [ 317590.723898524884135, 174948.741758803080302 ], [ 317703.390829571522772, 175220.055862721637823 ], [ 318014.92271652573254, 174973.247722574393265 ] ] ] } },
{ "type": "Feature", "properties": { "LSOA21CD": "W01001769", "LSOA21NM": "Cardiff 018A", "LSOA21NMW": "Caerdydd 018A", "RUC21CD": "UN1", "RUC21NM": "Urban: Nearer to a major town or city", "population": 1503, "median_age": 47.8, "_lsoa_code": "W01001769", "wimd_rank": 1875.0, "wimd_decile": 10.0, "wimd_norm": 0.01781970649895178, "share_flats": 0.032520325203252036, "share_terraced": 0.0, "share_dense_housing": 0.043902439024390241, "share_no_car": 0.078048780487804878, "share_owned": 0.93333333333333335, "share_rented": 0.063414634146341464, "share_rent_free": 0.0, "parking_constraint": 0.033929539295392948, "equity_proxy": 0.025874622897172364 }, "geometry": { "type": "Polygon", "coordinates": [ [ [ 318103.400538208894432, 180617.438796252303291 ], [ 318103.381759922020137, 180610.453035042970441 ], [ 318113.652934194891714, 180364.966291926277336 ], [ 318130.311452899710275, 180250.766170973656699 ], [ 317499.454139812209178, 180169.195289024210069 ], [ 317393.716981968958862, 180977.607911775296088 ], [ 318103.400538208894432, 180617.438796252303291 ] ] ] } },
{ "type": "Feature", "properties": { "LSOA21CD": "W01001770", "LSOA21NM": "Cardiff 018B", "LSOA21NMW": "Caerdydd 018B", "RUC21CD": "UN1", "RUC21NM": "Urban: Nearer to a major town or city", "population": 1136, "median_age": 43.3, "_lsoa_code": "W01001770", "wimd_rank": 1369.0, "wimd_decile": 8.0, "wimd_norm": 0.28301886792452829, "share_flats": 0.20162932790224034, "share_terraced": 0.14460285132382891, "share_dense_housing": 0.21995926680244399, "share_no_car": 0.23828920570264767, "share_owned": 0.64754098360655743, "share_rented": 0.33196721311475408, "share_rent_free": 0.0, "parking_constraint": 0.21371239691496113, "equity_proxy": 0.24836563241974471 }, "geometry": { "type": "Polygon", "coordinates": [ [ [ 318285.508339146152139, 179436.207729934190866 ], [ 318378.964816843799781, 178940.623510216246359 ], [ 317962.110690449480899, 179068.709366751310881 ], [ 317476.060527551686391, 179178.001244772225618 ], [ 317306.548927824827842, 179215.239719365083147 ], [ 317332.4067131516058, 179627.132669852871913 ], [ 317346.40006710018497, 180010.140913183626253 ], [ 317499.454139812209178, 180169.195289024210069 ], [ 318130.311452899710275, 180250.766170973656699 ], [ 318285.508339146152139, 179436.207729934190866 ] ] ] } },
{ "type": "Feature", "properties": { "LSOA21CD": "W01001771", "LSOA21NM": "Cardiff 018C", "LSOA21NMW": "Caerdydd 018C", "RUC21CD": "UN1", "RUC21NM": "Urban: Nearer to a major town or city", "population": 1723, "median_age": 42.9, "_lsoa_code": "W01001771", "wimd_rank": 1906.0, "wimd_decile": 10.0, "wimd_norm": 0.0015723270440251573, "share_flats": 0.11521418020679468, "share_terraced": 0.063515509601181686, "share_dense_housing": 0.12703101920236337, "share_no_car": 0.11686390532544379, "share_owned": 0.80148148148148146, "share_rented": 0.19555555555555557, "share_rent_free": 0.0014814814814814814, "parking_constraint": 0.11952557579736311, "equity_proxy": 0.060548951420694136 }, "geometry": { "type": "Polygon", "coordinates": [ [ [ 317393.716981968958862, 180977.607911775296088 ], [ 317499.454139812209178, 180169.195289024210069 ], [ 317346.40006710018497, 180010.140913183626253 ], [ 317056.595823640178423, 180294.816536068741698 ], [ 317082.376168510760181, 180761.16386246093316 ], [ 316749.20910571468994, 180740.271981124882586 ], [ 316722.957456165342592, 180973.676592946751043 ], [ 317034.576772482658271, 180986.614529181271791 ], [ 317393.716981968958862, 180977.607911775296088 ] ] ] } },
{ "type": "Feature", "properties": { "LSOA21CD": "W01001772", "LSOA21NM": "Cardiff 021A", "LSOA21NMW": "Caerdydd 021A", "RUC21CD": "UN1", "RUC21NM": "Urban: Nearer to a major town or city", "population": 1402, "median_age": 50.0, "_lsoa_code": "W01001772", "wimd_rank": 1650.0, "wimd_decile": 9.0, "wimd_norm": 0.13574423480083858, "share_flats": 0.0084602368866328256, "share_terraced": 0.071065989847715741, "share_dense_housing": 0.01015228426395939, "share_no_car": 0.11694915254237288, "share_owned": 0.91850594227504245, "share_rented": 0.07979626485568761, "share_rent_free": 0.0, "parking_constraint": 0.031056873667165568, "equity_proxy": 0.083400554234002069 }, "geometry": { "type": "Polygon", "coordinates": [ [ [ 316471.429902911244426, 180127.211086852592416 ], [ 316540.418406373006292, 179726.040470292384271 ], [ 316153.575134690850973, 180102.284918381483294 ], [ 315664.236171664262656, 180488.68029764801031 ], [ 315817.50129064405337, 180519.6289373266045 ], [ 316241.944971304619685, 180663.675718126643915 ], [ 316471.429902911244426, 180127.211086852592416 ] ] ] } },
{ "type": "Feature", "properties": { "LSOA21CD": "W01001773", "LSOA21NM": "Cardiff 012A", "LSOA21NMW": "Caerdydd 012A", "RUC21CD": "UN1", "RUC21NM": "Urban: Nearer to a major town or city", "population": 2741, "median_age": 37.9, "_lsoa_code": "W01001773", "wimd_rank": 1872.0, "wimd_decile": 10.0, "wimd_norm": 0.019392033542976941, "share_flats": 0.20076481835564053, "share_terraced": 0.27724665391969405, "share_dense_housing": 0.22370936902485661, "share_no_car": 0.15789473684210525, "share_owned": 0.69024856596558315, "share_rented": 0.30592734225621415, "share_rent_free": 0.00095602294455066918, "parking_constraint": 0.23773103887826641, "equity_proxy": 0.12856153621062166 }, "geometry": { "type": "Polygon", "coordinates": [ [ [ 317056.595823640178423, 180294.816536068741698 ], [ 316840.346898377756588, 180291.786704091355205 ], [ 316635.70655367418658, 180448.078181958815549 ], [ 316471.429902911244426, 180127.211086852592416 ], [ 316241.944971304619685, 180663.675718126643915 ], [ 316749.20910571468994, 180740.271981124882586 ], [ 317082.376168510760181, 180761.16386246093316 ], [ 317056.595823640178423, 180294.816536068741698 ] ] ] } },
{ "type": "Feature", "properties": { "LSOA21CD": "W01001774", "LSOA21NM": "Cardiff 018D", "LSOA21NMW": "Caerdydd 018D", "RUC21CD": "UN1", "RUC21NM": "Urban: Nearer to a major town or city", "population": 1422, "median_age": 45.7, "_lsoa_code": "W01001774", "wimd_rank": 1891.0, "wimd_decile": 10.0, "wimd_norm": 0.009433962264150943, "share_flats": 0.0, "share_terraced": 0.0093984962406015032, "share_dense_housing": 0.0075187969924812026, "share_no_car": 0.071428571428571425, "share_owned": 0.92627599243856329, "share_rented": 0.073724007561436669, "share_rent_free": 0.0, "parking_constraint": 0.014215832587138924, "equity_proxy": 0.011824897425644933 }, "geometry": { "type": "Polygon", "coordinates": [ [ [ 317346.40006710018497, 180010.140913183626253 ], [ 317332.4067131516058, 179627.132669852871913 ], [ 316840.13387380365748, 179839.184790560335387 ], [ 316840.346898377756588, 180291.786704091355205 ], [ 317056.595823640178423, 180294.816536068741698 ], [ 317346.40006710018497, 180010.140913183626253 ] ] ] } },
{ "type": "Feature", "properties": { "LSOA21CD": "W01001775", "LSOA21NM": "Cardiff 021B", "LSOA21NMW": "Caerdydd 021B", "RUC21CD": "UN1", "RUC21NM": "Urban: Nearer to a major town or city", "population": 1736, "median_age": 38.9, "_lsoa_code": "W01001775", "wimd_rank": 1778.0, "wimd_decile": 10.0, "wimd_norm": 0.068658280922431869, "share_flats": 0.10466760961810467, "share_terraced": 0.58132956152758131, "share_dense_housing": 0.15700141442715701, "share_no_car": 0.17329545454545456, "share_owned": 0.73408769448373412, "share_rented": 0.26449787835926447, "share_rent_free": 0.0, "parking_constraint": 0.23875530410183873, "equity_proxy": 0.15370679251213532 }, "geometry": { "type": "Polygon", "coordinates": [ [ [ 316840.346898377756588, 180291.786704091355205 ], [ 316840.13387380365748, 179839.184790560335387 ], [ 316829.549864337430336, 179379.209926798997913 ], [ 316540.418406373006292, 179726.040470292384271 ], [ 316471.429902911244426, 180127.211086852592416 ], [ 316635.70655367418658, 180448.078181958815549 ], [ 316840.346898377756588, 180291.786704091355205 ] ] ] } },
{ "type": "Feature", "properties": { "LSOA21CD": "W01001776", "LSOA21NM": "Cardiff 021C", "LSOA21NMW": "Caerdydd 021C", "RUC21CD": "UN1", "RUC21NM": "Urban: Nearer to a major town or city", "population": 1369, "median_age": 42.3, "_lsoa_code": "W01001776", "wimd_rank": 1782.0, "wimd_decile": 10.0, "wimd_norm": 0.066561844863731651, "share_flats": 0.01160541586073501, "share_terraced": 0.12959381044487428, "share_dense_housing": 0.059961315280464215, "share_no_car": 0.11776061776061776, "share_owned": 0.85328185328185324, "share_rented": 0.14092664092664092, "share_rent_free": 0.0, "parking_constraint": 0.068564557926260053, "equity_proxy": 0.067563201394995859 }, "geometry": { "type": "Polygon", "coordinates": [ [ [ 317332.4067131516058, 179627.132669852871913 ], [ 317306.548927824827842, 179215.239719365083147 ], [ 316983.652972875570413, 179147.974103685002774 ], [ 316915.887866441393271, 179101.730217647796962 ], [ 316877.897477144491859, 179232.130747920833528 ], [ 316829.549864337430336, 179379.209926798997913 ], [ 316840.13387380365748, 179839.184790560335387 ], [ 317332.4067131516058, 179627.132669852871913 ] ] ] } },
{ "type": "Feature", "properties": { "LSOA21CD": "W01001777", "LSOA21NM": "Cardiff 001A", "LSOA21NMW": "Caerdydd 001A", "RUC21CD": "UN1", "RUC21NM": "Urban: Nearer to a major town or city", "population": 2665, "median_age": 41.7, "_lsoa_code": "W01001777", "wimd_rank": 1378.0, "wimd_decile": 8.0, "wimd_norm": 0.27830188679245282, "share_flats": 0.093088857545839204, "share_terraced": 0.019746121297602257, "share_dense_housing": 0.10719322990126939, "share_no_car": 0.056497175141242938, "share_owned": 0.88152327221438642, "share_rented": 0.11706629055007052, "share_rent_free": 0.0, "parking_constraint": 0.086318758815232724, "equity_proxy": 0.18231032280384277 }, "geometry": { "type": "Polygon", "coordinates": [ [ [ 320182.540921742445789, 184268.958983290067408 ], [ 319956.039614626672119, 183856.59551038761856 ], [ 320207.995980423234869, 183585.356815604958683 ], [ 320408.780347568914294, 183282.892544603848364 ], [ 319685.584955054277088, 182847.955591535079293 ], [ 319792.624220406403765, 182021.62250992632471 ], [ 319699.302422923326958, 182060.632127654913347 ], [ 319173.662036745925434, 182174.532194258004893 ], [ 318244.830426095286384, 182585.38433919014642 ], [ 318488.97290735761635, 183538.415506094344892 ], [ 318883.740783349261619, 183576.566962246957701 ], [ 319136.485221740207635, 184089.757785341644194 ], [ 319282.505881041637622, 185168.181893076747656 ], [ 319854.748479930916801, 184939.516772977774963 ], [ 320182.540921742445789, 184268.958983290067408 ] ] ] } },
{ "type": "Feature", "properties": { "LSOA21CD": "W01001778", "LSOA21NM": "Cardiff 001B", "LSOA21NMW": "Caerdydd 001B", "RUC21CD": "UN1", "RUC21NM": "Urban: Nearer to a major town or city", "population": 1733, "median_age": 52.4, "_lsoa_code": "W01001778", "wimd_rank": 1558.0, "wimd_decile": 9.0, "wimd_norm": 0.18396226415094338, "share_flats": 0.029154518950437316, "share_terraced": 0.014577259475218658, "share_dense_housing": 0.034985422740524783, "share_no_car": 0.056521739130434782, "share_owned": 0.93740902474526933, "share_rented": 0.061135371179039298, "share_rent_free": 0.0, "parking_constraint": 0.032446815282569673, "equity_proxy": 0.10820453971675653 }, "geometry": { "type": "Polygon", "coordinates": [ [ [ 318244.830426095286384, 182585.38433919014642 ], [ 317991.736580293916631, 182733.339536146377213 ], [ 317697.949569190270267, 183598.857255830313079 ], [ 316710.819150223338511, 183497.387432430638 ], [ 316421.046737647848204, 183338.315204946615268 ], [ 316221.413660596648697, 184144.285308545280714 ], [ 315793.325998063781299, 184307.488904091878794 ], [ 316708.625833783706184, 184732.789202335989103 ], [ 319282.505881041637622, 185168.181893076747656 ], [ 319136.485221740207635, 184089.757785341644194 ], [ 318883.740783349261619, 183576.566962246957701 ], [ 318488.97290735761635, 183538.415506094344892 ], [ 318244.830426095286384, 182585.38433919014642 ] ] ] } },
{ "type": "Feature", "properties": { "LSOA21CD": "W01001779", "LSOA21NM": "Cardiff 026A", "LSOA21NMW": "Caerdydd 026A", "RUC21CD": "UN1", "RUC21NM": "Urban: Nearer to a major town or city", "population": 1581, "median_age": 47.7, "_lsoa_code": "W01001779", "wimd_rank": 1864.0, "wimd_decile": 10.0, "wimd_norm": 0.02358490566037736, "share_flats": 0.19097744360902255, "share_terraced": 0.23759398496240602, "share_dense_housing": 0.24360902255639097, "share_no_car": 0.15837104072398189, "share_owned": 0.79969879518072284, "share_rented": 0.19427710843373494, "share_rent_free": 0.0, "parking_constraint": 0.21828456683878372, "equity_proxy": 0.12093473624958054 }, "geometry": { "type": "Polygon", "coordinates": [ [ [ 315207.376236502081156, 177546.113339938805439 ], [ 315127.368495835456997, 177974.122264684410766 ], [ 314585.344144572154619, 177598.531778538890649 ], [ 314445.363556056749076, 177949.268560391152278 ], [ 314385.203821094240993, 178222.955247462436091 ], [ 315034.580401877930854, 178109.387591690057889 ], [ 315196.895501159538981, 178417.832205592014361 ], [ 315542.680812284583226, 178459.23093962384155 ], [ 315207.376236502081156, 177546.113339938805439 ] ] ] } },
{ "type": "Feature", "properties": { "LSOA21CD": "W01001780", "LSOA21NM": "Cardiff 026B", "LSOA21NMW": "Caerdydd 026B", "RUC21CD": "UN1", "RUC21NM": "Urban: Nearer to a major town or city", "population": 1660, "median_age": 44.2, "_lsoa_code": "W01001780", "wimd_rank": 1903.0, "wimd_decile": 10.0, "wimd_norm": 0.0031446540880503146, "share_flats": 0.10197368421052631, "share_terraced": 0.15625, "share_dense_housing": 0.10526315789473684, "share_no_car": 0.11986863711001643, "share_owned": 0.81188118811881194, "share_rented": 0.17491749174917492, "share_rent_free": 0.0033003300330033004, "parking_constraint": 0.12365127960164439, "equity_proxy": 0.063397966844847359 }, "geometry": { "type": "Polygon", "coordinates": [ [ [ 314623.987986666732468, 178977.666687166725751 ], [ 315196.895501159538981, 178417.832205592014361 ], [ 315034.580401877930854, 178109.387591690057889 ], [ 314385.203821094240993, 178222.955247462436091 ], [ 314403.479654233262409, 178540.269698475312907 ], [ 314194.273724042985123, 179136.516288823448122 ], [ 313928.132578142220154, 179035.809822098293807 ], [ 314320.183231414644979, 179369.594814668293111 ], [ 314623.987986666732468, 178977.666687166725751 ] ] ] } },
{ "type": "Feature", "properties": { "LSOA21CD": "W01001781", "LSOA21NM": "Cardiff 026C", "LSOA21NMW": "Caerdydd 026C", "RUC21CD": "UN1", "RUC21NM": "Urban: Nearer to a major town or city", "population": 1756, "median_age": 49.0, "_lsoa_code": "W01001781", "wimd_rank": 1844.0, "wimd_decile": 10.0, "wimd_norm": 0.034067085953878404, "share_flats": 0.32320777642770354, "share_terraced": 0.12029161603888214, "share_dense_housing": 0.44106925880923453, "share_no_car": 0.23722627737226276, "share_owned": 0.70303030303030301, "share_rented": 0.29575757575757577, "share_rent_free": 0.0012121212121212121, "parking_constraint": 0.31825167838776591, "equity_proxy": 0.17615938217082217 }, "geometry": { "type": "Polygon", "coordinates": [ [ [ 315685.218998408527113, 178394.499332255742047 ], [ 316144.815542183525395, 178255.609633223793935 ], [ 315817.57689200603636, 177717.881222029682249 ], [ 316313.280469598539639, 177307.990507245005574 ], [ 316278.034998440300114, 177296.352147085475735 ], [ 315698.630422543967143, 177393.59190117235994 ], [ 315438.354466453485657, 177398.471305333834607 ], [ 315099.817750626127236, 177357.866829999082256 ], [ 315207.376236502081156, 177546.113339938805439 ], [ 315542.680812284583226, 178459.23093962384155 ], [ 315685.218998408527113, 178394.499332255742047 ] ] ] } },
{ "type": "Feature", "properties": { "LSOA21CD": "W01001782", "LSOA21NM": "Cardiff 026D", "LSOA21NMW": "Caerdydd 026D", "RUC21CD": "UN1", "RUC21NM": "Urban: Nearer to a major town or city", "population": 1532, "median_age": 45.9, "_lsoa_code": "W01001782", "wimd_rank": 1884.0, "wimd_decile": 10.0, "wimd_norm": 0.01310272536687631, "share_flats": 0.0034071550255536627, "share_terraced": 0.16524701873935263, "share_dense_housing": 0.044293015332197615, "share_no_car": 0.085178875638841564, "share_owned": 0.92320819112627983, "share_rented": 0.076791808873720141, "share_rent_free": 0.0, "parking_constraint": 0.05918836838361697, "equity_proxy": 0.03614554687524664 }, "geometry": { "type": "Polygon", "coordinates": [ [ [ 315207.376236502081156, 177546.113339938805439 ], [ 315099.817750626127236, 177357.866829999082256 ], [ 315438.354466453485657, 177398.471305333834607 ], [ 315216.379721337230876, 177330.95402582740644 ], [ 314826.667415634146892, 177152.589477426139638 ], [ 314591.709872288862243, 177582.780937788949814 ], [ 314585.344144572154619, 177598.531778538890649 ], [ 315127.368495835456997, 177974.122264684410766 ], [ 315207.376236502081156, 177546.113339938805439 ] ] ] } },
{ "type": "Feature", "properties": { "LSOA21CD": "W01001783", "LSOA21NM": "Cardiff 026E", "LSOA21NMW": "Caerdydd 026E", "RUC21CD": "UN1", "RUC21NM": "Urban: Nearer to a major town or city", "population": 1257, "median_age": 45.7, "_lsoa_code": "W01001783", "wimd_rank": 1908.0, "wimd_decile": 10.0, "wimd_norm": 0.00052410901467505244, "share_flats": 0.0, "share_terraced": 0.099601593625498003, "share_dense_housing": 0.0019920318725099601, "share_no_car": 0.087649402390438252, "share_owned": 0.87450199203187251, "share_rented": 0.12151394422310757, "share_rent_free": 0.0, "parking_constraint": 0.036786188579017269, "equity_proxy": 0.018655148796846162 }, "geometry": { "type": "Polygon", "coordinates": [ [ [ 314320.183231414644979, 179369.594814668293111 ], [ 313928.132578142220154, 179035.809822098293807 ], [ 313613.418018998228945, 179103.198388945660554 ], [ 313452.320930684276391, 179245.837176568049472 ], [ 313381.559445700491779, 179297.42280181159731 ], [ 313925.78531243908219, 179634.427497339609545 ], [ 314320.183231414644979, 179369.594814668293111 ] ] ] } },
{ "type": "Feature", "properties": { "LSOA21CD": "W01001784", "LSOA21NM": "Cardiff 026F", "LSOA21NMW": "Caerdydd 026F", "RUC21CD": "UN1", "RUC21NM": "Urban: Nearer to a major town or city", "population": 1297, "median_age": 43.5, "_lsoa_code": "W01001784", "wimd_rank": 1892.0, "wimd_decile": 10.0, "wimd_norm": 0.0089098532494758902, "share_flats": 0.10608695652173913, "share_terraced": 0.10956521739130434, "share_dense_housing": 0.11304347826086956, "share_no_car": 0.15304347826086956, "share_owned": 0.84173913043478266, "share_rented": 0.14956521739130435, "share_rent_free": 0.0017391304347826088, "parking_constraint": 0.11489855072463767, "equity_proxy": 0.061904201987056783 }, "geometry": { "type": "Polygon", "coordinates": [ [ [ 314403.479654233262409, 178540.269698475312907 ], [ 313613.418018998228945, 179103.198388945660554 ], [ 313928.132578142220154, 179035.809822098293807 ], [ 314194.273724042985123, 179136.516288823448122 ], [ 314403.479654233262409, 178540.269698475312907 ] ] ] } },
{ "type": "Feature", "properties": { "LSOA21CD": "W01001785", "LSOA21NM": "Cardiff 023A", "LSOA21NMW": "Caerdydd 023A", "RUC21CD": "UN1", "RUC21NM": "Urban: Nearer to a major town or city", "population": 1231, "median_age": 38.5, "_lsoa_code": "W01001785", "wimd_rank": 1202.0, "wimd_decile": 7.0, "wimd_norm": 0.37054507337526205, "share_flats": 0.068322981366459631, "share_terraced": 0.2608695652173913, "share_dense_housing": 0.074534161490683232, "share_no_car": 0.29521829521829523, "share_owned": 0.44927536231884058, "share_rented": 0.54037267080745344, "share_rent_free": 0.0082815734989648039, "parking_constraint": 0.17184265010351965, "equity_proxy": 0.27119386173939086 }, "geometry": { "type": "Polygon", "coordinates": [ [ [ 315903.554826455772854, 179225.478463689796627 ], [ 316033.774398460111115, 178887.584160427562892 ], [ 315685.36904968705494, 178805.135118262318429 ], [ 315377.24536906305002, 178862.4270114665851 ], [ 315487.799843635235447, 179108.787522457307205 ], [ 315615.842766835179646, 179281.813928138988558 ], [ 315663.024389953818172, 179347.398888159019407 ], [ 315903.554826455772854, 179225.478463689796627 ] ] ] } },
{ "type": "Feature", "properties": { "LSOA21CD": "W01001786", "LSOA21NM": "Cardiff 023B", "LSOA21NMW": "Caerdydd 023B", "RUC21CD": "UN1", "RUC21NM": "Urban: Nearer to a major town or city", "population": 1530, "median_age": 40.8, "_lsoa_code": "W01001786", "wimd_rank": 1519.0, "wimd_decile": 8.0, "wimd_norm": 0.20440251572327045, "share_flats": 0.043269230769230768, "share_terraced": 0.43108974358974361, "share_dense_housing": 0.070512820512820512, "share_no_car": 0.20192307692307693, "share_owned": 0.7516025641025641, "share_rented": 0.24519230769230768, "share_rent_free": 0.0016025641025641025, "parking_constraint": 0.15683760683760684, "equity_proxy": 0.18062006128043864 }, "geometry": { "type": "Polygon", "coordinates": [ [ [ 315685.36904968705494, 178805.135118262318429 ], [ 315685.218998408527113, 178394.499332255742047 ], [ 315542.680812284583226, 178459.23093962384155 ], [ 315196.895501159538981, 178417.832205592014361 ], [ 314623.987986666732468, 178977.666687166725751 ], [ 315119.860108499531634, 178976.278424821037333 ], [ 315487.799843635235447, 179108.787522457307205 ], [ 315377.24536906305002, 178862.4270114665851 ], [ 315685.36904968705494, 178805.135118262318429 ] ] ] } },
{ "type": "Feature", "properties": { "LSOA21CD": "W01001787", "LSOA21NM": "Cardiff 023C", "LSOA21NMW": "Caerdydd 023C", "RUC21CD": "UN1", "RUC21NM": "Urban: Nearer to a major town or city", "population": 1430, "median_age": 37.6, "_lsoa_code": "W01001787", "wimd_rank": 497.0, "wimd_decile": 3.0, "wimd_norm": 0.74004192872117402, "share_flats": 0.057620817843866169, "share_terraced": 0.042750929368029739, "share_dense_housing": 0.076208178438661706, "share_no_car": 0.26208178438661711, "share_owned": 0.59554730983302406, "share_rented": 0.39517625231910947, "share_rent_free": 0.0074211502782931356, "parking_constraint": 0.10585001827699651, "equity_proxy": 0.42294597349908525 }, "geometry": { "type": "Polygon", "coordinates": [ [ [ 316915.887866441393271, 179101.730217647796962 ], [ 316419.945617478922941, 178749.240685360215139 ], [ 316033.774398460111115, 178887.584160427562892 ], [ 315903.554826455772854, 179225.478463689796627 ], [ 316325.959070681128651, 179176.356559358013328 ], [ 316877.897477144491859, 179232.130747920833528 ], [ 316915.887866441393271, 179101.730217647796962 ] ] ] } },
{ "type": "Feature", "properties": { "LSOA21CD": "W01001788", "LSOA21NM": "Cardiff 023D", "LSOA21NMW": "Caerdydd 023D", "RUC21CD": "UN1", "RUC21NM": "Urban: Nearer to a major town or city", "population": 1662, "median_age": 36.8, "_lsoa_code": "W01001788", "wimd_rank": 1033.0, "wimd_decile": 6.0, "wimd_norm": 0.45911949685534592, "share_flats": 0.28389154704944181, "share_terraced": 0.14035087719298245, "share_dense_housing": 0.3094098883572568, "share_no_car": 0.30143540669856461, "share_owned": 0.46411483253588515, "share_rented": 0.52472089314194581, "share_rent_free": 0.0079744816586921844, "parking_constraint": 0.29580010632642212, "equity_proxy": 0.37745980159088399 }, "geometry": { "type": "Polygon", "coordinates": [ [ [ 316419.945617478922941, 178749.240685360215139 ], [ 316144.815542183525395, 178255.609633223793935 ], [ 315685.218998408527113, 178394.499332255742047 ], [ 315685.36904968705494, 178805.135118262318429 ], [ 316033.774398460111115, 178887.584160427562892 ], [ 316419.945617478922941, 178749.240685360215139 ] ] ] } },
{ "type": "Feature", "properties": { "LSOA21CD": "W01001789", "LSOA21NM": "Cardiff 023E", "LSOA21NMW": "Caerdydd 023E", "RUC21CD": "UN1", "RUC21NM": "Urban: Nearer to a major town or city", "population": 1540, "median_age": 40.9, "_lsoa_code": "W01001789", "wimd_rank": 1854.0, "wimd_decile": 10.0, "wimd_norm": 0.028825995807127882, "share_flats": 0.16574585635359115, "share_terraced": 0.57320441988950277, "share_dense_housing": 0.23618784530386741, "share_no_car": 0.22176308539944903, "share_owned": 0.73342541436464093, "share_rented": 0.26519337016574585, "share_rent_free": 0.0, "parking_constraint": 0.28397790055248617, "equity_proxy": 0.15640194817980702 }, "geometry": { "type": "Polygon", "coordinates": [ [ [ 314647.305731770407874, 179614.101455238240305 ], [ 314888.171638090047054, 179571.121704876015428 ], [ 315108.047532353783026, 179519.919509118772112 ], [ 314899.992086583573837, 179122.437248056347016 ], [ 315119.860108499531634, 178976.278424821037333 ], [ 314623.987986666732468, 178977.666687166725751 ], [ 314320.183231414644979, 179369.594814668293111 ], [ 313925.78531243908219, 179634.427497339609545 ], [ 314067.577440910041332, 179872.082805878890213 ], [ 314647.305731770407874, 179614.101455238240305 ] ] ] } },
{ "type": "Feature", "properties": { "LSOA21CD": "W01001790", "LSOA21NM": "Cardiff 023F", "LSOA21NMW": "Caerdydd 023F", "RUC21CD": "UN1", "RUC21NM": "Urban: Nearer to a major town or city", "population": 1275, "median_age": 39.5, "_lsoa_code": "W01001790", "wimd_rank": 1256.0, "wimd_decile": 7.0, "wimd_norm": 0.34224318658280922, "share_flats": 0.066390041493775934, "share_terraced": 0.24896265560165975, "share_dense_housing": 0.070539419087136929, "share_no_car": 0.20539419087136929, "share_owned": 0.65217391304347827, "share_rented": 0.33954451345755693, "share_rent_free": 0.0, "parking_constraint": 0.14070828644164382, "equity_proxy": 0.24147573651222654 }, "geometry": { "type": "Polygon", "coordinates": [ [ [ 315615.842766835179646, 179281.813928138988558 ], [ 315487.799843635235447, 179108.787522457307205 ], [ 315119.860108499531634, 178976.278424821037333 ], [ 314899.992086583573837, 179122.437248056347016 ], [ 315108.047532353783026, 179519.919509118772112 ], [ 315615.842766835179646, 179281.813928138988558 ] ] ] } },
{ "type": "Feature", "properties": { "LSOA21CD": "W01001791", "LSOA21NM": "Cardiff 005A", "LSOA21NMW": "Caerdydd 005A", "RUC21CD": "UN1", "RUC21NM": "Urban: Nearer to a major town or city", "population": 1933, "median_age": 47.0, "_lsoa_code": "W01001791", "wimd_rank": 1542.0, "wimd_decile": 9.0, "wimd_norm": 0.19234800838574423, "share_flats": 0.31220657276995306, "share_terraced": 0.12676056338028169, "share_dense_housing": 0.34741784037558687, "share_no_car": 0.23736780258519388, "share_owned": 0.77166276346604212, "share_rented": 0.22131147540983606, "share_rent_free": 0.0, "parking_constraint": 0.2747351137792145, "equity_proxy": 0.23354156108247937 }, "geometry": { "type": "Polygon", "coordinates": [ [ [ 319003.637336739629973, 181823.786704649101011 ], [ 318941.623551754630171, 181559.269477036781609 ], [ 318116.71782194415573, 181330.958959441515617 ], [ 317935.791893489542417, 181587.56699517602101 ], [ 317221.369300897698849, 181122.171972639567684 ], [ 317223.356735548004508, 181570.18210480408743 ], [ 317351.081752415571827, 181723.385913150967099 ], [ 317790.832232820335776, 181869.939983728923835 ], [ 317774.652042875532061, 182142.937839368649293 ], [ 319003.637336739629973, 181823.786704649101011 ] ] ] } },
{ "type": "Feature", "properties": { "LSOA21CD": "W01001792", "LSOA21NM": "Cardiff 005B", "LSOA21NMW": "Caerdydd 005B", "RUC21CD": "UN1", "RUC21NM": "Urban: Nearer to a major town or city", "population": 1652, "median_age": 38.9, "_lsoa_code": "W01001792", "wimd_rank": 673.0, "wimd_decile": 4.0, "wimd_norm": 0.64779874213836475, "share_flats": 0.2183406113537118, "share_terraced": 0.14119359534206696, "share_dense_housing": 0.22852983988355166, "share_no_car": 0.22416302765647744, "share_owned": 0.58163265306122447, "share_rented": 0.40233236151603496, "share_rent_free": 0.011661807580174927, "parking_constraint": 0.23083985101630589, "equity_proxy": 0.43931929657733532 }, "geometry": { "type": "Polygon", "coordinates": [ [ [ 318116.71782194415573, 181330.958959441515617 ], [ 318103.400538208894432, 180617.438796252303291 ], [ 317393.716981968958862, 180977.607911775296088 ], [ 317034.576772482658271, 180986.614529181271791 ], [ 317107.15293644007761, 181114.280982273397967 ], [ 317221.369300897698849, 181122.171972639567684 ], [ 317935.791893489542417, 181587.56699517602101 ], [ 318116.71782194415573, 181330.958959441515617 ] ] ] } },
{ "type": "Feature", "properties": { "LSOA21CD": "W01001793", "LSOA21NM": "Cardiff 002A", "LSOA21NMW": "Caerdydd 002A", "RUC21CD": "UN1", "RUC21NM": "Urban: Nearer to a major town or city", "population": 1357, "median_age": 41.2, "_lsoa_code": "W01001793", "wimd_rank": 1826.0, "wimd_decile": 10.0, "wimd_norm": 0.043501048218029352, "share_flats": 0.086115992970123026, "share_terraced": 0.24780316344463971, "share_dense_housing": 0.087873462214411252, "share_no_car": 0.075571177504393669, "share_owned": 0.75880281690140849, "share_rented": 0.22007042253521128, "share_rent_free": 0.0, "parking_constraint": 0.1368998407551342, "equity_proxy": 0.090200444486581779 }, "geometry": { "type": "Polygon", "coordinates": [ [ [ 317504.053231935016811, 182857.541388374520466 ], [ 317200.26565292023588, 183344.863622859760653 ], [ 316710.819150223338511, 183497.387432430638 ], [ 317697.949569190270267, 183598.857255830313079 ], [ 317504.053231935016811, 182857.541388374520466 ] ] ] } },
{ "type": "Feature", "properties": { "LSOA21CD": "W01001794", "LSOA21NM": "Cardiff 001C", "LSOA21NMW": "Caerdydd 001C", "RUC21CD": "UN1", "RUC21NM": "Urban: Nearer to a major town or city", "population": 1410, "median_age": 39.7, "_lsoa_code": "W01001794", "wimd_rank": 1870.0, "wimd_decile": 10.0, "wimd_norm": 0.020440251572327043, "share_flats": 0.0016339869281045752, "share_terraced": 0.47875816993464054, "share_dense_housing": 0.0032679738562091504, "share_no_car": 0.10620915032679738, "share_owned": 0.73529411764705888, "share_rented": 0.26143790849673204, "share_rent_free": 0.0, "parking_constraint": 0.13224400871459693, "equity_proxy": 0.076342130143461986 }, "geometry": { "type": "Polygon", "coordinates": [ [ [ 317991.736580293916631, 182733.339536146377213 ], [ 317878.302492841379717, 182651.39234533382114 ], [ 317537.328098794969264, 182874.17832188855391 ], [ 317504.053231935016811, 182857.541388374520466 ], [ 317697.949569190270267, 183598.857255830313079 ], [ 317991.736580293916631, 182733.339536146377213 ] ] ] } },
{ "type": "Feature", "properties": { "LSOA21CD": "W01001795", "LSOA21NM": "Cardiff 002B", "LSOA21NMW": "Caerdydd 002B", "RUC21CD": "UN1", "RUC21NM": "Urban: Nearer to a major town or city", "population": 1540, "median_age": 42.6, "_lsoa_code": "W01001795", "wimd_rank": 1900.0, "wimd_decile": 10.0, "wimd_norm": 0.0047169811320754715, "share_flats": 0.04725609756097561, "share_terraced": 0.35670731707317072, "share_dense_housing": 0.04878048780487805, "share_no_car": 0.09465648854961832, "share_owned": 0.76371951219512191, "share_rented": 0.21646341463414634, "share_rent_free": 0.0015243902439024391, "parking_constraint": 0.13221544715447156, "equity_proxy": 0.068466214143273516 }, "geometry": { "type": "Polygon", "coordinates": [ [ [ 317200.26565292023588, 183344.863622859760653 ], [ 317367.635559455258772, 182796.147679795220029 ], [ 316919.310336961818393, 182800.326763128337916 ], [ 316416.288782204152085, 182905.024170356453396 ], [ 316421.046737647848204, 183338.315204946615268 ], [ 316710.819150223338511, 183497.387432430638 ], [ 317200.26565292023588, 183344.863622859760653 ] ] ] } },
{ "type": "Feature", "properties": { "LSOA21CD": "W01001796", "LSOA21NM": "Cardiff 002C", "LSOA21NMW": "Caerdydd 002C", "RUC21CD": "UN1", "RUC21NM": "Urban: Nearer to a major town or city", "population": 1377, "median_age": 44.6, "_lsoa_code": "W01001796", "wimd_rank": 1898.0, "wimd_decile": 10.0, "wimd_norm": 0.0057651991614255764, "share_flats": 0.038880248833592534, "share_terraced": 0.31259720062208396, "share_dense_housing": 0.045101088646967338, "share_no_car": 0.14108527131782947, "share_owned": 0.72670807453416153, "share_rented": 0.2608695652173913, "share_rent_free": 0.0, "parking_constraint": 0.1252958279802556, "equity_proxy": 0.065530513570840582 }, "geometry": { "type": "Polygon", "coordinates": [ [ [ 317504.053231935016811, 182857.541388374520466 ], [ 317537.328098794969264, 182874.17832188855391 ], [ 317200.874355608073529, 182371.445185782329645 ], [ 317022.834341792622581, 182384.585781352769118 ], [ 316919.310336961818393, 182800.326763128337916 ], [ 317367.635559455258772, 182796.147679795220029 ], [ 317200.26565292023588, 183344.863622859760653 ], [ 317504.053231935016811, 182857.541388374520466 ] ] ] } },
{ "type": "Feature", "properties": { "LSOA21CD": "W01001797", "LSOA21NM": "Cardiff 005C", "LSOA21NMW": "Caerdydd 005C", "RUC21CD": "UN1", "RUC21NM": "Urban: Nearer to a major town or city", "population": 1454, "median_age": 44.0, "_lsoa_code": "W01001797", "wimd_rank": 1833.0, "wimd_decile": 10.0, "wimd_norm": 0.039832285115303984, "share_flats": 0.079866888519134774, "share_terraced": 0.14475873544093179, "share_dense_housing": 0.084858569051580693, "share_no_car": 0.14262023217247097, "share_owned": 0.845771144278607, "share_rented": 0.15257048092868988, "share_rent_free": 0.0, "parking_constraint": 0.10420296373558351, "equity_proxy": 0.072017624425443738 }, "geometry": { "type": "Polygon", "coordinates": [ [ [ 317878.302492841379717, 182651.39234533382114 ], [ 317993.149227727961261, 182136.241745068575256 ], [ 317774.652042875532061, 182142.937839368649293 ], [ 317790.832232820335776, 181869.939983728923835 ], [ 317351.081752415571827, 181723.385913150967099 ], [ 317518.970106835535262, 182343.737026990391314 ], [ 317200.874355608073529, 182371.445185782329645 ], [ 317537.328098794969264, 182874.17832188855391 ], [ 317878.302492841379717, 182651.39234533382114 ] ] ] } },
{ "type": "Feature", "properties": { "LSOA21CD": "W01001798", "LSOA21NM": "Cardiff 002D", "LSOA21NMW": "Caerdydd 002D", "RUC21CD": "UN1", "RUC21NM": "Urban: Nearer to a major town or city", "population": 1415, "median_age": 44.1, "_lsoa_code": "W01001798", "wimd_rank": 1644.0, "wimd_decile": 9.0, "wimd_norm": 0.1388888888888889, "share_flats": 0.03840245775729647, "share_terraced": 0.1781874039938556, "share_dense_housing": 0.041474654377880185, "share_no_car": 0.13824884792626729, "share_owned": 0.78834355828220859, "share_rented": 0.20552147239263804, "share_rent_free": 0.0, "parking_constraint": 0.08966604782951508, "equity_proxy": 0.11427746835920199 }, "geometry": { "type": "Polygon", "coordinates": [ [ [ 316919.310336961818393, 182800.326763128337916 ], [ 317022.834341792622581, 182384.585781352769118 ], [ 316761.070061359903775, 182307.440302650327794 ], [ 316493.925415409263223, 182212.599166257947218 ], [ 316430.920278150762897, 182430.274775719735771 ], [ 316416.288782204152085, 182905.024170356453396 ], [ 316919.310336961818393, 182800.326763128337916 ] ] ] } },
{ "type": "Feature", "properties": { "LSOA21CD": "W01001799", "LSOA21NM": "Cardiff 001D", "LSOA21NMW": "Caerdydd 001D", "RUC21CD": "UN1", "RUC21NM": "Urban: Nearer to a major town or city", "population": 1241, "median_age": 56.3, "_lsoa_code": "W01001799", "wimd_rank": 1353.0, "wimd_decile": 8.0, "wimd_norm": 0.29140461215932911, "share_flats": 0.2413127413127413, "share_terraced": 0.015444015444015444, "share_dense_housing": 0.25675675675675674, "share_no_car": 0.11776061776061776, "share_owned": 0.86705202312138729, "share_rented": 0.12524084778420039, "share_rent_free": 0.0, "parking_constraint": 0.18581074881652918, "equity_proxy": 0.23860768048792913 }, "geometry": { "type": "Polygon", "coordinates": [ [ [ 318244.830426095286384, 182585.38433919014642 ], [ 319173.662036745925434, 182174.532194258004893 ], [ 319003.637336739629973, 181823.786704649101011 ], [ 317774.652042875532061, 182142.937839368649293 ], [ 317993.149227727961261, 182136.241745068575256 ], [ 317878.302492841379717, 182651.39234533382114 ], [ 317991.736580293916631, 182733.339536146377213 ], [ 318244.830426095286384, 182585.38433919014642 ] ] ] } },
{ "type": "Feature", "properties": { "LSOA21CD": "W01001800", "LSOA21NM": "Cardiff 005D", "LSOA21NMW": "Caerdydd 005D", "RUC21CD": "UN1", "RUC21NM": "Urban: Nearer to a major town or city", "population": 1432, "median_age": 42.7, "_lsoa_code": "W01001800", "wimd_rank": 842.0, "wimd_decile": 5.0, "wimd_norm": 0.55922431865828093, "share_flats": 0.26729559748427673, "share_terraced": 0.2610062893081761, "share_dense_housing": 0.29559748427672955, "share_no_car": 0.3125, "share_owned": 0.56875, "share_rented": 0.41875, "share_rent_free": 0.0015625, "parking_constraint": 0.29566561844863731, "equity_proxy": 0.42744496855345915 }, "geometry": { "type": "Polygon", "coordinates": [ [ [ 317200.874355608073529, 182371.445185782329645 ], [ 317518.970106835535262, 182343.737026990391314 ], [ 317351.081752415571827, 181723.385913150967099 ], [ 317223.356735548004508, 181570.18210480408743 ], [ 316761.070061359903775, 182307.440302650327794 ], [ 317022.834341792622581, 182384.585781352769118 ], [ 317200.874355608073529, 182371.445185782329645 ] ] ] } },
{ "type": "Feature", "properties": { "LSOA21CD": "W01001802", "LSOA21NM": "Cardiff 007A", "LSOA21NMW": "Caerdydd 007A", "RUC21CD": "UN1", "RUC21NM": "Urban: Nearer to a major town or city", "population": 1744, "median_age": 40.0, "_lsoa_code": "W01001802", "wimd_rank": 1195.0, "wimd_decile": 7.0, "wimd_norm": 0.37421383647798739, "share_flats": 0.13154362416107382, "share_terraced": 0.32348993288590605, "share_dense_housing": 0.17718120805369128, "share_no_car": 0.28706199460916443, "share_owned": 0.62803234501347704, "share_rented": 0.36657681940700809, "share_rent_free": 0.0040431266846361188, "parking_constraint": 0.21648317323637067, "equity_proxy": 0.29534850485717901 }, "geometry": { "type": "Polygon", "coordinates": [ [ [ 322734.203377216181252, 180874.373361928563099 ], [ 322620.50857570907101, 180603.123222172958776 ], [ 322292.38446984172333, 180698.110469843493775 ], [ 322283.287735842925031, 180766.097769345098641 ], [ 322292.006555531115737, 181161.684177701710723 ], [ 322384.946995856298599, 181338.60412688809447 ], [ 322655.990413081657607, 181734.782690002350137 ], [ 322734.203377216181252, 180874.373361928563099 ] ] ] } },
{ "type": "Feature", "properties": { "LSOA21CD": "W01001803", "LSOA21NM": "Cardiff 015A", "LSOA21NMW": "Caerdydd 015A", "RUC21CD": "UN1", "RUC21NM": "Urban: Nearer to a major town or city", "population": 1743, "median_age": 38.2, "_lsoa_code": "W01001803", "wimd_rank": 660.0, "wimd_decile": 4.0, "wimd_norm": 0.65461215932914041, "share_flats": 0.10744985673352435, "share_terraced": 0.35100286532951291, "share_dense_housing": 0.12607449856733524, "share_no_car": 0.32285714285714284, "share_owned": 0.53142857142857147, "share_rented": 0.45857142857142857, "share_rent_free": 0.0085714285714285719, "parking_constraint": 0.20918488197571294, "equity_proxy": 0.43189852065242668 }, "geometry": { "type": "Polygon", "coordinates": [ [ [ 322620.50857570907101, 180603.123222172958776 ], [ 322030.469203965738416, 179983.98934048472438 ], [ 321953.9221503456356, 179881.640030497044791 ], [ 321880.555281785491388, 179797.038589554664213 ], [ 321801.738804158754647, 180048.505599694617558 ], [ 322292.38446984172333, 180698.110469843493775 ], [ 322620.50857570907101, 180603.123222172958776 ] ] ] } },
{ "type": "Feature", "properties": { "LSOA21CD": "W01001804", "LSOA21NM": "Cardiff 015B", "LSOA21NMW": "Caerdydd 015B", "RUC21CD": "UN1", "RUC21NM": "Urban: Nearer to a major town or city", "population": 1618, "median_age": 35.9, "_lsoa_code": "W01001804", "wimd_rank": 836.0, "wimd_decile": 5.0, "wimd_norm": 0.56236897274633124, "share_flats": 0.082802547770700632, "share_terraced": 0.44904458598726116, "share_dense_housing": 0.08598726114649681, "share_no_car": 0.29140127388535031, "share_owned": 0.55023923444976075, "share_rented": 0.44497607655502391, "share_rent_free": 0.0047846889952153108, "parking_constraint": 0.20540233037718791, "equity_proxy": 0.38388565156175958 }, "geometry": { "type": "Polygon", "coordinates": [ [ [ 322292.006555531115737, 181161.684177701710723 ], [ 322283.287735842925031, 180766.097769345098641 ], [ 321482.766941263747867, 180800.545876917953137 ], [ 321505.360708119114861, 181323.064273624971975 ], [ 322292.006555531115737, 181161.684177701710723 ] ] ] } },
{ "type": "Feature", "properties": { "LSOA21CD": "W01001805", "LSOA21NM": "Cardiff 015C", "LSOA21NMW": "Caerdydd 015C", "RUC21CD": "UN1", "RUC21NM": "Urban: Nearer to a major town or city", "population": 1597, "median_age": 36.0, "_lsoa_code": "W01001805", "wimd_rank": 598.0, "wimd_decile": 4.0, "wimd_norm": 0.68710691823899372, "share_flats": 0.150074294205052, "share_terraced": 0.30312035661218423, "share_dense_housing": 0.150074294205052, "share_no_car": 0.26119402985074625, "share_owned": 0.63378176382660689, "share_rented": 0.3632286995515695, "share_rent_free": 0.0029895366218236174, "parking_constraint": 0.20910409406601413, "equity_proxy": 0.44810550615250394 }, "geometry": { "type": "Polygon", "coordinates": [ [ [ 322283.287735842925031, 180766.097769345098641 ], [ 322292.38446984172333, 180698.110469843493775 ], [ 321801.738804158754647, 180048.505599694617558 ], [ 321569.342540179146454, 180415.092388985503931 ], [ 321445.049295892706141, 180143.103561274590902 ], [ 320900.435747184499633, 180514.019578015897423 ], [ 321482.766941263747867, 180800.545876917953137 ], [ 322283.287735842925031, 180766.097769345098641 ] ] ] } },
{ "type": "Feature", "properties": { "LSOA21CD": "W01001806", "LSOA21NM": "Cardiff 015D", "LSOA21NMW": "Caerdydd 015D", "RUC21CD": "UN1", "RUC21NM": "Urban: Nearer to a major town or city", "population": 1744, "median_age": 42.5, "_lsoa_code": "W01001806", "wimd_rank": 1111.0, "wimd_decile": 6.0, "wimd_norm": 0.41823899371069184, "share_flats": 0.37283950617283951, "share_terraced": 0.067901234567901231, "share_dense_housing": 0.391358024691358, "share_no_car": 0.27093596059113301, "share_owned": 0.68680641183723801, "share_rented": 0.31319358816276205, "share_rent_free": 0.0, "parking_constraint": 0.31007190229001436, "equity_proxy": 0.3641554480003531 }, "geometry": { "type": "Polygon", "coordinates": [ [ [ 321801.738804158754647, 180048.505599694617558 ], [ 321880.555281785491388, 179797.038589554664213 ], [ 321010.506643254484516, 179086.055463521799538 ], [ 320930.437511296709999, 179154.549912508693524 ], [ 320745.24391444347566, 179415.703929491108283 ], [ 320900.435747184499633, 180514.019578015897423 ], [ 321445.049295892706141, 180143.103561274590902 ], [ 321569.342540179146454, 180415.092388985503931 ], [ 321801.738804158754647, 180048.505599694617558 ] ] ] } },
{ "type": "Feature", "properties": { "LSOA21CD": "W01001807", "LSOA21NM": "Cardiff 007B", "LSOA21NMW": "Caerdydd 007B", "RUC21CD": "UN1", "RUC21NM": "Urban: Nearer to a major town or city", "population": 1618, "median_age": 32.8, "_lsoa_code": "W01001807", "wimd_rank": 646.0, "wimd_decile": 4.0, "wimd_norm": 0.66194968553459121, "share_flats": 0.1421647819063005, "share_terraced": 0.45234248788368336, "share_dense_housing": 0.14539579967689822, "share_no_car": 0.35322580645161289, "share_owned": 0.40806451612903227, "share_rented": 0.58064516129032262, "share_rent_free": 0.011290322580645161, "parking_constraint": 0.26374137960984595, "equity_proxy": 0.46284553257221861 }, "geometry": { "type": "Polygon", "coordinates": [ [ [ 322554.923685769434087, 181797.258492313616443 ], [ 322655.990413081657607, 181734.782690002350137 ], [ 322384.946995856298599, 181338.60412688809447 ], [ 322162.931532906542998, 181254.10347911005374 ], [ 322346.381937225698493, 181572.100064698141068 ], [ 322110.394428008585237, 181385.884231168660335 ], [ 322019.488890315347817, 181820.28448501433013 ], [ 322554.923685769434087, 181797.258492313616443 ] ] ] } },
{ "type": "Feature", "properties": { "LSOA21CD": "W01001808", "LSOA21NM": "Cardiff 007C", "LSOA21NMW": "Caerdydd 007C", "RUC21CD": "UN1", "RUC21NM": "Urban: Nearer to a major town or city", "population": 1750, "median_age": 31.9, "_lsoa_code": "W01001808", "wimd_rank": 766.0, "wimd_decile": 5.0, "wimd_norm": 0.59905660377358494, "share_flats": 0.084639498432601878, "share_terraced": 0.47648902821316613, "share_dense_housing": 0.09561128526645768, "share_no_car": 0.37362637362637363, "share_owned": 0.34326018808777431, "share_rented": 0.64733542319749215, "share_rent_free": 0.0094043887147335428, "parking_constraint": 0.24169278996865204, "equity_proxy": 0.4203746968711185 }, "geometry": { "type": "Polygon", "coordinates": [ [ [ 322384.946995856298599, 181338.60412688809447 ], [ 322292.006555531115737, 181161.684177701710723 ], [ 321505.360708119114861, 181323.064273624971975 ], [ 321540.019500879221596, 181494.997708889830392 ], [ 322019.488890315347817, 181820.28448501433013 ], [ 322110.394428008585237, 181385.884231168660335 ], [ 322346.381937225698493, 181572.100064698141068 ], [ 322162.931532906542998, 181254.10347911005374 ], [ 322384.946995856298599, 181338.60412688809447 ] ] ] } },
{ "type": "Feature", "properties": { "LSOA21CD": "W01001809", "LSOA21NM": "Cardiff 017A", "LSOA21NMW": "Caerdydd 017A", "RUC21CD": "UN1", "RUC21NM": "Urban: Nearer to a major town or city", "population": 1226, "median_age": 43.3, "_lsoa_code": "W01001809", "wimd_rank": 604.0, "wimd_decile": 4.0, "wimd_norm": 0.68396226415094341, "share_flats": 0.16697936210131331, "share_terraced": 0.45778611632270166, "share_dense_housing": 0.16697936210131331, "share_no_car": 0.24577861163227016, "share_owned": 0.78383458646616544, "share_rented": 0.21616541353383459, "share_rent_free": 0.0, "parking_constraint": 0.2316988531365938, "equity_proxy": 0.45783055864376859 }, "geometry": { "type": "Polygon", "coordinates": [ [ [ 319960.005370351020247, 180610.505483441345859 ], [ 319603.499407835071906, 179994.930779809015803 ], [ 319505.541432772879489, 180541.254752692591865 ], [ 319708.6370290814084, 180690.539779069717042 ], [ 319960.005370351020247, 180610.505483441345859 ] ] ] } },
{ "type": "Feature", "properties": { "LSOA21CD": "W01001810", "LSOA21NM": "Cardiff 017B", "LSOA21NMW": "Caerdydd 017B", "RUC21CD": "UN1", "RUC21NM": "Urban: Nearer to a major town or city", "population": 1695, "median_age": 33.6, "_lsoa_code": "W01001810", "wimd_rank": 634.0, "wimd_decile": 4.0, "wimd_norm": 0.66823899371069184, "share_flats": 0.15981012658227847, "share_terraced": 0.58227848101265822, "share_dense_housing": 0.16297468354430381, "share_no_car": 0.31170886075949367, "share_owned": 0.49211356466876971, "share_rented": 0.49842271293375395, "share_rent_free": 0.0094637223974763408, "parking_constraint": 0.29050699463589297, "equity_proxy": 0.47937299417329238 }, "geometry": { "type": "Polygon", "coordinates": [ [ [ 320215.382749838754535, 180811.355329069658183 ], [ 320674.158766344306059, 180491.47067379479995 ], [ 320439.558045721962117, 180133.052513899223413 ], [ 319945.167579259257764, 180418.70497832010733 ], [ 320206.36263415182475, 180442.470684028463438 ], [ 319960.005370351020247, 180610.505483441345859 ], [ 319708.6370290814084, 180690.539779069717042 ], [ 320047.86659254663391, 180837.095460323907901 ], [ 320215.382749838754535, 180811.355329069658183 ] ] ] } },
{ "type": "Feature", "properties": { "LSOA21CD": "W01001811", "LSOA21NM": "Cardiff 009A", "LSOA21NMW": "Caerdydd 009A", "RUC21CD": "UN1", "RUC21NM": "Urban: Nearer to a major town or city", "population": 1659, "median_age": 31.2, "_lsoa_code": "W01001811", "wimd_rank": 717.0, "wimd_decile": 4.0, "wimd_norm": 0.62473794549266248, "share_flats": 0.14076782449725778, "share_terraced": 0.62157221206581348, "share_dense_housing": 0.15722120658135283, "share_no_car": 0.32906764168190128, "share_owned": 0.41058394160583944, "share_rented": 0.58211678832116787, "share_rent_free": 0.0036496350364963502, "parking_constraint": 0.30125969121552193, "equity_proxy": 0.46299881835409218 }, "geometry": { "type": "Polygon", "coordinates": [ [ [ 321501.472973022551741, 181537.364892850804608 ], [ 321540.019500879221596, 181494.997708889830392 ], [ 321505.360708119114861, 181323.064273624971975 ], [ 321482.766941263747867, 180800.545876917953137 ], [ 320900.435747184499633, 180514.019578015897423 ], [ 320745.24391444347566, 179415.703929491108283 ], [ 320407.350134866603184, 179339.86087192047853 ], [ 320263.880656198190991, 179588.096416130720172 ], [ 320439.558045721962117, 180133.052513899223413 ], [ 320674.158766344306059, 180491.47067379479995 ], [ 320215.382749838754535, 180811.355329069658183 ], [ 320497.277922323090024, 181176.144215042528231 ], [ 320976.444799954129849, 181070.276354630070273 ], [ 321457.296233545290306, 181616.000992645102087 ], [ 321501.472973022551741, 181537.364892850804608 ] ] ] } },
{ "type": "Feature", "properties": { "LSOA21CD": "W01001812", "LSOA21NM": "Cardiff 017C", "LSOA21NMW": "Caerdydd 017C", "RUC21CD": "UN1", "RUC21NM": "Urban: Nearer to a major town or city", "population": 1306, "median_age": 36.7, "_lsoa_code": "W01001812", "wimd_rank": 760.0, "wimd_decile": 4.0, "wimd_norm": 0.60220125786163525, "share_flats": 0.0062630480167014616, "share_terraced": 0.74947807933194155, "share_dense_housing": 0.0062630480167014616, "share_no_car": 0.18828451882845187, "share_owned": 0.69438669438669443, "share_rented": 0.288981288981289, "share_rent_free": 0.010395010395010396, "parking_constraint": 0.19260181974169446, "equity_proxy": 0.39740153880166484 }, "geometry": { "type": "Polygon", "coordinates": [ [ [ 319945.167579259257764, 180418.70497832010733 ], [ 319964.381159623211715, 179909.738321012817323 ], [ 319689.971638348419219, 179859.435516378318425 ], [ 319603.499407835071906, 179994.930779809015803 ], [ 319960.005370351020247, 180610.505483441345859 ], [ 320206.36263415182475, 180442.470684028463438 ], [ 319945.167579259257764, 180418.70497832010733 ] ] ] } },
{ "type": "Feature", "properties": { "LSOA21CD": "W01001813", "LSOA21NM": "Cardiff 017D", "LSOA21NMW": "Caerdydd 017D", "RUC21CD": "UN1", "RUC21NM": "Urban: Nearer to a major town or city", "population": 1988, "median_age": 34.4, "_lsoa_code": "W01001813", "wimd_rank": 772.0, "wimd_decile": 5.0, "wimd_norm": 0.59591194968553463, "share_flats": 0.34898477157360408, "share_terraced": 0.48350253807106597, "share_dense_housing": 0.3629441624365482, "share_no_car": 0.38903061224489793, "share_owned": 0.43312101910828027, "share_rented": 0.55541401273885349, "share_rent_free": 0.0089171974522292991, "parking_constraint": 0.40806535398277771, "equity_proxy": 0.5019886518341562 }, "geometry": { "type": "Polygon", "coordinates": [ [ [ 320439.558045721962117, 180133.052513899223413 ], [ 320263.880656198190991, 179588.096416130720172 ], [ 319687.411745855875779, 179789.917611298325937 ], [ 319689.971638348419219, 179859.435516378318425 ], [ 319964.381159623211715, 179909.738321012817323 ], [ 319945.167579259257764, 180418.70497832010733 ], [ 320439.558045721962117, 180133.052513899223413 ] ] ] } },
{ "type": "Feature", "properties": { "LSOA21CD": "W01001814", "LSOA21NM": "Cardiff 017E", "LSOA21NMW": "Caerdydd 017E", "RUC21CD": "UN1", "RUC21NM": "Urban: Nearer to a major town or city", "population": 1536, "median_age": 38.9, "_lsoa_code": "W01001814", "wimd_rank": 1216.0, "wimd_decile": 7.0, "wimd_norm": 0.3632075471698113, "share_flats": 0.38742690058479534, "share_terraced": 0.34795321637426901, "share_dense_housing": 0.39035087719298245, "share_no_car": 0.26055312954876275, "share_owned": 0.62882096069868998, "share_rented": 0.36972343522561862, "share_rent_free": 0.001455604075691412, "parking_constraint": 0.37814636056419554, "equity_proxy": 0.37067695386700339 }, "geometry": { "type": "Polygon", "coordinates": [ [ [ 320263.880656198190991, 179588.096416130720172 ], [ 320407.350134866603184, 179339.86087192047853 ], [ 320361.236887013772503, 179345.52794423449086 ], [ 319760.371572764357552, 179304.803512396290898 ], [ 319687.411745855875779, 179789.917611298325937 ], [ 320263.880656198190991, 179588.096416130720172 ] ] ] } },
{ "type": "Feature", "properties": { "LSOA21CD": "W01001815", "LSOA21NM": "Cardiff 008D", "LSOA21NMW": "Caerdydd 008D", "RUC21CD": "UN1", "RUC21NM": "Urban: Nearer to a major town or city", "population": 1344, "median_age": 40.9, "_lsoa_code": "W01001815", "wimd_rank": 1752.0, "wimd_decile": 10.0, "wimd_norm": 0.082285115303983233, "share_flats": 0.0018450184501845018, "share_terraced": 0.32472324723247231, "share_dense_housing": 0.0073800738007380072, "share_no_car": 0.11623616236162361, "share_owned": 0.79151291512915134, "share_rented": 0.20479704797047971, "share_rent_free": 0.0, "parking_constraint": 0.095325953259532595, "equity_proxy": 0.088805534281757914 }, "geometry": { "type": "Polygon", "coordinates": [ [ [ 319792.624220406403765, 182021.62250992632471 ], [ 320089.145016687514726, 181923.3913734954549 ], [ 320343.05169003381161, 181900.779632549267262 ], [ 320286.363375846704002, 181463.0919640288339 ], [ 319709.132129241595976, 181163.402428214554675 ], [ 319956.045199460349977, 181594.007767333183438 ], [ 319742.668893654947169, 181942.55578415771015 ], [ 319699.302422923326958, 182060.632127654913347 ], [ 319792.624220406403765, 182021.62250992632471 ] ] ] } },
{ "type": "Feature", "properties": { "LSOA21CD": "W01001816", "LSOA21NM": "Cardiff 009B", "LSOA21NMW": "Caerdydd 009B", "RUC21CD": "UN1", "RUC21NM": "Urban: Nearer to a major town or city", "population": 2993, "median_age": 33.5, "_lsoa_code": "W01001816", "wimd_rank": 1419.0, "wimd_decile": 8.0, "wimd_norm": 0.25681341719077566, "share_flats": 0.26958105646630237, "share_terraced": 0.36156648451730417, "share_dense_housing": 0.26958105646630237, "share_no_car": 0.23545454545454544, "share_owned": 0.47636363636363638, "share_rented": 0.51727272727272722, "share_rent_free": 0.005454545454545455, "parking_constraint": 0.32100369818402608, "equity_proxy": 0.28890855768740087 }, "geometry": { "type": "Polygon", "coordinates": [ [ [ 321457.296233545290306, 181616.000992645102087 ], [ 320976.444799954129849, 181070.276354630070273 ], [ 320497.277922323090024, 181176.144215042528231 ], [ 320381.468717816926073, 181435.870590917475056 ], [ 320741.902074595564045, 181910.285073359962553 ], [ 321457.296233545290306, 181616.000992645102087 ] ] ] } },
{ "type": "Feature", "properties": { "LSOA21CD": "W01001817", "LSOA21NM": "Cardiff 009C", "LSOA21NMW": "Caerdydd 009C", "RUC21CD": "UN1", "RUC21NM": "Urban: Nearer to a major town or city", "population": 1456, "median_age": 41.5, "_lsoa_code": "W01001817", "wimd_rank": 1472.0, "wimd_decile": 8.0, "wimd_norm": 0.2290356394129979, "share_flats": 0.1386986301369863, "share_terraced": 0.30136986301369861, "share_dense_housing": 0.14212328767123289, "share_no_car": 0.15292096219931273, "share_owned": 0.66552315608919388, "share_rented": 0.32933104631217841, "share_rent_free": 0.0017152658662092624, "parking_constraint": 0.19779208471376988, "equity_proxy": 0.21341386206338389 }, "geometry": { "type": "Polygon", "coordinates": [ [ [ 320381.468717816926073, 181435.870590917475056 ], [ 320286.363375846704002, 181463.0919640288339 ], [ 320343.05169003381161, 181900.779632549267262 ], [ 320741.902074595564045, 181910.285073359962553 ], [ 320381.468717816926073, 181435.870590917475056 ] ] ] } },
{ "type": "Feature", "properties": { "LSOA21CD": "W01001818", "LSOA21NM": "Cardiff 009D", "LSOA21NMW": "Caerdydd 009D", "RUC21CD": "UN1", "RUC21NM": "Urban: Nearer to a major town or city", "population": 1624, "median_age": 34.8, "_lsoa_code": "W01001818", "wimd_rank": 1679.0, "wimd_decile": 9.0, "wimd_norm": 0.12054507337526206, "share_flats": 0.21690590111642744, "share_terraced": 0.46251993620414672, "share_dense_housing": 0.21690590111642744, "share_no_car": 0.16826923076923078, "share_owned": 0.63987138263665599, "share_rented": 0.35691318327974275, "share_rent_free": 0.0, "parking_constraint": 0.2846963457557467, "equity_proxy": 0.20262070956550438 }, "geometry": { "type": "Polygon", "coordinates": [ [ [ 320381.468717816926073, 181435.870590917475056 ], [ 320497.277922323090024, 181176.144215042528231 ], [ 320215.382749838754535, 180811.355329069658183 ], [ 320047.86659254663391, 180837.095460323907901 ], [ 319709.132129241595976, 181163.402428214554675 ], [ 320286.363375846704002, 181463.0919640288339 ], [ 320381.468717816926073, 181435.870590917475056 ] ] ] } },
{ "type": "Feature", "properties": { "LSOA21CD": "W01001819", "LSOA21NM": "Cardiff 014D", "LSOA21NMW": "Caerdydd 014D", "RUC21CD": "RLN1", "RUC21NM": "Larger rural: Nearer to a major town or city", "population": 2340, "median_age": 50.7, "_lsoa_code": "W01001819", "wimd_rank": 1648.0, "wimd_decile": 9.0, "wimd_norm": 0.13679245283018868, "share_flats": 0.079627714581178899, "share_terraced": 0.091003102378490172, "share_dense_housing": 0.09927611168562564, "share_no_car": 0.086010362694300513, "share_owned": 0.82694300518134711, "share_rented": 0.16580310880829016, "share_rent_free": 0.0051813471502590676, "parking_constraint": 0.099942310405738241, "equity_proxy": 0.11836738161796345 }, "geometry": { "type": "Polygon", "coordinates": [ [ [ 312008.379302554647438, 181999.799231942801271 ], [ 311627.346080495859496, 181671.256550877704285 ], [ 311835.576275156869087, 181327.04549289715942 ], [ 311609.284573666052893, 181016.404547948564868 ], [ 311268.478228717169259, 180551.568378956289962 ], [ 311191.758503152115736, 180514.620770105684642 ], [ 310941.509038798278198, 180947.557589764823206 ], [ 309599.715766422043089, 180708.990784299501684 ], [ 308990.98440471268259, 181178.695191075967159 ], [ 308991.551723280746955, 181905.841430765809491 ], [ 307810.079111503844615, 182690.848783155088313 ], [ 308286.063207054277882, 182760.842010604857933 ], [ 308469.939002859115135, 183488.505570756853558 ], [ 309246.306645701057278, 183657.982878597686067 ], [ 309252.703353317687288, 184156.857258614792954 ], [ 310498.729408940300345, 184176.717819574987516 ], [ 310505.270454843121115, 184178.705764958111104 ], [ 311141.343372279196046, 183378.115065328835044 ], [ 311167.42598715564236, 182611.647865040460601 ], [ 312110.570612504438031, 183007.292055264755618 ], [ 312008.379302554647438, 181999.799231942801271 ] ] ] } },
{ "type": "Feature", "properties": { "LSOA21CD": "W01001820", "LSOA21NM": "Cardiff 006A", "LSOA21NMW": "Caerdydd 006A", "RUC21CD": "UN1", "RUC21NM": "Urban: Nearer to a major town or city", "population": 1213, "median_age": 46.8, "_lsoa_code": "W01001820", "wimd_rank": 1134.0, "wimd_decile": 6.0, "wimd_norm": 0.40618448637316562, "share_flats": 0.08461538461538462, "share_terraced": 0.24038461538461539, "share_dense_housing": 0.10576923076923077, "share_no_car": 0.1124031007751938, "share_owned": 0.75096525096525102, "share_rented": 0.24517374517374518, "share_rent_free": 0.0, "parking_constraint": 0.14422829422829422, "equity_proxy": 0.27520639030072991 }, "geometry": { "type": "Polygon", "coordinates": [ [ [ 311815.425780565012246, 184052.926973781490233 ], [ 311788.137583248550072, 183999.769252483791206 ], [ 312598.931075404747389, 182852.937953023938462 ], [ 312864.133350829943083, 182288.587587443005759 ], [ 312442.158175410586409, 182127.931325606710743 ], [ 312008.379302554647438, 181999.799231942801271 ], [ 312110.570612504438031, 183007.292055264755618 ], [ 311167.42598715564236, 182611.647865040460601 ], [ 311141.343372279196046, 183378.115065328835044 ], [ 310505.270454843121115, 184178.705764958111104 ], [ 311511.077049464976881, 184436.864720122655854 ], [ 311815.425780565012246, 184052.926973781490233 ] ] ] } },
{ "type": "Feature", "properties": { "LSOA21CD": "W01001821", "LSOA21NM": "Cardiff 024A", "LSOA21NMW": "Caerdydd 024A", "RUC21CD": "UN1", "RUC21NM": "Urban: Nearer to a major town or city", "population": 1795, "median_age": 31.3, "_lsoa_code": "W01001821", "wimd_rank": 1438.0, "wimd_decile": 8.0, "wimd_norm": 0.24685534591194969, "share_flats": 0.43012704174228678, "share_terraced": 0.16515426497277677, "share_dense_housing": 0.51905626134301275, "share_no_car": 0.24863883847549909, "share_owned": 0.6811594202898551, "share_rented": 0.3170289855072464, "share_rent_free": 0.0018115942028985507, "parking_constraint": 0.39169581875728809, "equity_proxy": 0.31927558233461889 }, "geometry": { "type": "Polygon", "coordinates": [ [ [ 319602.403796352213249, 178699.099849316116888 ], [ 319499.742569424619433, 178461.269012071017642 ], [ 319813.935344023280777, 178314.693808072828688 ], [ 319780.408403689507395, 178282.098133336345199 ], [ 319354.92656293977052, 178307.884793209494092 ], [ 319136.321264015045017, 178456.70761844777735 ], [ 319026.56471271882765, 179155.106392241374124 ], [ 319318.403139240399469, 179278.105614587606397 ], [ 319602.403796352213249, 178699.099849316116888 ] ] ] } },
{ "type": "Feature", "properties": { "LSOA21CD": "W01001822", "LSOA21NM": "Cardiff 029A", "LSOA21NMW": "Caerdydd 029A", "RUC21CD": "UN1", "RUC21NM": "Urban: Nearer to a major town or city", "population": 1943, "median_age": 41.4, "_lsoa_code": "W01001822", "wimd_rank": 1455.0, "wimd_decile": 8.0, "wimd_norm": 0.23794549266247381, "share_flats": 0.10559006211180125, "share_terraced": 0.31180124223602484, "share_dense_housing": 0.15900621118012423, "share_no_car": 0.20544554455445543, "share_owned": 0.67821782178217827, "share_rented": 0.31806930693069307, "share_rent_free": 0.0012376237623762376, "parking_constraint": 0.19296824713527252, "equity_proxy": 0.21545686989887317 }, "geometry": { "type": "Polygon", "coordinates": [ [ [ 321010.506643254484516, 179086.055463521799538 ], [ 320968.785416277940385, 178948.91906493762508 ], [ 321004.501329258317128, 178623.714044057764113 ], [ 320848.400315914070234, 178248.103068482130766 ], [ 320078.417636434547603, 178334.368770238477737 ], [ 319873.920941368851345, 178023.730301255593076 ], [ 319813.935344023280777, 178314.693808072828688 ], [ 319499.742569424619433, 178461.269012071017642 ], [ 319602.403796352213249, 178699.099849316116888 ], [ 319622.401482129876968, 178749.099914859980345 ], [ 319859.426379330223426, 178387.429248913016636 ], [ 319818.46965363441268, 178640.285596943460405 ], [ 320282.157145173696335, 178557.108281713502947 ], [ 320930.437511296709999, 179154.549912508693524 ], [ 321010.506643254484516, 179086.055463521799538 ] ] ] } },
{ "type": "Feature", "properties": { "LSOA21CD": "W01001823", "LSOA21NM": "Cardiff 029B", "LSOA21NMW": "Caerdydd 029B", "RUC21CD": "UN1", "RUC21NM": "Urban: Nearer to a major town or city", "population": 1263, "median_age": 40.2, "_lsoa_code": "W01001823", "wimd_rank": 1888.0, "wimd_decile": 10.0, "wimd_norm": 0.0110062893081761, "share_flats": 0.017509727626459144, "share_terraced": 0.7665369649805448, "share_dense_housing": 0.10311284046692606, "share_no_car": 0.13813229571984437, "share_owned": 0.86575875486381326, "share_rented": 0.12840466926070038, "share_rent_free": 0.0019455252918287938, "parking_constraint": 0.21063553826199743, "equity_proxy": 0.11082091378508677 }, "geometry": { "type": "Polygon", "coordinates": [ [ [ 319873.920941368851345, 178023.730301255593076 ], [ 319811.672310754831415, 177863.573786093795206 ], [ 319371.465130533382762, 178209.743891256861389 ], [ 319780.408403689507395, 178282.098133336345199 ], [ 319813.935344023280777, 178314.693808072828688 ], [ 319873.920941368851345, 178023.730301255593076 ] ] ] } },
{ "type": "Feature", "properties": { "LSOA21CD": "W01001824", "LSOA21NM": "Cardiff 029C", "LSOA21NMW": "Caerdydd 029C", "RUC21CD": "UN1", "RUC21NM": "Urban: Nearer to a major town or city", "population": 1635, "median_age": 35.2, "_lsoa_code": "W01001824", "wimd_rank": 1670.0, "wimd_decile": 9.0, "wimd_norm": 0.12526205450733752, "share_flats": 0.18068965517241378, "share_terraced": 0.30068965517241381, "share_dense_housing": 0.61793103448275866, "share_no_car": 0.36413793103448278, "share_owned": 0.45027624309392267, "share_rented": 0.54696132596685088, "share_rent_free": 0.0013812154696132596, "parking_constraint": 0.39927300438178698, "equity_proxy": 0.26226752944456222 }, "geometry": { "type": "Polygon", "coordinates": [ [ [ 319780.408403689507395, 178282.098133336345199 ], [ 319371.465130533382762, 178209.743891256861389 ], [ 319811.672310754831415, 177863.573786093795206 ], [ 319855.606899415317457, 177696.191201913170516 ], [ 319545.217846395971719, 177801.243962460255716 ], [ 319318.15435523976339, 177930.226969629817177 ], [ 319231.113739304011688, 178092.148875116545241 ], [ 319354.92656293977052, 178307.884793209494092 ], [ 319780.408403689507395, 178282.098133336345199 ] ] ] } },
{ "type": "Feature", "properties": { "LSOA21CD": "W01001825", "LSOA21NM": "Cardiff 029D", "LSOA21NMW": "Caerdydd 029D", "RUC21CD": "UN1", "RUC21NM": "Urban: Nearer to a major town or city", "population": 2036, "median_age": 37.1, "_lsoa_code": "W01001825", "wimd_rank": 1188.0, "wimd_decile": 7.0, "wimd_norm": 0.3778825995807128, "share_flats": 0.16878612716763006, "share_terraced": 0.4323699421965318, "share_dense_housing": 0.33294797687861272, "share_no_car": 0.25201380897583431, "share_owned": 0.56666666666666665, "share_rented": 0.42873563218390803, "share_rent_free": 0.0011494252873563218, "parking_constraint": 0.31088344074590835, "equity_proxy": 0.34438302016331057 }, "geometry": { "type": "Polygon", "coordinates": [ [ [ 321236.206430369056761, 178290.304752132273279 ], [ 320782.244070794666186, 177871.605840443458874 ], [ 320212.449704178608954, 177544.716980489378329 ], [ 319941.426151965395547, 177578.600387813698035 ], [ 319855.606899415317457, 177696.191201913170516 ], [ 319811.672310754831415, 177863.573786093795206 ], [ 319873.920941368851345, 178023.730301255593076 ], [ 320078.417636434547603, 178334.368770238477737 ], [ 320848.400315914070234, 178248.103068482130766 ], [ 321004.501329258317128, 178623.714044057764113 ], [ 321236.206430369056761, 178290.304752132273279 ] ] ] } },
{ "type": "Feature", "properties": { "LSOA21CD": "W01001826", "LSOA21NM": "Cardiff 024B", "LSOA21NMW": "Caerdydd 024B", "RUC21CD": "UN1", "RUC21NM": "Urban: Nearer to a major town or city", "population": 1387, "median_age": 47.3, "_lsoa_code": "W01001826", "wimd_rank": 1573.0, "wimd_decile": 9.0, "wimd_norm": 0.1761006289308176, "share_flats": 0.10766423357664233, "share_terraced": 0.029197080291970802, "share_dense_housing": 0.12956204379562045, "share_no_car": 0.12431444241316271, "share_owned": 0.8571428571428571, "share_rented": 0.14285714285714285, "share_rent_free": 0.0, "parking_constraint": 0.10396246089676747, "equity_proxy": 0.14003154491379255 }, "geometry": { "type": "Polygon", "coordinates": [ [ [ 319525.780514068668708, 179410.33202748815529 ], [ 319760.371572764357552, 179304.803512396290898 ], [ 320361.236887013772503, 179345.52794423449086 ], [ 319622.401482129876968, 178749.099914859980345 ], [ 319602.403796352213249, 178699.099849316116888 ], [ 319318.403139240399469, 179278.105614587606397 ], [ 319204.267244015703909, 179415.862591770710424 ], [ 319244.602024431864265, 179635.831919351941906 ], [ 319525.780514068668708, 179410.33202748815529 ] ] ] } },
{ "type": "Feature", "properties": { "LSOA21CD": "W01001827", "LSOA21NM": "Cardiff 024C", "LSOA21NMW": "Caerdydd 024C", "RUC21CD": "UN1", "RUC21NM": "Urban: Nearer to a major town or city", "population": 1728, "median_age": 47.1, "_lsoa_code": "W01001827", "wimd_rank": 1338.0, "wimd_decile": 8.0, "wimd_norm": 0.29926624737945495, "share_flats": 0.10207336523125997, "share_terraced": 0.039872408293460927, "share_dense_housing": 0.11802232854864433, "share_no_car": 0.10476190476190476, "share_owned": 0.884493670886076, "share_rented": 0.11392405063291139, "share_rent_free": 0.0, "parking_constraint": 0.096529586336381812, "equity_proxy": 0.19789791685791838 }, "geometry": { "type": "Polygon", "coordinates": [ [ [ 319318.403139240399469, 179278.105614587606397 ], [ 319026.56471271882765, 179155.106392241374124 ], [ 319136.321264015045017, 178456.70761844777735 ], [ 318593.200722565583419, 178852.326009125565179 ], [ 318658.010763625381514, 179386.757658915477805 ], [ 319204.267244015703909, 179415.862591770710424 ], [ 319318.403139240399469, 179278.105614587606397 ] ] ] } },
{ "type": "Feature", "properties": { "LSOA21CD": "W01001828", "LSOA21NM": "Cardiff 024D", "LSOA21NMW": "Caerdydd 024D", "RUC21CD": "UN1", "RUC21NM": "Urban: Nearer to a major town or city", "population": 1607, "median_age": 48.1, "_lsoa_code": "W01001828", "wimd_rank": 1449.0, "wimd_decile": 8.0, "wimd_norm": 0.24109014675052412, "share_flats": 0.07753164556962025, "share_terraced": 0.13132911392405064, "share_dense_housing": 0.083860759493670889, "share_no_car": 0.11058451816745656, "share_owned": 0.90506329113924056, "share_rented": 0.091772151898734181, "share_rent_free": 0.0015822784810126582, "parking_constraint": 0.092299578059071741, "equity_proxy": 0.16669486240479792 }, "geometry": { "type": "Polygon", "coordinates": [ [ [ 320930.437511296709999, 179154.549912508693524 ], [ 320282.157145173696335, 178557.108281713502947 ], [ 319818.46965363441268, 178640.285596943460405 ], [ 319859.426379330223426, 178387.429248913016636 ], [ 319622.401482129876968, 178749.099914859980345 ], [ 320361.236887013772503, 179345.52794423449086 ], [ 320407.350134866603184, 179339.86087192047853 ], [ 320745.24391444347566, 179415.703929491108283 ], [ 320930.437511296709999, 179154.549912508693524 ] ] ] } },
{ "type": "Feature", "properties": { "LSOA21CD": "W01001829", "LSOA21NM": "Cardiff 033A", "LSOA21NMW": "Caerdydd 033A", "RUC21CD": "UN1", "RUC21NM": "Urban: Nearer to a major town or city", "population": 2313, "median_age": 25.3, "_lsoa_code": "W01001829", "wimd_rank": 1150.0, "wimd_decile": 7.0, "wimd_norm": 0.3977987421383648, "share_flats": 0.18092566619915848, "share_terraced": 0.50350631136044877, "share_dense_housing": 0.42776998597475457, "share_no_car": 0.45062586926286508, "share_owned": 0.28472222222222221, "share_rented": 0.70972222222222225, "share_rent_free": 0.0013888888888888889, "parking_constraint": 0.39822944262635707, "equity_proxy": 0.39801409238236096 }, "geometry": { "type": "Polygon", "coordinates": [ [ [ 319183.620989593793638, 177597.911973887938075 ], [ 318965.423799355514348, 177350.083693973137997 ], [ 318750.423281586379744, 177717.08941644243896 ], [ 318959.630679608613718, 177807.43971353454981 ], [ 319183.620989593793638, 177597.911973887938075 ] ] ] } },
{ "type": "Feature", "properties": { "LSOA21CD": "W01001830", "LSOA21NM": "Cardiff 033B", "LSOA21NMW": "Caerdydd 033B", "RUC21CD": "UN1", "RUC21NM": "Urban: Nearer to a major town or city", "population": 1791, "median_age": 28.6, "_lsoa_code": "W01001830", "wimd_rank": 688.0, "wimd_decile": 4.0, "wimd_norm": 0.63993710691823902, "share_flats": 0.25450450450450451, "share_terraced": 0.11148648648648649, "share_dense_housing": 0.86486486486486491, "share_no_car": 0.5112359550561798, "share_owned": 0.16478555304740405, "share_rented": 0.8340857787810384, "share_rent_free": 0.001128668171557562, "parking_constraint": 0.50663185759122553, "equity_proxy": 0.57328448225473227 }, "geometry": { "type": "Polygon", "coordinates": [ [ [ 319545.217846395971719, 177801.243962460255716 ], [ 319594.412201566621661, 177425.435898264346179 ], [ 319324.761571569077205, 177624.340157721715514 ], [ 319266.832691367308144, 177731.760348296491429 ], [ 319318.15435523976339, 177930.226969629817177 ], [ 319545.217846395971719, 177801.243962460255716 ] ] ] } },
{ "type": "Feature", "properties": { "LSOA21CD": "W01001831", "LSOA21NM": "Cardiff 030A", "LSOA21NMW": "Caerdydd 030A", "RUC21CD": "UN1", "RUC21NM": "Urban: Nearer to a major town or city", "population": 1738, "median_age": 29.3, "_lsoa_code": "W01001831", "wimd_rank": 1268.0, "wimd_decile": 7.0, "wimd_norm": 0.33595387840670859, "share_flats": 0.080792682926829271, "share_terraced": 0.72408536585365857, "share_dense_housing": 0.2301829268292683, "share_no_car": 0.32164634146341464, "share_owned": 0.49390243902439024, "share_rented": 0.49542682926829268, "share_rent_free": 0.0030487804878048782, "parking_constraint": 0.31453252032520324, "equity_proxy": 0.32524319936595592 }, "geometry": { "type": "Polygon", "coordinates": [ [ [ 319231.113739304011688, 178092.148875116545241 ], [ 319318.15435523976339, 177930.226969629817177 ], [ 319266.832691367308144, 177731.760348296491429 ], [ 319183.620989593793638, 177597.911973887938075 ], [ 318959.630679608613718, 177807.43971353454981 ], [ 318957.679830853361636, 178012.029040534456726 ], [ 319157.230135224293917, 178134.426553113036789 ], [ 319231.113739304011688, 178092.148875116545241 ] ] ] } },
{ "type": "Feature", "properties": { "LSOA21CD": "W01001832", "LSOA21NM": "Cardiff 033C", "LSOA21NMW": "Caerdydd 033C", "RUC21CD": "UN1", "RUC21NM": "Urban: Nearer to a major town or city", "population": 1850, "median_age": 24.2, "_lsoa_code": "W01001832", "wimd_rank": 481.0, "wimd_decile": 3.0, "wimd_norm": 0.74842767295597479, "share_flats": 0.3950310559006211, "share_terraced": 0.18012422360248448, "share_dense_housing": 0.77639751552795033, "share_no_car": 0.55707196029776673, "share_owned": 0.074441687344913146, "share_rented": 0.91811414392059554, "share_rent_free": 0.0024813895781637717, "parking_constraint": 0.54891625438610003, "equity_proxy": 0.64867196367103741 }, "geometry": { "type": "Polygon", "coordinates": [ [ [ 318965.423799355514348, 177350.083693973137997 ], [ 318950.973103394906502, 177095.542754767346196 ], [ 318723.72831774642691, 177072.615046134160366 ], [ 318627.338647309574299, 177589.219234430696815 ], [ 318610.929166007437743, 177678.051536924322136 ], [ 318750.423281586379744, 177717.08941644243896 ], [ 318965.423799355514348, 177350.083693973137997 ] ] ] } },
{ "type": "Feature", "properties": { "LSOA21CD": "W01001833", "LSOA21NM": "Cardiff 033D", "LSOA21NMW": "Caerdydd 033D", "RUC21CD": "UN1", "RUC21NM": "Urban: Nearer to a major town or city", "population": 1693, "median_age": 34.7, "_lsoa_code": "W01001833", "wimd_rank": 1274.0, "wimd_decile": 7.0, "wimd_norm": 0.33280922431865828, "share_flats": 0.23857142857142857, "share_terraced": 0.30142857142857143, "share_dense_housing": 0.49714285714285716, "share_no_car": 0.33094555873925502, "share_owned": 0.49570200573065903, "share_rented": 0.5, "share_rent_free": 0.0, "parking_constraint": 0.37219047619047618, "equity_proxy": 0.3524998502545672 }, "geometry": { "type": "Polygon", "coordinates": [ [ [ 319855.606899415317457, 177696.191201913170516 ], [ 319941.426151965395547, 177578.600387813698035 ], [ 319578.183167140581645, 177129.328925013309345 ], [ 319402.805687159125227, 177318.633135341340676 ], [ 319324.761571569077205, 177624.340157721715514 ], [ 319594.412201566621661, 177425.435898264346179 ], [ 319545.217846395971719, 177801.243962460255716 ], [ 319855.606899415317457, 177696.191201913170516 ] ] ] } },
{ "type": "Feature", "properties": { "LSOA21CD": "W01001834", "LSOA21NM": "Cardiff 033E", "LSOA21NMW": "Caerdydd 033E", "RUC21CD": "UN1", "RUC21NM": "Urban: Nearer to a major town or city", "population": 1828, "median_age": 28.5, "_lsoa_code": "W01001834", "wimd_rank": 878.0, "wimd_decile": 5.0, "wimd_norm": 0.54035639412997905, "share_flats": 0.1134453781512605, "share_terraced": 0.69607843137254899, "share_dense_housing": 0.21428571428571427, "share_no_car": 0.40336134453781514, "share_owned": 0.42156862745098039, "share_rented": 0.57282913165266103, "share_rent_free": 0.0028011204481792717, "parking_constraint": 0.32483660130718955, "equity_proxy": 0.43259649771858433 }, "geometry": { "type": "Polygon", "coordinates": [ [ [ 319324.761571569077205, 177624.340157721715514 ], [ 319402.805687159125227, 177318.633135341340676 ], [ 318950.973103394906502, 177095.542754767346196 ], [ 318965.423799355514348, 177350.083693973137997 ], [ 319183.620989593793638, 177597.911973887938075 ], [ 319266.832691367308144, 177731.760348296491429 ], [ 319324.761571569077205, 177624.340157721715514 ] ] ] } },
{ "type": "Feature", "properties": { "LSOA21CD": "W01001835", "LSOA21NM": "Cardiff 033F", "LSOA21NMW": "Caerdydd 033F", "RUC21CD": "UN1", "RUC21NM": "Urban: Nearer to a major town or city", "population": 2582, "median_age": 27.7, "_lsoa_code": "W01001835", "wimd_rank": 582.0, "wimd_decile": 4.0, "wimd_norm": 0.6954926624737946, "share_flats": 0.57055214723926384, "share_terraced": 0.1411042944785276, "share_dense_housing": 0.80981595092024539, "share_no_car": 0.58793456032719837, "share_owned": 0.22165474974463739, "share_rented": 0.76813074565883555, "share_rent_free": 0.0051072522982635342, "parking_constraint": 0.59076099103671997, "equity_proxy": 0.64312682675525723 }, "geometry": { "type": "Polygon", "coordinates": [ [ [ 319578.183167140581645, 177129.328925013309345 ], [ 319461.149890793196391, 177014.196881601936184 ], [ 319262.682568020420149, 176895.62972497328883 ], [ 318807.413122872007079, 176660.784268264833372 ], [ 318786.498738245514687, 176760.59737122739898 ], [ 318723.72831774642691, 177072.615046134160366 ], [ 318950.973103394906502, 177095.542754767346196 ], [ 319402.805687159125227, 177318.633135341340676 ], [ 319578.183167140581645, 177129.328925013309345 ] ] ] } },
{ "type": "Feature", "properties": { "LSOA21CD": "W01001836", "LSOA21NM": "Cardiff 030B", "LSOA21NMW": "Caerdydd 030B", "RUC21CD": "UN1", "RUC21NM": "Urban: Nearer to a major town or city", "population": 1355, "median_age": 30.5, "_lsoa_code": "W01001836", "wimd_rank": 1456.0, "wimd_decile": 8.0, "wimd_norm": 0.23742138364779874, "share_flats": 0.11195445920303605, "share_terraced": 0.42694497153700189, "share_dense_housing": 0.5104364326375711, "share_no_car": 0.28761904761904761, "share_owned": 0.47047619047619049, "share_rented": 0.52952380952380951, "share_rent_free": 0.0, "parking_constraint": 0.36345579952411072, "equity_proxy": 0.30043859158595476 }, "geometry": { "type": "Polygon", "coordinates": [ [ [ 318593.200722565583419, 178852.326009125565179 ], [ 319136.321264015045017, 178456.70761844777735 ], [ 319354.92656293977052, 178307.884793209494092 ], [ 319231.113739304011688, 178092.148875116545241 ], [ 319157.230135224293917, 178134.426553113036789 ], [ 318658.424445049429778, 178380.101017056033015 ], [ 318477.561810977873392, 178397.453521311283112 ], [ 318475.984828065615147, 178405.966677097603679 ], [ 318378.964816843799781, 178940.623510216246359 ], [ 318593.200722565583419, 178852.326009125565179 ] ] ] } },
{ "type": "Feature", "properties": { "LSOA21CD": "W01001837", "LSOA21NM": "Cardiff 030C", "LSOA21NMW": "Caerdydd 030C", "RUC21CD": "UN1", "RUC21NM": "Urban: Nearer to a major town or city", "population": 1593, "median_age": 25.0, "_lsoa_code": "W01001837", "wimd_rank": 505.0, "wimd_decile": 3.0, "wimd_norm": 0.73584905660377353, "share_flats": 0.27095516569200778, "share_terraced": 0.51851851851851849, "share_dense_housing": 0.40740740740740738, "share_no_car": 0.36842105263157893, "share_owned": 0.33528265107212474, "share_rented": 0.65497076023391809, "share_rent_free": 0.0038986354775828458, "parking_constraint": 0.41715399610136455, "equity_proxy": 0.57650152635256902 }, "geometry": { "type": "Polygon", "coordinates": [ [ [ 318658.424445049429778, 178380.101017056033015 ], [ 318723.496541801665444, 178213.27580750908237 ], [ 318750.423281586379744, 177717.08941644243896 ], [ 318610.929166007437743, 177678.051536924322136 ], [ 318580.69717670569662, 177841.669458093703724 ], [ 318529.851677923754323, 178108.110964486375451 ], [ 318477.561810977873392, 178397.453521311283112 ], [ 318658.424445049429778, 178380.101017056033015 ] ] ] } },
{ "type": "Feature", "properties": { "LSOA21CD": "W01001838", "LSOA21NM": "Cardiff 030D", "LSOA21NMW": "Caerdydd 030D", "RUC21CD": "UN1", "RUC21NM": "Urban: Nearer to a major town or city", "population": 1691, "median_age": 28.5, "_lsoa_code": "W01001838", "wimd_rank": 1428.0, "wimd_decile": 8.0, "wimd_norm": 0.25209643605870019, "share_flats": 0.03685897435897436, "share_terraced": 0.68429487179487181, "share_dense_housing": 0.23557692307692307, "share_no_car": 0.26121794871794873, "share_owned": 0.5409309791332263, "share_rented": 0.4590690208667737, "share_rent_free": 0.0, "parking_constraint": 0.28888014295317666, "equity_proxy": 0.2704882895059384 }, "geometry": { "type": "Polygon", "coordinates": [ [ [ 319157.230135224293917, 178134.426553113036789 ], [ 318957.679830853361636, 178012.029040534456726 ], [ 318723.496541801665444, 178213.27580750908237 ], [ 318658.424445049429778, 178380.101017056033015 ], [ 319157.230135224293917, 178134.426553113036789 ] ] ] } },
{ "type": "Feature", "properties": { "LSOA21CD": "W01001839", "LSOA21NM": "Cardiff 030E", "LSOA21NMW": "Caerdydd 030E", "RUC21CD": "UN1", "RUC21NM": "Urban: Nearer to a major town or city", "population": 1634, "median_age": 27.4, "_lsoa_code": "W01001839", "wimd_rank": 1110.0, "wimd_decile": 6.0, "wimd_norm": 0.41876310272536688, "share_flats": 0.058043117744610281, "share_terraced": 0.78606965174129351, "share_dense_housing": 0.16749585406301823, "share_no_car": 0.32781456953642385, "share_owned": 0.4685430463576159, "share_rented": 0.52649006622516559, "share_rent_free": 0.0016556291390728477, "parking_constraint": 0.30259226311415693, "equity_proxy": 0.36067768291976188 }, "geometry": { "type": "Polygon", "coordinates": [ [ [ 318957.679830853361636, 178012.029040534456726 ], [ 318959.630679608613718, 177807.43971353454981 ], [ 318750.423281586379744, 177717.08941644243896 ], [ 318723.496541801665444, 178213.27580750908237 ], [ 318957.679830853361636, 178012.029040534456726 ] ] ] } },
{ "type": "Feature", "properties": { "LSOA21CD": "W01001840", "LSOA21NM": "Cardiff 007D", "LSOA21NMW": "Caerdydd 007D", "RUC21CD": "UN1", "RUC21NM": "Urban: Nearer to a major town or city", "population": 1999, "median_age": 42.3, "_lsoa_code": "W01001840", "wimd_rank": 1368.0, "wimd_decile": 8.0, "wimd_norm": 0.28354297693920333, "share_flats": 0.25795454545454544, "share_terraced": 0.1409090909090909, "share_dense_housing": 0.27159090909090911, "share_no_car": 0.27014755959137343, "share_owned": 0.58550396375990943, "share_rented": 0.41336353340883353, "share_rent_free": 0.0, "parking_constraint": 0.25981210748481415, "equity_proxy": 0.27167754221200874 }, "geometry": { "type": "Polygon", "coordinates": [ [ [ 323632.428610923991073, 181805.144031355215702 ], [ 323384.927071873738896, 181616.94581465725787 ], [ 322871.205295349587686, 180905.11875267297728 ], [ 322734.203377216181252, 180874.373361928563099 ], [ 322655.990413081657607, 181734.782690002350137 ], [ 322554.923685769434087, 181797.258492313616443 ], [ 322884.197514499654062, 181802.581631530891173 ], [ 322927.307673900329974, 182120.374150556395762 ], [ 323632.428610923991073, 181805.144031355215702 ] ] ] } },
{ "type": "Feature", "properties": { "LSOA21CD": "W01001841", "LSOA21NM": "Cardiff 003A", "LSOA21NMW": "Caerdydd 003A", "RUC21CD": "UN1", "RUC21NM": "Urban: Nearer to a major town or city", "population": 1866, "median_age": 42.4, "_lsoa_code": "W01001841", "wimd_rank": 1808.0, "wimd_decile": 10.0, "wimd_norm": 0.052935010482180293, "share_flats": 0.0, "share_terraced": 0.093708165997322623, "share_dense_housing": 0.0, "share_no_car": 0.053547523427041499, "share_owned": 0.77376171352074963, "share_rented": 0.21686746987951808, "share_rent_free": 0.0, "parking_constraint": 0.047657295850066943, "equity_proxy": 0.050296153166123618 }, "geometry": { "type": "Polygon", "coordinates": [ [ [ 320901.841563576599583, 182259.879901501175482 ], [ 320089.145016687514726, 181923.3913734954549 ], [ 319792.624220406403765, 182021.62250992632471 ], [ 319685.584955054277088, 182847.955591535079293 ], [ 320408.780347568914294, 183282.892544603848364 ], [ 320207.995980423234869, 183585.356815604958683 ], [ 320839.747429713257588, 183429.587361240875907 ], [ 320894.347631532466039, 182720.079208580835257 ], [ 320640.346380740113091, 182650.085171189159155 ], [ 320901.841563576599583, 182259.879901501175482 ] ] ] } },
{ "type": "Feature", "properties": { "LSOA21CD": "W01001842", "LSOA21NM": "Cardiff 003B", "LSOA21NMW": "Caerdydd 003B", "RUC21CD": "UN1", "RUC21NM": "Urban: Nearer to a major town or city", "population": 1779, "median_age": 36.0, "_lsoa_code": "W01001842", "wimd_rank": 1768.0, "wimd_decile": 10.0, "wimd_norm": 0.073899371069182387, "share_flats": 0.058984910836762688, "share_terraced": 0.33470507544581618, "share_dense_housing": 0.06035665294924554, "share_no_car": 0.067031463748290013, "share_owned": 0.68131868131868134, "share_rented": 0.31593406593406592, "share_rent_free": 0.0, "parking_constraint": 0.1488460784757081, "equity_proxy": 0.11137272477244525 }, "geometry": { "type": "Polygon", "coordinates": [ [ [ 322508.564311048365198, 183572.090677974745631 ], [ 322525.376800340483896, 183494.591098617296666 ], [ 322488.373207552940585, 183094.086062529764604 ], [ 321810.358973261201754, 183121.566258823208045 ], [ 321862.831818344071507, 182764.417433201626409 ], [ 321916.774725610681344, 182560.919133924879134 ], [ 321581.525653871125542, 182190.07715724396985 ], [ 321557.741358941188082, 182726.316799258464016 ], [ 321301.766762308136094, 182508.401807175134309 ], [ 320901.841563576599583, 182259.879901501175482 ], [ 320640.346380740113091, 182650.085171189159155 ], [ 320894.347631532466039, 182720.079208580835257 ], [ 320839.747429713257588, 183429.587361240875907 ], [ 320207.995980423234869, 183585.356815604958683 ], [ 319956.039614626672119, 183856.59551038761856 ], [ 320182.540921742445789, 184268.958983290067408 ], [ 320748.875847201794386, 184676.61236666777404 ], [ 322508.564311048365198, 183572.090677974745631 ] ] ] } },
{ "type": "Feature", "properties": { "LSOA21CD": "W01001844", "LSOA21NM": "Cardiff 003D", "LSOA21NMW": "Caerdydd 003D", "RUC21CD": "UN1", "RUC21NM": "Urban: Nearer to a major town or city", "population": 1876, "median_age": 41.1, "_lsoa_code": "W01001844", "wimd_rank": 1853.0, "wimd_decile": 10.0, "wimd_norm": 0.029350104821802937, "share_flats": 0.1762632197414806, "share_terraced": 0.14806110458284372, "share_dense_housing": 0.17978848413631021, "share_no_car": 0.12323943661971831, "share_owned": 0.63411764705882356, "share_rented": 0.34823529411764703, "share_rent_free": 0.0, "parking_constraint": 0.19472749475818529, "equity_proxy": 0.11203879978999412 }, "geometry": { "type": "Polygon", "coordinates": [ [ [ 321457.296233545290306, 181616.000992645102087 ], [ 320741.902074595564045, 181910.285073359962553 ], [ 320343.05169003381161, 181900.779632549267262 ], [ 320089.145016687514726, 181923.3913734954549 ], [ 320901.841563576599583, 182259.879901501175482 ], [ 321301.766762308136094, 182508.401807175134309 ], [ 321457.296233545290306, 181616.000992645102087 ] ] ] } },
{ "type": "Feature", "properties": { "LSOA21CD": "W01001846", "LSOA21NM": "Cardiff 006C", "LSOA21NMW": "Caerdydd 006C", "RUC21CD": "UN1", "RUC21NM": "Urban: Nearer to a major town or city", "population": 1677, "median_age": 42.9, "_lsoa_code": "W01001846", "wimd_rank": 1053.0, "wimd_decile": 6.0, "wimd_norm": 0.44863731656184486, "share_flats": 0.035276073619631899, "share_terraced": 0.1196319018404908, "share_dense_housing": 0.042944785276073622, "share_no_car": 0.058371735791090631, "share_owned": 0.8514548238897397, "share_rented": 0.14854517611026033, "share_rent_free": 0.0, "parking_constraint": 0.069806023481368037, "equity_proxy": 0.25922167002160645 }, "geometry": { "type": "Polygon", "coordinates": [ [ [ 311835.576275156869087, 181327.04549289715942 ], [ 311627.346080495859496, 181671.256550877704285 ], [ 312008.379302554647438, 181999.799231942801271 ], [ 312442.158175410586409, 182127.931325606710743 ], [ 312267.374096487939823, 181780.817146843648516 ], [ 312696.329224516404793, 181924.141829553060234 ], [ 312988.842276941868477, 181466.205959448241629 ], [ 312378.988973951898515, 181506.785434472549241 ], [ 312314.868461687059607, 180805.844204868248198 ], [ 311835.576275156869087, 181327.04549289715942 ] ] ] } },
{ "type": "Feature", "properties": { "LSOA21CD": "W01001847", "LSOA21NM": "Cardiff 006D", "LSOA21NMW": "Caerdydd 006D", "RUC21CD": "UN1", "RUC21NM": "Urban: Nearer to a major town or city", "population": 1581, "median_age": 52.6, "_lsoa_code": "W01001847", "wimd_rank": 1544.0, "wimd_decile": 9.0, "wimd_norm": 0.19129979035639413, "share_flats": 0.029780564263322883, "share_terraced": 0.006269592476489028, "share_dense_housing": 0.036050156739811913, "share_no_car": 0.0546875, "share_owned": 0.93887147335423193, "share_rented": 0.061128526645768025, "share_rent_free": 0.0, "parking_constraint": 0.031347962382445138, "equity_proxy": 0.11132387636941964 }, "geometry": { "type": "Polygon", "coordinates": [ [ [ 313156.322768942220137, 181471.858056927507278 ], [ 313011.252011185511947, 181084.035639402980451 ], [ 312705.093038135906681, 181273.506175237242132 ], [ 312813.046166295243893, 180724.159072500478942 ], [ 312408.325859974895138, 180798.125855694175698 ], [ 312532.324012367229443, 180569.127003888250329 ], [ 311609.284573666052893, 181016.404547948564868 ], [ 311835.576275156869087, 181327.04549289715942 ], [ 312314.868461687059607, 180805.844204868248198 ], [ 312378.988973951898515, 181506.785434472549241 ], [ 312988.842276941868477, 181466.205959448241629 ], [ 312696.329224516404793, 181924.141829553060234 ], [ 312267.374096487939823, 181780.817146843648516 ], [ 312442.158175410586409, 182127.931325606710743 ], [ 312864.133350829943083, 182288.587587443005759 ], [ 313156.322768942220137, 181471.858056927507278 ] ] ] } },
{ "type": "Feature", "properties": { "LSOA21CD": "W01001848", "LSOA21NM": "Cardiff 012B", "LSOA21NMW": "Caerdydd 012B", "RUC21CD": "UN1", "RUC21NM": "Urban: Nearer to a major town or city", "population": 1474, "median_age": 43.0, "_lsoa_code": "W01001848", "wimd_rank": 1819.0, "wimd_decile": 10.0, "wimd_norm": 0.04716981132075472, "share_flats": 0.018121911037891267, "share_terraced": 0.28830313014827019, "share_dense_housing": 0.019769357495881382, "share_no_car": 0.11532125205930807, "share_owned": 0.92549668874172186, "share_rented": 0.072847682119205295, "share_rent_free": 0.0, "parking_constraint": 0.080004073156805633, "equity_proxy": 0.06358694223878017 }, "geometry": { "type": "Polygon", "coordinates": [ [ [ 316684.801643085666001, 181281.678418005583808 ], [ 316722.957456165342592, 180973.676592946751043 ], [ 316749.20910571468994, 180740.271981124882586 ], [ 316241.944971304619685, 180663.675718126643915 ], [ 315817.50129064405337, 180519.6289373266045 ], [ 316147.346209562965669, 180817.176068402652163 ], [ 316664.923897146771196, 181418.190612917940598 ], [ 316684.801643085666001, 181281.678418005583808 ] ] ] } },
{ "type": "Feature", "properties": { "LSOA21CD": "W01001849", "LSOA21NM": "Cardiff 004A", "LSOA21NMW": "Caerdydd 004A", "RUC21CD": "UN1", "RUC21NM": "Urban: Nearer to a major town or city", "population": 1566, "median_age": 46.5, "_lsoa_code": "W01001849", "wimd_rank": 1231.0, "wimd_decile": 7.0, "wimd_norm": 0.35534591194968551, "share_flats": 0.061919504643962849, "share_terraced": 0.015479876160990712, "share_dense_housing": 0.071207430340557279, "share_no_car": 0.082043343653250778, "share_owned": 0.90527950310559002, "share_rented": 0.094720496894409936, "share_rent_free": 0.0, "parking_constraint": 0.060101019812959511, "equity_proxy": 0.20772346588132251 }, "geometry": { "type": "Polygon", "coordinates": [ [ [ 315605.013842584914528, 181494.758156004420016 ], [ 314944.31814831472002, 181126.775503160839435 ], [ 314252.53887884208234, 181545.280924287857488 ], [ 314652.375899319245946, 181958.116498368501198 ], [ 314464.461018601432443, 182295.070597727608401 ], [ 314958.362200366798788, 182610.001771529321559 ], [ 314773.818328997469507, 183065.497723203909118 ], [ 315283.57601459918078, 182310.660146447655279 ], [ 314973.577436739928089, 182204.052764790656511 ], [ 314979.722860935085919, 181779.615506182948593 ], [ 315605.013842584914528, 181494.758156004420016 ] ] ] } },
{ "type": "Feature", "properties": { "LSOA21CD": "W01001850", "LSOA21NM": "Cardiff 012C", "LSOA21NMW": "Caerdydd 012C", "RUC21CD": "UN1", "RUC21NM": "Urban: Nearer to a major town or city", "population": 1927, "median_age": 49.4, "_lsoa_code": "W01001850", "wimd_rank": 1896.0, "wimd_decile": 10.0, "wimd_norm": 0.0068134171907756813, "share_flats": 0.016602809706257982, "share_terraced": 0.016602809706257982, "share_dense_housing": 0.043422733077905493, "share_no_car": 0.095419847328244281, "share_owned": 0.89694656488549618, "share_rented": 0.1005089058524173, "share_rent_free": 0.0012722646310432571, "parking_constraint": 0.036730263649628392, "equity_proxy": 0.021771840420202037 }, "geometry": { "type": "Polygon", "coordinates": [ [ [ 316599.245981663523708, 181559.609485523600597 ], [ 316651.576082512794528, 181507.233770249178633 ], [ 316664.923897146771196, 181418.190612917940598 ], [ 316147.346209562965669, 180817.176068402652163 ], [ 315405.345765478326939, 181247.355878592818044 ], [ 315825.325173681019805, 181361.190830146428198 ], [ 315683.891708374605514, 181562.683467692579143 ], [ 315638.006133162649348, 181619.71086759865284 ], [ 316599.245981663523708, 181559.609485523600597 ] ] ] } },
{ "type": "Feature", "properties": { "LSOA21CD": "W01001851", "LSOA21NM": "Cardiff 012D", "LSOA21NMW": "Caerdydd 012D", "RUC21CD": "UN1", "RUC21NM": "Urban: Nearer to a major town or city", "population": 1579, "median_age": 50.3, "_lsoa_code": "W01001851", "wimd_rank": 1576.0, "wimd_decile": 9.0, "wimd_norm": 0.17452830188679244, "share_flats": 0.19915254237288135, "share_terraced": 0.1440677966101695, "share_dense_housing": 0.21045197740112995, "share_no_car": 0.1763046544428773, "share_owned": 0.76338028169014083, "share_rented": 0.23521126760563379, "share_rent_free": 0.0, "parking_constraint": 0.19670990159412219, "equity_proxy": 0.18561910174045732 }, "geometry": { "type": "Polygon", "coordinates": [ [ [ 316147.346209562965669, 180817.176068402652163 ], [ 315817.50129064405337, 180519.6289373266045 ], [ 315664.236171664262656, 180488.68029764801031 ], [ 315602.784751638071612, 180535.261400251707528 ], [ 315166.27871901076287, 180912.14366442617029 ], [ 314944.31814831472002, 181126.775503160839435 ], [ 315605.013842584914528, 181494.758156004420016 ], [ 315683.891708374605514, 181562.683467692579143 ], [ 315825.325173681019805, 181361.190830146428198 ], [ 315405.345765478326939, 181247.355878592818044 ], [ 316147.346209562965669, 180817.176068402652163 ] ] ] } },
{ "type": "Feature", "properties": { "LSOA21CD": "W01001852", "LSOA21NM": "Cardiff 004B", "LSOA21NMW": "Caerdydd 004B", "RUC21CD": "UN1", "RUC21NM": "Urban: Nearer to a major town or city", "population": 1935, "median_age": 47.6, "_lsoa_code": "W01001852", "wimd_rank": 1743.0, "wimd_decile": 10.0, "wimd_norm": 0.087002096436058704, "share_flats": 0.0, "share_terraced": 0.036585365853658534, "share_dense_housing": 0.0054200542005420054, "share_no_car": 0.062246278755074422, "share_owned": 0.92682926829268297, "share_rented": 0.071815718157181574, "share_rent_free": 0.0, "parking_constraint": 0.018699186991869919, "equity_proxy": 0.052850641713964308 }, "geometry": { "type": "Polygon", "coordinates": [ [ [ 315793.325998063781299, 184307.488904091878794 ], [ 316221.413660596648697, 184144.285308545280714 ], [ 316421.046737647848204, 183338.315204946615268 ], [ 316416.288782204152085, 182905.024170356453396 ], [ 316430.920278150762897, 182430.274775719735771 ], [ 316001.919124597799964, 182417.963382832647767 ], [ 315945.808443947811611, 182130.169749725842848 ], [ 315721.315790984255727, 182184.197519665176515 ], [ 315638.006133162649348, 181619.71086759865284 ], [ 315683.891708374605514, 181562.683467692579143 ], [ 315605.013842584914528, 181494.758156004420016 ], [ 314979.722860935085919, 181779.615506182948593 ], [ 314973.577436739928089, 182204.052764790656511 ], [ 315283.57601459918078, 182310.660146447655279 ], [ 314773.818328997469507, 183065.497723203909118 ], [ 314967.498798854183406, 184136.315519655996468 ], [ 315842.220901732274797, 184512.461449776194058 ], [ 315793.325998063781299, 184307.488904091878794 ] ] ] } },
{ "type": "Feature", "properties": { "LSOA21CD": "W01001853", "LSOA21NM": "Cardiff 004C", "LSOA21NMW": "Caerdydd 004C", "RUC21CD": "UN1", "RUC21NM": "Urban: Nearer to a major town or city", "population": 1627, "median_age": 51.3, "_lsoa_code": "W01001853", "wimd_rank": 1841.0, "wimd_decile": 10.0, "wimd_norm": 0.035639412997903561, "share_flats": 0.20662251655629138, "share_terraced": 0.0026490066225165563, "share_dense_housing": 0.22251655629139072, "share_no_car": 0.15384615384615385, "share_owned": 0.88375165125495381, "share_rented": 0.11624834874504623, "share_rent_free": 0.0, "parking_constraint": 0.15907593877307016, "equity_proxy": 0.097357675885486855 }, "geometry": { "type": "Polygon", "coordinates": [ [ [ 316493.925415409263223, 182212.599166257947218 ], [ 316669.990467384457588, 181848.251609117665794 ], [ 316651.576082512794528, 181507.233770249178633 ], [ 316599.245981663523708, 181559.609485523600597 ], [ 316580.090802471793722, 181827.073768511821982 ], [ 316573.503393119899556, 181919.053878741222434 ], [ 316560.29756692488445, 181915.633219499432016 ], [ 315929.323694149497896, 181752.19471109850565 ], [ 315945.808443947811611, 182130.169749725842848 ], [ 316001.919124597799964, 182417.963382832647767 ], [ 316430.920278150762897, 182430.274775719735771 ], [ 316493.925415409263223, 182212.599166257947218 ] ] ] } },
{ "type": "Feature", "properties": { "LSOA21CD": "W01001854", "LSOA21NM": "Cardiff 004D", "LSOA21NMW": "Caerdydd 004D", "RUC21CD": "UN1", "RUC21NM": "Urban: Nearer to a major town or city", "population": 1616, "median_age": 59.1, "_lsoa_code": "W01001854", "wimd_rank": 1724.0, "wimd_decile": 10.0, "wimd_norm": 0.096960167714884693, "share_flats": 0.31030150753768843, "share_terraced": 0.114321608040201, "share_dense_housing": 0.31532663316582915, "share_no_car": 0.20100502512562815, "share_owned": 0.89824120603015079, "share_rented": 0.097989949748743713, "share_rent_free": 0.0, "parking_constraint": 0.24447236180904522, "equity_proxy": 0.17071626476196494 }, "geometry": { "type": "Polygon", "coordinates": [ [ [ 315945.808443947811611, 182130.169749725842848 ], [ 315929.323694149497896, 181752.19471109850565 ], [ 316560.29756692488445, 181915.633219499432016 ], [ 316573.503393119899556, 181919.053878741222434 ], [ 316580.090802471793722, 181827.073768511821982 ], [ 316599.245981663523708, 181559.609485523600597 ], [ 315638.006133162649348, 181619.71086759865284 ], [ 315721.315790984255727, 182184.197519665176515 ], [ 315945.808443947811611, 182130.169749725842848 ] ] ] } },
{ "type": "Feature", "properties": { "LSOA21CD": "W01001855", "LSOA21NM": "Cardiff 042A", "LSOA21NMW": "Caerdydd 042A", "RUC21CD": "UN1", "RUC21NM": "Urban: Nearer to a major town or city", "population": 1816, "median_age": 32.7, "_lsoa_code": "W01001855", "wimd_rank": 674.0, "wimd_decile": 4.0, "wimd_norm": 0.64727463312368971, "share_flats": 0.18086696562032886, "share_terraced": 0.53662182361733934, "share_dense_housing": 0.28849028400597909, "share_no_car": 0.44029850746268656, "share_owned": 0.4170403587443946, "share_rented": 0.5754857997010463, "share_rent_free": 0.0044843049327354259, "parking_constraint": 0.34050822122571006, "equity_proxy": 0.49389142717469992 }, "geometry": { "type": "Polygon", "coordinates": [ [ [ 317337.555071459617466, 176166.401860837941058 ], [ 317472.102369531814475, 175914.010310176759958 ], [ 317145.590765757195186, 175968.493543128366582 ], [ 317098.412286038219463, 175973.076952653529588 ], [ 316884.324888119648676, 176272.348136941902339 ], [ 317263.573317052796483, 176279.005975895095617 ], [ 317337.555071459617466, 176166.401860837941058 ] ] ] } },
{ "type": "Feature", "properties": { "LSOA21CD": "W01001856", "LSOA21NM": "Cardiff 042B", "LSOA21NMW": "Caerdydd 042B", "RUC21CD": "UN1", "RUC21NM": "Urban: Nearer to a major town or city", "population": 1753, "median_age": 31.2, "_lsoa_code": "W01001856", "wimd_rank": 545.0, "wimd_decile": 3.0, "wimd_norm": 0.71488469601677151, "share_flats": 0.37134502923976609, "share_terraced": 0.33333333333333331, "share_dense_housing": 0.60672514619883045, "share_no_car": 0.50218978102189782, "share_owned": 0.34992679355783307, "share_rented": 0.65007320644216693, "share_rent_free": 0.0, "parking_constraint": 0.47936648600515447, "equity_proxy": 0.59712559101096296 }, "geometry": { "type": "Polygon", "coordinates": [ [ [ 317990.588967092626262, 175844.172245569061488 ], [ 317472.102369531814475, 175914.010310176759958 ], [ 317337.555071459617466, 176166.401860837941058 ], [ 317585.447307679569349, 176027.651581297453959 ], [ 317752.347245665790979, 176457.883037039486226 ], [ 317990.588967092626262, 175844.172245569061488 ] ] ] } },
{ "type": "Feature", "properties": { "LSOA21CD": "W01001857", "LSOA21NM": "Cardiff 042C", "LSOA21NMW": "Caerdydd 042C", "RUC21CD": "UN1", "RUC21NM": "Urban: Nearer to a major town or city", "population": 2185, "median_age": 32.5, "_lsoa_code": "W01001857", "wimd_rank": 576.0, "wimd_decile": 4.0, "wimd_norm": 0.69863731656184491, "share_flats": 0.43805309734513276, "share_terraced": 0.36946902654867259, "share_dense_housing": 0.5, "share_no_car": 0.48119469026548672, "share_owned": 0.33149171270718231, "share_rented": 0.65414364640883982, "share_rent_free": 0.0099447513812154689, "parking_constraint": 0.47379732394595742, "equity_proxy": 0.58621732025390116 }, "geometry": { "type": "Polygon", "coordinates": [ [ [ 317263.573317052796483, 176279.005975895095617 ], [ 316884.324888119648676, 176272.348136941902339 ], [ 317098.412286038219463, 175973.076952653529588 ], [ 316640.097270280530211, 176064.335951168555766 ], [ 316682.846070983738173, 176483.047707393066958 ], [ 317459.517678758478723, 176622.484282245393842 ], [ 317263.573317052796483, 176279.005975895095617 ] ] ] } },
{ "type": "Feature", "properties": { "LSOA21CD": "W01001858", "LSOA21NM": "Cardiff 034A", "LSOA21NMW": "Caerdydd 034A", "RUC21CD": "UN1", "RUC21NM": "Urban: Nearer to a major town or city", "population": 1526, "median_age": 41.9, "_lsoa_code": "W01001858", "wimd_rank": 1235.0, "wimd_decile": 7.0, "wimd_norm": 0.35324947589098532, "share_flats": 0.15258215962441316, "share_terraced": 0.39436619718309857, "share_dense_housing": 0.49882629107981219, "share_no_car": 0.30643274853801172, "share_owned": 0.52341920374707263, "share_rented": 0.47423887587822017, "share_rent_free": 0.00117096018735363, "parking_constraint": 0.35924123978845751, "equity_proxy": 0.35624535783972144 }, "geometry": { "type": "Polygon", "coordinates": [ [ [ 317076.903506467991974, 178056.607477819605265 ], [ 317348.225119677430484, 177329.149849652778357 ], [ 317170.279549695958849, 176960.507745462004095 ], [ 316887.76015759416623, 177124.821053497958928 ], [ 316638.695367621025071, 177283.998118490620982 ], [ 316313.280469598539639, 177307.990507245005574 ], [ 315817.57689200603636, 177717.881222029682249 ], [ 316144.815542183525395, 178255.609633223793935 ], [ 317076.903506467991974, 178056.607477819605265 ] ] ] } },
{ "type": "Feature", "properties": { "LSOA21CD": "W01001859", "LSOA21NM": "Cardiff 034B", "LSOA21NMW": "Caerdydd 034B", "RUC21CD": "UN1", "RUC21NM": "Urban: Nearer to a major town or city", "population": 1539, "median_age": 39.4, "_lsoa_code": "W01001859", "wimd_rank": 1621.0, "wimd_decile": 9.0, "wimd_norm": 0.15094339622641509, "share_flats": 0.20259740259740261, "share_terraced": 0.45324675324675323, "share_dense_housing": 0.46233766233766233, "share_no_car": 0.23575129533678757, "share_owned": 0.5445161290322581, "share_rented": 0.45161290322580644, "share_rent_free": 0.0, "parking_constraint": 0.37250942605781318, "equity_proxy": 0.26172641114211415 }, "geometry": { "type": "Polygon", "coordinates": [ [ [ 316638.695367621025071, 177283.998118490620982 ], [ 316817.443229586351663, 176927.490061106858775 ], [ 316532.729785705974791, 176846.181193132302724 ], [ 316362.501799079764169, 177089.940340214641765 ], [ 316278.034998440300114, 177296.352147085475735 ], [ 316313.280469598539639, 177307.990507245005574 ], [ 316638.695367621025071, 177283.998118490620982 ] ] ] } },
{ "type": "Feature", "properties": { "LSOA21CD": "W01001860", "LSOA21NM": "Cardiff 034C", "LSOA21NMW": "Caerdydd 034C", "RUC21CD": "UN1", "RUC21NM": "Urban: Nearer to a major town or city", "population": 1721, "median_age": 35.2, "_lsoa_code": "W01001860", "wimd_rank": 1678.0, "wimd_decile": 9.0, "wimd_norm": 0.12106918238993711, "share_flats": 0.079589216944801033, "share_terraced": 0.65468549422336331, "share_dense_housing": 0.25930680359435171, "share_no_car": 0.2422680412371134, "share_owned": 0.61003861003861004, "share_rented": 0.38738738738738737, "share_rent_free": 0.0, "parking_constraint": 0.29555409067604188, "equity_proxy": 0.20831163653298951 }, "geometry": { "type": "Polygon", "coordinates": [ [ [ 316887.76015759416623, 177124.821053497958928 ], [ 317046.954791909665801, 176710.342206109664403 ], [ 316628.736240845639259, 176567.45487662195228 ], [ 316627.144291292119306, 176577.04667955590412 ], [ 316532.729785705974791, 176846.181193132302724 ], [ 316817.443229586351663, 176927.490061106858775 ], [ 316638.695367621025071, 177283.998118490620982 ], [ 316887.76015759416623, 177124.821053497958928 ] ] ] } },
{ "type": "Feature", "properties": { "LSOA21CD": "W01001861", "LSOA21NM": "Cardiff 034D", "LSOA21NMW": "Caerdydd 034D", "RUC21CD": "UN1", "RUC21NM": "Urban: Nearer to a major town or city", "population": 1679, "median_age": 34.0, "_lsoa_code": "W01001861", "wimd_rank": 1484.0, "wimd_decile": 8.0, "wimd_norm": 0.22274633123689727, "share_flats": 0.22192513368983957, "share_terraced": 0.39705882352941174, "share_dense_housing": 0.53609625668449201, "share_no_car": 0.29624664879356566, "share_owned": 0.484, "share_rented": 0.51466666666666672, "share_rent_free": 0.0, "parking_constraint": 0.40070778371954846, "equity_proxy": 0.31172705747822288 }, "geometry": { "type": "Polygon", "coordinates": [ [ [ 317630.696850361768156, 176729.779948222974781 ], [ 317459.517678758478723, 176622.484282245393842 ], [ 316682.846070983738173, 176483.047707393066958 ], [ 316628.736240845639259, 176567.45487662195228 ], [ 317046.954791909665801, 176710.342206109664403 ], [ 316887.76015759416623, 177124.821053497958928 ], [ 317170.279549695958849, 176960.507745462004095 ], [ 317348.225119677430484, 177329.149849652778357 ], [ 317630.696850361768156, 176729.779948222974781 ] ] ] } },
{ "type": "Feature", "properties": { "LSOA21CD": "W01001862", "LSOA21NM": "Cardiff 042D", "LSOA21NMW": "Caerdydd 042D", "RUC21CD": "UN1", "RUC21NM": "Urban: Nearer to a major town or city", "population": 2027, "median_age": 30.6, "_lsoa_code": "W01001862", "wimd_rank": 430.0, "wimd_decile": 3.0, "wimd_norm": 0.77515723270440251, "share_flats": 0.17871222076215507, "share_terraced": 0.36399474375821289, "share_dense_housing": 0.54796320630749018, "share_no_car": 0.47826086956521741, "share_owned": 0.3276089828269485, "share_rented": 0.6684280052840158, "share_rent_free": 0.001321003963011889, "parking_constraint": 0.40414782514605979, "equity_proxy": 0.58965252892523112 }, "geometry": { "type": "Polygon", "coordinates": [ [ [ 317752.347245665790979, 176457.883037039486226 ], [ 317585.447307679569349, 176027.651581297453959 ], [ 317337.555071459617466, 176166.401860837941058 ], [ 317263.573317052796483, 176279.005975895095617 ], [ 317459.517678758478723, 176622.484282245393842 ], [ 317630.696850361768156, 176729.779948222974781 ], [ 317752.347245665790979, 176457.883037039486226 ] ] ] } },
{ "type": "Feature", "properties": { "LSOA21CD": "W01001863", "LSOA21NM": "Cardiff 022A", "LSOA21NMW": "Caerdydd 022A", "RUC21CD": "UN1", "RUC21NM": "Urban: Nearer to a major town or city", "population": 1516, "median_age": 44.7, "_lsoa_code": "W01001863", "wimd_rank": 1746.0, "wimd_decile": 10.0, "wimd_norm": 0.085429769392033547, "share_flats": 0.094573643410852712, "share_terraced": 0.2, "share_dense_housing": 0.12868217054263567, "share_no_car": 0.20031055900621117, "share_owned": 0.75427682737169521, "share_rented": 0.23483670295489892, "share_rent_free": 0.0077760497667185074, "parking_constraint": 0.14573016504514932, "equity_proxy": 0.11557996721859143 }, "geometry": { "type": "Polygon", "coordinates": [ [ [ 322355.745189270819537, 179185.311706794076599 ], [ 322538.128454620018601, 179139.348629842861556 ], [ 322252.41780283418484, 178997.824009450094309 ], [ 322428.839126204780769, 178605.874957208929118 ], [ 322004.807219639420509, 178455.019562354544178 ], [ 321700.469819631893188, 178849.078151578491088 ], [ 321665.23127504409058, 179273.82762827607803 ], [ 322355.745189270819537, 179185.311706794076599 ] ] ] } },
{ "type": "Feature", "properties": { "LSOA21CD": "W01001864", "LSOA21NM": "Cardiff 022B", "LSOA21NMW": "Caerdydd 022B", "RUC21CD": "UN1", "RUC21NM": "Urban: Nearer to a major town or city", "population": 1513, "median_age": 48.5, "_lsoa_code": "W01001864", "wimd_rank": 1627.0, "wimd_decile": 9.0, "wimd_norm": 0.14779874213836477, "share_flats": 0.1056782334384858, "share_terraced": 0.1056782334384858, "share_dense_housing": 0.12618296529968454, "share_no_car": 0.15689381933438987, "share_owned": 0.8571428571428571, "share_rented": 0.1380952380952381, "share_rent_free": 0.0, "parking_constraint": 0.11683541134645235, "equity_proxy": 0.13231707674240856 }, "geometry": { "type": "Polygon", "coordinates": [ [ [ 321665.23127504409058, 179273.82762827607803 ], [ 321700.469819631893188, 178849.078151578491088 ], [ 320968.785416277940385, 178948.91906493762508 ], [ 321010.506643254484516, 179086.055463521799538 ], [ 321880.555281785491388, 179797.038589554664213 ], [ 321953.9221503456356, 179881.640030497044791 ], [ 321665.23127504409058, 179273.82762827607803 ] ] ] } },
{ "type": "Feature", "properties": { "LSOA21CD": "W01001865", "LSOA21NM": "Cardiff 022C", "LSOA21NMW": "Caerdydd 022C", "RUC21CD": "UN1", "RUC21NM": "Urban: Nearer to a major town or city", "population": 1287, "median_age": 44.5, "_lsoa_code": "W01001865", "wimd_rank": 1487.0, "wimd_decile": 8.0, "wimd_norm": 0.22117400419287211, "share_flats": 0.025193798449612403, "share_terraced": 0.083333333333333329, "share_dense_housing": 0.03294573643410853, "share_no_car": 0.10444874274661509, "share_owned": 0.87307692307692308, "share_rented": 0.125, "share_rent_free": 0.0, "parking_constraint": 0.05271317829457365, "equity_proxy": 0.13694359124372288 }, "geometry": { "type": "Polygon", "coordinates": [ [ [ 321700.469819631893188, 178849.078151578491088 ], [ 322004.807219639420509, 178455.019562354544178 ], [ 322428.839126204780769, 178605.874957208929118 ], [ 323026.730238708551042, 178008.612225314311218 ], [ 322775.934401347243693, 177677.851651644625235 ], [ 322761.120603257964831, 177680.524685473181307 ], [ 322246.016863938362803, 177436.627626757952385 ], [ 322198.504463398014195, 177324.631120598234702 ], [ 321526.843514658452477, 177573.526643064455129 ], [ 321675.731459448463283, 178013.413178724993486 ], [ 321236.206430369056761, 178290.304752132273279 ], [ 321004.501329258317128, 178623.714044057764113 ], [ 320968.785416277940385, 178948.91906493762508 ], [ 321700.469819631893188, 178849.078151578491088 ] ] ] } },
{ "type": "Feature", "properties": { "LSOA21CD": "W01001866", "LSOA21NM": "Cardiff 016A", "LSOA21NMW": "Caerdydd 016A", "RUC21CD": "UN1", "RUC21NM": "Urban: Nearer to a major town or city", "population": 1971, "median_age": 40.1, "_lsoa_code": "W01001866", "wimd_rank": 875.0, "wimd_decile": 5.0, "wimd_norm": 0.54192872117400415, "share_flats": 0.19033232628398791, "share_terraced": 0.090634441087613288, "share_dense_housing": 0.19637462235649547, "share_no_car": 0.24474474474474475, "share_owned": 0.58157099697885195, "share_rented": 0.41540785498489424, "share_rent_free": 0.0015105740181268882, "parking_constraint": 0.202416918429003, "equity_proxy": 0.37217281980150357 }, "geometry": { "type": "Polygon", "coordinates": [ [ [ 322882.845633531920612, 180883.123613427742384 ], [ 322872.39799248293275, 180368.883954764227383 ], [ 322829.969709285360295, 179745.235897112928797 ], [ 322812.691829262825195, 179718.676736214023549 ], [ 322435.736166929069441, 179844.397586501552723 ], [ 322600.370013782696333, 180086.418183029920328 ], [ 322191.129774435772561, 179945.809311795746908 ], [ 322030.469203965738416, 179983.98934048472438 ], [ 322620.50857570907101, 180603.123222172958776 ], [ 322734.203377216181252, 180874.373361928563099 ], [ 322871.205295349587686, 180905.11875267297728 ], [ 322882.845633531920612, 180883.123613427742384 ] ] ] } },
{ "type": "Feature", "properties": { "LSOA21CD": "W01001867", "LSOA21NM": "Cardiff 016B", "LSOA21NMW": "Caerdydd 016B", "RUC21CD": "UN1", "RUC21NM": "Urban: Nearer to a major town or city", "population": 1507, "median_age": 32.6, "_lsoa_code": "W01001867", "wimd_rank": 656.0, "wimd_decile": 4.0, "wimd_norm": 0.65670859538784065, "share_flats": 0.14495412844036698, "share_terraced": 0.1889908256880734, "share_dense_housing": 0.14678899082568808, "share_no_car": 0.27522935779816515, "share_owned": 0.4680073126142596, "share_rented": 0.52285191956124311, "share_rent_free": 0.0054844606946983544, "parking_constraint": 0.20475946083446547, "equity_proxy": 0.43073402811115308 }, "geometry": { "type": "Polygon", "coordinates": [ [ [ 322812.691829262825195, 179718.676736214023549 ], [ 322538.128454620018601, 179139.348629842861556 ], [ 322355.745189270819537, 179185.311706794076599 ], [ 322191.129774435772561, 179945.809311795746908 ], [ 322600.370013782696333, 180086.418183029920328 ], [ 322435.736166929069441, 179844.397586501552723 ], [ 322812.691829262825195, 179718.676736214023549 ] ] ] } },
{ "type": "Feature", "properties": { "LSOA21CD": "W01001868", "LSOA21NM": "Cardiff 022D", "LSOA21NMW": "Caerdydd 022D", "RUC21CD": "UN1", "RUC21NM": "Urban: Nearer to a major town or city", "population": 1584, "median_age": 36.7, "_lsoa_code": "W01001868", "wimd_rank": 1468.0, "wimd_decile": 8.0, "wimd_norm": 0.23113207547169812, "share_flats": 0.11538461538461539, "share_terraced": 0.10033444816053512, "share_dense_housing": 0.12207357859531773, "share_no_car": 0.24207011686143573, "share_owned": 0.58597662771285475, "share_rented": 0.4073455759599332, "share_rent_free": 0.005008347245409015, "parking_constraint": 0.15353236442007581, "equity_proxy": 0.19233221994588695 }, "geometry": { "type": "Polygon", "coordinates": [ [ [ 322191.129774435772561, 179945.809311795746908 ], [ 322355.745189270819537, 179185.311706794076599 ], [ 321665.23127504409058, 179273.82762827607803 ], [ 321953.9221503456356, 179881.640030497044791 ], [ 322030.469203965738416, 179983.98934048472438 ], [ 322191.129774435772561, 179945.809311795746908 ] ] ] } },
{ "type": "Feature", "properties": { "LSOA21CD": "W01001869", "LSOA21NM": "Cardiff 038A", "LSOA21NMW": "Caerdydd 038A", "RUC21CD": "UN1", "RUC21NM": "Urban: Nearer to a major town or city", "population": 1469, "median_age": 37.4, "_lsoa_code": "W01001869", "wimd_rank": 1276.0, "wimd_decile": 7.0, "wimd_norm": 0.33176100628930816, "share_flats": 0.030944625407166124, "share_terraced": 0.79804560260586321, "share_dense_housing": 0.12377850162866449, "share_no_car": 0.31340872374798062, "share_owned": 0.59289176090468498, "share_rented": 0.40226171243941844, "share_rent_free": 0.0048465266558966073, "parking_constraint": 0.2648183911917053, "equity_proxy": 0.2982896987405067 }, "geometry": { "type": "Polygon", "coordinates": [ [ [ 320795.990133094834164, 177832.798973480064888 ], [ 320709.96338138228748, 177683.52881127060391 ], [ 320518.726799210475292, 177191.154744679341093 ], [ 320374.133903519134037, 176831.362194660643581 ], [ 319984.479845026158728, 176835.546060934429988 ], [ 320102.262060708890203, 176993.413770031416789 ], [ 320768.834518121671863, 177854.299416567198932 ], [ 320795.990133094834164, 177832.798973480064888 ] ] ] } },
{ "type": "Feature", "properties": { "LSOA21CD": "W01001870", "LSOA21NM": "Cardiff 037A", "LSOA21NMW": "Caerdydd 037A", "RUC21CD": "UN1", "RUC21NM": "Urban: Nearer to a major town or city", "population": 1432, "median_age": 35.3, "_lsoa_code": "W01001870", "wimd_rank": 1489.0, "wimd_decile": 8.0, "wimd_norm": 0.22012578616352202, "share_flats": 0.034755134281200632, "share_terraced": 0.73933649289099523, "share_dense_housing": 0.11532385466034756, "share_no_car": 0.29272151898734178, "share_owned": 0.62776025236593058, "share_rented": 0.37066246056782337, "share_rent_free": 0.0, "parking_constraint": 0.24731528963442492, "equity_proxy": 0.23372053789897346 }, "geometry": { "type": "Polygon", "coordinates": [ [ [ 320644.670051939843688, 177016.258630728989374 ], [ 320659.3945388373686, 176490.121665369253606 ], [ 320578.462798869470134, 176482.667881090892479 ], [ 320395.061229074781295, 176669.094696124899201 ], [ 320374.133903519134037, 176831.362194660643581 ], [ 320518.726799210475292, 177191.154744679341093 ], [ 320644.670051939843688, 177016.258630728989374 ] ] ] } },
{ "type": "Feature", "properties": { "LSOA21CD": "W01001871", "LSOA21NM": "Cardiff 037B", "LSOA21NMW": "Caerdydd 037B", "RUC21CD": "UN1", "RUC21NM": "Urban: Nearer to a major town or city", "population": 1751, "median_age": 32.8, "_lsoa_code": "W01001871", "wimd_rank": 645.0, "wimd_decile": 4.0, "wimd_norm": 0.66247379454926625, "share_flats": 0.1282798833819242, "share_terraced": 0.45918367346938777, "share_dense_housing": 0.13994169096209913, "share_no_car": 0.42212518195050946, "share_owned": 0.39737991266375544, "share_rented": 0.59970887918486171, "share_rent_free": 0.001455604075691412, "parking_constraint": 0.26120511003320018, "equity_proxy": 0.46183945229123324 }, "geometry": { "type": "Polygon", "coordinates": [ [ [ 321442.397710379853379, 176672.131428137654439 ], [ 320659.3945388373686, 176490.121665369253606 ], [ 320644.670051939843688, 177016.258630728989374 ], [ 320994.818682309822179, 177206.512090758362319 ], [ 321250.007713584345765, 177387.685798449325375 ], [ 321257.230064269562718, 177095.292345494788606 ], [ 321549.049725189921446, 177116.870266357611399 ], [ 321442.397710379853379, 176672.131428137654439 ] ] ] } },
{ "type": "Feature", "properties": { "LSOA21CD": "W01001872", "LSOA21NM": "Cardiff 038B", "LSOA21NMW": "Caerdydd 038B", "RUC21CD": "UN1", "RUC21NM": "Urban: Nearer to a major town or city", "population": 1738, "median_age": 34.9, "_lsoa_code": "W01001872", "wimd_rank": 1209.0, "wimd_decile": 7.0, "wimd_norm": 0.3668763102725367, "share_flats": 0.1307471264367816, "share_terraced": 0.68678160919540232, "share_dense_housing": 0.25431034482758619, "share_no_car": 0.35539568345323741, "share_owned": 0.51936872309899573, "share_rented": 0.47632711621233859, "share_rent_free": 0.0028694404591104736, "parking_constraint": 0.3292190944221815, "equity_proxy": 0.3480477023473591 }, "geometry": { "type": "Polygon", "coordinates": [ [ [ 320374.133903519134037, 176831.362194660643581 ], [ 320395.061229074781295, 176669.094696124899201 ], [ 319939.612682343227789, 176437.638587202003691 ], [ 319862.707520705589559, 176672.259957016154658 ], [ 319953.649260681821033, 176790.326264081988484 ], [ 319984.479845026158728, 176835.546060934429988 ], [ 320374.133903519134037, 176831.362194660643581 ] ] ] } },
{ "type": "Feature", "properties": { "LSOA21CD": "W01001873", "LSOA21NM": "Cardiff 038C", "LSOA21NMW": "Caerdydd 038C", "RUC21CD": "UN1", "RUC21NM": "Urban: Nearer to a major town or city", "population": 1954, "median_age": 34.3, "_lsoa_code": "W01001873", "wimd_rank": 845.0, "wimd_decile": 5.0, "wimd_norm": 0.55765199161425572, "share_flats": 0.25283018867924528, "share_terraced": 0.55471698113207546, "share_dense_housing": 0.38113207547169814, "share_no_car": 0.40175219023779724, "share_owned": 0.42678347934918648, "share_rented": 0.55569461827284106, "share_rent_free": 0.015018773466833541, "parking_constraint": 0.39635676671310843, "equity_proxy": 0.4770043791636821 }, "geometry": { "type": "Polygon", "coordinates": [ [ [ 320578.462798869470134, 176482.667881090892479 ], [ 320407.685479962150566, 175924.58852343657054 ], [ 320004.39052918960806, 175895.10481824958697 ], [ 319939.612682343227789, 176437.638587202003691 ], [ 320395.061229074781295, 176669.094696124899201 ], [ 320578.462798869470134, 176482.667881090892479 ] ] ] } },
{ "type": "Feature", "properties": { "LSOA21CD": "W01001874", "LSOA21NM": "Cardiff 038D", "LSOA21NMW": "Caerdydd 038D", "RUC21CD": "UN1", "RUC21NM": "Urban: Nearer to a major town or city", "population": 1522, "median_age": 32.4, "_lsoa_code": "W01001874", "wimd_rank": 360.0, "wimd_decile": 2.0, "wimd_norm": 0.81184486373165621, "share_flats": 0.17310252996005326, "share_terraced": 0.64047936085219703, "share_dense_housing": 0.19307589880159787, "share_no_car": 0.528, "share_owned": 0.21179624664879357, "share_rented": 0.77211796246648789, "share_rent_free": 0.014745308310991957, "parking_constraint": 0.35310441008652149, "equity_proxy": 0.58247463690908885 }, "geometry": { "type": "Polygon", "coordinates": [ [ [ 319939.612682343227789, 176437.638587202003691 ], [ 320004.39052918960806, 175895.10481824958697 ], [ 320407.685479962150566, 175924.58852343657054 ], [ 320863.397574748902116, 175505.30622283811681 ], [ 319937.796848779369611, 174972.880535798554774 ], [ 319550.868346004048362, 175706.517892359057441 ], [ 319410.918230110255536, 176308.813088126073126 ], [ 319862.707520705589559, 176672.259957016154658 ], [ 319939.612682343227789, 176437.638587202003691 ] ] ] } },
{ "type": "Feature", "properties": { "LSOA21CD": "W01001876", "LSOA21NM": "Cardiff 037D", "LSOA21NMW": "Caerdydd 037D", "RUC21CD": "UN1", "RUC21NM": "Urban: Nearer to a major town or city", "population": 1759, "median_age": 32.7, "_lsoa_code": "W01001876", "wimd_rank": 581.0, "wimd_decile": 4.0, "wimd_norm": 0.69601677148846963, "share_flats": 0.19266055045871561, "share_terraced": 0.45107033639143729, "share_dense_housing": 0.20336391437308868, "share_no_car": 0.38931297709923662, "share_owned": 0.43711656441717789, "share_rented": 0.54447852760736193, "share_rent_free": 0.015337423312883436, "parking_constraint": 0.29481935923653718, "equity_proxy": 0.49541806536250343 }, "geometry": { "type": "Polygon", "coordinates": [ [ [ 320994.818682309822179, 177206.512090758362319 ], [ 320644.670051939843688, 177016.258630728989374 ], [ 320518.726799210475292, 177191.154744679341093 ], [ 320709.96338138228748, 177683.52881127060391 ], [ 321052.465874104353134, 177515.623994574649259 ], [ 320994.818682309822179, 177206.512090758362319 ] ] ] } },
{ "type": "Feature", "properties": { "LSOA21CD": "W01001877", "LSOA21NM": "Cardiff 011A", "LSOA21NMW": "Caerdydd 011A", "RUC21CD": "UN1", "RUC21NM": "Urban: Nearer to a major town or city", "population": 1920, "median_age": 40.8, "_lsoa_code": "W01001877", "wimd_rank": 1566.0, "wimd_decile": 9.0, "wimd_norm": 0.17976939203354297, "share_flats": 0.035539215686274508, "share_terraced": 0.15441176470588236, "share_dense_housing": 0.042892156862745098, "share_no_car": 0.13480392156862744, "share_owned": 0.7279411764705882, "share_rented": 0.26715686274509803, "share_rent_free": 0.0, "parking_constraint": 0.092647058823529416, "equity_proxy": 0.13620822542853619 }, "geometry": { "type": "Polygon", "coordinates": [ [ [ 324644.602241669548675, 182117.431630914856214 ], [ 324642.411835907143541, 181182.678848578943871 ], [ 324374.449575480597559, 181134.142916980723385 ], [ 324146.604883615800645, 181470.681563992169686 ], [ 323844.990532488562167, 182010.297533809789456 ], [ 324207.41429054911714, 182434.373338340374175 ], [ 324644.602241669548675, 182117.431630914856214 ] ] ] } },
{ "type": "Feature", "properties": { "LSOA21CD": "W01001878", "LSOA21NM": "Cardiff 011B", "LSOA21NMW": "Caerdydd 011B", "RUC21CD": "UN1", "RUC21NM": "Urban: Nearer to a major town or city", "population": 1712, "median_age": 36.9, "_lsoa_code": "W01001878", "wimd_rank": 1672.0, "wimd_decile": 9.0, "wimd_norm": 0.12421383647798742, "share_flats": 0.02403846153846154, "share_terraced": 0.36378205128205127, "share_dense_housing": 0.02403846153846154, "share_no_car": 0.1728, "share_owned": 0.6629213483146067, "share_rented": 0.33547351524879615, "share_rent_free": 0.0, "parking_constraint": 0.13351185331522411, "equity_proxy": 0.12886284489660577 }, "geometry": { "type": "Polygon", "coordinates": [ [ [ 324146.604883615800645, 181470.681563992169686 ], [ 324059.89963864517631, 181258.996831649972592 ], [ 323965.489412736031227, 181483.892150456958916 ], [ 323660.5401059234282, 181186.308238502242602 ], [ 323477.697464591125026, 181344.038796867767815 ], [ 323384.927071873738896, 181616.94581465725787 ], [ 323632.428610923991073, 181805.144031355215702 ], [ 323844.990532488562167, 182010.297533809789456 ], [ 324146.604883615800645, 181470.681563992169686 ] ] ] } },
{ "type": "Feature", "properties": { "LSOA21CD": "W01001879", "LSOA21NM": "Cardiff 013A", "LSOA21NMW": "Caerdydd 013A", "RUC21CD": "UN1", "RUC21NM": "Urban: Nearer to a major town or city", "population": 1960, "median_age": 35.0, "_lsoa_code": "W01001879", "wimd_rank": 1190.0, "wimd_decile": 7.0, "wimd_norm": 0.37683438155136267, "share_flats": 0.18090452261306533, "share_terraced": 0.3693467336683417, "share_dense_housing": 0.18341708542713567, "share_no_car": 0.30778894472361806, "share_owned": 0.40726817042606517, "share_rented": 0.58020050125313283, "share_rent_free": 0.0, "parking_constraint": 0.27266994958081969, "equity_proxy": 0.32475216556609121 }, "geometry": { "type": "Polygon", "coordinates": [ [ [ 324059.89963864517631, 181258.996831649972592 ], [ 324014.750093518639915, 181017.471987350319978 ], [ 323524.439767915173434, 180656.138458888919558 ], [ 323437.934639047423843, 180249.190954184101429 ], [ 323285.094765406043734, 180366.763953891466372 ], [ 323325.428778622590471, 180862.13379893603269 ], [ 323477.697464591125026, 181344.038796867767815 ], [ 323660.5401059234282, 181186.308238502242602 ], [ 323965.489412736031227, 181483.892150456958916 ], [ 324059.89963864517631, 181258.996831649972592 ] ] ] } },
{ "type": "Feature", "properties": { "LSOA21CD": "W01001880", "LSOA21NM": "Cardiff 013B", "LSOA21NMW": "Caerdydd 013B", "RUC21CD": "UN1", "RUC21NM": "Urban: Nearer to a major town or city", "population": 1691, "median_age": 32.4, "_lsoa_code": "W01001880", "wimd_rank": 566.0, "wimd_decile": 3.0, "wimd_norm": 0.70387840670859536, "share_flats": 0.055646481178396073, "share_terraced": 0.36006546644844517, "share_dense_housing": 0.060556464811783964, "share_no_car": 0.30882352941176472, "share_owned": 0.30769230769230771, "share_rented": 0.68576104746317512, "share_rent_free": 0.0049099836333878887, "parking_constraint": 0.20218221494817237, "equity_proxy": 0.45303031082838385 }, "geometry": { "type": "Polygon", "coordinates": [ [ [ 324374.449575480597559, 181134.142916980723385 ], [ 324076.720850228390191, 180499.018211036280263 ], [ 324014.750093518639915, 181017.471987350319978 ], [ 324059.89963864517631, 181258.996831649972592 ], [ 324146.604883615800645, 181470.681563992169686 ], [ 324374.449575480597559, 181134.142916980723385 ] ] ] } },
{ "type": "Feature", "properties": { "LSOA21CD": "W01001881", "LSOA21NM": "Cardiff 013C", "LSOA21NMW": "Caerdydd 013C", "RUC21CD": "UN1", "RUC21NM": "Urban: Nearer to a major town or city", "population": 1504, "median_age": 37.6, "_lsoa_code": "W01001881", "wimd_rank": 607.0, "wimd_decile": 4.0, "wimd_norm": 0.6823899371069182, "share_flats": 0.22796352583586627, "share_terraced": 0.36626139817629177, "share_dense_housing": 0.23708206686930092, "share_no_car": 0.33740458015267177, "share_owned": 0.45121951219512196, "share_rented": 0.53963414634146345, "share_rent_free": 0.007621951219512195, "parking_constraint": 0.3002186967158425, "equity_proxy": 0.49130431691138032 }, "geometry": { "type": "Polygon", "coordinates": [ [ [ 323477.697464591125026, 181344.038796867767815 ], [ 323325.428778622590471, 180862.13379893603269 ], [ 322882.845633531920612, 180883.123613427742384 ], [ 322871.205295349587686, 180905.11875267297728 ], [ 323384.927071873738896, 181616.94581465725787 ], [ 323477.697464591125026, 181344.038796867767815 ] ] ] } },
{ "type": "Feature", "properties": { "LSOA21CD": "W01001882", "LSOA21NM": "Cardiff 011C", "LSOA21NMW": "Caerdydd 011C", "RUC21CD": "UN1", "RUC21NM": "Urban: Nearer to a major town or city", "population": 1887, "median_age": 36.0, "_lsoa_code": "W01001882", "wimd_rank": 1729.0, "wimd_decile": 10.0, "wimd_norm": 0.094339622641509441, "share_flats": 0.03430079155672823, "share_terraced": 0.18337730870712401, "share_dense_housing": 0.03430079155672823, "share_no_car": 0.11477572559366754, "share_owned": 0.70899470899470896, "share_rented": 0.27777777777777779, "share_rent_free": 0.0013227513227513227, "parking_constraint": 0.096579693149613996, "equity_proxy": 0.095459657895561711 }, "geometry": { "type": "Polygon", "coordinates": [ [ [ 325209.898270433128346, 181369.700313322769944 ], [ 325526.065032581740525, 180934.227116751368158 ], [ 325932.162438041705173, 180690.498010648181662 ], [ 325003.769267701194622, 180099.935854896029923 ], [ 325136.540138829790521, 179834.788222171599045 ], [ 324320.059762425138615, 180504.617058883712161 ], [ 323926.068304579705, 180183.814099236624315 ], [ 323857.037677448126487, 180387.757551013084594 ], [ 324076.720850228390191, 180499.018211036280263 ], [ 324374.449575480597559, 181134.142916980723385 ], [ 324642.411835907143541, 181182.678848578943871 ], [ 324644.602241669548675, 182117.431630914856214 ], [ 325120.89106427115621, 181964.165559956803918 ], [ 325209.898270433128346, 181369.700313322769944 ] ] ] } },
{ "type": "Feature", "properties": { "LSOA21CD": "W01001883", "LSOA21NM": "Cardiff 016C", "LSOA21NMW": "Caerdydd 016C", "RUC21CD": "UN1", "RUC21NM": "Urban: Nearer to a major town or city", "population": 1710, "median_age": 37.1, "_lsoa_code": "W01001883", "wimd_rank": 682.0, "wimd_decile": 4.0, "wimd_norm": 0.64308176100628933, "share_flats": 0.28694404591104733, "share_terraced": 0.32855093256814921, "share_dense_housing": 0.29268292682926828, "share_no_car": 0.40114613180515757, "share_owned": 0.40974212034383956, "share_rented": 0.58452722063037255, "share_rent_free": 0.0028653295128939827, "parking_constraint": 0.3368561401777847, "equity_proxy": 0.48996895059203704 }, "geometry": { "type": "Polygon", "coordinates": [ [ [ 323325.428778622590471, 180862.13379893603269 ], [ 323285.094765406043734, 180366.763953891466372 ], [ 322968.42306545790052, 180124.127336142933927 ], [ 322872.39799248293275, 180368.883954764227383 ], [ 322882.845633531920612, 180883.123613427742384 ], [ 323325.428778622590471, 180862.13379893603269 ] ] ] } },
{ "type": "Feature", "properties": { "LSOA21CD": "W01001884", "LSOA21NM": "Cardiff 013D", "LSOA21NMW": "Caerdydd 013D", "RUC21CD": "UN1", "RUC21NM": "Urban: Nearer to a major town or city", "population": 1498, "median_age": 27.8, "_lsoa_code": "W01001884", "wimd_rank": 361.0, "wimd_decile": 2.0, "wimd_norm": 0.81132075471698117, "share_flats": 0.066666666666666666, "share_terraced": 0.26095238095238094, "share_dense_housing": 0.078095238095238093, "share_no_car": 0.32571428571428573, "share_owned": 0.10305343511450382, "share_rented": 0.89312977099236646, "share_rent_free": 0.0038167938931297708, "parking_constraint": 0.21952841391009334, "equity_proxy": 0.51542458431353722 }, "geometry": { "type": "Polygon", "coordinates": [ [ [ 324076.720850228390191, 180499.018211036280263 ], [ 323857.037677448126487, 180387.757551013084594 ], [ 323524.439767915173434, 180656.138458888919558 ], [ 324014.750093518639915, 181017.471987350319978 ], [ 324076.720850228390191, 180499.018211036280263 ] ] ] } },
{ "type": "Feature", "properties": { "LSOA21CD": "W01001885", "LSOA21NM": "Cardiff 011D", "LSOA21NMW": "Caerdydd 011D", "RUC21CD": "UN1", "RUC21NM": "Urban: Nearer to a major town or city", "population": 2788, "median_age": 32.9, "_lsoa_code": "W01001885", "wimd_rank": 325.0, "wimd_decile": 2.0, "wimd_norm": 0.83018867924528306, "share_flats": 0.106, "share_terraced": 0.236, "share_dense_housing": 0.116, "share_no_car": 0.15531062124248496, "share_owned": 0.63326653306613223, "share_rented": 0.35571142284569141, "share_rent_free": 0.0040080160320641279, "parking_constraint": 0.16862818971275884, "equity_proxy": 0.49940843447902095 }, "geometry": { "type": "Polygon", "coordinates": [ [ [ 323857.037677448126487, 180387.757551013084594 ], [ 323926.068304579705, 180183.814099236624315 ], [ 324320.059762425138615, 180504.617058883712161 ], [ 325136.540138829790521, 179834.788222171599045 ], [ 324427.295708002580795, 179563.813510942971334 ], [ 324899.45096466637915, 178622.482512591406703 ], [ 323294.328870437573642, 177584.309425374201965 ], [ 322775.934401347243693, 177677.851651644625235 ], [ 323026.730238708551042, 178008.612225314311218 ], [ 322428.839126204780769, 178605.874957208929118 ], [ 322252.41780283418484, 178997.824009450094309 ], [ 322538.128454620018601, 179139.348629842861556 ], [ 322812.691829262825195, 179718.676736214023549 ], [ 322829.969709285360295, 179745.235897112928797 ], [ 323437.934639047423843, 180249.190954184101429 ], [ 323524.439767915173434, 180656.138458888919558 ], [ 323857.037677448126487, 180387.757551013084594 ] ] ] } },
{ "type": "Feature", "properties": { "LSOA21CD": "W01001886", "LSOA21NM": "Cardiff 016D", "LSOA21NMW": "Caerdydd 016D", "RUC21CD": "UN1", "RUC21NM": "Urban: Nearer to a major town or city", "population": 1409, "median_age": 33.4, "_lsoa_code": "W01001886", "wimd_rank": 501.0, "wimd_decile": 3.0, "wimd_norm": 0.73794549266247378, "share_flats": 0.24904942965779467, "share_terraced": 0.21673003802281368, "share_dense_housing": 0.26045627376425856, "share_no_car": 0.35795454545454547, "share_owned": 0.40037593984962405, "share_rented": 0.58834586466165417, "share_rent_free": 0.011278195488721804, "parking_constraint": 0.29162735736680107, "equity_proxy": 0.51478642501463745 }, "geometry": { "type": "Polygon", "coordinates": [ [ [ 323285.094765406043734, 180366.763953891466372 ], [ 323437.934639047423843, 180249.190954184101429 ], [ 322829.969709285360295, 179745.235897112928797 ], [ 322872.39799248293275, 180368.883954764227383 ], [ 322968.42306545790052, 180124.127336142933927 ], [ 323285.094765406043734, 180366.763953891466372 ] ] ] } },
{ "type": "Feature", "properties": { "LSOA21CD": "W01001887", "LSOA21NM": "Cardiff 020A", "LSOA21NMW": "Caerdydd 020A", "RUC21CD": "UN1", "RUC21NM": "Urban: Nearer to a major town or city", "population": 1588, "median_age": 50.6, "_lsoa_code": "W01001887", "wimd_rank": 1887.0, "wimd_decile": 10.0, "wimd_norm": 0.011530398322851153, "share_flats": 0.095779220779220783, "share_terraced": 0.079545454545454544, "share_dense_housing": 0.1185064935064935, "share_no_car": 0.081168831168831168, "share_owned": 0.90746753246753242, "share_rented": 0.090909090909090912, "share_rent_free": 0.0016233766233766235, "parking_constraint": 0.099458874458874469, "equity_proxy": 0.055494636390862814 }, "geometry": { "type": "Polygon", "coordinates": [ [ [ 315380.341963034705259, 180030.163257349922787 ], [ 315309.096410505997483, 179565.107304015778936 ], [ 314888.171638090047054, 179571.121704876015428 ], [ 314647.305731770407874, 179614.101455238240305 ], [ 314751.06802581960801, 179923.912563946563751 ], [ 314741.708059046824928, 180349.550498238124419 ], [ 315040.610458514827769, 180460.06616146909073 ], [ 315380.341963034705259, 180030.163257349922787 ] ] ] } },
{ "type": "Feature", "properties": { "LSOA21CD": "W01001888", "LSOA21NM": "Cardiff 010A", "LSOA21NMW": "Caerdydd 010A", "RUC21CD": "UN1", "RUC21NM": "Urban: Nearer to a major town or city", "population": 1702, "median_age": 42.1, "_lsoa_code": "W01001888", "wimd_rank": 1068.0, "wimd_decile": 6.0, "wimd_norm": 0.44077568134171907, "share_flats": 0.11046511627906977, "share_terraced": 0.15406976744186046, "share_dense_housing": 0.11918604651162791, "share_no_car": 0.1204644412191582, "share_owned": 0.78165938864628826, "share_rented": 0.21542940320232898, "share_rent_free": 0.0, "parking_constraint": 0.13608826151224851, "equity_proxy": 0.28843197142698379 }, "geometry": { "type": "Polygon", "coordinates": [ [ [ 314751.06802581960801, 179923.912563946563751 ], [ 314647.305731770407874, 179614.101455238240305 ], [ 314067.577440910041332, 179872.082805878890213 ], [ 314182.003404223185498, 180363.463835201691836 ], [ 313539.414572787412908, 180485.535639594891109 ], [ 313533.120200954144821, 180487.867538649996277 ], [ 313517.4001711581368, 180756.926023967913352 ], [ 314427.643898681679275, 180689.678566081565805 ], [ 314751.06802581960801, 179923.912563946563751 ] ] ] } },
{ "type": "Feature", "properties": { "LSOA21CD": "W01001889", "LSOA21NM": "Cardiff 020B", "LSOA21NMW": "Caerdydd 020B", "RUC21CD": "UN1", "RUC21NM": "Urban: Nearer to a major town or city", "population": 1481, "median_age": 49.5, "_lsoa_code": "W01001889", "wimd_rank": 1491.0, "wimd_decile": 8.0, "wimd_norm": 0.2190775681341719, "share_flats": 0.26742532005689901, "share_terraced": 0.20341394025604551, "share_dense_housing": 0.28876244665718348, "share_no_car": 0.21509971509971509, "share_owned": 0.74571428571428566, "share_rented": 0.25, "share_rent_free": 0.0, "parking_constraint": 0.25941204362256992, "equity_proxy": 0.23924480587837091 }, "geometry": { "type": "Polygon", "coordinates": [ [ [ 315664.236171664262656, 180488.68029764801031 ], [ 316153.575134690850973, 180102.284918381483294 ], [ 316243.375899875769392, 179649.145731131138746 ], [ 315826.520246336935088, 179534.149516943434719 ], [ 315446.167342522414401, 180087.095289451943245 ], [ 315602.784751638071612, 180535.261400251707528 ], [ 315664.236171664262656, 180488.68029764801031 ] ] ] } },
{ "type": "Feature", "properties": { "LSOA21CD": "W01001890", "LSOA21NM": "Cardiff 021D", "LSOA21NMW": "Caerdydd 021D", "RUC21CD": "UN1", "RUC21NM": "Urban: Nearer to a major town or city", "population": 1570, "median_age": 38.7, "_lsoa_code": "W01001890", "wimd_rank": 1356.0, "wimd_decile": 8.0, "wimd_norm": 0.28983228511530396, "share_flats": 0.044628099173553717, "share_terraced": 0.28099173553719009, "share_dense_housing": 0.079338842975206617, "share_no_car": 0.17491749174917492, "share_owned": 0.81456953642384111, "share_rented": 0.18211920529801323, "share_rent_free": 0.0, "parking_constraint": 0.12180322186342656, "equity_proxy": 0.20581775348936526 }, "geometry": { "type": "Polygon", "coordinates": [ [ [ 316540.418406373006292, 179726.040470292384271 ], [ 316829.549864337430336, 179379.209926798997913 ], [ 316877.897477144491859, 179232.130747920833528 ], [ 316325.959070681128651, 179176.356559358013328 ], [ 316551.481534851598553, 179496.990121555340011 ], [ 316243.375899875769392, 179649.145731131138746 ], [ 316153.575134690850973, 180102.284918381483294 ], [ 316540.418406373006292, 179726.040470292384271 ] ] ] } },
{ "type": "Feature", "properties": { "LSOA21CD": "W01001891", "LSOA21NM": "Cardiff 020C", "LSOA21NMW": "Caerdydd 020C", "RUC21CD": "UN1", "RUC21NM": "Urban: Nearer to a major town or city", "population": 1675, "median_age": 44.3, "_lsoa_code": "W01001891", "wimd_rank": 1509.0, "wimd_decile": 8.0, "wimd_norm": 0.20964360587002095, "share_flats": 0.24556616643929058, "share_terraced": 0.23738062755798089, "share_dense_housing": 0.30832196452933153, "share_no_car": 0.23874488403819918, "share_owned": 0.68076398362892221, "share_rented": 0.31377899045020463, "share_rent_free": 0.0040927694406548429, "parking_constraint": 0.27394270122783088, "equity_proxy": 0.24179315354892592 }, "geometry": { "type": "Polygon", "coordinates": [ [ [ 315826.520246336935088, 179534.149516943434719 ], [ 315663.024389953818172, 179347.398888159019407 ], [ 315615.842766835179646, 179281.813928138988558 ], [ 315108.047532353783026, 179519.919509118772112 ], [ 314888.171638090047054, 179571.121704876015428 ], [ 315309.096410505997483, 179565.107304015778936 ], [ 315380.341963034705259, 180030.163257349922787 ], [ 315446.167342522414401, 180087.095289451943245 ], [ 315826.520246336935088, 179534.149516943434719 ] ] ] } },
{ "type": "Feature", "properties": { "LSOA21CD": "W01001892", "LSOA21NM": "Cardiff 020D", "LSOA21NMW": "Caerdydd 020D", "RUC21CD": "UN1", "RUC21NM": "Urban: Nearer to a major town or city", "population": 1481, "median_age": 47.6, "_lsoa_code": "W01001892", "wimd_rank": 1343.0, "wimd_decile": 8.0, "wimd_norm": 0.29664570230607967, "share_flats": 0.0, "share_terraced": 0.026755852842809364, "share_dense_housing": 0.0, "share_no_car": 0.12186978297161936, "share_owned": 0.94166666666666665, "share_rented": 0.058333333333333334, "share_rent_free": 0.0, "parking_constraint": 0.013128948346339651, "equity_proxy": 0.15488732532620966 }, "geometry": { "type": "Polygon", "coordinates": [ [ [ 316325.959070681128651, 179176.356559358013328 ], [ 315903.554826455772854, 179225.478463689796627 ], [ 315663.024389953818172, 179347.398888159019407 ], [ 315826.520246336935088, 179534.149516943434719 ], [ 316243.375899875769392, 179649.145731131138746 ], [ 316551.481534851598553, 179496.990121555340011 ], [ 316325.959070681128651, 179176.356559358013328 ] ] ] } },
{ "type": "Feature", "properties": { "LSOA21CD": "W01001893", "LSOA21NM": "Cardiff 010B", "LSOA21NMW": "Caerdydd 010B", "RUC21CD": "RLN1", "RUC21NM": "Larger rural: Nearer to a major town or city", "population": 1916, "median_age": 41.8, "_lsoa_code": "W01001893", "wimd_rank": 1299.0, "wimd_decile": 7.0, "wimd_norm": 0.31970649895178199, "share_flats": 0.17146433041301626, "share_terraced": 0.26157697121401752, "share_dense_housing": 0.18898623279098872, "share_no_car": 0.17875, "share_owned": 0.69863013698630139, "share_rented": 0.29140722291407223, "share_rent_free": 0.0074719800747198011, "parking_constraint": 0.21131987836601476, "equity_proxy": 0.26551318865889839 }, "geometry": { "type": "Polygon", "coordinates": [ [ [ 314967.498798854183406, 184136.315519655996468 ], [ 314773.818328997469507, 183065.497723203909118 ], [ 314958.362200366798788, 182610.001771529321559 ], [ 314464.461018601432443, 182295.070597727608401 ], [ 314652.375899319245946, 181958.116498368501198 ], [ 314252.53887884208234, 181545.280924287857488 ], [ 314171.970025394810364, 181422.257087476260494 ], [ 313156.322768942220137, 181471.858056927507278 ], [ 312864.133350829943083, 182288.587587443005759 ], [ 312598.931075404747389, 182852.937953023938462 ], [ 313353.519827932701446, 183290.354838176921476 ], [ 313720.695720124873333, 183978.133719963952899 ], [ 314294.732606509467587, 184474.370552448439412 ], [ 314967.498798854183406, 184136.315519655996468 ] ] ] } },
{ "type": "Feature", "properties": { "LSOA21CD": "W01001894", "LSOA21NM": "Cardiff 010C", "LSOA21NMW": "Caerdydd 010C", "RUC21CD": "UN1", "RUC21NM": "Urban: Nearer to a major town or city", "population": 1561, "median_age": 47.3, "_lsoa_code": "W01001894", "wimd_rank": 1559.0, "wimd_decile": 9.0, "wimd_norm": 0.18343815513626835, "share_flats": 0.068217054263565891, "share_terraced": 0.18449612403100776, "share_dense_housing": 0.091472868217054262, "share_no_car": 0.12012480499219969, "share_owned": 0.87906976744186049, "share_rented": 0.11937984496124031, "share_rent_free": 0.0, "parking_constraint": 0.10604651162790697, "equity_proxy": 0.14474233338208767 }, "geometry": { "type": "Polygon", "coordinates": [ [ [ 314944.31814831472002, 181126.775503160839435 ], [ 315166.27871901076287, 180912.14366442617029 ], [ 314861.742967938946094, 180795.292755838658195 ], [ 314171.970025394810364, 181422.257087476260494 ], [ 314252.53887884208234, 181545.280924287857488 ], [ 314944.31814831472002, 181126.775503160839435 ] ] ] } },
{ "type": "Feature", "properties": { "LSOA21CD": "W01001895", "LSOA21NM": "Cardiff 010D", "LSOA21NMW": "Caerdydd 010D", "RUC21CD": "UN1", "RUC21NM": "Urban: Nearer to a major town or city", "population": 1719, "median_age": 43.9, "_lsoa_code": "W01001895", "wimd_rank": 574.0, "wimd_decile": 4.0, "wimd_norm": 0.69968553459119498, "share_flats": 0.61144219308700831, "share_terraced": 0.065554231227651971, "share_dense_housing": 0.61620977353992845, "share_no_car": 0.36428571428571427, "share_owned": 0.47192353643966545, "share_rented": 0.52329749103942658, "share_rent_free": 0.0047789725209080045, "parking_constraint": 0.49210116725976621, "equity_proxy": 0.59589335092548057 }, "geometry": { "type": "Polygon", "coordinates": [ [ [ 314171.970025394810364, 181422.257087476260494 ], [ 314861.742967938946094, 180795.292755838658195 ], [ 315040.610458514827769, 180460.06616146909073 ], [ 314741.708059046824928, 180349.550498238124419 ], [ 314751.06802581960801, 179923.912563946563751 ], [ 314427.643898681679275, 180689.678566081565805 ], [ 313517.4001711581368, 180756.926023967913352 ], [ 313533.120200954144821, 180487.867538649996277 ], [ 313011.252011185511947, 181084.035639402980451 ], [ 313156.322768942220137, 181471.858056927507278 ], [ 314171.970025394810364, 181422.257087476260494 ] ] ] } },
{ "type": "Feature", "properties": { "LSOA21CD": "W01001896", "LSOA21NM": "Cardiff 020E", "LSOA21NMW": "Caerdydd 020E", "RUC21CD": "UN1", "RUC21NM": "Urban: Nearer to a major town or city", "population": 1494, "median_age": 47.5, "_lsoa_code": "W01001896", "wimd_rank": 1879.0, "wimd_decile": 10.0, "wimd_norm": 0.015723270440251572, "share_flats": 0.06633499170812604, "share_terraced": 0.15257048092868988, "share_dense_housing": 0.092868988391376445, "share_no_car": 0.13976705490848584, "share_owned": 0.85973597359735976, "share_rented": 0.13696369636963696, "share_rent_free": 0.0, "parking_constraint": 0.10184391573485707, "equity_proxy": 0.05878359308755432 }, "geometry": { "type": "Polygon", "coordinates": [ [ [ 315602.784751638071612, 180535.261400251707528 ], [ 315446.167342522414401, 180087.095289451943245 ], [ 315380.341963034705259, 180030.163257349922787 ], [ 315040.610458514827769, 180460.06616146909073 ], [ 314861.742967938946094, 180795.292755838658195 ], [ 315166.27871901076287, 180912.14366442617029 ], [ 315602.784751638071612, 180535.261400251707528 ] ] ] } },
{ "type": "Feature", "properties": { "LSOA21CD": "W01001912", "LSOA21NM": "Newport 020E", "LSOA21NMW": "Casnewydd 020E", "RUC21CD": "RSN1", "RUC21NM": "Smaller rural: Nearer to a major town or city", "population": 1543, "median_age": 49.3, "_lsoa_code": "W01001912", "wimd_rank": 150.0, "wimd_decile": 1.0, "wimd_norm": 0.92190775681341719, "share_flats": 0.0045112781954887221, "share_terraced": 0.22706766917293233, "share_dense_housing": 0.012030075187969926, "share_no_car": 0.058470764617691157, "share_owned": 0.84407796101949029, "share_rented": 0.14992503748125938, "share_rent_free": 0.0, "parking_constraint": 0.070917323293240589, "equity_proxy": 0.49641254005332891 }, "geometry": { "type": "Polygon", "coordinates": [ [ [ 331044.553212345694192, 184563.255732762452681 ], [ 330965.406854634056799, 184671.496640080993529 ], [ 331063.60503642068943, 183897.17939207481686 ], [ 331447.717174752207939, 183738.976674652134534 ], [ 331059.801074038608931, 182412.442194678587839 ], [ 328802.290083474596031, 180688.101367302238941 ], [ 327772.984583040233701, 180685.004125202016439 ], [ 327460.511485911440104, 180000.073863925295882 ], [ 327422.787268933374435, 179917.383937046281062 ], [ 325685.068007513997145, 178804.772199352097232 ], [ 325444.864871380967088, 179035.883802030992229 ], [ 324948.154987536952831, 178653.983823999704327 ], [ 324899.45096466637915, 178622.482512591406703 ], [ 324427.295708002580795, 179563.813510942971334 ], [ 325136.540138829790521, 179834.788222171599045 ], [ 325003.769267701194622, 180099.935854896029923 ], [ 325932.162438041705173, 180690.498010648181662 ], [ 325526.065032581740525, 180934.227116751368158 ], [ 328003.058098575100303, 182718.162453609635122 ], [ 327579.203851019439753, 183105.259558109624777 ], [ 328976.963782752980478, 183907.191919526259881 ], [ 329239.027397895173635, 184171.189020349353086 ], [ 328956.064236399251968, 184185.798439245554619 ], [ 329020.399871184141375, 184509.735969746427145 ], [ 329088.419063635519706, 184515.824892609613016 ], [ 330015.029705122171436, 184240.998234479164239 ], [ 330311.595964031293988, 185204.91134172596503 ], [ 330679.001067892764695, 184748.796154188283253 ], [ 331088.700978432316333, 185114.798669025534764 ], [ 331044.553212345694192, 184563.255732762452681 ] ] ] } },
{ "type": "Feature", "properties": { "LSOA21CD": "W01001922", "LSOA21NM": "Cardiff 032E", "LSOA21NMW": "Caerdydd 032E", "RUC21CD": "UN1", "RUC21NM": "Urban: Nearer to a major town or city", "population": 2106, "median_age": 21.2, "_lsoa_code": "W01001922", "wimd_rank": 464.0, "wimd_decile": 3.0, "wimd_norm": 0.7573375262054507, "share_flats": 0.1687041564792176, "share_terraced": 0.43765281173594134, "share_dense_housing": 0.47921760391198043, "share_no_car": 0.44963144963144963, "share_owned": 0.088452088452088448, "share_rented": 0.90909090909090906, "share_rent_free": 0.0, "parking_constraint": 0.42471660368970882, "equity_proxy": 0.59102706494757973 }, "geometry": { "type": "Polygon", "coordinates": [ [ [ 318723.72831774642691, 177072.615046134160366 ], [ 318786.498738245514687, 176760.59737122739898 ], [ 318098.17205543332966, 177456.613553492119536 ], [ 318164.490604370541405, 177457.122475142474286 ], [ 318445.704272998147644, 177210.342697500134818 ], [ 318588.485074518248439, 177582.765343859209679 ], [ 318627.338647309574299, 177589.219234430696815 ], [ 318723.72831774642691, 177072.615046134160366 ] ] ] } },
{ "type": "Feature", "properties": { "LSOA21CD": "W01001940", "LSOA21NM": "Cardiff 048A", "LSOA21NMW": "Caerdydd 048A", "RUC21CD": "UN1", "RUC21NM": "Urban: Nearer to a major town or city", "population": 1151, "median_age": 34.9, "_lsoa_code": "W01001940", "wimd_rank": 1122.0, "wimd_decile": 6.0, "wimd_norm": 0.41247379454926625, "share_flats": 0.97001499250374812, "share_terraced": 0.019490254872563718, "share_dense_housing": 0.97751124437781112, "share_no_car": 0.30434782608695654, "share_owned": 0.2507462686567164, "share_rented": 0.72985074626865676, "share_rent_free": 0.0, "parking_constraint": 0.75038689610418663, "equity_proxy": 0.58143034532672644 }, "geometry": { "type": "MultiPolygon", "coordinates": [ [ [ [ 322047.12788398261182, 165129.886036121461075 ], [ 322293.875790372956544, 164598.179511766880751 ], [ 321786.216857448220253, 164813.743043179740198 ], [ 321999.75680691836169, 165118.874891846673563 ], [ 322047.12788398261182, 165129.886036121461075 ] ] ], [ [ [ 319550.868346004048362, 175706.517892359057441 ], [ 319937.796848779369611, 174972.880535798554774 ], [ 320863.397574748902116, 175505.30622283811681 ], [ 320946.500403952784836, 175394.019034403434489 ], [ 321180.604490139521658, 174826.777202912024222 ], [ 320175.184803825453855, 173668.410108576063067 ], [ 319494.880254000774585, 174456.801471865735948 ], [ 319792.574329077382572, 174719.471930824336596 ], [ 319568.390332394454163, 175083.080737384210806 ], [ 319349.11161455407273, 175594.539311067434028 ], [ 319550.868346004048362, 175706.517892359057441 ] ] ] ] } },
{ "type": "Feature", "properties": { "LSOA21CD": "W01001942", "LSOA21NM": "Cardiff 049B", "LSOA21NMW": "Caerdydd 049B", "RUC21CD": "UN1", "RUC21NM": "Urban: Nearer to a major town or city", "population": 1756, "median_age": 34.2, "_lsoa_code": "W01001942", "wimd_rank": 563.0, "wimd_decile": 3.0, "wimd_norm": 0.70545073375262057, "share_flats": 0.50322580645161286, "share_terraced": 0.30580645161290321, "share_dense_housing": 0.62580645161290327, "share_no_car": 0.39124839124839123, "share_owned": 0.37032258064516127, "share_rented": 0.62322580645161285, "share_rent_free": 0.0025806451612903226, "parking_constraint": 0.52060215053763437, "equity_proxy": 0.61302644214512747 }, "geometry": { "type": "Polygon", "coordinates": [ [ [ 318450.303112387657166, 173699.49097500287462 ], [ 318277.140111604821868, 173766.902551720268093 ], [ 318258.702006424951833, 173798.514088276075199 ], [ 318178.656885309494101, 174230.305777857196517 ], [ 318586.706457487365697, 174639.360308628936764 ], [ 318610.307131739798933, 174373.476683726650663 ], [ 318780.956025939434767, 174738.207659255247563 ], [ 319077.389656846993603, 174814.068166991928592 ], [ 318979.789330516126938, 174166.064957819820847 ], [ 318450.303112387657166, 173699.49097500287462 ] ] ] } },
{ "type": "Feature", "properties": { "LSOA21CD": "W01001943", "LSOA21NM": "Cardiff 048B", "LSOA21NMW": "Caerdydd 048B", "RUC21CD": "UN1", "RUC21NM": "Urban: Nearer to a major town or city", "population": 1282, "median_age": 31.9, "_lsoa_code": "W01001943", "wimd_rank": 1236.0, "wimd_decile": 7.0, "wimd_norm": 0.35272536687631029, "share_flats": 0.84698608964451316, "share_terraced": 0.081916537867078823, "share_dense_housing": 0.8809891808346213, "share_no_car": 0.32766615146831529, "share_owned": 0.33384853168469864, "share_rented": 0.65687789799072638, "share_rent_free": 0.0, "parking_constraint": 0.6799587841318907, "equity_proxy": 0.5163420755041005 }, "geometry": { "type": "Polygon", "coordinates": [ [ [ 319568.390332394454163, 175083.080737384210806 ], [ 319792.574329077382572, 174719.471930824336596 ], [ 319494.880254000774585, 174456.801471865735948 ], [ 320175.184803825453855, 173668.410108576063067 ], [ 319999.410259386757389, 173465.895184228429571 ], [ 319724.294520995463245, 173148.926878765865695 ], [ 319205.691539969295263, 173182.728808015293907 ], [ 319204.547207869589329, 173115.419098052137997 ], [ 319203.779553421249148, 173070.26538517838344 ], [ 318823.826030567404814, 173198.372219886921812 ], [ 318776.200058953021653, 173670.634873909875751 ], [ 318450.303112387657166, 173699.49097500287462 ], [ 318979.789330516126938, 174166.064957819820847 ], [ 319077.389656846993603, 174814.068166991928592 ], [ 318918.497144765977282, 175325.733912339259405 ], [ 319568.390332394454163, 175083.080737384210806 ] ] ] } },
{ "type": "Feature", "properties": { "LSOA21CD": "W01001944", "LSOA21NM": "Cardiff 048C", "LSOA21NMW": "Caerdydd 048C", "RUC21CD": "UN1", "RUC21NM": "Urban: Nearer to a major town or city", "population": 1220, "median_age": 30.0, "_lsoa_code": "W01001944", "wimd_rank": 1170.0, "wimd_decile": 7.0, "wimd_norm": 0.38731656184486374, "share_flats": 0.8496, "share_terraced": 0.0352, "share_dense_housing": 0.8528, "share_no_car": 0.27635782747603832, "share_owned": 0.38977635782747605, "share_rented": 0.60862619808306706, "share_rent_free": 0.0, "parking_constraint": 0.65565682641107559, "equity_proxy": 0.52148669412796966 }, "geometry": { "type": "Polygon", "coordinates": [ [ [ 319349.11161455407273, 175594.539311067434028 ], [ 319568.390332394454163, 175083.080737384210806 ], [ 318918.497144765977282, 175325.733912339259405 ], [ 318768.076753906323574, 175656.628060826857109 ], [ 319349.11161455407273, 175594.539311067434028 ] ] ] } },
{ "type": "Feature", "properties": { "LSOA21CD": "W01001946", "LSOA21NM": "Cardiff 049C", "LSOA21NMW": "Caerdydd 049C", "RUC21CD": "UN1", "RUC21NM": "Urban: Nearer to a major town or city", "population": 1373, "median_age": 33.9, "_lsoa_code": "W01001946", "wimd_rank": 414.0, "wimd_decile": 3.0, "wimd_norm": 0.78354297693920338, "share_flats": 0.62068965517241381, "share_terraced": 0.20689655172413793, "share_dense_housing": 0.62818590704647681, "share_no_car": 0.35885885885885888, "share_owned": 0.28635682158920539, "share_rented": 0.70614692653673161, "share_rent_free": 0.0059970014992503746, "parking_constraint": 0.551824087956022, "equity_proxy": 0.66768353244761269 }, "geometry": { "type": "Polygon", "coordinates": [ [ [ 318178.656885309494101, 174230.305777857196517 ], [ 318258.702006424951833, 173798.514088276075199 ], [ 317959.027064265916124, 173630.021129617351107 ], [ 317686.640201838396024, 174080.526750986347906 ], [ 317952.017389076063409, 173945.987488096579909 ], [ 317799.385390821436886, 174378.04562275740318 ], [ 318067.38668510626303, 174491.049873345531523 ], [ 318178.656885309494101, 174230.305777857196517 ] ] ] } },
{ "type": "Feature", "properties": { "LSOA21CD": "W01001947", "LSOA21NM": "Cardiff 048E", "LSOA21NMW": "Caerdydd 048E", "RUC21CD": "UN1", "RUC21NM": "Urban: Nearer to a major town or city", "population": 2266, "median_age": 30.9, "_lsoa_code": "W01001947", "wimd_rank": 1450.0, "wimd_decile": 8.0, "wimd_norm": 0.24056603773584906, "share_flats": 0.90918690601900742, "share_terraced": 0.059134107708553325, "share_dense_housing": 0.91129883843716997, "share_no_car": 0.2092534174553102, "share_owned": 0.379746835443038, "share_rented": 0.61603375527426163, "share_rent_free": 0.0010548523206751054, "parking_constraint": 0.70079323706367125, "equity_proxy": 0.47067963739976015 }, "geometry": { "type": "Polygon", "coordinates": [ [ [ 317583.383633262885269, 174640.048126049572602 ], [ 317686.640201838396024, 174080.526750986347906 ], [ 317959.027064265916124, 173630.021129617351107 ], [ 318258.702006424951833, 173798.514088276075199 ], [ 318277.140111604821868, 173766.902551720268093 ], [ 318095.352023239247501, 173393.082752997812349 ], [ 317480.293708844459616, 172927.542548706522211 ], [ 317168.276939421717543, 173880.436601452995092 ], [ 316927.175904341449495, 173632.545752429054119 ], [ 316625.35960067610722, 173920.056530097383074 ], [ 317516.237343186046928, 174875.197382351616398 ], [ 317583.383633262885269, 174640.048126049572602 ] ] ] } },
{ "type": "Feature", "properties": { "LSOA21CD": "W01001948", "LSOA21NM": "Cardiff 006E", "LSOA21NMW": "Caerdydd 006E", "RUC21CD": "UN1", "RUC21NM": "Urban: Nearer to a major town or city", "population": 2728, "median_age": 37.0, "_lsoa_code": "W01001948", "wimd_rank": 1889.0, "wimd_decile": 10.0, "wimd_norm": 0.010482180293501049, "share_flats": 0.143658810325477, "share_terraced": 0.20650953984287318, "share_dense_housing": 0.14478114478114479, "share_no_car": 0.067340067340067339, "share_owned": 0.76067415730337073, "share_rented": 0.23707865168539327, "share_rent_free": 0.0, "parking_constraint": 0.16905904656216766, "equity_proxy": 0.08977061342783435 }, "geometry": { "type": "Polygon", "coordinates": [ [ [ 312532.324012367229443, 180569.127003888250329 ], [ 312626.024790370953269, 180123.160080842964817 ], [ 313333.005002821562812, 179946.704996940039564 ], [ 313539.414572787412908, 180485.535639594891109 ], [ 314182.003404223185498, 180363.463835201691836 ], [ 314067.577440910041332, 179872.082805878890213 ], [ 313925.78531243908219, 179634.427497339609545 ], [ 313381.559445700491779, 179297.42280181159731 ], [ 311460.811345549998805, 179917.788624366687145 ], [ 311268.478228717169259, 180551.568378956289962 ], [ 311609.284573666052893, 181016.404547948564868 ], [ 312532.324012367229443, 180569.127003888250329 ] ] ] } },
{ "type": "Feature", "properties": { "LSOA21CD": "W01001949", "LSOA21NM": "Cardiff 005F", "LSOA21NMW": "Caerdydd 005F", "RUC21CD": "UN1", "RUC21NM": "Urban: Nearer to a major town or city", "population": 1432, "median_age": 36.0, "_lsoa_code": "W01001949", "wimd_rank": 1495.0, "wimd_decile": 8.0, "wimd_norm": 0.21698113207547171, "share_flats": 0.61527165932452277, "share_terraced": 0.19530102790014683, "share_dense_housing": 0.61967694566813514, "share_no_car": 0.27794117647058825, "share_owned": 0.4310850439882698, "share_rented": 0.55865102639296182, "share_rent_free": 0.0, "parking_constraint": 0.52519654409664362, "equity_proxy": 0.37108883808605764 }, "geometry": { "type": "Polygon", "coordinates": [ [ [ 317107.15293644007761, 181114.280982273397967 ], [ 317034.576772482658271, 180986.614529181271791 ], [ 316722.957456165342592, 180973.676592946751043 ], [ 316684.801643085666001, 181281.678418005583808 ], [ 316989.672716091503389, 181435.073644755408168 ], [ 317107.15293644007761, 181114.280982273397967 ] ] ] } },
{ "type": "Feature", "properties": { "LSOA21CD": "W01001950", "LSOA21NM": "Cardiff 049D", "LSOA21NMW": "Caerdydd 049D", "RUC21CD": "UN1", "RUC21NM": "Urban: Nearer to a major town or city", "population": 1234, "median_age": 34.9, "_lsoa_code": "W01001950", "wimd_rank": 1497.0, "wimd_decile": 8.0, "wimd_norm": 0.21593291404612158, "share_flats": 0.83417085427135673, "share_terraced": 0.11725293132328309, "share_dense_housing": 0.85929648241206025, "share_no_car": 0.25963149078726966, "share_owned": 0.43361344537815127, "share_rented": 0.56302521008403361, "share_rent_free": 0.0016806722689075631, "parking_constraint": 0.66300972650366685, "equity_proxy": 0.43947132027489422 }, "geometry": { "type": "Polygon", "coordinates": [ [ [ 318780.956025939434767, 174738.207659255247563 ], [ 318610.307131739798933, 174373.476683726650663 ], [ 318586.706457487365697, 174639.360308628936764 ], [ 318517.627716685237829, 174882.285752721654717 ], [ 318761.71436909143813, 174960.691844663349912 ], [ 318780.956025939434767, 174738.207659255247563 ] ] ] } },
{ "type": "Feature", "properties": { "LSOA21CD": "W01001951", "LSOA21NM": "Cardiff 049E", "LSOA21NMW": "Caerdydd 049E", "RUC21CD": "UN1", "RUC21NM": "Urban: Nearer to a major town or city", "population": 1712, "median_age": 26.1, "_lsoa_code": "W01001951", "wimd_rank": 549.0, "wimd_decile": 3.0, "wimd_norm": 0.71278825995807127, "share_flats": 0.546, "share_terraced": 0.198, "share_dense_housing": 0.676, "share_no_car": 0.31137724550898205, "share_owned": 0.388, "share_rented": 0.61, "share_rent_free": 0.002, "parking_constraint": 0.52826666666666666, "equity_proxy": 0.62052746331236897 }, "geometry": { "type": "Polygon", "coordinates": [ [ [ 319550.868346004048362, 175706.517892359057441 ], [ 319349.11161455407273, 175594.539311067434028 ], [ 318768.076753906323574, 175656.628060826857109 ], [ 318745.826020947133657, 175688.510158178280108 ], [ 318743.079789794748649, 176020.78931454080157 ], [ 319410.918230110255536, 176308.813088126073126 ], [ 319550.868346004048362, 175706.517892359057441 ] ] ] } },
{ "type": "Feature", "properties": { "LSOA21CD": "W01001952", "LSOA21NM": "Cardiff 049F", "LSOA21NMW": "Caerdydd 049F", "RUC21CD": "UN1", "RUC21NM": "Urban: Nearer to a major town or city", "population": 2425, "median_age": 26.9, "_lsoa_code": "W01001952", "wimd_rank": 725.0, "wimd_decile": 4.0, "wimd_norm": 0.6205450733752621, "share_flats": 0.86180124223602483, "share_terraced": 0.035714285714285712, "share_dense_housing": 0.91770186335403725, "share_no_car": 0.35093167701863354, "share_owned": 0.29037267080745344, "share_rented": 0.70962732919254656, "share_rent_free": 0.0, "parking_constraint": 0.69492753623188408, "equity_proxy": 0.65773630480357315 }, "geometry": { "type": "Polygon", "coordinates": [ [ [ 318745.826020947133657, 175688.510158178280108 ], [ 318471.390576168720145, 175189.066828944312874 ], [ 318761.71436909143813, 174960.691844663349912 ], [ 318517.627716685237829, 174882.285752721654717 ], [ 318403.339825829607435, 174934.900834661733825 ], [ 318042.090846767649055, 175250.656403965200298 ], [ 317990.588967092626262, 175844.172245569061488 ], [ 318743.079789794748649, 176020.78931454080157 ], [ 318745.826020947133657, 175688.510158178280108 ] ] ] } },
{ "type": "Feature", "properties": { "LSOA21CD": "W01001953", "LSOA21NM": "Cardiff 005G", "LSOA21NMW": "Caerdydd 005G", "RUC21CD": "UN1", "RUC21NM": "Urban: Nearer to a major town or city", "population": 1549, "median_age": 38.8, "_lsoa_code": "W01001953", "wimd_rank": 1366.0, "wimd_decile": 8.0, "wimd_norm": 0.28459119496855345, "share_flats": 0.19115323854660349, "share_terraced": 0.25118483412322273, "share_dense_housing": 0.20853080568720378, "share_no_car": 0.20094191522762953, "share_owned": 0.6545741324921136, "share_rented": 0.33280757097791797, "share_rent_free": 0.0063091482649842269, "parking_constraint": 0.22783932436630269, "equity_proxy": 0.25621525966742809 }, "geometry": { "type": "Polygon", "coordinates": [ [ [ 317223.356735548004508, 181570.18210480408743 ], [ 317221.369300897698849, 181122.171972639567684 ], [ 317107.15293644007761, 181114.280982273397967 ], [ 316989.672716091503389, 181435.073644755408168 ], [ 316684.801643085666001, 181281.678418005583808 ], [ 316664.923897146771196, 181418.190612917940598 ], [ 316651.576082512794528, 181507.233770249178633 ], [ 316669.990467384457588, 181848.251609117665794 ], [ 316493.925415409263223, 182212.599166257947218 ], [ 316761.070061359903775, 182307.440302650327794 ], [ 317223.356735548004508, 181570.18210480408743 ] ] ] } },
{ "type": "Feature", "properties": { "LSOA21CD": "W01001954", "LSOA21NM": "Cardiff 006F", "LSOA21NMW": "Caerdydd 006F", "RUC21CD": "UN1", "RUC21NM": "Urban: Nearer to a major town or city", "population": 1562, "median_age": 51.4, "_lsoa_code": "W01001954", "wimd_rank": 1885.0, "wimd_decile": 10.0, "wimd_norm": 0.012578616352201259, "share_flats": 0.196875, "share_terraced": 0.0609375, "share_dense_housing": 0.2265625, "share_no_car": 0.12676056338028169, "share_owned": 0.884375, "share_rented": 0.115625, "share_rent_free": 0.0, "parking_constraint": 0.16875, "equity_proxy": 0.090664308176100619 }, "geometry": { "type": "Polygon", "coordinates": [ [ [ 313011.252011185511947, 181084.035639402980451 ], [ 313533.120200954144821, 180487.867538649996277 ], [ 313539.414572787412908, 180485.535639594891109 ], [ 313333.005002821562812, 179946.704996940039564 ], [ 312626.024790370953269, 180123.160080842964817 ], [ 312532.324012367229443, 180569.127003888250329 ], [ 312408.325859974895138, 180798.125855694175698 ], [ 312813.046166295243893, 180724.159072500478942 ], [ 312705.093038135906681, 181273.506175237242132 ], [ 313011.252011185511947, 181084.035639402980451 ] ] ] } },
{ "type": "Feature", "properties": { "LSOA21CD": "W01002016", "LSOA21NM": "Cardiff 003E", "LSOA21NMW": "Caerdydd 003E", "RUC21CD": "UN1", "RUC21NM": "Urban: Nearer to a major town or city", "population": 2053, "median_age": 30.8, "_lsoa_code": "W01002016", "wimd_rank": null, "wimd_decile": null, "wimd_norm": null, "share_flats": 0.080373831775700941, "share_terraced": 0.11775700934579439, "share_dense_housing": 0.084112149532710276, "share_no_car": 0.050373134328358209, "share_owned": 0.88081936685288642, "share_rented": 0.11359404096834265, "share_rent_free": 0.0, "parking_constraint": 0.093525934434408306, "equity_proxy": 0.093525934434408306 }, "geometry": { "type": "Polygon", "coordinates": [ [ [ 324207.41429054911714, 182434.373338340374175 ], [ 323844.990532488562167, 182010.297533809789456 ], [ 323632.428610923991073, 181805.144031355215702 ], [ 322927.307673900329974, 182120.374150556395762 ], [ 321862.831818344071507, 182764.417433201626409 ], [ 321810.358973261201754, 183121.566258823208045 ], [ 322488.373207552940585, 183094.086062529764604 ], [ 322525.376800340483896, 183494.591098617296666 ], [ 323063.07987167139072, 183652.628232214425225 ], [ 324207.41429054911714, 182434.373338340374175 ] ] ] } },
{ "type": "Feature", "properties": { "LSOA21CD": "W01002017", "LSOA21NM": "Cardiff 003F", "LSOA21NMW": "Caerdydd 003F", "RUC21CD": "UN1", "RUC21NM": "Urban: Nearer to a major town or city", "population": 1555, "median_age": 31.8, "_lsoa_code": "W01002017", "wimd_rank": null, "wimd_decile": null, "wimd_norm": null, "share_flats": 0.090604026845637578, "share_terraced": 0.2651006711409396, "share_dense_housing": 0.093959731543624164, "share_no_car": 0.14093959731543623, "share_owned": 0.69346733668341709, "share_rented": 0.30318257956448913, "share_rent_free": 0.0, "parking_constraint": 0.1549657309665404, "equity_proxy": 0.1549657309665404 }, "geometry": { "type": "Polygon", "coordinates": [ [ [ 322927.307673900329974, 182120.374150556395762 ], [ 322884.197514499654062, 181802.581631530891173 ], [ 322554.923685769434087, 181797.258492313616443 ], [ 322019.488890315347817, 181820.28448501433013 ], [ 321540.019500879221596, 181494.997708889830392 ], [ 321501.472973022551741, 181537.364892850804608 ], [ 321916.774725610681344, 182560.919133924879134 ], [ 321862.831818344071507, 182764.417433201626409 ], [ 322927.307673900329974, 182120.374150556395762 ] ] ] } },
{ "type": "Feature", "properties": { "LSOA21CD": "W01002018", "LSOA21NM": "Cardiff 003G", "LSOA21NMW": "Caerdydd 003G", "RUC21CD": "UN1", "RUC21NM": "Urban: Nearer to a major town or city", "population": 1510, "median_age": 41.0, "_lsoa_code": "W01002018", "wimd_rank": null, "wimd_decile": null, "wimd_norm": null, "share_flats": 0.0017699115044247787, "share_terraced": 0.069026548672566371, "share_dense_housing": 0.0035398230088495575, "share_no_car": 0.042402826855123678, "share_owned": 0.7982300884955752, "share_rented": 0.20176991150442478, "share_rent_free": 0.0, "parking_constraint": 0.04247787610619469, "equity_proxy": 0.04247787610619469 }, "geometry": { "type": "Polygon", "coordinates": [ [ [ 321916.774725610681344, 182560.919133924879134 ], [ 321501.472973022551741, 181537.364892850804608 ], [ 321457.296233545290306, 181616.000992645102087 ], [ 321301.766762308136094, 182508.401807175134309 ], [ 321557.741358941188082, 182726.316799258464016 ], [ 321581.525653871125542, 182190.07715724396985 ], [ 321916.774725610681344, 182560.919133924879134 ] ] ] } },
{ "type": "Feature", "properties": { "LSOA21CD": "W01002019", "LSOA21NM": "Cardiff 032H", "LSOA21NMW": "Caerdydd 032H", "RUC21CD": "UN1", "RUC21NM": "Urban: Nearer to a major town or city", "population": 3386, "median_age": 25.2, "_lsoa_code": "W01002019", "wimd_rank": null, "wimd_decile": null, "wimd_norm": null, "share_flats": 0.86086956521739133, "share_terraced": 0.011304347826086957, "share_dense_housing": 0.97652173913043483, "share_no_car": 0.66, "share_owned": 0.2175805047867711, "share_rented": 0.77893820713664053, "share_rent_free": 0.0, "parking_constraint": 0.71858306529937821, "equity_proxy": 0.71858306529937821 }, "geometry": { "type": "Polygon", "coordinates": [ [ [ 317269.515691556269303, 177995.592229508096352 ], [ 317808.720155460061505, 177245.195461667492054 ], [ 318098.17205543332966, 177456.613553492119536 ], [ 318786.498738245514687, 176760.59737122739898 ], [ 318807.413122872007079, 176660.784268264833372 ], [ 318743.079789794748649, 176020.78931454080157 ], [ 317990.588967092626262, 175844.172245569061488 ], [ 317752.347245665790979, 176457.883037039486226 ], [ 317630.696850361768156, 176729.779948222974781 ], [ 317348.225119677430484, 177329.149849652778357 ], [ 317076.903506467991974, 178056.607477819605265 ], [ 317269.515691556269303, 177995.592229508096352 ] ] ] } },
{ "type": "Feature", "properties": { "LSOA21CD": "W01002020", "LSOA21NM": "Cardiff 037E", "LSOA21NMW": "Caerdydd 037E", "RUC21CD": "UN1", "RUC21NM": "Urban: Nearer to a major town or city", "population": 1661, "median_age": 34.2, "_lsoa_code": "W01002020", "wimd_rank": null, "wimd_decile": null, "wimd_norm": null, "share_flats": 0.049679487179487176, "share_terraced": 0.22756410256410256, "share_dense_housing": 0.054487179487179488, "share_no_car": 0.288, "share_owned": 0.43408360128617363, "share_rented": 0.56270096463022512, "share_rent_free": 0.0032154340836012861, "parking_constraint": 0.15526183801907276, "equity_proxy": 0.15526183801907276 }, "geometry": { "type": "Polygon", "coordinates": [ [ [ 321442.397710379853379, 176672.131428137654439 ], [ 321549.049725189921446, 177116.870266357611399 ], [ 321257.230064269562718, 177095.292345494788606 ], [ 321250.007713584345765, 177387.685798449325375 ], [ 320994.818682309822179, 177206.512090758362319 ], [ 321052.465874104353134, 177515.623994574649259 ], [ 320709.96338138228748, 177683.52881127060391 ], [ 320795.990133094834164, 177832.798973480064888 ], [ 322023.41433239512844, 177110.125786305929068 ], [ 321606.400284056144301, 176544.125833134807181 ], [ 321442.397710379853379, 176672.131428137654439 ] ] ] } },
{ "type": "Feature", "properties": { "LSOA21CD": "W01002021", "LSOA21NM": "Cardiff 037F", "LSOA21NMW": "Caerdydd 037F", "RUC21CD": "UN1", "RUC21NM": "Urban: Nearer to a major town or city", "population": 1570, "median_age": 32.7, "_lsoa_code": "W01002021", "wimd_rank": null, "wimd_decile": null, "wimd_norm": null, "share_flats": 0.43759630200308164, "share_terraced": 0.22650231124807396, "share_dense_housing": 0.44221879815100151, "share_no_car": 0.2227342549923195, "share_owned": 0.44086021505376344, "share_rented": 0.55606758832565284, "share_rent_free": 0.0, "parking_constraint": 0.41271450741106291, "equity_proxy": 0.41271450741106291 }, "geometry": { "type": "Polygon", "coordinates": [ [ [ 322198.504463398014195, 177324.631120598234702 ], [ 321475.304126893403009, 175619.899711193633266 ], [ 320899.683132480364293, 175507.458753398561385 ], [ 320946.500403952784836, 175394.019034403434489 ], [ 320863.397574748902116, 175505.30622283811681 ], [ 320407.685479962150566, 175924.58852343657054 ], [ 320578.462798869470134, 176482.667881090892479 ], [ 320659.3945388373686, 176490.121665369253606 ], [ 321442.397710379853379, 176672.131428137654439 ], [ 321606.400284056144301, 176544.125833134807181 ], [ 322023.41433239512844, 177110.125786305929068 ], [ 320795.990133094834164, 177832.798973480064888 ], [ 320768.834518121671863, 177854.299416567198932 ], [ 320782.244070794666186, 177871.605840443458874 ], [ 321236.206430369056761, 178290.304752132273279 ], [ 321675.731459448463283, 178013.413178724993486 ], [ 321526.843514658452477, 177573.526643064455129 ], [ 322198.504463398014195, 177324.631120598234702 ] ] ] } },
{ "type": "Feature", "properties": { "LSOA21CD": "W01002022", "LSOA21NM": "Cardiff 040F", "LSOA21NMW": "Caerdydd 040F", "RUC21CD": "UN1", "RUC21NM": "Urban: Nearer to a major town or city", "population": 1879, "median_age": 30.6, "_lsoa_code": "W01002022", "wimd_rank": null, "wimd_decile": null, "wimd_norm": null, "share_flats": 0.26846846846846845, "share_terraced": 0.40180180180180181, "share_dense_housing": 0.27387387387387385, "share_no_car": 0.12792792792792793, "share_owned": 0.65045045045045047, "share_rented": 0.34594594594594597, "share_rent_free": 0.0, "parking_constraint": 0.30726726726726727, "equity_proxy": 0.30726726726726727 }, "geometry": { "type": "Polygon", "coordinates": [ [ [ 315712.709492832422256, 176476.867793283017818 ], [ 315364.22283542790683, 175986.572603094857186 ], [ 314883.507169497490395, 176677.819263502024114 ], [ 315307.820883535314351, 176678.727561063540634 ], [ 315712.709492832422256, 176476.867793283017818 ] ] ] } },
{ "type": "Feature", "properties": { "LSOA21CD": "W01002023", "LSOA21NM": "Cardiff 040G", "LSOA21NMW": "Caerdydd 040G", "RUC21CD": "UN1", "RUC21NM": "Urban: Nearer to a major town or city", "population": 1834, "median_age": 38.7, "_lsoa_code": "W01002023", "wimd_rank": null, "wimd_decile": null, "wimd_norm": null, "share_flats": 0.055232558139534885, "share_terraced": 0.47965116279069769, "share_dense_housing": 0.12936046511627908, "share_no_car": 0.19883889695210449, "share_owned": 0.69825072886297379, "share_rented": 0.29737609329446063, "share_rent_free": 0.0, "parking_constraint": 0.19711138608267229, "equity_proxy": 0.19711138608267229 }, "geometry": { "type": "Polygon", "coordinates": [ [ [ 315817.695983396784868, 176667.49446949880803 ], [ 316285.997065264091361, 176216.581547626876272 ], [ 315426.630627034464851, 175875.291796904348303 ], [ 315364.22283542790683, 175986.572603094857186 ], [ 315712.709492832422256, 176476.867793283017818 ], [ 315572.388257607701235, 176893.100648090417963 ], [ 315817.695983396784868, 176667.49446949880803 ] ] ] } },
{ "type": "Feature", "properties": { "LSOA21CD": "W01002024", "LSOA21NM": "Cardiff 048F", "LSOA21NMW": "Caerdydd 048F", "RUC21CD": "UN1", "RUC21NM": "Urban: Nearer to a major town or city", "population": 1199, "median_age": 31.3, "_lsoa_code": "W01002024", "wimd_rank": null, "wimd_decile": null, "wimd_norm": null, "share_flats": 0.98858773181169757, "share_terraced": 0.0028530670470756064, "share_dense_housing": 0.99144079885877323, "share_no_car": 0.21825962910128388, "share_owned": 0.27960057061340943, "share_rented": 0.7189728958630528, "share_rent_free": 0.0, "parking_constraint": 0.75644317641464587, "equity_proxy": 0.75644317641464587 }, "geometry": { "type": "Polygon", "coordinates": [ [ [ 318450.303112387657166, 173699.49097500287462 ], [ 318776.200058953021653, 173670.634873909875751 ], [ 318823.826030567404814, 173198.372219886921812 ], [ 318245.789090859121643, 173063.297507343115285 ], [ 318095.352023239247501, 173393.082752997812349 ], [ 318277.140111604821868, 173766.902551720268093 ], [ 318450.303112387657166, 173699.49097500287462 ] ] ] } },
{ "type": "Feature", "properties": { "LSOA21CD": "W01002025", "LSOA21NM": "Cardiff 048G", "LSOA21NMW": "Caerdydd 048G", "RUC21CD": "UN1", "RUC21NM": "Urban: Nearer to a major town or city", "population": 1129, "median_age": 32.7, "_lsoa_code": "W01002025", "wimd_rank": null, "wimd_decile": null, "wimd_norm": null, "share_flats": 0.8995215311004785, "share_terraced": 0.092503987240829352, "share_dense_housing": 0.8995215311004785, "share_no_car": 0.20382165605095542, "share_owned": 0.38498402555910544, "share_rented": 0.61182108626198084, "share_rent_free": 0.0, "parking_constraint": 0.69975796301674897, "equity_proxy": 0.69975796301674897 }, "geometry": { "type": "Polygon", "coordinates": [ [ [ 318823.826030567404814, 173198.372219886921812 ], [ 319203.779553421249148, 173070.26538517838344 ], [ 319194.192126611946151, 172506.214297711208928 ], [ 319175.590980880602729, 172513.112676159013063 ], [ 319155.417411305825226, 172521.386399352282751 ], [ 319032.970747679588385, 172604.226836303074379 ], [ 318294.165178700408433, 172660.850505594804417 ], [ 317530.561752149777021, 172872.031025477335788 ], [ 317480.293708844459616, 172927.542548706522211 ], [ 318095.352023239247501, 173393.082752997812349 ], [ 318245.789090859121643, 173063.297507343115285 ], [ 318823.826030567404814, 173198.372219886921812 ] ] ] } },
{ "type": "Feature", "properties": { "LSOA21CD": "W01002036", "LSOA21NM": "Vale of Glamorgan 005G", "LSOA21NMW": "Bro Morgannwg 005G", "RUC21CD": "UN1", "RUC21NM": "Urban: Nearer to a major town or city", "population": 1491, "median_age": 40.0, "_lsoa_code": "W01002036", "wimd_rank": null, "wimd_decile": null, "wimd_norm": null, "share_flats": 0.5090673575129534, "share_terraced": 0.37305699481865284, "share_dense_housing": 0.52849740932642486, "share_no_car": 0.16968911917098445, "share_owned": 0.58732212160413977, "share_rented": 0.4113842173350582, "share_rent_free": 0.0, "parking_constraint": 0.47531755022153116, "equity_proxy": 0.47531755022153116 }, "geometry": { "type": "Polygon", "coordinates": [ [ [ 318294.165178700408433, 172660.850505594804417 ], [ 318350.384141677757725, 172170.012575912056491 ], [ 318314.480555740010459, 172003.76372931455262 ], [ 317759.82294919132255, 172233.057050194067415 ], [ 317461.965083287563175, 172819.031276723369956 ], [ 317530.561752149777021, 172872.031025477335788 ], [ 318294.165178700408433, 172660.850505594804417 ] ] ] } },
{ "type": "Feature", "properties": { "LSOA21CD": "W01002037", "LSOA21NM": "Vale of Glamorgan 005H", "LSOA21NMW": "Bro Morgannwg 005H", "RUC21CD": "UN1", "RUC21NM": "Urban: Nearer to a major town or city", "population": 1059, "median_age": 47.1, "_lsoa_code": "W01002037", "wimd_rank": null, "wimd_decile": null, "wimd_norm": null, "share_flats": 0.26998223801065718, "share_terraced": 0.55772646536412074, "share_dense_housing": 0.32504440497335702, "share_no_car": 0.1524822695035461, "share_owned": 0.59823008849557524, "share_rented": 0.39823008849557523, "share_rent_free": 0.0, "parking_constraint": 0.36298485253357221, "equity_proxy": 0.36298485253357221 }, "geometry": { "type": "Polygon", "coordinates": [ [ [ 319032.970747679588385, 172604.226836303074379 ], [ 318656.283405870897695, 172210.828317392442841 ], [ 318350.384141677757725, 172170.012575912056491 ], [ 318294.165178700408433, 172660.850505594804417 ], [ 319032.970747679588385, 172604.226836303074379 ] ] ] } }
]
}
